row,sentence,y_true,agent1_pred,agent1_step1,agent1_step2,agent2_assessment,agent2_issues,agent2_suggestion,agent3_pred,agent3_rationale,y_pred
0,"Issue Given opposition to the provision in the President's budget to intercept gambling winnings from parents who owe child support, should we: (1) Officially amend the proposal to make it a small scale demonstration, with voluntary participation on the part of gambling establishments, submitting a budget amendment with substitute pay-fors; or (2) Agree to not push the proposal.",0,1,"Yes, the sentence presents two options for how to proceed with a budget provision, indicating that a final decision on the matter has not yet been made.","Yes, the sentence poses a question about alternative policy options and recommendations for how to respond to opposition to a budget proposal, reflecting internal deliberation rather than a statement of fact or established policy.",,,,,,1
1,Background on the Proposal The responsible fatherhood initiative in the President's budget includes new measures to:     1) collect child support from parents who can afford to pay;,0,0,"The sentence provides 'Background on the Proposal' and describes an 'initiative in the President's budget.' If the budget or the initiative is still in the process of formulation, discussion, or approval, then the final decision has not yet been made, making the information predecisional.","The sentence states that the initiative 'includes new measures to: 1) collect child support from parents who can afford to pay.' This is a factual description of what the proposal contains, not an opinion, recommendation, or personal view of the author. It does not reflect the 'give-and-take' of the decision-making process.",,,,,,0
2,2) ensure that more child support goes directly to families; and,0,1,"Yes, this sentence expresses a goal or an objective that an agency might aim to achieve, implying that a final decision on how to 'ensure' this outcome, or even whether to prioritize it, has not yet been made. It's a forward-looking statement about a desired state.","Yes, this sentence expresses a policy objective or a recommendation for a course of action ('ensure that more child support goes directly to families'). It is not a statement of fact but rather reflects an opinion or a proposed direction for policy or action, which is characteristic of internal deliberation.",,,,,,1
3,"3) provide funds to help more ""deadbroke"" fathers who owe child support go to work.",0,1,"Yes, this sentence proposes an action ('provide funds to help...') which implies that a final decision on whether to implement this action has not yet been made. It is a suggestion for a future course of action.","Yes, this sentence expresses a recommendation or a proposed policy option rather than a statement of fact. It reflects an internal idea or suggestion being considered within the agency's decision-making process.",,,,,,1
4,"The package of child support collection initiatives includes intercepting gambling winnings from parents who owe support, which will collect about $350 million for families and raise nearly $190 million in federal revenues over five years.",0,0,"The sentence describes a 'package of child support collection initiatives' and its projected financial outcomes. It states what the package 'includes' and what it 'will collect' and 'raise.' This is presented as a factual description or projection, not as an issue where a decision is explicitly pending or being debated within the sentence itself. It could be describing an already decided-upon package or a proposed one, but the sentence itself is a statement of information, not a question or a call for a decision.","The sentence presents information as factual statements or projections: the package 'includes' a specific initiative, and this initiative 'will collect' and 'raise' certain amounts. It does not express an opinion, recommendation, or personal view. It is a straightforward description of a program component and its projected financial impact, rather than reflecting the internal 'give-and-take' of the decision-making process.",,,,,,0
5,Gaming establishments currently must report to the IRS certain gambling winnings,0,0,"No, this sentence states an existing fact or current regulation. It describes what gaming establishments currently must do, implying a decision has already been made and is in effect. It does not concern an issue where a final decision has not yet been made.","No, this sentence is a factual statement about an existing legal requirement. It does not express an opinion, recommendation, or internal deliberation. It simply states what is currently mandated.",,,,,,0
6,"under this proposal, they would also check to see if these individuals owe child support, and if so, retain winnings for the gamblers' children",0,1,"Yes, the phrase 'under this proposal' clearly indicates that a final decision has not yet been made regarding this course of action. It describes a potential plan or idea being considered.","Yes, the sentence describes a feature of a 'proposal,' which is inherently a recommendation or a suggested course of action. It reflects internal thinking about how a policy or process might work, rather than stating an established fact or a final agency position.",,,,,,1
7,"1 Under current law, tribal and nontribal gambling establishments must complete and send to the IRS form W2G, reporting the name, social security number and amount of winnings for patrons with keno winnings above $1,500, bingo and slot machine winnings above $1,200, and winnings above $600 when the winnings are at least 300 times the amount of the wager.",0,0,"No, this sentence describes existing law and reporting requirements. It states what 'must' be done 'Under current law,' indicating a settled matter, not an issue where a final decision has yet to be made.","No, this sentence presents factual information about current legal requirements for reporting gambling winnings. It does not express an opinion, recommendation, or reflect internal deliberation; it simply states established rules.",,,,,,0
8,"2 For all gambling winners exceeding the thresholds listed above, the gambling establishment would transmit the individual's name, social security number and amount of winnings via computer to a secure internet site where it would be matched against information on parents who owe at least $500 in child support.",0,1,"Yes, the sentence describes a proposed mechanism or system ('would transmit,' 'would be matched'), indicating that a final decision on its implementation or design has not yet been made. It outlines a potential future action or policy.","Yes, the sentence describes a proposed operational flow or policy design. While it details a process, the use of 'would' suggests it is a concept, recommendation, or plan under consideration, reflecting internal deliberation about how a system could or should work, rather than stating an established fact or current policy.",,,,,,1
9,The match inquiry would report back: 1) there is no match and the individual does not owe past due child support;,0,0,"This sentence describes a potential outcome or report from a 'match inquiry' using the phrase 'would report back.' It outlines what information would be provided, not a final decision that has already been made or implemented. It precedes any final agency action based on this report.","This sentence describes a factual outcome of a 'match inquiry': 'there is no match and the individual does not owe past due child support.' It presents a factual finding that a system or process would report, rather than an opinion, recommendation, policy discussion, or internal deliberation. It does not reflect the personal views of the author or the 'give-and-take' of decision-making.",,,,,,0
10,"2) the individual owes past due child support which exceeds the amount of the individual's winnings, therefore, the entire amount of winnings should be retained;",0,1,"Yes, the phrase 'should be retained' indicates a recommendation or a proposed course of action, implying that a final decision on how to handle the winnings has not yet been made. It precedes the agency's action.","Yes, the sentence expresses a recommendation or an opinion ('should be retained') on how to proceed based on the stated facts. It reflects internal deliberation and a proposed solution rather than a mere statement of fact or an established agency policy.",,,,,,1
11,"or 3) the individual owes child support but the amount does not exceed the amount of winnings; therefore, only the amount of child support owed should be retained.",0,1,"Yes, the sentence proposes a course of action ('only the amount of child support owed should be retained') for a specific scenario, indicating that a final decision or established policy on how to handle such situations has not yet been made or is being discussed.","Yes, the phrase 'only the amount of child support owed should be retained' is a clear recommendation or an opinion on how a particular situation ought to be handled, rather than a statement of fact or existing, settled policy.",,,,,,1
12,Reaction to the Proposal Opposition to.,0,1,"Yes, the sentence refers to 'the Proposal' and describes 'Reaction' and 'Opposition to' it, indicating that the proposal is still under consideration and a final decision has not yet been made. The agency is still gathering input or assessing feedback.","Yes, the sentence describes the nature of feedback ('Reaction to the Proposal Opposition to') which is an internal assessment of how a potential policy or action is being received. This reflects the 'give-and-take' of the decision-making process, as it's about internal views and considerations regarding a proposal, rather than a simple statement of fact or a final agency position.",,,,,,1
13,the child support gambling proposal has come from several sources.,0,0,"Yes, the sentence refers to a 'proposal,' which implies that a final decision on the matter has not yet been made. It precedes any agency action or final conclusion.","No, this sentence states a factual observation about the origin of a proposal. It does not express an opinion, recommendation, or internal deliberation about the merits of the proposal or what action to take.",,,,,,0
14,"Trtbal organizations have numerous concerns, including  that the proposal  was  made without consultation, violates their sovereignty by requiring them to enforce federal and state laws, and requires their gambling establishments to dedicate  staff time  and  other resources  to  collecting child support.",0,1,"Yes, the sentence refers to 'the proposal,' indicating that a final decision has not yet been made on the matter. The concerns are being raised about a potential future action.","Yes, the sentence expresses 'numerous concerns' of Tribal organizations regarding the proposal. This represents feedback, opinions, and objections that are part of the internal 'give-and-take' of the decision-making process, rather than a statement of established fact or policy. It highlights issues to be considered before a final decision.",,,,,,1
15,"The National Indian Gaming Commission, the federal agency  with  oversight  of tribal gaming, opposes the proposal.",0,0,"The sentence states that the National Indian Gaming Commission (NIGC) 'opposes the proposal.' This sounds like a final, official position or opinion of the NIGC on the proposal. It is not a document created to assist the NIGC in reaching that conclusion, but rather a statement of the conclusion itself. Therefore, from the NIGC's perspective, this is a settled matter, not predecisional.","The sentence attributes the opposition to 'The National Indian Gaming Commission,' implying it is an official agency stance or established policy, not the personal view of the author of the email. It is presented as a factual statement about the NIGC's position, rather than an internal recommendation or part of the 'give-and-take' process to formulate that position.",,,,,,0
16,"Democratic members of Congress, in particular Rep. Shelley Berkley (D-NV), have also called for us to abandon the proposal because of the burden it would  impose on the industry.",0,0,"Yes, the sentence refers to a 'proposal' that the agency is being asked to 'abandon,' indicating that a final decision on the proposal's fate has not yet been made.","No, the sentence reports a factual statement about external calls from members of Congress to abandon a proposal. It describes what others have said or requested, rather than expressing an internal opinion, recommendation, or deliberation by the agency itself. It is a factual summary of external input, not an internal 'give-and-take' of the agency's decision-making process.",,,,,,0
17,Child support legislation is likely to move through the Ways and Means Committee this Spring.,0,1,"Yes, the sentence discusses the future movement of legislation, indicating that a final decision on the legislation itself or the agency's position on it has not yet been made. It precedes any final agency action or policy.","Yes, the phrase 'is likely to move' expresses a prediction or an assessment, which is an opinion or judgment about future events, rather than a statement of established fact or current agency policy.",,,,,,1
18,Human Resources Subcommittee  staff are planning  a hearing in late March  and  a markÂ­ up in April.,0,0,"Yes, the sentence describes future events (a hearing and a mark-up) that are being planned, indicating that a final decision or action regarding these events has not yet occurred. It concerns an ongoing planning process.","No, the sentence is a factual statement about what staff are planning to do. It does not express an opinion, recommendation, legal advice, or policy view. It simply states a scheduled activity rather than reflecting internal 'give-and-take' or personal views on a decision.",,,,,,0
19,"There is bipartisan consensus on the need to simplify the current child support  distribution rules, to ensure more child support goes directly to families, and the committee will need child support collection proposals to help offset the costs.",0,1,"Yes, the sentence discusses the 'need to simplify' rules and that 'the committee will need child support collection proposals,' indicating that final decisions on these matters have not yet been made. It precedes agency action.","Yes, the sentence expresses an assessment of 'bipartisan consensus on the need to simplify' and a forward-looking statement that 'the committee will need child support collection proposals to help offset the costs.' This reflects internal planning, strategic thinking, and a recommendation for future action by the committee, rather than a statement of established fact or final policy.",,,,,,1
20,"Currently, the committee staff have the gambling proposal, as well our other child support budget proposals, on their proposed list, which is not yet public.",0,0,"Yes, the sentence refers to a 'proposed list' that is 'not yet public,' indicating that decisions regarding these proposals are still pending and not final.","No, the sentence states a fact about the current status of proposals ('committee staff have the gambling proposal...on their proposed list'). It does not express an opinion, recommendation, or internal deliberation about the merits of the proposals themselves, nor does it reflect the author's personal views or policy advice. It's a factual update on where the proposals stand in the process.",,,,,,0
21,"However, Democratic staff think that because CBO has scored the gambling provision as raising only $36 miilion (compared to our nearly $190 millionscore), that  they will drop the gambling proposal if they receive protests.",0,1,"Yes, the sentence discusses a 'gambling proposal' and the possibility that 'they will drop' it, indicating that a final decision on the proposal's fate has not yet been made. It concerns an ongoing issue where a decision is pending.","Yes, the sentence states 'Democratic staff think that...' and offers an assessment of a potential future action ('they will drop the gambling proposal if they receive protests'). This is an opinion, a strategic assessment, and an internal deliberation about potential outcomes, not a statement of established fact or policy.",,,,,,1
22,"Pay-for Options Â· If we submit a budget amendment officially changing our proposal in a way that lowers the savings, OMB believes we should propose substitute pay-fors.",1,1,"Yes, the sentence discusses a hypothetical future action (submitting a budget amendment that lowers savings) and OMB's belief about what should be done in that scenario (propose substitute pay-fors). This indicates that no final decision has been made regarding these actions or the need for substitute pay-fors.","Yes, the phrase 'OMB believes we should propose substitute pay-fors' expresses an opinion or recommendation from OMB regarding a course of action. It reflects internal thinking and advice, not a statement of fact or established policy.",,,,,,1
23,Several child support options are currently being examined;,1,0,"Yes, the phrase 'currently being examined' indicates that a final decision on child support options has not yet been made.","No, this sentence is a factual statement about the agency's current activity (examining options). It does not express an opinion, recommendation, or internal deliberation about the merits of those options, nor does it reveal the content of the deliberations. It merely states that a process is underway.",,,,,,0
24,early estimates show they likely will raise only about $50 million of the cost.,1,1,"Yes, the phrase 'early estimates' indicates that the information is preliminary and relates to an issue where a final decision or determination about the cost or fundraising has not yet been made. It precedes any final agency action or conclusion.","Yes, the sentence presents an 'early estimate' and uses the word 'likely,' which introduces an element of projection, assessment, and uncertainty. This reflects an internal evaluation or projection rather than a definitive, established fact. It contributes to the internal 'give-and-take' of assessing a situation before a decision is finalized.",,,,,,1
25,"The remaining costs could be made up by proposing a pay-for that HHS vigorously protested during the development of the budget, which would moderately reduce the amount of performance-based child support funds made available to states at the same time we make other changes that are advantageous to states.",1,1,"Yes, the sentence discusses a potential way to 'make up' remaining costs by 'proposing a pay-for' during the 'development of the budget.' This indicates that a final decision on the budget or how to cover these costs has not yet been made.","Yes, the sentence offers a recommendation or suggestion ('could be made up by proposing a pay-for') and discusses its potential impact. It also references internal agency disagreement ('HHS vigorously protested'), which is a clear sign of internal deliberation and the 'give-and-take' of the decision-making process, rather than a statement of fact or final policy.",,,,,,1
26,"If they really want to go ahead with this meeting, I would think we should talk about the tribal and nontribal parts of this proposal at the same time, which would lead me to think Leg Affairs should be invited.",1,1,"Yes, the sentence discusses a potential meeting and makes recommendations about its agenda and attendees ('we should talk about the tribal and nontribal parts... at the same time,' 'Leg Affairs should be invited'). These are suggestions made before a final decision has been reached regarding the meeting's specifics.","Yes, the sentence expresses personal opinions and recommendations using phrases like 'I would think,' 'we should talk,' and 'would lead me to think.' It reflects internal deliberation on how to proceed with a proposal and a meeting, rather than stating an established fact or policy.",,,,,,1
27,Should we suggest?,1,1,"Yes, the question 'Should we suggest?' indicates that a decision about whether to make a suggestion, or what that suggestion might be, has not yet been finalized. It precedes any agency action or final conclusion.","Yes, this sentence expresses an internal deliberation or a question about a potential recommendation. It is not a statement of fact but rather an inquiry that invites discussion, opinion, or a decision on a course of action, reflecting the 'give-and-take' of the decision-making process.",,,,,,1
28,"John will have a deadbeat dads/indian gaming meeting on Thursday, March 9th at 11:00am.",0,0,"No, this sentence is a factual statement about a scheduled meeting. It does not concern an issue where a final decision has not yet been made, but rather announces a logistical arrangement.","No, this sentence states a fact (a meeting is scheduled) rather than expressing an opinion, recommendation, or internal deliberation. It is purely informational.",,,,,,0
29,The meeting will be in John's office.,0,0,"No, this sentence states a logistical detail about a meeting location. It does not concern a substantive policy or program decision that is still pending. The location of a meeting is typically a settled logistical arrangement, not a predecisional issue.","No, this sentence is a factual statement about where a meeting will take place. It does not express an opinion, recommendation, legal advice, or reflect internal deliberation or a personal view. It simply conveys information.",,,,,,0
30,Please call me with any questions/problems.,0,0,"This sentence is a general administrative request for communication. It does not inherently concern an issue where a final decision has not yet been made, nor does it provide input for a specific decision.","This sentence is an instruction or an offer to discuss. It does not express an opinion, recommendation, legal advice, or policy opinion. It is not part of an internal deliberation process.",,,,,,0
31,Manifest is:,0,0,"This sentence is an incomplete phrase. As a standalone, 'Manifest is:' does not inherently indicate an issue where a final decision has not yet been made. It appears to be an introduction to a list or description, which could be factual or part of a predecisional discussion. Without the content that follows, it's difficult to confirm it's predecisional. It leans towards being a factual lead-in.","No, this sentence does not express an opinion, recommendation, or internal deliberation. It is a factual statement or an introduction to a factual list. It does not reflect the 'give-and-take' of the decision-making process or represent personal views.",,,,,,0
32,"John will have a deadbeat dads/indian gaming meeting on Thursday, March 9th at 11:00am.",0,0,"No, this sentence is a factual statement about a scheduled meeting. It does not concern an issue where a final decision has not yet been made, but rather announces a logistical arrangement.","No, this sentence states a fact (a meeting is scheduled) rather than expressing an opinion, recommendation, or internal deliberation. It is purely informational.",,,,,,0
33,The meeting will be in John's office.,0,0,"No, this sentence states a logistical fact about a meeting location. It does not concern a substantive issue where a final decision has not yet been made, nor is it created to assist a decision-maker in reaching a final conclusion on a policy or program matter.","No, this sentence is a factual statement about the location of a meeting. It does not express an opinion, recommendation, legal advice, or policy view. It is not part of the internal give-and-take of a decision-making process.",,,,,,0
34,Please call me with any questions/problems.,0,0,"This sentence is a general administrative request for communication. It does not inherently concern an issue where a final decision has not yet been made, nor does it provide input for a specific decision.","This sentence is an instruction or an offer to discuss. It does not express an opinion, recommendation, legal advice, or policy opinion. It is not part of an internal deliberation process.",,,,,,0
35,Manifest is:,0,0,"This sentence is an incomplete phrase. By itself, 'Manifest is:' does not provide enough context to determine if it concerns an issue where a final decision has not yet been made. It could be introducing a factual list or a draft, but the phrase itself doesn't indicate a predecisional stage.","No, this sentence does not express an opinion, recommendation, or internal deliberation. It is an introductory phrase, likely preceding a list or description, and does not reflect the internal give-and-take of a decision-making process or represent a personal view.",,,,,,0
36,Maria -- you asked where we were in setting up an internal meeting to discuss next steps on child support and gaming.,0,0,"Yes, the sentence refers to 'next steps' on an issue, indicating that a final decision has not yet been made and discussions are ongoing.","No, the sentence is a factual statement about a previous inquiry and the status of setting up a meeting. It does not express an opinion, recommendation, or internal deliberation. It's a logistical update, not a substantive part of the deliberation itself.",,,,,,0
37,"As I have discussed with Lynn, Broderick, and Barbara, we are prepared to scale this proposal back to a demonstration, with voluntary participation on the part of a select number of gaming establishments.",1,1,"Yes, the sentence discusses a 'proposal' and states 'we are prepared to scale this proposal back,' indicating that a final decision on the proposal's scope has not yet been made. It describes a potential or intended action regarding an ongoing matter.","Yes, the sentence expresses an internal strategic adjustment or plan ('scale this proposal back to a demonstration') that has been discussed among individuals. It reflects a recommendation or a decision in progress about how to proceed with a proposal, rather than a statement of established fact or final agency policy.",,,,,,1
38,"Thus, our legislative proposal would be to test this  idea, and we would seek gaming  establishments willing to participate voluntarily.",1,1,"Yes, the sentence discusses a 'legislative proposal' and an intention to 'test this idea' and 'seek gaming establishments.' This indicates that a final decision on the proposal or its implementation has not yet been made. It describes a potential future action or strategy.","Yes, the sentence expresses a proposed course of action ('our legislative proposal would be to test this idea') and an intended strategy ('we would seek gaming establishments'). This reflects internal planning, recommendations, and the 'give-and-take' of the decision-making process, rather than a statement of fact or established policy.",,,,,,1
39,This should satisfy all concerns. .,1,1,"Yes, the use of 'should satisfy' implies that a proposed action or solution is being presented or evaluated, and the author is offering an assessment of its potential outcome before a final decision or resolution regarding the 'concerns' has been made. It precedes the agency's final action on those concerns.","Yes, 'This should satisfy all concerns' is an opinion or an assessment of a proposed action's effectiveness, not a statement of fact. It reflects the author's personal judgment or recommendation regarding how something will be received or perform, which is characteristic of internal deliberation.",,,,,,1
40,"Since changing our proposal will result in losing budget revenue, we need substitute pay-fors.",1,1,"Yes, the sentence discusses the potential consequences of changing a proposal and the need for substitute funding, indicating that decisions about the proposal's final form and funding are still under consideration and have not yet been made. It precedes the agency's final action.","Yes, the phrase 'we need substitute pay-fors' is a recommendation or an expression of a strategic requirement. It reflects an internal assessment and a proposed course of action to address a potential problem, representing the author's view on a necessary step in the decision-making process rather than a simple statement of fact or established policy.",,,,,,1
41,OMB folks have been working diligently on this effort (we've been helping where we can).,1,0,The sentence describes ongoing work and assistance on an 'effort.' It is a factual statement about activity rather than a direct input to a specific final decision. It does not appear to be created specifically to assist a decision-maker in reaching a final conclusion on a policy or action.,"The sentence states that OMB folks have been working diligently and that the sender's team has been helping. These are presented as factual observations about work and collaboration, not as opinions, recommendations, or internal deliberations on policy or strategy. It does not reflect the 'give-and-take' of the decision-making process.",,,,,,0
42,"As you know, uncontroversial pay-fors are h_ard to find, but we have several good things inÂ·development.",1,1,"Yes, the sentence discusses 'pay-fors' and 'things in development,' indicating that options are still being explored and a final decision on funding or the specific initiatives has not yet been made. It precedes an agency action.","Yes, the phrase 'uncontroversial pay-fors are hard to find' is an opinion or an assessment of a challenge, reflecting internal deliberation. 'We have several good things in development' also reflects an internal assessment of potential solutions, which is part of the deliberative process, rather than a simple fact or established policy.",,,,,,1
43,"Once we've crossed this hurdle, we should be ready to go.",1,1,"Yes, the sentence implies that a specific 'hurdle' needs to be overcome before the agency can be 'ready to go,' indicating that a final decision or action regarding being 'ready to go' has not yet been made and is contingent on a future event.","Yes, the phrase 'we should be ready to go' expresses an internal assessment, expectation, or projection about a future state, rather than a statement of fact or established policy. It reflects an opinion or judgment about readiness.",,,,,,1
44,"I think we all agree that we all have an interest in making sure this doesn't get out prematurely, because we a) don't want to get hopes up too early given the complications of the budget pay-for issues and",1,1,"Yes, the sentence discusses preventing something from getting out prematurely due to 'complications of the budget pay-for issues,' indicating that a final decision on the matter itself or its public release has not yet been made.","Yes, the sentence expresses an opinion ('I think we all agree that we all have an interest in making sure this doesn't get out prematurely') and a recommendation or strategic consideration regarding the timing of information release, reflecting internal deliberation.",,,,,,1
45,b) we want to have a coordinated roll-out to make sure all our friends get alerted properly and can take proper credit.,1,1,"Yes, the sentence expresses a desire or goal regarding a future action (a coordinated roll-out) and its intended outcomes. This indicates that the specifics of the roll-out and how it will be coordinated are still being discussed or planned, meaning a final decision has not yet been made.","Yes, the phrase 'we want to have' expresses an internal preference, goal, or strategy rather than a statement of fact or established policy. It reflects the agency's internal thinking about how to approach a task and achieve certain objectives, which is characteristic of deliberation.",,,,,,1
46,"Thus, we tried to the extent possible to make our meeting today with the National Indian Gaming Association into a listening session.",1,0,"The sentence describes the approach taken for a meeting that occurred today. It is a factual statement about a past action or strategy, not an ongoing issue where a final decision has not yet been made. While the meeting itself might contribute to future decisions, this specific sentence describes how the meeting was conducted, which is a completed action.","The sentence states what the agency 'tried to do' regarding the nature of a meeting. This is a factual description of their intent or strategy for a past event. It does not express an opinion on a policy, a recommendation for future action, or reflect the internal 'give-and-take' of a decision-making process. It is a statement of fact about their conduct.",,,,,,0
47,They raised many good points.,1,1,"Yes, the evaluation of 'good points' implies that these points are being considered for a future decision or action. It does not describe a final decision or a justification for one, but rather input into a potential decision.","Yes, the word 'good' is an opinion or an evaluative judgment, reflecting the author's personal assessment of the points raised. This constitutes an internal deliberation rather than a factual statement.",,,,,,1
48,"I was planning that we could all meet again once we had vetted budget pay-fors, but I am happy to meet earlier  if others so desire.",0,1,"Yes, the sentence discusses planning a future meeting and vetting budget items, indicating that decisions about the meeting schedule and the budget process are still pending and not finalized.","Yes, the sentence expresses the author's proposed plan for a meeting schedule ('I was planning that we could all meet again...') and offers flexibility based on others' desires ('but I am happy to meet earlier if others so desire'). This reflects an opinion, a recommendation, and an internal deliberation about how to proceed, rather than a statement of fact or final policy.",,,,,,1
49,"I believe we should stick to the same plan we worked out before -- we start off by saying we understand there are problems with our original proposal, and we'd like to hear from them about their concerns, and proceed to have mainly a listening session.",0,1,"Yes, the sentence proposes a plan or strategy for an upcoming interaction or discussion, indicating that the final decision on how to proceed has not yet been made. It's a suggestion for future action.","Yes, the sentence begins with 'I believe we should,' which is a clear expression of an opinion and a recommendation for a course of action. It outlines a proposed strategy, reflecting internal deliberation rather than a statement of fact or established policy.",,,,,,1
50,Lynn has forwarded to us a copy of NIGA's recent resolution on the subject.,0,0,"This sentence states a fact: a document has been forwarded. It does not inherently indicate whether a final decision has or has not been made on the subject of the resolution, nor does it describe a predecisional process. It's an informational update about document receipt.","No, this sentence states a fact: Lynn forwarded a copy of a resolution. It does not express an opinion, recommendation, or internal deliberation. It is purely factual.",,,,,,0
51,Barbara I'll fax you a copy.,0,0,"No, this sentence is a statement of intent to perform an administrative action (faxing a copy). It does not concern an issue where a final decision is pending or being discussed.","No, this sentence is a factual statement about an action the sender will take. It does not express an opinion, recommendation, legal advice, or internal deliberation.",,,,,,0
52,Eric -- some additional information from IRS's gambling industry experts.,0,0,"This sentence introduces the provision of additional information. The act of providing 'additional information' typically occurs before a final decision is reached, as it serves as input for the decision-making process. It does not represent a final decision or a justification of one.","This sentence is a factual statement indicating that additional information is being provided and identifying its source. It does not express an opinion, recommendation, or reflect the internal 'give-and-take' of the decision-making process. It is a neutral statement about the transmission of information.",,,,,,0
53,Hope this is helpful.,0,0,"No, this sentence is a generic closing remark and does not inherently indicate whether a final decision has or has not been made. It does not concern an issue where a final decision has not yet been made; rather, it comments on the perceived utility of the preceding content. Its predecisional nature would depend entirely on the context of the rest of the email.","While it expresses a personal sentiment or expectation (an opinion about the helpfulness of the communication), it does not express an opinion, recommendation, or internal deliberation regarding policy, legal advice, or a substantive aspect of a decision. It is a social nicety rather than a reflection of the 'give-and-take' of the decision-making process.",,,,,,0
54,Please confirm receipt.,0,0,"No, this sentence is a simple administrative request for acknowledgment. It does not concern an issue where a final decision has not yet been made, nor does it relate to a decision-making process.","No, this sentence does not express an opinion, recommendation, or internal deliberation. It is a factual request for confirmation of receipt, not a reflection of policy views or advice.",,,,,,0
55,Thanks.,0,0,"No, this sentence is a simple expression of gratitude and does not concern an issue where a final decision has not yet been made. It does not relate to any specific decision-making process.","No, 'Thanks' is an expression of gratitude, not an opinion, recommendation, or internal deliberation. It does not reflect the 'give-and-take' of the decision-making process.",,,,,,0
56,-- Liz ',0,0,"No, this sentence is a signature fragment and does not concern an issue where a final decision has not yet been made. It provides no substantive content to evaluate for predecisional status.","No, this sentence is a signature fragment and does not express an opinion, recommendation, or internal deliberation. It is merely an identifier.",,,,,,0
57,"Good moring sorry I missed you  last week as I was on the road, and came home to quite a mess.",0,0,"No, this sentence is a personal greeting and an explanation for a missed meeting. It does not concern any agency decision-making process, whether ongoing or completed.","No, this sentence expresses an apology and a factual (personal) reason for missing a meeting. It does not contain any policy opinions, recommendations, legal advice, or internal deliberation related to agency decisions.",,,,,,0
58,In certain circumstances District Directors have authorized the internal control environment.,0,0,"No, this sentence describes a past action or an existing state of affairs (District Directors have authorized). It does not concern an issue where a final decision has not yet been made; rather, it reports on a decision or authorization that has already occurred.","No, this sentence states a fact about what District Directors have done or are authorized to do. It is a descriptive statement about an existing authorization or past action, not an opinion, recommendation, or internal deliberation.",,,,,,0
59,"This has been approved because slot machines in denominations of $25 dollars and above ""lock-up"" at every win under the $1200 rule:",0,0,"No, the sentence states 'This has been approved,' indicating that a final decision has already been made. It is explaining a decision that has been reached, not discussing an issue where a decision is pending.","No, the sentence provides a factual explanation for an approval, referencing a specific rule ('$1200 rule') and a characteristic of slot machines. It is stating the reason for a decision, not expressing an opinion, recommendation, or internal deliberation.",,,,,,0
60,"Under the aggregation permission, the IRS gets one report which reflects the total of all reportable transactions  audit  trails are  in place to ensure compliance.",0,0,"No, this sentence describes an existing process or system ('Under the aggregation permission, the IRS gets one report...', 'audit trails are in place...'). It states how something currently works or is structured, implying a settled matter or an operational fact, rather than an issue where a final decision has not yet been made.","No, this sentence describes the functionality of a system and its compliance mechanisms. It states facts about how the aggregation permission works and that audit trails are in place. It does not express an opinion, recommendation, or internal deliberation; it's a factual description.",,,,,,0
61,"This eases taxpayer burden, I would be happy to brief your office as to the details.",0,1,"Yes, the sentence implies an ongoing discussion or proposal where a final decision has not yet been made. The offer to brief suggests that details are still being considered or communicated to inform a decision-maker.","Yes, 'This eases taxpayer burden' is an opinion or an assessment of a policy's effect, not a pure statement of fact. The offer to brief is part of the internal give-and-take of the decision-making process.",,,,,,1
62,"2:    W-2G's as they apply to Keno, Bingo and slots have been required since the mid?",0,0,"No, this sentence is a question seeking a factual date regarding an existing requirement. It does not concern an issue where a final decision has not yet been made; rather, it seeks information about a past or established requirement.","No, this sentence is a question seeking a specific factual date. It does not express an opinion, recommendation, or internal deliberation. It is a query for information.",,,,,,0
63,The dollar thresholds as they apply to these games  were written  at  a time when a $1200 dollar  jackpot was relatively  uncommon,0,0,"No, this sentence describes a historical context or a factual observation about when certain dollar thresholds were established and the conditions at that time. It does not directly concern an issue where a final decision is currently being made, nor does it propose a change or discuss a future action. It's a statement of background information.","No, this sentence presents what appears to be a factual observation about the historical context of the dollar thresholds. It states a condition that existed in the past ('a $1200 dollar jackpot was relatively uncommon') when the thresholds were written. It does not express an opinion, recommendation, or internal deliberation; it's a statement of fact.",,,,,,0
64,Things have changed.,0,0,This sentence is a general statement of observation. It does not inherently indicate whether a final decision has or has not been made on a specific issue. It does not appear to be created specifically to assist a decision-maker in reaching a final conclusion.,"This sentence states an observation or a perceived fact ('Things have changed'). It does not express an opinion, recommendation, legal advice, or policy view. It does not reflect the internal 'give-and-take' of a decision-making process.",,,,,,0
65,As you may recall laat year we began a study on raising the threshold to $500.0 and eliminate 85% of W-2G filings: Taxpayers argued that winners just itemized the losses against the wins and the Treasury was not really getting any revenue.,0,0,"Yes, the sentence concerns an issue (raising the threshold for W-2G filings) where a study was initiated, implying a decision had not yet been made at that time. If the email is part of a current discussion on this topic, the issue could still be predecisional.","No, the sentence states a fact about an agency action (beginning a study) and reports an argument made by taxpayers. It does not express an internal opinion, recommendation, or policy view of the agency or the author.",,,,,,0
66,Early results indicated that this would be to costly.,0,1,"Yes, the phrase 'Early results indicated' and 'would be too costly' suggests an ongoing evaluation or assessment before a final decision has been made regarding the cost-effectiveness of a particular action or project. It precedes a final agency action.","Yes, the statement 'this would be too costly' is an evaluative judgment or opinion based on early findings. While based on 'results,' the conclusion 'too costly' is a subjective assessment that contributes to internal deliberation and decision-making, rather than a simple, objective fact.",,,,,,1
67,We are currently working to find a revenue  neutral number.,0,1,"Yes, the phrase 'currently working to find' clearly indicates that a final decision on the 'revenue neutral number' has not yet been made. The agency is still in the process of determining this number.","Yes, this sentence describes the ongoing internal process of developing a key component (a revenue neutral number) for a future decision. The act of 'working to find' such a number implies internal analysis, calculations, and discussions to arrive at that figure. This reflects the 'give-and-take' of the decision-making process, as it reveals the agency's active engagement in formulating a policy or decision, rather than stating an established fact or policy.",,,,,,1
68,"Indian gaming offers some.unique challenges due to the sovereignty issue: that being said, Indian casinos have the same requirements as commercial casinos.",0,0,"No, this sentence describes existing conditions or understanding regarding Indian gaming and its requirements. It does not appear to be part of an ongoing decision-making process about a specific policy or action, nor does it propose or debate a future course of action.","No, the sentence states observations ('offers some unique challenges') and what appears to be a factual statement about regulatory requirements ('have the same requirements'). It does not express a personal opinion, recommendation, or internal deliberation about a future decision or policy. It sounds more like an informational statement of current understanding or policy.",,,,,,0
69,For the most part the Indian casinos are in compliance.,0,1,"Yes, an assessment of compliance status often serves as input for future decisions regarding enforcement, resource allocation, or policy adjustments. It precedes any final agency action or decision related to the casinos' compliance.","Yes, the phrase 'For the most part' indicates a qualitative judgment or opinion rather than a purely objective, verifiable fact. It reflects an internal assessment or conclusion drawn by the author, contributing to the deliberative process.",,,,,,1
70,"In rare circumstances where they refuse to permit an audit, we cannot attest to any compliance in any area.",0,0,"This sentence describes a consequence or a state of affairs under a specific condition (refusal to permit an audit). It states what 'we cannot attest to' if an audit is refused, which sounds like a statement of a current inability or a standing rule/understanding, rather than a discussion leading up to a decision. It does not appear to be part of a process to make a new decision, but rather a statement about an existing operational reality or policy outcome. Therefore, it is not predecisional.","The sentence 'we cannot attest to any compliance in any area' is a statement of fact or a conclusion based on a lack of information. It does not express an opinion, a recommendation, or a proposal. It describes a direct consequence or a current limitation, rather than reflecting the internal 'give-and-take' of the decision-making process or representing a personal view. Therefore, it is not deliberative.",,,,,,0
71,"""E/GE will soon be responsible for this issue.",0,0,"The sentence states that E/GE 'will soon be responsible' for an issue. This implies that the formal assignment or implementation of this responsibility has not yet occurred, meaning it precedes the final agency action regarding that specific assignment. Thus, it can be considered predecisional.","The sentence 'E/GE will soon be responsible for this issue' is a declarative statement about a future event or an upcoming assignment. It does not express an opinion, a recommendation, or reflect the internal 'give-and-take' of the decision-making process. It sounds like a factual update or an internal announcement of a decision that has been made or is about to be formally implemented, rather than a deliberation about whether E/GE should be responsible.",,,,,,0
72,To assist them we have develpped an Indian Gaming text and outreach publication.,0,0,"No, the sentence states 'we have developed an Indian Gaming text and outreach publication,' indicating an action that has already been completed or a product that already exists. It describes an accomplished fact, not an issue where a final decision is pending.","No, the sentence is a factual statement about the development of a publication. It does not express an opinion, recommendation, or internal deliberation about whether to develop it, its content, or its purpose. It simply states what has been done.",,,,,,0
73,"Backup withholding from reportable gaming transactions is, a difficult number as all backup witholding is lumped together.",0,1,"Yes, this sentence describes a characteristic of a number ('difficult number') and provides a reason for it. Such an observation about data complexity or difficulty is typically made in the context of internal discussions or analyses aimed at understanding, managing, or improving data collection, reporting, or interpretation. Therefore, it concerns an issue where a final decision on how to address or utilize this data has likely not yet been made, and it serves to inform or assist in that decision-making process.","Yes, the phrase 'a difficult number' is an evaluative statement, expressing an opinion or assessment by the author rather than a purely objective fact. While the explanation 'as all backup withholding is lumped together' is factual, the characterization of the number as 'difficult' reflects the author's personal view or internal deliberation on the data's usability or interpretability. It contributes to the internal 'give-and-take' of understanding the data.",,,,,,1
74,We could attempt to study this issue shhuld you require a better number.,0,1,"Yes, the sentence proposes a potential future action ('We could attempt to study this issue') contingent on a requirement ('should you require a better number'). This indicates that a final decision on whether to undertake the study or what information is needed has not yet been made. It precedes any agency action or final conclusion.","Yes, the sentence expresses a suggestion or a recommendation ('We could attempt to study this issue'). It is not a statement of fact, but rather an internal consideration of a possible course of action or strategy. It reflects the 'give-and-take' of the decision-making process.",,,,,,1
75,"That being said, if people stood to lose all their winnings, to child support or just 31% if they refused identification;",0,1,"Yes, the sentence discusses a hypothetical scenario regarding potential losses of winnings based on certain conditions (child support, refusal of identification). This indicates that a final decision on how to handle such situations or the policy implications has not yet been made, and the sentence is part of the discussion leading to such a decision.","Yes, the sentence presents a hypothetical situation and explores potential consequences ('if people stood to lose...'). It is not stating an established fact or policy, but rather is part of an internal discussion or consideration of different policy options or their effects. This reflects the 'give-and-take' of the decision-making process.",,,,,,1
76,I think it would be fair to say backup withholding would increase.,0,1,"Yes, the phrase 'I think it would be fair to say...' suggests an assessment or projection about a potential future outcome ('backup withholding would increase'), rather than a statement of a final decision or established policy. It implies an ongoing discussion or analysis prior to a definitive conclusion or action.","Yes, the sentence explicitly states 'I think it would be fair to say...', which is a clear expression of personal opinion, judgment, or assessment. It is not a statement of fact or established agency policy, but rather an individual's view or interpretation of a potential scenario.",,,,,,1
77,"The children however, would not get the  money the treasury would.",0,1,"Yes, the sentence discusses a potential outcome regarding who would receive money, implying that a final decision on this allocation has not yet been made. It describes a scenario under consideration.","Yes, the sentence expresses a specific point or consequence within a discussion about financial distribution. It's not a statement of established fact or final policy, but rather a proposed or considered outcome that is part of the internal give-and-take of decision-making.",,,,,,1
78,I have some questions that I'm sure you can answer.,0,0,"This sentence is a generic statement indicating the sender has questions. It does not provide enough context to determine if it relates to an issue where a final decision has not yet been made. It could precede a discussion about a pre-decisional matter, or it could be about a settled matter.","The sentence states a fact: 'I have some questions.' The phrase 'that I'm sure you can answer' is an expression of confidence or an assumption, but it does not constitute an opinion, recommendation, or internal deliberation regarding policy or a decision. It does not reflect the 'give-and-take' of the decision-making process.",,,,,,0
79,Please give  me a call 202-622-5563,0,0,"No, this sentence is a request for a phone call. It does not inherently concern an issue where a final decision has not yet been made. It's a logistical instruction, not a substantive part of a decision-making process.","No, this sentence is a direct request for communication. It does not express an opinion, a recommendation, or an internal deliberation. It is a factual instruction to make a call.",,,,,,0
80,Are there any situations where a casino does not stop operations to secure a W-2G?,0,1,"Yes, the sentence is a question seeking information about potential scenarios. This indicates that the agency is exploring an issue, understanding its scope, or considering policy implications, meaning a final decision or established position on all such situations has not yet been made.","Yes, the sentence is a question that is part of an internal inquiry or discussion. It is not stating a fact or an established policy, but rather probing for understanding, identifying potential issues, or exploring the boundaries of a rule. This reflects the internal 'give-and-take' of the decision-making process.",,,,,,1
81,"I.e., do they continue operations if a card holder  exceeds the $1200.00 dollar limit because they have the individuals TIN?",0,1,"Yes, the sentence is a question seeking clarification or guidance on a hypothetical operational scenario. This implies that a final decision or established policy on how to handle such a situation may not yet exist or is being discussed.","Yes, the sentence is a question that probes for an interpretation, a policy stance, or a recommendation on how to proceed in a specific scenario. It reflects internal deliberation and the 'give-and-take' of understanding an issue, rather than stating a fact or an established policy.",,,,,,1
82,How long has the W-2G filing requirement been in place?,0,0,"No, this sentence is a question seeking factual information about an existing requirement, not an issue where a final decision has not yet been made. It's about understanding an established rule.","No, this sentence is a direct question seeking a factual answer (the duration of a requirement). It does not express an opinion, recommendation, or internal deliberation.",,,,,,0
83,Do we have any idea how often a casino has to backup withhold because the winner fails to provide a TIN #?,0,1,"Yes, this sentence is a question seeking information, indicating that a final decision or policy regarding casino backup withholding based on TIN issues has not yet been made. It precedes any potential agency action or policy formulation.","Yes, while it's a question rather than an opinion or recommendation, it reflects an internal deliberation by seeking specific data to inform a potential decision or policy discussion. It's part of the internal 'give-and-take' of the decision-making process, gathering information necessary for analysis and deliberation, rather than stating an established fact or policy.",,,,,,1
84,The student loan offset was enacted in the 2000 appropriations a t.,0,0,"No, the sentence states a historical fact about an action (enactment of a law) that has already occurred and is a final decision. It does not concern an issue where a final decision has not yet been made.","No, the sentence presents a factual statement about when a law was enacted. It does not express an opinion, recommendation, or internal deliberation.",,,,,,0
85,"We have another idea about using NDNH for other kinds of Federal debt collection, implemented through Treasury/FMS.",1,1,"Yes, the sentence presents 'another idea' for future action ('using NDNH for other kinds of Federal debt collection, implemented through Treasury/FMS'), indicating that a final decision on this specific approach has not yet been made. It precedes any agency action or final conclusion.","Yes, the sentence expresses an 'idea,' which is a concept, proposal, or suggestion. It reflects internal brainstorming or a recommendation for a potential course of action, rather than a statement of established fact or policy.",,,,,,1
86,"It came up late in the budget process, so we didn't have time to develop it for the 01 budget, ie we don't have a savings estimate.",1,0,"No, the sentence refers to the '01 budget,' implying a past budget cycle where decisions have likely already been made. It explains why something wasn't developed for that specific, past budget, rather than discussing an ongoing or future decision.","No, the sentence provides a factual explanation about the timing of an issue and the resulting lack of development or a savings estimate for a past budget. It does not express an opinion, recommendation, or internal deliberation.",,,,,,0
87,"We're getting that process going again with our Treasury branch colleagues now, too.",1,0,"No, the sentence describes an action that is currently being taken ('We're getting that process going again'). It is a factual update on an administrative task, not a discussion or deliberation about a decision yet to be made. It does not precede an agency's action in the sense of discussing whether to take it, but rather states that the action is underway.","No, the sentence states a fact about an ongoing administrative action. It does not express an opinion, recommendation, legal advice, or policy opinion. It is a factual update on what is happening, not an internal 'give-and-take' of the decision-making process.",,,,,,0
88,Did we use all of the student loan offset to pay for SDUs last year?,0,0,"No, this sentence is a question about past actions and seeks factual information regarding how funds were used 'last year.' It does not concern an issue where a final decision has not yet been made; rather, it's an inquiry about a past financial allocation.","No, this sentence is a direct question seeking a factual answer ('Did we use all of X to pay for Y?'). It does not express an opinion, recommendation, or internal deliberation. It's a request for information, not a reflection of policy views or advice.",,,,,,0
89,"If not, that may be a possibility",0,1,"Yes, the phrase 'may be a possibility' indicates that a final decision has not yet been made and an option is still being considered.","Yes, this sentence expresses a potential option or idea, reflecting an internal consideration or suggestion rather than a statement of fact or established policy. It's part of exploring alternatives.",,,,,,1
90,Barbara  Chow spoke  to Jack  about child support and  gambling.,1,0,This sentence reports a factual event: a conversation took place. It does not inherently indicate whether the subject of the conversation (child support and gambling) is an issue where a final decision has not yet been made. The sentence itself is not predecisional in nature; it's a statement of fact.,"No, this sentence states a fact: that a conversation occurred between two individuals about specific topics. It does not express an opinion, make a recommendation, or reflect any internal deliberation or 'give-and-take' of the decision-making process. It simply reports an action.",,,,,,0
91,His first reaction  was  'do we really need to drop this?',1,1,"Yes, the question 'do we really need to drop this?' indicates that a decision about whether or not to drop something is still being considered and has not been finalized. It precedes an agency action.","Yes, the sentence reports a 'first reaction' which is a question challenging a potential action. This reflects an internal thought process, an opinion, or a point of deliberation rather than a statement of established fact or policy. It's part of the 'give-and-take' of decision-making.",,,,,,1
92,but once he got beyond  that his only  issue is that he insists  we need to have another  pay-for to make up the savings.,1,1,"Yes, the sentence discusses an 'issue' and an insistence on a particular action ('another pay-for to make up the savings'), indicating that a final decision on how to achieve these savings or the overall financial strategy has not yet been made. It reflects an ongoing discussion.","Yes, the sentence expresses an opinion or recommendation from an individual ('he insists we need to have another pay-for'). This is not a statement of fact or established agency policy, but rather a viewpoint contributing to internal deliberation on a policy or financial matter.",,,,,,1
93,OMB  will work on this with our help.,1,0,"Yes, the sentence indicates a future action ('will work') on an unspecified 'this,' implying that a final decision or outcome related to 'this' has not yet been made. It describes an ongoing process.","No, the sentence states a plan or a division of labor ('OMB will work on this with our help'). It is a factual statement about an upcoming collaborative effort or a procedural arrangement. It does not express an opinion, recommendation, legal advice, or policy view, nor does it reflect the internal 'give-and-take' of the decision-making process regarding the substance of 'this.' It's not a personal view on a policy matter.",,,,,,0
94,"I impressed  upon Barbara  the need to move quickly, to give it less time to leak out and 'to allow us to put it out sufficiently in advance of the President's trip.",1,1,"Yes, the sentence discusses the 'need to move quickly' and 'to put it out sufficiently in advance of the President's trip,' indicating that the timing and strategy for releasing information are still under consideration and a final decision has not yet been made regarding the 'it' being discussed.","Yes, the sentence expresses the author's opinion and recommendation ('I impressed upon Barbara the need to move quickly') and provides strategic reasoning ('to give it less time to leak out and 'to allow us to put it out sufficiently in advance of the President's trip'). This reflects internal deliberation and strategic thinking rather than a simple statement of fact.",,,,,,1
95,"Barbara thought one way we could pitch the voluntary option.is to talk about it as a pilot, saying we've realized there are some implementation questions and we want to test how it would work before we go national.",1,1,"Yes, the sentence discusses a potential strategy ('one way we could pitch the voluntary option,' 'talk about it as a pilot') and acknowledges 'implementation questions' that need testing 'before we go national.' This indicates that a final decision on the approach or national implementation has not yet been made.","Yes, the sentence expresses Barbara's thought or recommendation on how to present an option ('one way we could pitch... is to talk about it as a pilot') and provides the rationale behind that recommendation. This reflects an opinion, a proposed strategy, and internal deliberation rather than a statement of fact or established policy.",,,,,,1
96,"Participation in the pilot would of course be voluntary, and we might throw in some financial incentives to cover paperwork and computer costs for those who participate.",1,1,"Yes, the sentence discusses a 'pilot' program and uses phrases like 'would of course be voluntary' and 'we might throw in some financial incentives,' indicating that these are ideas or proposals for a program that has not yet been finalized. The decisions about the pilot's structure and incentives are still pending.","Yes, the sentence expresses a recommendation or an idea about how to structure a potential pilot program, specifically regarding voluntary participation and offering financial incentives. It reflects internal discussion and suggestions rather than a statement of fact or established policy.",,,,,,1
97,I think this makes some sense.,1,1,"Yes, the phrase 'I think this makes some sense' suggests an ongoing evaluation or consideration of a proposal or idea, indicating that a final decision has not yet been made. It's an input to a potential decision.","Yes, this sentence expresses a personal opinion or assessment ('I think this makes some sense') rather than a statement of fact. It reflects the author's internal thought process or a preliminary judgment, which is characteristic of deliberation.",,,,,,1
98,There's a commission relating to child support medical support issues (e.g. doing more to ensure the father's health plan covers the child as part of the child support order) that has just reported to HHS.,1,0,"The sentence describes a commission that has just reported to HHS. It is a factual statement about an event (the report being submitted) rather than a discussion of an ongoing decision-making process within HHS or a recommendation for a future decision. It does not inherently concern an issue where a final decision has not yet been made by the agency receiving the report, but rather states that a report has been made.","The sentence states a fact: a commission exists and has reported to HHS, and gives an example of its focus. It does not express an opinion, recommendation, or internal deliberation of the author or the agency. It is an informational update, not a reflection of the internal 'give-and-take' of the decision-making process.",,,,,,0
99,HHS is apparently reviewing the recommendations,1,0,"Yes, the sentence indicates that recommendations are being reviewed, implying that a final decision based on those recommendations has not yet been made.","No, the sentence is a factual observation about an ongoing process (HHS reviewing recommendations). It does not express an opinion, recommendation, or internal deliberation itself. It reports on an action, rather than being an internal part of the deliberation.",,,,,,0
100,"I don't really know what's in them, but there may be some savings associated with some of them (perhaps reduced Medicaid costs by ensuring kids get on their father's private insurance) that we could use to replace the gambling savings.",1,1,"Yes, the sentence discusses potential savings and how they 'could use' them to replace other savings, indicating that a final decision on funding or budget allocation has not yet been made. It is exploring options.","Yes, the sentence expresses an opinion and speculation using phrases like 'I don't really know what's in them,' 'there may be some savings,' 'perhaps reduced Medicaid costs,' and 'we could use.' These are not statements of fact or final policy, but rather part of an internal discussion about possibilities and recommendations.",,,,,,1
101,"In general I think these recommendations could have potential, and I told Olivia several weeks ago I'd like  them to move quickly in their review and to come over and give us  a briefing.",1,1,"Yes, the sentence discusses 'recommendations' that 'could have potential' and requests a 'review' and 'briefing,' indicating that a final decision on these recommendations has not yet been made and the process is ongoing.","Yes, the sentence expresses the author's personal opinion ('I think these recommendations could have potential') and a preference for how to proceed ('I'd like them to move quickly in their review and to come over and give us a briefing'). This reflects internal deliberation and a recommendation for next steps, not a statement of fact or final policy.",,,,,,1
102,Barbara Pryor says Sen. Rockefeller would like to introduce a bill shortly (I think he and Sen Snowe were responsible for the legislation creating the commission).,0,1,"Yes, the sentence concerns Sen. Rockefeller's intent to introduce a bill shortly, which is a future action that has not yet occurred. The agency would likely be deliberating on how to respond to or prepare for such legislation.","Yes, the phrase 'I think he and Sen Snowe were responsible for the legislation creating the commission' explicitly expresses the author's personal opinion or recollection, rather than an established fact or agency policy. This personal insight contributes to the internal 'give-and-take' of the decision-making process.",,,,,,1
103,"We need to accelerate work on the independent contractor option, which Barbara thinks would pick up about half the savings needed.",1,1,"Yes, the sentence discusses accelerating work on an 'independent contractor option,' implying that this option is still under consideration and a final decision regarding its adoption or implementation has not yet been made. It's a suggestion for future action related to an ongoing decision-making process.","Yes, the phrase 'We need to accelerate work...' is a recommendation or a statement of internal strategy/priority, not a simple fact. The subsequent clause 'which Barbara thinks would pick up about half the savings needed' expresses an individual's opinion or estimate ('Barbara thinks'), reflecting an internal assessment rather than an established fact or agency policy. It reflects the internal 'give-and-take' of the decision-making process.",,,,,,1
104,"She will get Smalligan and Ahern working on this, but you guys should work closely with them.",1,1,"Yes, the sentence discusses getting people to work on 'this' and provides guidance on how to collaborate. This indicates an ongoing task or project where a final decision or outcome has not yet been reached. It concerns the process of executing work, which precedes any final agency action or decision.","Yes, the phrase 'you guys should work closely with them' is a recommendation or instruction on how to proceed with the work. It reflects internal guidance and strategy for collaboration, which is part of the agency's internal 'give-and-take' in the decision-making or project execution process, rather than a mere statement of fact.",,,,,,1
105,"As I recall, we've asked Treasury for some information, but have not yet reached out to DOL and SBA?",1,1,"Yes, the sentence asks about the status of outreach to other agencies (DOL and SBA), implying that the decision on who to contact or the full scope of information gathering is still in progress or being confirmed. It precedes a final decision on the complete outreach strategy.","Yes, the sentence is an internal inquiry or a check on the status of an ongoing process. It reflects the internal 'give-and-take' of decision-making by questioning the current state of coordination and implicitly raising the possibility of future actions (reaching out to DOL and SBA). It's not a mere statement of fact but part of an internal discussion about strategy or next steps.",,,,,,1
106,"And, though it is more OMB's responsibility than ours, we should try to think of any other possible pay-fors in our area (defined broadly).",1,1,"Yes, the sentence suggests an action to 'think of any other possible pay-fors,' indicating that a final decision on funding mechanisms or offsets has not yet been made. It's a call for brainstorming or exploring options before a conclusion is reached.","Yes, the sentence expresses a recommendation or suggestion ('we should try to think of') rather than a statement of fact or established policy. It reflects an internal thought process and a proposed course of action within the agency's decision-making.",,,,,,1
107,One possibly promising area are the recommendations on child support medical support made by the commission to HHS,1,1,"Yes, the sentence refers to 'recommendations... made by the commission to HHS,' implying that HHS is still evaluating these recommendations and has not yet made a final decision on them. The phrase 'possibly promising area' further indicates an ongoing assessment.","Yes, the phrase 'One possibly promising area' expresses an opinion or an internal assessment of the potential value of the recommendations. It reflects an internal deliberation about which areas might be worth pursuing, rather than a statement of fact or an established policy.",,,,,,1
108,perhaps one of those have some savings (perhaps reduced Medicaid costs by ensuring kids get on their father's private insurance) that we could use to replace the gambling savings.,1,1,"Yes, the sentence uses 'perhaps' and 'could use' to discuss potential savings and their application, indicating that a final decision on how to generate or utilize these savings has not yet been made. It's exploring options for future action.","Yes, the sentence offers a suggestion or idea ('perhaps one of those have some savings... that we could use') and provides a specific example ('perhaps reduced Medicaid costs by ensuring kids get on their father's private insurance'). This is an opinion or recommendation, reflecting internal deliberation rather than a statement of fact or established policy.",,,,,,1
109,Eric -- I know you got an (unofficial?) update from Legler on this can you fill the rest of us in?,1,0,"Yes, the sentence is asking for an update on an ongoing matter, implying that a final decision has not yet been made and information is being gathered or shared internally to inform future action.","No, the sentence is a request for information or an update. It does not express an opinion, recommendation, or policy view of the author. It's a logistical request to share an update, which is more factual in nature, even if the update itself might contain deliberative content.",,,,,,0
110,And we should also think more broadly than child support.,1,1,"Yes, the phrase 'we should also think' indicates that a decision or a course of action is still being formulated and has not been finalized. It suggests an ongoing discussion about the scope of their considerations.","Yes, the sentence expresses a recommendation or an opinion ('we should also think more broadly') on how to approach a topic, rather than stating a fact or an established policy. It reflects internal deliberation about strategy.",,,,,,1
111,Genie -- can you check to see if any of the bills introduced so far in Congress that have been referred to Ways and Means or Finance had any little pay-fors that weren't horrendous?,1,1,"Yes, the sentence is a request for information to inform potential future policy decisions or legislative strategy. It precedes any final agency action or decision regarding specific bills or funding mechanisms.","Yes, the sentence expresses an internal deliberation by requesting specific research and analysis ('check to see if any...had any little pay-fors that weren't horrendous?'). The phrase 'weren't horrendous' introduces a subjective evaluative criterion, indicating a search for acceptable options, which is part of the internal give-and-take of decision-making, not a statement of fact or established policy.",,,,,,1
112,Can anyone think of anything else?,1,1,"Yes, the sentence is a question soliciting further input, indicating that a final decision or plan has not yet been made and the matter is still open for discussion.","Yes, the sentence is an explicit request for opinions, recommendations, or additional ideas, reflecting the internal 'give-and-take' of a decision-making process rather than stating a fact.",,,,,,1
113,We're hoping to be able to seriously restructure our proposal to satisfy both tribal and non-tribal concerns.,1,1,"Yes, the sentence discusses 'restructuring our proposal' and uses the phrase 'we're hoping to be able to,' indicating that a final proposal has not yet been finalized or approved, and a decision based on it is still pending.","Yes, the sentence expresses an internal goal or strategy ('hoping to be able to seriously restructure') regarding how to address concerns. It reflects the agency's internal thinking and planning process, rather than stating a fact or a final decision.",,,,,,1
114,Barbara Chow is talking to Jack and Sylvia about how to handle the budget implications.,1,0,"Yes, the sentence indicates that a discussion is ongoing about 'how to handle the budget implications,' implying that a final decision on this matter has not yet been made.","No, the sentence is a factual statement reporting that a conversation is taking place ('Barbara Chow is talking to Jack and Sylvia'). It does not express an opinion, recommendation, or internal deliberation from the author of the email regarding the budget implications themselves. It merely describes an activity.",,,,,,0
115,"If we revise our plan, we want to make sure our friends get credit, so we need to keep this under wraps until we're ready to roll it out.",1,1,"Yes, the sentence discusses a potential future action ('If we revise our plan') and the timing of its release ('until we're ready to roll it out'), indicating that a final decision on the plan revision and its implementation has not yet been made.","Yes, the sentence expresses internal considerations ('we want to make sure our friends get credit') and a recommendation/strategy ('we need to keep this under wraps'). It reflects the internal 'give-and-take' of decision-making regarding a potential plan and its rollout, rather than stating an established fact or policy.",,,,,,1
116,We're going to go ahead and have the already-scheduled meeting With tribal gaming folks on Tuesday and tell them we recognize our current proposal won't work and seek their advice.,1,1,"Yes, the sentence indicates that the current proposal 'won't work' and that the agency plans to 'seek their advice.' This shows that a final decision on the proposal or a new course of action has not yet been made; they are still in the process of evaluating options and gathering input.","Yes, the sentence expresses an internal assessment ('we recognize our current proposal won't work') and a strategic plan for future action to gather input and inform a decision ('seek their advice'). This reflects the agency's internal thinking and strategy in the decision-making process, rather than a simple statement of fact or established policy.",,,,,,1
117,Cynthia--I know you've had a couple of meetings on this issue including one recently with doj,1,0,"This sentence states a fact about past meetings. It does not provide information about whether a final decision has been made on the 'issue' being discussed, nor does it indicate that the sentence itself is part of a predecisional process. It's a factual observation.","This sentence is a statement of fact, acknowledging that Cynthia has had meetings. It does not express an opinion, recommendation, or internal deliberation. It is not part of the 'give-and-take' of the decision-making process.",,,,,,0
118,"Can you send me an email detailing the, issues as you see them and your plans for how  we're  going to resolve some of the outstanding issues, not limited to the Indian sovereignty but also how we're going to get the industry to cooperate?",1,1,"Yes, the sentence is a request for input on 'issues as you see them' and 'plans for how we're going to resolve some of the outstanding issues.' This indicates that a final decision on these matters has not yet been made and the agency is seeking information to assist in reaching a conclusion.","Yes, the sentence asks for 'issues as you see them' (personal opinions/assessments) and 'your plans for how we're going to resolve' (recommendations, strategies, policy options). This reflects the internal 'give-and-take' of the decision-making process and seeks the author's personal views and recommendations, not established facts or final policy.",,,,,,1
119,"â€¢ I've looked into the option of having gaming establishments collect and report to the federal child support database tie gambling winner's name, social security number, home address and possibly his employer's name and address.",1,1,"Yes, the sentence describes looking into an 'option,' indicating that a final decision on whether to implement this collection and reporting mechanism has not yet been made. It's an exploration of a potential course of action.","Yes, by stating 'I've looked into the option,' the sentence reflects an internal exploration or consideration of a policy idea. It's part of the 'give-and-take' of evaluating potential actions, rather than a statement of established fact or policy. It represents the author's personal investigation into a policy alternative.",,,,,,1
120,"In my view, the option would do little.to collect child support and we would still need to exempt tribes (lest we renege on our long standing support for tribal sovereignity).",1,1,"Yes, the sentence discusses an 'option' and its potential implications ('would do little,' 'would still need to exempt'), indicating that a final decision on this policy or course of action has not yet been made. It is part of the evaluation process before a final conclusion.","Yes, the sentence begins with 'In my view,' explicitly stating a personal opinion. It then offers an assessment of the option's effectiveness ('would do little') and provides a policy recommendation/reasoning regarding tribal exemptions ('lest we renege on our long standing support for tribal sovereignity'). This reflects internal deliberation and policy advice rather than a statement of fact or established policy.",,,,,,1
121,"The only advantage would be that it gives us a quasi-face-saving way to minimize opposition without abandoning our proposal altogether, which may be the best we can hope for at this point.",1,1,"Yes, the sentence discusses 'our proposal' and strategies to 'minimize opposition without abandoning our proposal altogether,' indicating that a final decision on the proposal and how to handle opposition has not yet been made. It's discussing potential outcomes and strategies before a final action.","Yes, the sentence expresses opinions and strategic considerations using phrases like 'The only advantage would be,' 'quasi-face-saving way,' and 'may be the best we can hope for.' These are subjective assessments and internal deliberations about the best course of action, not statements of fact.",,,,,,1
122,Please advise on how I should proceed.,1,1,"Yes, the sentence explicitly asks for advice on 'how I should proceed,' indicating that a final decision on the course of action has not yet been made. The author is seeking input before taking an action.","Yes, the sentence is a direct request for advice or a recommendation. It is part of the internal 'give-and-take' of the decision-making process, soliciting opinions or guidance rather than stating a fact or an established policy.",,,,,,1
123,We need to resolve this by Monday (before a scheduled meeting with tribes on Tuesday) and OMB may need to come up with another pay-for.,1,1,"Yes, the sentence indicates that a resolution or a 'pay-for' has not yet been finalized, as it states 'We need to resolve this' and 'OMB may need to come up with another pay-for' by a specific deadline before an external meeting.","Yes, the sentence expresses a recommendation ('We need to resolve this') and a suggestion for a potential action or solution ('OMB may need to come up with another pay-for'), reflecting internal thinking and deliberation rather than a statement of fact or established policy.",,,,,,1
124,"Should I begin selling .this reporting only option, with a tribal exemption, to 0MB,HHS, Leg Affairs, etc.?",1,1,"Yes, the sentence asks a question about whether to begin a specific action (selling a reporting option with an exemption), indicating that a final decision on this course of action has not yet been made.","Yes, the sentence is a question seeking guidance or input on a potential policy or operational decision. It reflects internal deliberation and the 'give-and-take' of the decision-making process, rather than stating a fact or established policy.",,,,,,1
125,Keep in mind Lynn Cutler specifically requested a meeting where she and others would be at the table to weigh in (but she should like this option).,1,1,"Yes, the sentence refers to a requested meeting to 'weigh in' and an 'option,' indicating that a decision is still being discussed or formulated, and input is being considered before a final conclusion is reached. It precedes any final agency action.","Yes, the phrase 'Keep in mind' suggests internal consideration, and the parenthetical '(but she should like this option)' is a clear opinion or assessment about a potential course of action, reflecting the author's personal view or recommendation within the decision-making process, not a statement of fact or established policy.",,,,,,1
126,"See below for more on the pros and cons of this option, and see the attached document for the wide range of unsavory options available to us..",1,1,"Yes, the sentence discusses 'pros and cons of this option' and 'unsavory options available to us,' indicating that various choices are being considered and a final decision has not yet been made.","Yes, the sentence refers to an analysis of 'pros and cons' and a range of 'unsavory options,' which reflects internal evaluation, recommendations, and the 'give-and-take' of the decision-making process, rather than a statement of fact or final policy.",,,,,,1
127,Require only reporting from tribes and nontribal gaming establishments,0,1,"Yes, the sentence proposes a requirement ('Require only reporting...'), indicating that a final decision on this specific reporting scope has not yet been made. It suggests a potential future action or policy.","Yes, the sentence expresses a recommendation or a policy opinion ('Require only reporting...'). It is not a statement of fact or an existing policy, but rather a suggestion for what the agency should do.",,,,,,1
128,"Pros: Likely to generate less opposition from gambling establishments, because it would require them only to report winnings, not collect child support.",1,1,"Yes, the sentence presents a 'Pro' for a particular approach, indicating that a decision is still being weighed and different options are under consideration. It precedes a final agency action or policy.","Yes, the sentence expresses an opinion or assessment ('Likely to generate less opposition') about the potential impact of a policy choice. It reflects internal deliberation and a personal view rather than an established fact or agency policy.",,,,,,1
129,Allows us to minimize opposition without abandoning the proposal altogether .,1,1,"Yes, the sentence discusses minimizing opposition to 'the proposal,' indicating that the proposal is still under consideration and a final decision has not yet been made regarding its adoption or implementation.","Yes, the sentence expresses an opinion or strategic assessment about the benefit or outcome of a particular approach ('Allows us to minimize opposition'). It reflects internal thought processes and recommendations on how to proceed with the proposal, rather than stating a fact or established policy.",,,,,,1
130,"Cons: Unlikely to generate information the child support.office doesn't already have, and thus is unlikely to result in more child support collections or federal revenues.",1,1,"Yes, the sentence lists 'Cons,' indicating it is part of an evaluation or discussion of a proposal or potential action before a final decision has been made. It precedes an agency's final action.","Yes, the sentence expresses an opinion and prediction about the potential effectiveness and outcomes ('Unlikely to generate information,' 'unlikely to result in more child support collections or federal revenues'). These are assessments and judgments, not established facts or agency policy, reflecting internal deliberation.",,,,,,1
131,"For examnple, the child support office will already have access to the home address on the individual's drivers license, and in this process will only get a more up-to-date address if the individual volunteers it to the gambling establishment",1,0,"No, this sentence describes an existing process or a factual scenario regarding data access. It does not appear to be part of a discussion leading to a future decision or policy formulation. It states what 'will already have access' and 'will only get,' indicating a description of current or expected outcomes.","No, this sentence presents information about how data access functions in a specific context. It describes a factual situation or an outcome of an existing process, rather than expressing an opinion, recommendation, or a personal view on policy. It is not a 'give-and-take' of the decision-making process.",,,,,,0
132,"lf employer's name and address are also collected, this will require gambling establishments to collect more information than they generally do for the W2G and will increase opposition tb the proposal.",1,1,"Yes, the sentence discusses a 'proposal' and potential 'opposition to the proposal,' indicating that a final decision has not yet been made on the matter of collecting employer's name and address.","Yes, the sentence expresses an opinion and prediction about the consequences of a proposed action ('this will require gambling establishments to collect more information...' and 'will increase opposition tb the proposal'). This is an assessment of impact and potential reaction, not a statement of established fact.",,,,,,1
133,"ln addition, this impinges on tribal sovereignty by having the federal government impose a requirement on tribes",1,1,"Yes, the sentence discusses the potential negative impact ('impinges on tribal sovereignty') of a federal government requirement on tribes. This suggests that the requirement itself, or the decision to impose it, is still under consideration or being debated, meaning a final decision has not yet been made regarding the policy or its implementation.","Yes, the sentence expresses an opinion or assessment ('this impinges on tribal sovereignty') rather than a verifiable fact. It's an evaluative judgment about the implications of a federal action, reflecting internal deliberation and a policy opinion that would inform decision-making.",,,,,,1
134,"(the proposal builds on current law, requiring tribes to report and in some cases withhold funds for federal income taxes, which also impinges on tribal sovereignty.)",1,1,"Yes, the sentence refers to 'the proposal,' indicating that it is discussing a potential action or policy that has not yet been finalized. It precedes a final decision on the proposal.","Yes, the phrase 'which also impinges on tribal sovereignty' is an evaluative statement and an opinion about the potential negative impact of the proposal. It reflects an assessment or internal deliberation rather than a purely factual statement.",,,,,,1
135,"We could therefore exempt tribes from this reporting requirement, generating more concerns from nontribal establishments.",1,1,"Yes, the phrase 'We could therefore exempt tribes' indicates a potential course of action being considered, not a final decision that has been made. The agency is exploring options regarding a reporting requirement.","Yes, the sentence expresses a proposed action ('We could therefore exempt tribes') and an anticipated consequence or impact of that action ('generating more concerns from nontribal establishments'). This reflects internal thinking, weighing of options, and potential policy implications, which are hallmarks of deliberation rather than a statement of fact or established policy.",,,,,,1
136,"Following up from our meeting on Child Support last Tuesday; we plan to meet with NIGA (the nongovernmental group)  on Tues, 2/15 at 2 pm in 472  in OEOB.",0,0,"Yes, the sentence concerns a future meeting related to 'Child Support,' implying that discussions and potential decisions on this topic are ongoing and not yet finalized. The meeting itself is a step in a predecisional process.","No, the sentence states a factual plan for a meeting: 'we plan to meet with NIGA... on Tues, 2/15 at 2 pm...' It is a logistical arrangement, not an opinion, recommendation, or internal deliberation on policy or strategy. It does not reflect the 'give-and-take' of the decision-making process.",,,,,,0
137,Attendees from HHS and Treasury should send me your DOB and SSN..,0,0,"No, this sentence is an administrative request for personal information, not related to a substantive policy or program decision that is pending. It's an operational request.","No, this sentence is a direct instruction or request for factual data (DOB and SSN). It does not express an opinion, recommendation, or internal deliberation.",,,,,,0
138,I am really sorry I missed the meeting this afternoon.,0,0,"No, this sentence is an apology for missing a meeting. It does not concern an issue where a final decision has not yet been made, nor does it assist in reaching a final conclusion.","No, this sentence expresses an apology and states a fact (missing the meeting). It does not offer an opinion, recommendation, or reflect internal deliberation on policy or agency action.",,,,,,0
139,I got completely  swamped  with some other  work.,0,0,"No, this sentence is a personal statement about the author's workload. It does not concern an issue where a final agency decision has not yet been made, nor does it precede an agency action.","No, this sentence is a factual statement about the author's current workload. It does not express an opinion, recommendation, legal advice, or policy deliberation. It is not part of the internal give-and-take of a decision-making process.",,,,,,0
140,will try to catch up with one of you tomorrow afternoon to hear how things went.,0,0,"No, this sentence is about scheduling a meeting to get an update on past events ('how things went'), not about an issue where a final decision has not yet been made. It's a logistical statement.","No, this sentence expresses an intent or a plan to meet, not an opinion, recommendation, or internal deliberation. It's a statement of future action to gather information, not a reflection of policy or decision-making 'give-and-take'.",,,,,,0
141,"Here are the numbers you asked for: Although, please let me know before you intend to use these in any public documents.",1,1,"Yes, the sentence implies that a decision about the public use or release of the provided numbers has not yet been made, as it requests notification before such use.","Yes, the phrase 'please let me know before you intend to use these in any public documents' is a recommendation or a request for internal coordination and review, reflecting an internal deliberation on how information should be handled publicly, rather than a mere statement of fact.",,,,,,1
142,"We try not to lay out all of the underlying assumptions in our estimates since, needless to say, developing these estimates is not an exact science.",1,1,"Yes, the sentence discusses the agency's internal approach and philosophy regarding how it develops and presents estimates. This reflects an ongoing methodology or policy choice, not a final decision on a specific estimate or a matter that has been officially settled. It concerns the internal process of reaching conclusions or presenting information.","Yes, the sentence expresses an internal policy choice ('We try not to lay out all of the underlying assumptions') and provides a rationale/opinion for that choice ('developing these estimates is not an exact science'). This reflects the agency's internal thinking, judgment, and approach, rather than a purely factual statement.",,,,,,1
143,"I would want to be careful about how they are used, particularly in light of some of the new information we got from Treasury.",1,1,"Yes, the sentence implies an ongoing consideration of how 'they' (an unspecified subject) should be used, suggesting that a final decision on their use has not yet been made. The reference to 'new information' further indicates that the agency is still in the process of evaluating and deciding.","Yes, the sentence expresses a personal opinion or recommendation ('I would want to be careful') regarding a course of action. It reflects an internal thought process or advice on how to proceed, rather than stating a fact or an established policy.",,,,,,1
144,"The first year is an anomaly, since we assume an implementation lag.",0,1,"Yes, the sentence discusses an assumption about an 'implementation lag' in the 'first year,' which suggests it's part of an ongoing analysis, modeling, or planning process where a final decision or public statement has not yet been made. It's an internal consideration preceding a final agency action.","Yes, the sentence expresses an interpretive judgment ('The first year is an anomaly') and explicitly states an 'assumption' ('we assume an implementation lag'). Assumptions are internal judgments or methodologies used in the decision-making process, reflecting the agency's internal reasoning and policy choices rather than a simple, objective fact.",,,,,,1
145,"In the second through fifth years, we assume 54,000, 52,000, 49,000, and 46,000 intercepts.",0,1,"Yes, the sentence states assumptions for future years ('second through fifth years'), indicating that it is part of an ongoing process or analysis where a final decision based on these assumptions has not yet been made. It precedes any final agency action or policy.","Yes, the phrase 'we assume' clearly indicates that these numbers are not established facts or final agency policy, but rather internal judgments, projections, or working hypotheses being used in a deliberative process. It reflects the internal 'give-and-take' of decision-making rather than a factual statement.",,,,,,1
146,â€¢ Michelle - how many people did HHS estimate they would capture a year (over five years) who would actually have their gambling winnings interepted because they owed child support? ',0,1,"Yes, the sentence is a question seeking an estimate, indicating that the information is being gathered to inform a decision or policy that has not yet been finalized. It precedes an agency action or final conclusion.","Yes, the sentence is an internal inquiry for an estimate, which is part of the 'give-and-take' of the decision-making process. It reflects a request for data needed for deliberation and analysis, rather than a statement of fact or established policy.",,,,,,1
147,"I previously provided some or all of this information orally {by voicemail), but I neglected to  forward this email.",0,0,"No, this sentence is a factual statement about the sender's past communication actions (providing information orally and neglecting to forward an email). It does not concern an issue where a final decision has not yet been made, nor does it assist a decision-maker in reaching a final conclusion. It describes a past administrative oversight.","No, this sentence is a factual statement about the sender's actions. It does not express an opinion, recommendation, legal advice, or policy opinion. It is not part of the internal give-and-take of the decision-making process.",,,,,,0
148,"If  Cynthia needs more information, just let me know.",0,0,"This sentence is an offer to provide more information if needed. It does not directly concern an issue where a final decision has not yet been made, nor does it indicate that a decision is pending. It's a procedural offer of assistance.","This sentence expresses a willingness to provide information, which is a factual statement about the author's availability. It does not express an opinion, recommendation, legal advice, or policy view. It does not reflect the internal give-and-take of the decision-making process.",,,,,,0
149,"Otherwise, I think I've closed the DoC loop.",0,1,"Yes, the sentence reports on the completion of a task ('closed the DoC loop'). In the context of government operations, such a task is often a component or prerequisite for a larger, ongoing decision-making process. Therefore, the information about its status is predecisional to that larger, final agency decision.","Yes, the phrase 'I think I've closed' expresses the author's personal assessment, belief, or opinion regarding the status of the task, rather than a definitive statement of fact. This reflects internal thought and judgment, which is deliberative.",,,,,,1
150,I spoke with Monica.,0,0,"This sentence is a statement of fact reporting an action (a conversation). It does not inherently concern an issue where a final decision has not yet been made. It simply states that a conversation occurred, without revealing the subject matter or its relation to any decision-making process.","This sentence is a factual statement. It reports that the speaker had a conversation with Monica. It does not express an opinion, recommendation, or internal deliberation. It is not a draft or recommendatory in nature.",,,,,,0
151,"This statute, and another relating to deep sea  mining which was not covered in the  White House memo, are ahead of  their  time as the benefits of working in and around the deep sea vents are not  yet  known  and the  costs are substantial.",0,1,"Yes, the sentence discusses the current state and implications of statutes related to deep sea mining, suggesting an ongoing evaluation or discussion about policy or future action, rather than a final decision that has already been made. The assessment that they are 'ahead of their time' implies an issue where further consideration or decisions might be needed.","Yes, the sentence expresses an opinion and an assessment ('ahead of their time') and provides reasoning for that opinion ('benefits...are not yet known and the costs are substantial'). This reflects an internal evaluation and judgment, not a purely factual statement or established agency policy.",,,,,,1
152,Monica tells me t_hat  these licenses can theoretic ally be given to individuals but the investment to carry out the work is so great that licenses will almost always be sought by companies and institutions.,0,1,"Yes, the sentence discusses the practical realities and likely outcomes related to who seeks licenses, which is an assessment that could inform future policy decisions, resource allocation, or strategic planning regarding the licensing process. It is not a final decision or a justification of a past decision.","Yes, the sentence expresses an opinion or assessment about the practical reality of the licensing process. The phrase 'the investment to carry out the work is so great that licenses will almost always be sought by companies and institutions' is an interpretation and prediction of behavior based on an economic factor, rather than a purely objective, undisputed fact. It reflects an internal understanding or analysis.",,,,,,1
153,Kit and Jim - I am re-sending the message that Craig sent out last week.,0,0,"No, this sentence is purely administrative, stating the action of re-sending a message. It does not discuss any policy, decision, or recommendation that is pending a final conclusion.","No, this sentence is a factual statement about an action taken (re-sending a message). It does not express an opinion, recommendation, or reflect internal deliberation or policy views.",,,,,,0
154,Apparently you  did not  receive it.,0,0,"No, this sentence is a statement about a past event (non-receipt of an item) and does not concern an issue where a final decision has not yet been made. It's a logistical observation, not part of a decision-making process.","No, this sentence expresses an observation or an assumption about a factual state (whether something was received). It is not an opinion, recommendation, legal advice, or policy discussion. It does not reflect internal 'give-and-take' regarding a decision.",,,,,,0
155,I hope this answers the mail.,0,0,"No. This sentence is a closing remark expressing a hope about the adequacy of the preceding communication. It does not directly address or contribute to an issue requiring a final decision by the agency. It is not a piece of information, analysis, or recommendation intended to assist a decision-maker.","Yes. The sentence expresses a personal hope or opinion ('I hope this answers the mail') rather than a verifiable fact. However, for FOIA Exemption 5, this opinion must be part of the internal 'give-and-take' of the decision-making process, which is not the case here as it's a comment on the communication itself, not a substantive deliberation on a policy or decision.",,,,,,0
156,Sorry for  the confusion.,0,0,"No, this sentence is an apology and does not concern an issue where a final decision has not yet been made. It does not assist in reaching a final conclusion.","No, this sentence expresses an apology, which is a social nicety, not an opinion, recommendation, or internal deliberation about policy or a decision. It does not reflect the 'give-and-take' of a decision-making process.",,,,,,0
157,Monica,0,0,"The sentence 'Monica' is a proper noun, a name. It provides no context about any decision-making process, ongoing or completed. Therefore, it is impossible to determine if it concerns an issue where a final decision has not yet been made.","The sentence 'Monica' is a name, which is a factual identifier. It does not express an opinion, recommendation, or internal deliberation.",,,,,,0
158,Kit - to close the loop re child support matter.,0,0,"This sentence indicates an intent to 'close the loop' on a matter. While 'closing the loop' could involve a final decision or communication about a decision, the sentence itself doesn't explicitly state that a decision is pending or that it is part of the process of forming a decision. It's more of an administrative note about communication regarding a matter, rather than a document created to assist in reaching a final conclusion.","No, this sentence does not express an opinion, recommendation, or internal deliberation. It is a brief, factual statement about the purpose of a communication ('to close the loop'). It does not reflect the 'give-and-take' of the decision-making process or represent personal views on policy or legal matters.",,,,,,0
159,"Of the licenses noted, NoAA only issues those re Ocean Thermal Energy Conversion (42 USC 9111).",0,0,"No, this sentence states a fact about NOAA's existing licensing authority regarding Ocean Thermal Energy Conversion under a specific statute. It does not concern an issue where a final decision has not yet been made; rather, it describes an established function or legal mandate.","No, this sentence expresses a factual statement about NOAA's responsibilities, citing a specific legal reference. It does not convey an opinion, recommendation, or internal deliberation; it's a statement of what the agency does or is authorized to do.",,,,,,0
160,"We have never issued such a license, however.",0,0,"This sentence states a historical fact about the agency's past licensing practices. It does not directly concern an issue where a final decision has not yet been made, but rather provides factual background. Without further context, it's hard to say if it's part of a predecisional discussion, but the sentence itself is a statement of past fact, not a pending decision.","This sentence is a statement of fact: 'We have never issued such a license.' It does not express an opinion, recommendation, or internal deliberation. It describes an agency's past action (or lack thereof) rather than reflecting the 'give-and-take' of a decision-making process.",,,,,,0
161,"With regard to the other statutes: 43 (actually46) use 7101, 46 use 7103, 46 use 7104, 46 use 7112, 46 USC 7316, 46 USC 7317 and 46 USC ap1718, all of these statutes are administered by the US Coast Guard (actually, the Secretary of the department with the Coast Guard in it,  i.e. the DApartment  of Transportation).",0,0,"No, the sentence provides factual information about specific statutes and their administering agency. It does not concern an issue where a final decision has not yet been made; rather, it describes existing legal and administrative facts.","No, the sentence lists specific statutes and identifies the agency responsible for their administration. The parenthetical notes are clarifications of factual details, not expressions of opinion, recommendations, or internal deliberations about policy or decisions. It states what is, rather than proposing what should be or discussing options.",,,,,,0
162,This should finalize NOAA's input into this project.,0,1,"Yes, the sentence indicates that NOAA's input is being finalized, which is a step within a larger process leading to a final decision on the project. The project's ultimate decision is likely still pending, making this contribution predecisional.","Yes, the use of 'should' implies an expectation, recommendation, or internal assessment regarding the finality of NOAA's input, rather than a definitive statement of fact. It reflects an internal judgment or goal.",,,,,,1
163,"On another note, could you please have some advise us on what criterion your office uses for promotion of attorney from GS 14 to 15.",0,1,"Yes, the sentence is a request for advice on promotion criteria, which would be used to inform future decisions regarding promotions or the application of those criteria. A final decision on specific promotions or the interpretation of criteria has not yet been made.","Yes, the sentence explicitly asks for 'advise us on what criterion'. This is a solicitation for guidance, interpretation, or recommendations, which is a core part of internal deliberation and the 'give-and-take' of the decision-making process. It is not a statement of fact but a request for input that would contribute to policy or personnel decisions.",,,,,,1
164,thanks.,0,0,"No, this sentence is a simple expression of gratitude and does not concern an issue where a final decision has not yet been made. It's a social nicety, not part of a substantive decision-making process.","No, 'thanks' does not express an opinion, recommendation, or internal deliberation. It is a simple acknowledgment or expression of gratitude, not reflecting the 'give-and-take' of policy formulation or personal views on a substantive matter.",,,,,,0
165,Craig,0,0,"The sentence 'Craig' is a proper noun, a name. It provides no information about any decision-making process or whether a final decision has been made. Therefore, it cannot be determined if it is predecisional.","The sentence 'Craig' is a name, which is a factual identifier. It does not express an opinion, recommendation, or internal deliberation.",,,,,,0
166,Federal Agency Welfare Hiring Update,0,0,"This sentence is a title or subject line indicating an 'update' on a topic. An update could precede a decision, follow a decision, or simply be a status report. It does not explicitly state that a final decision has been made or is being justified. It is neutral on whether a final decision has been made, but it is not a final opinion or a document justifying a past decision.","No, this sentence does not express an opinion, recommendation, or internal deliberation. It is a factual title or subject line describing the content or topic of a communication. It does not reflect the 'give-and-take' of the decision-making process or represent personal views.",,,,,,0
167,"Attached are not-yet-released numbers from OPM showing that federal agencies have hired 2,834 welfare recipients since the President's March 8th, 1997 executive order and the April 10th Cabinet meeting  where agencies  made hiring commitments.",0,0,"The sentence reports on 'not-yet-released numbers' concerning the outcome of past executive orders and hiring commitments. While the numbers are internal, the sentence itself is a factual statement about existing data, not an explicit discussion or analysis aimed at informing a future decision. It's more of a status update on the results of prior actions.","No, the sentence is purely factual. It states that certain numbers are attached and what those numbers indicate. It does not express an opinion, recommendation, or reflect internal deliberation or policy views.",,,,,,0
168,"We are planning to have an event in March or April to commemorate the one year anniversary of this initiative and to publicly share our progress toward the goal of hiring 10,000 welfare recipients by the year 2000.",0,1,"Yes, the sentence indicates that an event is in the planning stage ('We are planning to have an event') and the timing is not yet fixed ('in March or April'), meaning a final decision on the event's specifics or its public announcement has not yet been made. It precedes the agency's final action.","Yes, the sentence expresses an internal plan or intent regarding a future action, reflecting the agency's internal decision-making process. It is not a statement of a final, publicly announced decision or a mere fact. It represents an internal deliberation about a proposed course of action, part of the 'give-and-take' of deciding what to do.",,,,,,1
169,The event may focus on federal agencies' efforts to encourage contrators to hire from the welfare rolls.,0,1,"Yes, the use of 'may focus' indicates that the specific focus of the event is still under consideration and a final decision has not yet been made regarding its content.","Yes, the phrase 'may focus on' expresses a potential direction, a suggestion, or an idea for the event's content, reflecting an internal deliberation or a proposed topic rather than a definitive fact or established policy.",,,,,,1
170,"Key contacts: myself or Susan Valaskovic, National Performance Review, 632-0354.",0,0,"No, this sentence provides contact information, which is factual and does not concern an issue where a final decision has not yet been made. It is not part of a decision-making process.","No, this sentence provides factual contact details (names, organization, phone number). It does not express an opinion, recommendation, or internal deliberation.",,,,,,0
171,Child Support Enforcement Request,0,0,"Yes, a 'request' implies that a decision on whether or how to proceed with child support enforcement has not yet been made.","No, this sentence is a factual description of the subject matter or the nature of the communication. It states that there is a request for child support enforcement, but it does not express an opinion, recommendation, or internal deliberation. It's a label, not a reflection of the author's personal views or part of the internal give-and-take.",,,,,,0
172,"Currently, we require states to deny drivers and professional licenses to parents who owe child support, but we allow such parents to obtain federal licenses.",0,0,"No, this sentence describes a current state of affairs regarding existing policy or regulation. It states what is currently required and allowed, implying a decision has already been made on these matters. It does not concern an issue where a final decision has not yet been made.","No, this sentence states a fact about current policy and practice. It describes what 'we require' and 'we allow.' It does not express an opinion, a recommendation, a personal view, or reflect internal deliberation. It is a factual description of existing rules.",,,,,,0
173,We are considering talkng action to remedy this situation.,1,1,"Yes, the phrase 'We are considering taking action' explicitly states that a final decision has not yet been made regarding how to remedy the situation. It precedes any final agency action.","Yes, the sentence expresses an internal thought process or consideration ('We are considering') rather than a factual statement or an established policy. It reflects the agency's internal deliberation about potential future actions.",,,,,,1
174,Will you please respond to the following questions by Friday February 17,0,0,"Yes, this sentence is a request for information or input, implying that the answers to the questions will inform a future decision or action. It precedes any final decision.","No, this sentence is a procedural request or directive to provide information by a certain date. It does not express an opinion, recommendation, legal advice, or policy view. It is a factual request for action, not an internal deliberation.",,,,,,0
175,"In your February 17, l 998 memorandum you discussed child support enforcement.",0,0,"This sentence refers to a past memorandum and its topic. It does not indicate whether a final decision is pending or has been made on child support enforcement. It is a factual reference to a past communication, not a statement created to assist a decision-maker in reaching a final conclusion.","This sentence is purely factual. It states that a specific memorandum discussed a specific topic. It does not express an opinion, recommendation, or reflect any internal 'give-and-take' of the decision-making process. It is not a draft or recommendatory in nature.",,,,,,0
176,You pointed out that states are required to deny drivers and professional licenses to parents who owe child support and that the Administratton is considering taking action to deny federal licenses to such parents.,0,0,"Yes, the sentence states that 'the Administration is considering taking action,' which indicates that a final decision has not yet been made on denying federal licenses.","No, the sentence reports two facts: first, what 'you pointed out' regarding existing state requirements, and second, that the 'Administration is considering taking action.' It is a factual statement about what was discussed and the current status of a potential action, rather than an expression of an opinion, recommendation, or internal deliberation itself. It reports *on* a deliberation, but is not the deliberation.",,,,,,0
177,You provided a preliminary list of federal licenses and asked EPA to identify any that are missing from the list and to answer several questions about those licenses.,0,0,"Yes, the sentence refers to a preliminary list and a request for EPA to identify missing items and answer questions, indicating that a final decision or list has not yet been made.","No, the sentence is a factual statement describing an action (providing a preliminary list) and a request made to EPA. It does not express an opinion, recommendation, or internal deliberation.",,,,,,0
178,The information you requested is attached.,0,0,"No, this sentence is a factual statement about an action (information being attached), not about an issue where a final decision has yet to be made. It does not precede an agency action or decision.","No, this sentence expresses a fact (the attachment of information), not an opinion, recommendation, or internal deliberation. It is a straightforward statement of what is included in the email.",,,,,,0
179,"As you can see from the attachment, very few of the ""licenses"" granted by EPA go to individuals, as opposed to business entities.",0,0,This sentence presents a factual observation about the distribution of EPA licenses based on an attachment. It does not inherently indicate an ongoing decision-making process or a future decision that has not yet been made. It's a statement about existing data.,"The sentence states a fact derived from an attachment: 'very few of the 'licenses' granted by EPA go to individuals, as opposed to business entities.' This is a factual observation, not an opinion, recommendation, or internal deliberation. It describes data rather than expressing a personal view on policy or strategy.",,,,,,0
180,Accordingly we believe that few benefits and potentially significant costs could result from any effort to amend the various environmental licensing programs to include child support enforcement provisions.,1,1,"Yes, the sentence discusses the potential outcomes (benefits and costs) of an 'effort to amend' environmental licensing programs, indicating that the decision to undertake such an effort or the specific amendments themselves have not yet been finalized.","Yes, the sentence uses the phrase 'we believe that few benefits and potentially significant costs could result', which is an expression of opinion, an assessment, and a recommendation regarding a potential policy action, rather than a statement of fact or established policy.",,,,,,1
181,"For purposes of this exercise considered the term ""license"" broadly to include licenses, permits, certification accreditations, and approvals that allow persons  to  undertake  activities within EPA's jurisdiction.",0,1,"Yes. The phrase 'For purposes of this exercise' indicates that this is a working definition or approach being used for an ongoing internal analysis or project, not a final decision or established agency policy. The 'exercise' itself is likely predecisional, designed to inform a future decision.","Yes. The sentence describes an internal choice or interpretation ('considered the term 'license' broadly') made for the purpose of an internal 'exercise.' This is not a statement of objective fact or established agency policy. It reflects an internal methodological decision or approach to a problem, which is part of the 'give-and-take' of developing an agency position or reaching a conclusion. It represents the internal thinking and framing of an issue for an ongoing project.",,,,,,1
182,"The following is a list of licenses, permits, certifications,  accreditations and approvals issue (hereinafter licenses) by EPA",0,0,"No, this sentence introduces a list of existing items (licenses, permits, etc.) issued by EPA. It describes established information, not an issue where a final decision has yet to be made.","No, this sentence is a factual statement introducing a list. It does not express an opinion, recommendation, or internal deliberation. It simply states what follows.",,,,,,0
183,In many cases the licenses are available both to individuals (mcluding those acting in a business capacity as a sole proprietor) to  ness entities such as partnerships and corporations.,0,0,"No, this sentence describes an existing state of affairs regarding license availability. It states how licenses 'are' available, implying a current policy or practice, not an issue where a final decision is pending.","No, this sentence presents a factual statement about the availability of licenses to different types of entities. It does not express an opinion, recommendation, or internal deliberation. It describes an established condition rather than a personal view or a proposal.",,,,,,0
184,"It is probable that most of them are held by businesses rather than individuals, but we have included any license that might be granted to an individual",0,1,"Yes, the sentence discusses an assessment ('It is probable...') and a methodological choice ('we have included...') that are likely part of an ongoing analytical process or report leading to a final agency decision, rather than a final decision itself. The issue of how to categorize or analyze these licenses, and what conclusions to draw, is still open.","Yes, the phrase 'It is probable that...' expresses an opinion or an assessment, not a definitive fact. The subsequent statement 'we have included any license that might be granted to an individual' describes a specific choice or methodology adopted by the authors, reflecting an internal decision or approach rather than an established agency policy or a purely factual observation. It shows the internal 'give-and-take' of how the analysis is being conducted.",,,,,,1
185,(including those acting in an individual business capacity or as an employee required to have a specific  to do his or her job).,0,0,"This sentence is a descriptive clause defining a category of individuals. On its own, it does not inherently indicate that a final decision has not yet been made. It's a statement of scope or inclusion, not a proposal for action or a discussion point for a future decision. While it could be part of a larger pre-decisional document (like a draft policy), the sentence itself is not expressing a pre-decisional thought or assisting in reaching a conclusion; it's stating a definition.","The sentence describes who is included in a category. It does not express an opinion, a recommendation, legal advice, or a policy argument. It is a factual or proposed factual statement of scope, rather than reflecting the internal 'give-and-take' of the decision-making process or representing the personal views of the author.",,,,,,0
186,"You should also note that the authority to issue most of these licenses can be, and in most cases is, delegated to states (and in some cases tribes) under EPAs various statutes.",0,0,"No, the sentence describes an existing legal authority and common practice regarding the delegation of licenses. It states a fact about how things are, rather than discussing an issue where a final decision has not yet been made regarding a specific agency action.","No, the sentence presents a factual statement about the authority to delegate licenses under EPA statutes. It does not express an opinion, recommendation, or internal deliberation. It informs the recipient about an established practice.",,,,,,0
187,If a state or tribe has been d egated or authorized to issue the license EPA generally does not perform that function for that jurisdiction.,0,0,"No, this sentence describes a general, established practice or policy of the EPA regarding delegated authority. It does not concern a specific, ongoing decision where a final conclusion has not yet been made. It states what the EPA 'generally does,' implying an existing operational rule.","No, this sentence states a general fact about the EPA's operational policy or division of labor when a state or tribe has delegated authority. It is not an opinion, recommendation, or internal deliberation about what the policy should be, nor is it a draft. It describes an existing state of affairs.",,,,,,0
188,"Where the state or tribe is not delegated or authorized to perform this function, EPA would perform the function.",0,0,"This sentence describes a hypothetical scenario and states what EPA's role would be in that situation. It appears to be a statement of a rule, a policy, or a description of how responsibilities are allocated, rather than a discussion about whether to make a decision. It doesn't inherently suggest an ongoing decision-making process about whether EPA should perform the function, but rather states that EPA would perform it under specific conditions. Therefore, it does not necessarily concern an issue where a final decision has not yet been made; it could be describing an existing or proposed operational rule.","This sentence states a conditional fact or a rule: 'IF X, THEN Y.' It is not expressing an opinion, a recommendation, or a personal view. It describes a functional allocation or a procedural rule, not a debate about that allocation. It does not reflect the internal 'give-and-take' of the decision-making process. It is a statement of how responsibilities are or would be distributed, which is more factual or descriptive than deliberative.",,,,,,0
189,"Thus, to be complete, any approach to child support enforcement in this area would have to deny these types of licenses whether they are issued by EPA, by the states, or by tribes..",0,1,"Yes, the sentence discusses what 'any approach to child support enforcement in this area would have to deny,' indicating a discussion about a potential policy or approach that has not yet been finalized. It's not stating an existing decision but rather a requirement for a complete approach.","Yes, the sentence expresses an opinion or recommendation about what a complete approach 'would have to deny.' It's not a statement of fact but rather a judgment or policy recommendation regarding the scope of enforcement.",,,,,,1
190,"We do not have readily available information that would allow us to determine how many individual as opposed to business entities, have each of these kinds of licenses, but we  try to indicate below relative proportions of individuals as opposed to business entities receiving each kind of license.",0,0,"This sentence describes a current limitation in data availability and an ongoing effort to present data in a specific way. It is a statement about the state of information and a methodological approach, rather than a direct input to a specific policy or operational decision. It does not clearly precede an agency's action or assist a decision-maker in reaching a final conclusion on a policy matter.","The sentence states a fact about the lack of readily available information and an intention to provide relative proportions. It is a descriptive statement about data and an attempt to present it, not an opinion, recommendation, or internal deliberation on policy or strategy. It does not reflect the 'give-and-take' of the decision-making process or represent personal views on policy.",,,,,,0
191,"As you will see, we believe that only a few individuals receive these kinds of licenses from EPA, or from states and tnbes under EPA-delegated or authorized programs.",0,1,"Yes, the sentence expresses an internal assessment or belief about the number of license recipients. This kind of assessment is typically made in the context of understanding a program or issue, often as a precursor to discussing potential policy changes, resource allocation, or reporting requirements. It is not a final decision itself, nor does it justify a decision that has already been made. It serves as an input to future decision-making or understanding.","Yes, the phrase 'we believe that only a few individuals receive...' clearly indicates an opinion, an internal assessment, or a judgment rather than a simple, verifiable fact or established agency policy. It reflects the internal 'give-and-take' of understanding a situation within the agency.",,,,,,1
192,"Thus, there would not be much benefit from attempting to deny these kinds of licenses for people who have not paid child support, and dojng so may add considerable burden and complexity to federal, state, and tribal administration of these programs.",1,1,"Yes, the sentence discusses the potential benefits and burdens of a proposed policy (denying licenses for non-payment of child support), indicating that a final decision on this policy has not yet been made. It's an evaluation of a potential future action.","Yes, the sentence expresses an opinion and assessment regarding the lack of benefit and the potential burden and complexity of a proposed policy. Phrases like 'there would not be much benefit' and 'may add considerable burden' are subjective judgments and recommendations, not statements of fact.",,,,,,1
193,"Finally we do not believe we would have the authority under current law to be able to deny these licenses to individuals because they owe child support, accordingly ""legislation would Be neededâ€",1,1,"Yes, the sentence discusses the agency's current lack of authority to deny licenses and suggests that 'legislation would be needed.' This indicates that a final decision on how to address this issue (e.g., pursue legislation, change policy) has not yet been made. It's an assessment related to a potential future action.","Yes, the sentence expresses an opinion ('we do not believe we would have the authority') and a recommendation ('legislation would be needed'). This reflects an internal legal assessment and a suggestion for policy or legislative change, which are hallmarks of deliberation.",,,,,,1
194,"Given the low potential payoff from using environmental licensing as a tool for child support enforcement, we are concerned that such legislation might become a vehicle for other, unwarranted changes in the environmental laws.",1,1,"Yes, the sentence discusses concerns about potential legislation and its possible future implications ('might become a vehicle'), indicating that a final decision on this legislation or policy has not yet been made. It is an input into a decision-making process.","Yes, the sentence expresses opinions and concerns ('low potential payoff,' 'we are concerned,' 'unwarranted changes') rather than stating a fact or established agency policy. It reflects an internal assessment and deliberation about a policy proposal.",,,,,,1
195,The EPA contact with whom you should coordinate as you develop possible policy on this issue is Mark Badalamente at (202)260-4724.,0,0,"Yes, the sentence refers to 'develop possible policy on this issue,' indicating that a final decision on the policy has not yet been made and is still in the development stage.","No, the sentence provides factual information (a contact person's name and number) and a directive to coordinate. It does not express an opinion, recommendation, or internal deliberation regarding the substance of the policy itself. It's an administrative detail to facilitate a process, not a reflection of the 'give-and-take' of decision-making.",,,,,,0
196,Please find below the first installment from the Department of Commerce on this issue.,0,0,"This sentence introduces content, referring to 'the first installment.' While 'first installment' might imply an ongoing process where a final decision has not yet been made, the sentence itself is a procedural statement about the delivery of information, not about the decision-making process itself. It doesn't directly concern an issue where a final decision has not yet been made, but rather the transmission of material related to an issue.","This sentence is a factual, administrative statement announcing the presence of content. It does not express an opinion, recommendation, or internal deliberation. It is a neutral instruction or notification.",,,,,,0
197,"(It's in the form of a memo from Kit Lunney, Deputy General Counsel here, to me.)",0,0,"No, this sentence describes the form and sender/recipient of a document. It does not concern an issue where a final decision has not yet been made, nor does it indicate anything about the decision-making status of the memo's content.","No, this sentence is a factual statement describing the nature of a document (a memo from a specific person to the author). It does not express an opinion, recommendation, or internal deliberation.",,,,,,0
198,"As I advised you in my telephone message, more is due from NOAA early next week.",0,0,"No, this sentence states a fact about an expected deliverable or action ('more is due from NOAA early next week'). It does not describe an ongoing decision-making process where a final decision has not yet been made, nor does it contribute to the formation of such a decision. It's an update about a scheduled event.","No, this sentence is a factual statement or an update about an expected event. It does not express an opinion, recommendation, or internal deliberation. It simply conveys information about something that is anticipated.",,,,,,0
199,I appreciate  your patience; please feel free to  call me with any questions or comments on the information.,0,0,"This sentence is an administrative closing, inviting questions or comments on previously provided information. It does not directly concern an issue where a final decision has not yet been made, nor is it created specifically to assist a decision-maker in reaching a final conclusion. It's a general offer for communication, not a predecisional document itself.","This sentence expresses appreciation and an invitation for further communication. It does not express an opinion, recommendation, legal advice, or policy view. It is a polite, administrative statement rather than a reflection of internal deliberation or the personal views of the author on a policy matter.",,,,,,0
200,"If you need it in a more formal format, I can arrange that, too.",0,0,"This sentence is an offer to provide information in a different format. It does not directly concern a substantive agency decision that is pending. It's an administrative offer, not part of a predecisional policy or program discussion.","This sentence is a statement of capability or an offer of administrative assistance. It does not express an opinion, a recommendation, or reflect internal deliberation on a policy or decision. It's a factual statement about what the sender can arrange.",,,,,,0
201,"Per your request, I have canvassed OGC to obtain ahswers to the questions raised in the Child Support Enforcement inquiry from the White House.",0,0,"Yes, the sentence describes an action taken to gather information in response to an inquiry, implying that the final answers or decisions based on those answers are still pending.","No, the sentence is a factual statement reporting an action taken (canvassing OGC to obtain answers). It does not express an opinion, recommendation, or internal deliberation about the substance of the answers or a policy choice. It's a report of an administrative step.",,,,,,0
202,"I provided copies of the memo to those agencies that on the face  of  the statutes noted appeared to  be  responsible  for  administering  them, specifically ITA, NOAA, PTO and BXA.",0,0,"No, the sentence describes an action that has already been taken ('I provided copies of the memo'). It is a factual statement about a past administrative step, not an issue where a final decision has yet to be made.","No, the sentence states a fact: that copies of a memo were provided to specific agencies. While it includes the author's assessment ('appeared to be responsible') as the basis for that action, it is presented as a factual explanation of a completed administrative step, not an opinion, recommendation, or internal deliberation about a future decision or policy.",,,,,,0
203,"Their answers are detailed below, also posed the  questions  raised at  a Senior  Staff  meeting this  week to  see if any other Commerce bureaus had licenses of the type discussed.",0,0,"Yes, the sentence describes an action taken to gather information ('posed the questions... to see if any other Commerce bureaus had licenses'), which is typically a step in a process before a final decision is made. It is not a final decision or a justification of one.","No, the sentence is a factual statement reporting on an action taken ('posed the questions raised at a Senior Staff meeting this week to see if any other Commerce bureaus had licenses of the type discussed'). It does not express an opinion, recommendation, policy view, or personal view of the author. It describes an information-gathering activity, not the substance of a deliberation or a recommendation.",,,,,,0
204,The answer from around the table was no.,0,0,"The sentence reports a group's response ('no') to an unstated question or proposal. This response could be an internal step in a larger decision-making process, meaning a final agency decision on the overarching issue may not yet have been made. Thus, it could be considered predecisional.","The sentence states a fact: what the answer from the group was. It does not express an opinion, a recommendation, legal advice, or the personal views of the author. It is a factual report of the outcome of a discussion, rather than the 'give-and-take' or the substance of the deliberation itself.",,,,,,0
205,"In addition, I spoke to my Assistant General Counsels and members of their staff  to  see if  they  were aware of any additional licenses of this type and again the answer was no..",0,0,"Yes, the sentence describes an internal inquiry to gather information about the existence of certain licenses. This information gathering is typically part of a predecisional process, informing a larger decision or policy determination that has not yet been finalized.","No, the sentence reports a factual action (speaking to staff) and a factual outcome of that action (they were not aware of additional licenses). It does not express an opinion, a recommendation, legal advice, or a policy position. It is a statement of fact about an internal inquiry and its result.",,,,,,0
206,Questions Presented and Answered:,0,0,This sentence is a heading or a label indicating content to follow. It does not inherently concern an issue where a final decision has not yet been made; it's a descriptive element.,"No, this sentence is a factual heading. It does not express an opinion, recommendation, or internal deliberation. It simply describes the type of content that will follow.",,,,,,0
207,1. How many people currently have these licenses?,0,0,"This sentence is a question asking for a factual count. It does not concern an issue where a final decision has not yet been made, nor is it created specifically to assist a decision-maker in reaching a final conclusion about a policy or action. It's a request for existing data, which could be used at any stage.","No, this sentence is a direct question seeking a factual number. It does not express an opinion, recommendation, legal advice, or policy view. It is a request for information, not an internal deliberation.",,,,,,0
208,The Department of Commerce does not currently issue licenses or certificates for foreign traveling salesmen.,0,0,"No, this sentence states a current fact about the Department of Commerce's existing policy or practice. It does not concern an issue where a final decision has not yet been made; rather, it describes the current state of affairs or an existing decision/policy.","No, this sentence is a factual statement about what the Department of Commerce does not currently do. It does not express an opinion, recommendation, or internal deliberation. It is a statement of fact regarding agency practice.",,,,,,0
209,No person currently holds such a license or certificate.,0,0,"No, this sentence states a current factual situation. It does not concern an issue where a final decision has not yet been made, nor is it created to assist a decision-maker in reaching a final conclusion. It's a statement about the present state of affairs.","No, this sentence expresses a verifiable fact rather than an opinion, recommendation, or internal deliberation. It is a direct statement about the absence of license or certificate holders.",,,,,,0
210,"2. Would we, through regulation, be able to deny these licenses to people who owe child support, or would a legislative change be required?",0,1,"Yes, the sentence asks about the agency's ability to deny licenses and the mechanism (regulation vs. legislation) required, indicating that a final decision on this policy or its implementation has not yet been made. It is exploring options before a final conclusion.","Yes, the sentence is a question posed internally, seeking to understand the legal and policy implications of a potential action. It reflects an internal deliberation about the best course of action or the feasibility of a policy, rather than stating an established fact or policy.",,,,,,1
211,"The Department of Commerce cannot deny a license through regulation, which it currently does not issue.",0,1,"Yes, the sentence assesses the Department's current legal and operational capacity regarding licenses. If this assessment is part of an internal discussion about whether the Department should initiate a new licensing scheme, modify existing regulations, or respond to a policy proposal, then it provides information and analysis that precedes a final decision on those matters. It is not a final decision itself, nor does it justify a past decision.","Yes, the statement 'cannot deny a license through regulation' is a legal interpretation or conclusion about the Department's authority. Such internal legal assessments or advice, especially when contributing to policy discussions, reflect the internal 'give-and-take' of the decision-making process and represent the author's (or legal team's) view rather than established agency policy or a simple, objective fact. The phrase 'which it currently does not issue' is a factual statement, but the preceding legal interpretation makes the overall sentence deliberative.",,,,,,1
212,3. Who is the agency contact with whom we should coordinate as we develop possible policy on this issue?,0,1,"Yes, the sentence explicitly states 'as we develop possible policy on this issue,' indicating that a final policy decision has not yet been made and is still in the development phase.","Yes, the sentence is a question seeking to identify an internal agency contact for coordination during policy development. This reflects the internal 'give-and-take' of the decision-making process, specifically how to proceed with formulating policy, rather than stating an established fact or policy.",,,,,,1
213,No agency contact is available because the Department of Commerce does not issue such licenses or certificates ..,0,0,"No, this sentence states a current fact about the Department of Commerce's functions. It does not concern an issue where a final decision has not yet been made; rather, it describes an existing state of affairs or policy.","No, this sentence expresses a factual statement about what the Department of Commerce does not do. It is not an opinion, recommendation, or internal deliberation. It explains a reason based on established agency function.",,,,,,0
214,Background: The purpose of 22 USC 6503 was to enforce the provisions of certain conventions entered into with foreign governments that permit commercial travelers (foreign traveling salesmen) of Contracting Parties to operate in the United States.,0,0,"No, this sentence provides background information about the established purpose of a U.S. Code section. It describes an existing law and its intent, which is a statement of fact about an already made decision (the enactment of the law and its purpose), not an issue where a final decision has yet to be made.","No, this sentence states the 'purpose' of a specific U.S. Code section. This is presented as a factual description of the law's intent, not an opinion, recommendation, or internal deliberation. It does not reflect the personal views of the author or the 'give-and-take' of a decision-making process; it's a statement of established legal background.",,,,,,0
215,"Enacted in 1922, this Act authorized the Department of Commerce to 1) issue licenses to manufacturers, merchants and traders domiciled in the other Contracting Party to operate as commercial travelers in the United States, and",0,0,"No, this sentence describes a historical fact about an Act enacted in 1922 and its authorizations. It is a statement of established law and not related to an ongoing decision-making process within the agency.","No, this sentence states a historical fact about what an Act authorized. It does not express an opinion, recommendation, or internal deliberation; it is a factual description of past legislation.",,,,,,0
216,"2) issue certificates  attesting  that  a manufacturer, merchant or trader domiciled in the United States was a commercial traveler.",0,0,"This sentence describes an action or a function ('issue certificates'). It does not inherently indicate that a final decision has not yet been made regarding whether to perform this action. It reads more like a description of a task or a policy, rather than a discussion about a pending decision.","The sentence states an action ('issue certificates attesting...'). It does not express an opinion, a recommendation, or an internal deliberation. It is a factual description of a potential or actual task, not a personal view or a policy opinion.",,,,,,0
217,"This Act has apparently not  been enforced in the last twenty years, if ever.",0,0,"No. The sentence describes a past state of affairs (lack of enforcement). It does not inherently concern a pending decision or a future agency action. It is an observation about history, not a step in reaching a final conclusion on a future matter. It is not 'created specifically to assist a decision-maker in reaching a final conclusion' regarding a future agency action.","Yes. The use of 'apparently' and 'if ever' indicates an assessment or an opinion about a factual situation, rather than a pure, objective fact. It reflects the author's personal view or interpretation of the enforcement history.",,,,,,0
218,A search of the Federal Register back to 1980 indicates that no regulations have been passed to implement this licensing and certification process.,0,0,"No, this sentence reports a factual finding from a search of the Federal Register. It does not inherently concern an issue where a final decision has not yet been made, but rather states an existing condition (absence of regulations).","No, this sentence expresses a factual finding based on a search, not an opinion, recommendation, or internal deliberation. It is an objective statement about the lack of certain regulations.",,,,,,0
219,The Department of Commerce currently does not issue licenses or certificates for foreign traveling salesmen (commercial travelers).,0,0,"No, this sentence states a current fact about the Department of Commerce's existing policy or practice. It does not concern an issue where a final decision has not yet been made; rather, it describes an established state of affairs.","No, this sentence is a factual statement about the agency's current operations. It does not express an opinion, recommendation, or internal deliberation. It simply states what the Department currently does not do.",,,,,,0
220,The State Department was contacted to determine if they administer a similar process.,0,0,"Yes, the sentence describes an action taken to gather information, which precedes any final decision on whether to adopt or adapt a similar process. It is an investigative step, not a final conclusion or justification.","No, the sentence states a factual action (The State Department was contacted) and the factual purpose of that action (to determine if they administer a similar process). It does not express an opinion, recommendation, policy choice, or internal 'give-and-take' of the decision-making process. It is a factual report of an information-gathering step.",,,,,,0
221,The State Department does not issue licenses or certificates for foreign traveling salesmen (commercial travelers).,0,0,"No, this sentence states an existing policy or fact about what the State Department does not do. It does not concern an issue where a final decision has not yet been made; rather, it describes an established practice.","No, this sentence is a factual statement about the State Department's current policy or lack thereof. It does not express an opinion, recommendation, or internal deliberation.",,,,,,0
222,b) How many people currently have these licenses?,0,0,"This sentence is a question seeking factual information. It does not inherently indicate that a final decision is pending or being discussed. It is a request for data, which could be used in a decision, but the question itself is not about the decision-making process.","This sentence is a direct question asking for a specific number. It is a request for a factual data point, not an opinion, recommendation, or policy discussion. It does not reflect the internal give-and-take of the decision-making process.",,,,,,0
223,"The PTO issues over 100,000 patents per year.",0,0,"No, this sentence states a factual statistic about the PTO's patent issuance rate. It does not concern an issue where a final decision has not yet been made; it's a statement of existing fact.","No, this sentence expresses a factual statement or statistic, not an opinion, recommendation, or internal deliberation. It is an objective piece of information.",,,,,,0
224,"Most patent applications are owned by legal entities, such as corporations and universities, to whom the inventor has assigned his or her rights (usually in accordance with an employment contract).",0,0,"No, this sentence states a general fact about patent ownership and common practice. It does not concern an issue where a final decision is pending or being formulated by the agency. It describes an existing state of affairs.","No, this sentence presents a factual observation about the ownership of patent applications and the typical assignment of rights. It does not express an opinion, recommendation, or internal deliberation. It is a descriptive statement of fact.",,,,,,0
225,"â€¢ c) Would we, through regulation, be able to deny these licenses to people who owe child support, or would a legislative change be required?",0,1,"Yes, the sentence asks about the legal feasibility of denying licenses, indicating that a decision on whether and how to implement such a policy has not yet been made. It precedes any final agency action or policy.","Yes, the sentence is a question seeking legal advice or an assessment of policy options (regulation vs. legislation). It reflects internal discussion and exploration of potential actions, rather than stating a fact or an established agency policy.",,,,,,1
226,Patents issue when the PTO determines that the applicant has complied with the requirements of the Patent Act.,0,0,"No, this sentence describes a general, established process and legal standard for patent issuance. It is a statement of how patents are issued, not a step towards a specific, pending decision or a future policy choice. It does not concern an issue where a final decision has not yet been made in a specific case or policy matter.","No, this sentence is a statement of fact regarding the conditions under which patents are issued by the PTO, based on the Patent Act. It describes an existing legal requirement and agency procedure, rather than expressing an opinion, recommendation, or internal deliberation of the author.",,,,,,0
227,The PTO would need statutory authority to deny a patent grant because an applicant owes child support.,0,1,"Yes, the sentence discusses a hypothetical requirement for a potential future action (denying a patent grant for child support arrears). It implies that a final decision or policy on this specific issue has not yet been made, and the agency is considering what would be necessary to implement such a policy.","Yes, the sentence expresses a legal assessment or opinion about what would be required ('would need statutory authority'). It reflects internal agency deliberation on legal prerequisites for a potential policy, rather than stating an established fact or final agency policy.",,,,,,1
228,"In addition, since most patent applications are owned by legal entities such as corporations and universities, it is not clear how this provision would be applicable.",0,1,"Yes, the sentence expresses uncertainty about the applicability of a provision, indicating that the agency is still evaluating it and a final decision on its implementation or interpretation has not yet been made. It precedes a final agency action or policy.","Yes, the phrase 'it is not clear how this provision would be applicable' is an assessment or an opinion about the workability or interpretation of a provision. It reflects an internal deliberation or a question being raised within the decision-making process, rather than a statement of established fact or final agency policy.",,,,,,1
229,d) Who is the agency contact with whom we should coordinate as we develop possible policy on this issue?,0,1,"Yes, the sentence explicitly states 'as we develop possible policy on this issue,' indicating that a final policy decision has not yet been made and the agency is in the process of formulating it.","Yes, the sentence is a question seeking to identify an internal contact for coordination during policy development. This reflects the internal 'give-and-take' of the decision-making process and how the agency plans to proceed with developing policy, rather than stating an established fact or policy.",,,,,,1
230,Are there are licenses missing from the list?,0,0,"Yes, the question implies that a list is being reviewed or compiled, and a final decision or action based on the completeness of this list has not yet been made. It's part of an information-gathering process prior to a final determination.","No, this sentence is a factual inquiry. It asks for verification of information (whether licenses are missing from a list) rather than expressing an opinion, recommendation, or internal policy deliberation. The answer would be a factual statement.",,,,,,0
231,The PTO issues licenses to individuals to practice before the PTO in patent matters.,0,0,"No, this sentence describes an established function or fact about the PTO. It does not concern an issue where a final decision has not yet been made; rather, it states what the PTO already does.","No, this sentence states a fact about the PTO's function. It does not express an opinion, recommendation, or internal deliberation. It is a descriptive statement of an agency's role.",,,,,,0
232,"Currently, there are approximately 20,000 registered patent practitioners.",0,0,"This sentence states a current factual number of registered patent practitioners. It does not inherently concern an issue where a final decision has not yet been made, but rather provides a piece of information that could potentially be used in a decision-making process. However, the sentence itself is not about a pending decision.","This sentence expresses a factual statement about the approximate number of registered patent practitioners. It does not express an opinion, recommendation, or internal deliberation. It is a statement of fact.",,,,,,0
233,"However, most of these practitioners are attorneys, and therefore already subject to denial of their state license.",0,0,"The sentence describes an existing situation and a legal consequence for a group of practitioners. If this information is being presented as background or a factor in an ongoing discussion about policy, enforcement, or a specific agency action concerning these practitioners, then a final decision on that matter would not yet have been made. Thus, it could be considered predecisional in that context.","The sentence states two observations: that most practitioners are attorneys, and that they are therefore already subject to denial of their state license. These are presented as factual statements or existing legal realities, not as an opinion, recommendation, or a personal view of the author. It does not reflect the 'give-and-take' of the decision-making process in terms of proposing options, evaluating alternatives, or offering advice on a course of action. It is descriptive rather than prescriptive or evaluative.",,,,,,0
234,The denial of their state license would ordinarily result in the denial of their license to practice before the PTO in patent and trademark matters.,0,1,"Yes, the sentence discusses a potential consequence ('would ordinarily result in') of a hypothetical event (denial of state license). This indicates that a final decision regarding this specific outcome or its application has not yet been made, or is being contemplated.","Yes, the phrase 'would ordinarily result in' expresses an internal assessment, interpretation, or prediction of how a rule or process typically functions, rather than a definitive, objective fact or a final agency policy. It reflects the agency's internal thinking about the likely implications of an action.",,,,,,1
235,The PTO believes that th Commissioner has authority to promulgate substantive regulations regarding patent practitioners.,0,1,"Yes, the sentence expresses an internal belief or assessment regarding the Commissioner's authority to promulgate regulations. This suggests that the agency is still in the process of considering or evaluating potential future actions (promulgating regulations) and the legal basis for them. A final decision on whether to promulgate regulations or a definitive, public legal determination of that authority has not necessarily been made.","Yes, the phrase 'The PTO believes that...' clearly indicates an opinion, an internal assessment, or a legal interpretation rather than a statement of established fact or final agency policy. It reflects an internal view on the scope of authority, which is a form of deliberation or legal advice.",,,,,,1
236,"See 35 U.S.C. 6  31 (""The Commissioner, subject to the approval of the Secretary of  Commerce, may prescribe regulations governing the recognition and conduct of agents, attorneys, or other persons representing  applicants  or  other  parties  before the Patent and Trademark Office ... "").",0,0,"No, this sentence is a direct citation of an existing statute. It refers to established law, not an issue where a final decision has not yet been made. It's a statement of fact about what the law says.","No, this sentence is a direct quotation of a statute. It presents a fact (the text of the law) rather than an opinion, recommendation, or internal deliberation. It does not represent the personal views of the author.",,,,,,0
237,NOAA is still working on an answer regarding the  nine  statutes  listed in the memo.,0,0,"Yes, the sentence states that NOAA is 'still working on an answer,' which indicates that a final decision or position has not yet been made regarding the nine statutes.","No, the sentence is a factual statement about the current status of the agency's work ('NOAA is still working on an answer'). It does not express an opinion, recommendation, legal advice, or any internal deliberation about the substance of the answer itself. It merely describes the ongoing process.",,,,,,0
238,I hope to get an answer back from them soon.,0,0,"Yes, the sentence implies that a decision or resolution is pending, as the author is awaiting an 'answer.' This indicates that a final decision has not yet been made.","No, the sentence expresses a hope or an expectation about receiving information soon. It is a statement about the author's desire regarding the timing of a response, rather than an opinion, recommendation, or internal deliberation on the substance of a policy or decision. It does not reflect the 'give-and-take' of the decision-making process itself.",,,,,,0
239,The following relates to statutes not listed in the memo.,0,0,"This sentence is an introductory statement indicating the scope of information to follow. It does not inherently reveal whether a final decision has been made or is pending. It's neutral on the predecisional aspect, as it doesn't describe a decision, a recommendation for a decision, or a stage in a decision-making process.","No, this sentence is purely factual and descriptive. It states that the subsequent content will concern statutes not listed in a memo. It does not express an opinion, recommendation, personal view, or any internal deliberation or 'give-and-take' of the decision-making process.",,,,,,0
240,(a) The National Marine Fisheries Service (NMFS) issues licenses and permits under a number of statutes that conserve and manage living marine resources.,0,0,"No, this sentence describes an established function of the agency (issuing licenses and permits under statutes). It does not concern an issue where a final decision has not yet been made; rather, it states an existing fact about the agency's operations.","No, this sentence is a factual statement describing the responsibilities and activities of the National Marine Fisheries Service. It does not express an opinion, recommendation, legal advice, or reflect internal deliberation or personal views. It is a statement of fact.",,,,,,0
241,"Some licenses are issued to vessels, others to individuals.",0,0,"No, this sentence states a fact about existing licensing practices. It does not concern an issue where a final decision has not yet been made, nor is it created to assist a decision-maker in reaching a final conclusion on a new issue.","No, this sentence is a factual statement describing how licenses are issued. It does not express an opinion, recommendation, or internal deliberation. It is not a personal view of the author but rather a statement of an established process or characteristic.",,,,,,0
242,These statutes include:,0,0,"This sentence is an introductory phrase. It does not inherently concern an issue where a final decision has not yet been made. It simply indicates that a list will follow, which is a factual statement rather than a position on a pending decision.","No, this sentence is purely factual and introductory. It does not express an opinion, recommendation, or internal deliberation. It is a statement of what is to follow, not a reflection of personal views or policy opinions.",,,,,,0
243,"Northern Pacific Halibut Act, 16 USC 773 et seq.",0,0,"No, this sentence is a factual citation to an existing law. It does not concern an issue where a final decision has not yet been made; it refers to established legal authority.","No, this sentence is purely factual. It provides the name and statutory citation for an Act of Congress. It does not express an opinion, recommendation, or reflect any internal deliberation.",,,,,,0
244,"Tuna Conventions Act, 16 USC 951 et seq.",0,0,"No, this sentence is a factual citation to an existing law. It does not concern an issue where a final decision has not yet been made; it refers to established legal text.","No, this sentence states a fact (a legal citation) rather than expressing an opinion, recommendation, or internal deliberation. It is not a personal view or a draft.",,,,,,0
245,"Atlantic Tunas ConÂ·vention Act, 16 USC 971 et seq.",0,0,"No, this sentence is a citation to an existing law. It does not concern an issue where a final decision has not yet been made by an agency. It's a statement of fact about the law.","No, this sentence is purely factual. It provides a legal citation and does not express an opinion, recommendation, or internal deliberation. It is not a draft or recommendatory in nature.",,,,,,0
246,"South Pacific Tuna Act, 16 USC 973 et seq.",0,0,"No, this sentence is a factual citation to an existing law. It does not concern an issue where a final decision has not yet been made; it refers to established legal text.","No, this sentence is a factual statement providing the name and citation of a law. It does not express an opinion, recommendation, or internal deliberation.",,,,,,0
247,"Marine Mammal Protection Act, 16 USC 1361 et seq.",0,0,"No, this sentence is a factual citation to an existing law. It does not concern an issue where a final decision has not yet been made; it refers to established legal text.","No, this sentence is purely factual. It provides the name and citation of a specific law and does not express an opinion, recommendation, or internal deliberation.",,,,,,0
248,"Endangered Species Act, 16 USC 1531 et seq.",0,0,"No, this sentence is a factual citation to a law. It does not inherently concern an issue where a final decision has not yet been made, nor does it reflect a stage in a decision-making process.","No, this sentence is purely factual. It provides the name and statutory citation for the Endangered Species Act, which is a statement of fact, not an opinion, recommendation, or internal deliberation.",,,,,,0
249,Magnuson-Stevens.,0,0,"This sentence is a proper noun referring to a specific Act of Congress. On its own, it does not provide enough context to determine if it concerns an issue where a final decision has not yet been made. It simply names a law.","No, 'Magnuson-Stevens' is a factual reference to a law. It does not express an opinion, recommendation, or internal deliberation. It is not reflective of the 'give-and-take' of the decision-making process.",,,,,,0
250,"Fishery Conservation  and Management  Act, 16 USC  1801..et seq.",0,0,"No, this sentence is a factual citation to an existing law. It does not concern an issue where a final decision has not yet been made by an agency; it simply states a fact about the law.","No, this sentence is purely factual. It provides a legal citation and does not express an opinion, recommendation, or internal deliberation. It is not a personal view of the author, but a statement of established law.",,,,,,0
251,"Antarctic Marine Living Resources Convention Act, 16 USC 2431 et seq.",0,0,"No, this sentence is a factual citation to an existing law. It does not concern an issue where a final decision has not yet been made; rather, it refers to a settled legal authority.","No, this sentence states a fact (the name and citation of an Act of Congress). It does not express an opinion, recommendation, or reflect any internal deliberation.",,,,,,0
252,"High Seas Fishing Compliance Act, 16 USC 5501 et seq.",0,0,"No, this sentence is a factual reference to an existing law. It does not concern an issue where a final decision has not yet been made; it simply identifies an established legal authority.","No, this sentence is purely factual. It provides the name and citation of a specific act of Congress. It does not express an opinion, recommendation, or internal deliberation.",,,,,,0
253,(b) The number of licenses and permits issued by NMFS numbers in the several  thousands.,0,0,"No, this sentence states a factual observation about the number of licenses and permits. It does not concern an issue where a final decision has not yet been made, nor does it appear to be created to assist a decision-maker in reaching a final conclusion.","No, this sentence expresses a factual statement about the quantity of licenses and permits. It does not express an opinion, recommendation, or internal deliberation; it is a statement of fact.",,,,,,0
254,(c) None of the statutes NMFS administers explicitly authorizes NMFS to deny licenses and permits to people who owe child support.,0,1,"Yes, this sentence assesses the agency's current legal authority regarding denying licenses. Such an assessment is typically made in the context of considering potential policy changes or actions, meaning a final decision on how to proceed (or not proceed) with such denials has not yet been made.","Yes, this sentence expresses an internal legal interpretation or assessment of the agency's statutory authority. It's not a simple, universally known fact, but rather a conclusion drawn from legal analysis within the agency. This type of internal legal assessment constitutes legal advice or a policy opinion, reflecting the agency's internal thinking on its legal boundaries, and is part of the 'give-and-take' of the decision-making process.",,,,,,1
255,Our initial reaction is that legislative change would be required.,0,1,"Yes, the phrase 'initial reaction' clearly indicates that a final decision on whether legislative change is required, or how to proceed, has not yet been made. It precedes any final agency action or policy.","Yes, the sentence expresses an opinion or assessment ('Our initial reaction is that...') rather than a statement of fact or established agency policy. It reflects an internal viewpoint or recommendation on a potential course of action (legislative change).",,,,,,1
256,"BXA's export licenses are granted primarily to corporate entities as , opposed to individuals.",0,0,"No, this sentence describes an existing practice or fact about how BXA's export licenses are granted. It does not concern an issue where a final decision has not yet been made, nor does it propose a change or evaluate options for a future decision.","No, this sentence states a factual observation about the primary recipients of BXA's export licenses. It is a descriptive statement of current practice, not an opinion, recommendation, or internal deliberation. It does not reflect the personal views of the author on a policy matter.",,,,,,0
257,The Bureau grants no other licenses.,0,0,"No, this sentence states an existing fact or established policy regarding the Bureau's licensing practices. It does not concern an issue where a final decision has not yet been made; rather, it reflects a decision or policy that is already in place.","No, this sentence expresses a factual statement about the Bureau's current practice or policy. It is not an opinion, recommendation, or internal deliberation. It describes what the Bureau does or does not do.",,,,,,0
258,"Thank you, Judge.",0,0,"No, this sentence is a simple expression of gratitude and does not concern an issue where a final decision has not yet been made. It does not relate to any ongoing decision-making process.","No, this sentence expresses a social courtesy (gratitude) rather than an opinion, recommendation, or internal deliberation regarding policy, legal advice, or a specific agency decision. It does not reflect the 'give-and-take' of the decision-making process.",,,,,,0
259,Can you get me something in writing re: what Virginia has done and what results they have had -- or give me a name and number to call?,1,0,"Yes, the sentence is a request for information about another state's actions and results, which is likely being gathered to inform a future decision or policy within the agency. It precedes any final agency action or decision.","No, the sentence is a request for factual information ('what Virginia has done and what results they have had') or a contact person. It does not express an opinion, recommendation, policy view, or any internal 'give-and-take' of the decision-making process. It's a request for input, not a deliberation itself.",,,,,,0
260,"I want to know, can we credible say this has ""worked"" in Virginia?",1,1,"Yes, the sentence is a question about the effectiveness of something, implying that an evaluation or assessment is still underway and a final conclusion or decision based on that assessment has not yet been made. It precedes any final agency action or determination regarding the 'work' in Virginia.","Yes, the sentence is a question seeking an internal assessment or opinion ('can we credible say this has 'worked''). It initiates a discussion or evaluation within the agency about the success of a program or policy, reflecting the internal 'give-and-take' of the decision-making process rather than stating a fact or established policy.",,,,,,1
261,"We have talked about it and decided that, absent legislation - similar to what we have in the law regarding state license revocation, booting cannot be mandated by regulation.",1,0,"No, the sentence states 'We have talked about it and decided that... booting cannot be mandated by regulation.' The phrase 'decided that' indicates that a final decision or conclusion has already been reached on this specific point. It is a statement of a settled position, not a discussion preceding a decision.","While it expresses a conclusion based on internal discussion and a legal interpretation, because a decision has been made and is being stated as such, it moves beyond the 'give-and-take' of the decision-making process. It presents an agency's determined position rather than a personal opinion, recommendation, or ongoing deliberation. It sounds like a final legal interpretation or policy determination.",,,,,,0
262,"As you may know, the State of Virginia has begun a very aggressive program of booting and the State Director there tells me that i has been very successful.",0,0,"No, the sentence reports on an external program (Virginia's) and its perceived success. It does not describe an ongoing decision-making process within the author's agency regarding its own policy or action.","No, the sentence reports a factual observation about Virginia's program and relays an external assessment of its success. It does not express the author's own opinion, recommendation, or internal deliberation for the author's agency's policy.",,,,,,0
263,"I have asked the editor of our Child- Support Report that goes to  employees  across  the nation, to  feature  the Virginia I project in an article ..",1,0,"No, the sentence reports an action that has already been taken by the author ('I have asked the editor...'). It is a statement of fact about a request made, not a discussion or deliberation about whether to make the request. The decision to make the request has already been executed.","No, the sentence is a factual statement reporting an action taken by the author. It does not express an opinion, recommendation, or internal deliberation. It simply states what the author did.",,,,,,0
264,We also do a best practices manual.,0,0,"No, this sentence describes an existing or ongoing activity ('We also do a best practices manual'). It does not concern an issue where a final decision has not yet been made; rather, it states a current practice or output of the agency.","No, this sentence appears to be a factual statement about what the agency does. It does not express an opinion, recommendation, or internal deliberation about whether to create a manual or what its content should be. It's a descriptive statement of fact.",,,,,,0
265,"If the resuits continue to be beneficial, we will include it in a future edition.",1,1,"Yes, the sentence discusses a potential future action ('we will include it in a future edition') that is contingent on ongoing results ('If the results continue to be beneficial'). This indicates that a final decision about inclusion has not yet been made.","Yes, the sentence expresses a conditional plan or a proposed course of action based on future outcomes. It reflects internal thinking about a potential policy or publication decision, rather than stating an established fact or a final agency position. It's a forward-looking statement about a potential future choice.",,,,,,1
266,"It might b e worthwhile, however, for the President to mention it in some future child support radio address.",1,1,"Yes, the sentence suggests a future action (mentioning something in a radio address) that has not yet been decided or implemented. It is a recommendation for a future decision.","Yes, the phrase 'It might be worthwhile' expresses an opinion or a recommendation, not a statement of fact or an established policy. It reflects internal 'give-and-take' regarding potential communication strategy.",,,,,,1
267,Hope this helps.,0,0,"This sentence is a generic closing remark and does not, on its own, concern an issue where a final decision has not yet been made. It does not provide substantive information to assist a decision-maker.","This sentence expresses a sentiment or a wish, not an opinion, recommendation, or internal deliberation regarding policy, legal advice, or a specific decision. It is a social nicety rather than a substantive part of the 'give-and-take' of the decision-making process.",,,,,,0
268,David Ross.,0,0,"This sentence is merely a name. It provides no information about any decision-making process, so it's impossible to determine if it's predecisional.","This sentence is a proper noun, a name. It states a fact and does not express an opinion, recommendation, or internal deliberation.",,,,,,0
269,"Yes   -- we  require states to have the authority to suspend licenses, but they decide when to  apply,  which is  what I think  we should do for booting cars.",1,1,"Yes, the sentence discusses a proposed policy for 'booting cars' ('what I think we should do for booting cars'), indicating that a final decision on this matter has not yet been made. It is a suggestion for future action.","Yes, the sentence contains the phrase 'which is what I think we should do for booting cars,' which is a clear expression of the author's opinion and recommendation regarding a policy. It reflects internal deliberation rather than a statement of fact or established policy.",,,,,,1
270,"Generally, as you know, states report that they get funds by threatening to revoke licenses",0,0,"No, this sentence describes a general practice or observation about how states obtain funds, presented as a known fact. It does not appear to be specifically created to assist a decision-maker in reaching a final conclusion on a pending agency action. It's a statement about external reporting, not an input for an internal agency decision.","No, this sentence states 'states report that they get funds by threatening to revoke licenses.' This is presented as a reported fact or a general observation about external behavior, not an opinion, recommendation, or internal deliberation of the agency itself. It describes what states report, which is a factual assertion about external information, not the agency's internal 'give-and-take' or a personal view on policy.",,,,,,0
271,they rarely actually have to follow through and actually suspend them but requiring the state to have the procedure gives the child support .,0,1,"Yes, the sentence discusses the practical implications and benefits of a procedure related to child support, implying an ongoing discussion or evaluation of policy or its implementation, rather than a final decision or justification of a past action.","Yes, the sentence contains subjective assessments and opinions about the effectiveness and value of a procedure ('they rarely actually have to follow through and actually suspend them' and 'requiring the state to have the procedure gives the child support'). These are not verifiable facts but rather internal analyses and views on policy outcomes.",,,,,,1
272,agency a new tool to collect overdue funds.,0,1,"Yes, the phrase 'a new tool' suggests something under consideration or development. If this sentence is part of a discussion about whether to provide or implement such a tool, or what its features should be, then the final decision on its adoption or specifics would likely not yet have been made. It precedes the agency's final action regarding this tool.","Yes, if interpreted as a proposal, an idea, or a potential solution being discussed (e.g., 'We should give the agency a new tool...' or 'This would provide the agency a new tool...'), it reflects internal deliberation and the 'give-and-take' of the decision-making process. It expresses a concept or recommendation rather than a statement of established fact or final policy.",,,,,,1
273,"Let me get more information on Virginia's car booting program to make sure we can credibly say ""'this works."" '.",1,1,"Yes, the sentence indicates a need to gather more information before a final conclusion or statement about the program's effectiveness can be made. It precedes a decision or a final agency position.","Yes, the sentence expresses an internal thought process and a plan to gather information to form a credible opinion or recommendation ('to make sure we can credibly say 'this works.''). It reflects the internal 'give-and-take' of the decision-making process rather than stating a fact.",,,,,,1
274,"Current law re: licenses reads as follows: states must have ""procedures under which the State has (and uses in appropriate cases) authority to withhold or suspend, or to restrict the use of  driver's licenses, professional and occupational licenses, and recreational  licenses  of  individuals  owing overdue support or failing, after receiving appropriate notice, to comply with subpoenas or warrants relating to paternity or child support proceedings""",0,0,"No, this sentence states what the current law is. It is a factual recitation of an existing legal requirement, not a discussion about a future decision or policy that has not yet been made.","No, this sentence is a statement of fact about the content of current law. It explicitly says 'Current law re: licenses reads as follows:' and then quotes or summarizes the legal text. It does not express an opinion, recommendation, or internal deliberation.",,,,,,0
275,"On drivers licenses, we mandate that they have legislation to give themselves the option to do it, right?",0,1,"Yes, the sentence is a question seeking clarification or confirmation about a policy or requirement regarding driver's licenses and legislation. This indicates that the understanding or the policy itself may still be under discussion, review, or in the process of being finalized, rather than a settled matter.","Yes, the sentence is a question ('right?') that reflects an internal inquiry or an attempt to confirm a point within the decision-making process. It is not a statement of established fact or a final agency position, but rather part of the 'give-and-take' of internal deliberation or understanding a policy approach.",,,,,,1
276,Is that what we'd do here?,1,1,"Yes, the question 'Is that what we'd do here?' clearly indicates that a decision on a course of action has not yet been finalized. It's exploring or confirming a potential approach before a final determination.","Yes, this sentence is a question that reflects internal deliberation about a potential action or policy. It's part of the 'give-and-take' of the decision-making process, exploring options or confirming understanding, rather than stating a fact or a final agency position.",,,,,,1
277,Sure. He is a lawyer named Stephen Grant.,0,0,"No, this sentence is a factual statement identifying a person and their profession. It does not concern an issue where a final decision has not yet been made; it simply provides information.","No, this sentence states a fact ('He is a lawyer named Stephen Grant'). It does not express an opinion, recommendation, or internal deliberation. It is not a draft or recommendatory in nature.",,,,,,0
278,He is our International Officer  and his telephone number is 202 260 5943.,0,0,"No, this sentence provides factual information (a person's title and phone number). It does not concern an issue where a final decision has not yet been made, nor does it precede an agency action.","No, this sentence states a fact (a person's role and contact information). It does not express an opinion, recommendation, or internal deliberation.",,,,,,0
279,IRS - I am working on the other two issues.,0,0,"Yes, the phrase 'working on the other two issues' implies that these issues are still active and unresolved, meaning a final decision has not yet been made on them.","No, this sentence is a factual statement about the author's current activity ('I am working on'). It does not express an opinion, recommendation, legal advice, or policy view. It's an update on progress, not an internal deliberation or personal view on the substance of the issues.",,,,,,0
280,"Also, I have been asked whether it be possible for the federal government, through regulation, to require states to ""boot"" the cars of owners who owe child support, the way state and local governments boot cars of people who owe traffic tickets?",1,1,"Yes, the sentence asks 'whether it be possible' for the federal government to implement a new regulation, indicating that a decision on this potential action has not yet been made.","Yes, the sentence is an inquiry exploring a potential policy or legal approach ('whether it be possible for the federal government, through regulation, to require states...'). It reflects an internal deliberation or discussion point about a potential course of action, rather than stating a fact or an established agency policy.",,,,,,1
281,I wonder if there's a way to interpret section 368 of PL 104-193 regarding liens or section 369 regarding licenses to do this?,1,1,"Yes, the sentence expresses an inquiry about interpreting legal sections to achieve an unstated goal ('to do this'), implying that a final decision on the action or policy has not yet been made. It's exploring options before a conclusion is reached.","Yes, the phrase 'I wonder if there's a way to interpret...' clearly indicates an internal thought process, a contemplation of legal advice, and an exploration of potential approaches. It's not a statement of fact or established policy, but rather part of the 'give-and-take' of decision-making.",,,,,,1
282,"This was suggested at a high level meeting, and we will be expected to report back.",1,0,"Yes, the phrase 'we will be expected to report back' indicates that further action and discussion are anticipated, meaning a final decision has not yet been made on the 'suggestion.'","No, this sentence reports a factual event ('This was suggested at a high level meeting') and a factual expectation or instruction ('we will be expected to report back'). It does not express an opinion, recommendation, or internal deliberation on the substance of the suggestion itself, nor does it reflect the author's personal views on the matter.",,,,,,0
283,"As you requested, attached is a list of federal licenses that might be subject to either  suspension or denial.",0,1,"Yes, the sentence refers to a list of licenses that 'might be subject to' suspension or denial, indicating that a final decision on these actions has not yet been made. The list is provided for consideration in a future decision.","Yes, the phrase 'might be subject to either suspension or denial' reflects an internal assessment, recommendation, or preliminary identification of potential actions. This is part of the internal 'give-and-take' of the decision-making process, rather than a statement of established fact or final policy.",,,,,,1
284,Much more  work needs  to  be done by the legal staff of the  various  agencies  and  departments  before  we could actually ask the President to promulgate an executive order.,1,1,"Yes, the sentence explicitly states 'before we could actually ask the President to promulgate an executive order,' indicating that the decision to ask the President, and the executive order itself, has not yet been made. It concerns an issue where further work is required before a final decision can even be considered.","Yes, the sentence expresses an opinion or assessment that 'Much more work needs to be done.' This is a judgment about the current state of readiness and a recommendation for future action by legal staff, reflecting internal deliberation on what is required before a major step can be taken. It is not a statement of fact or established policy.",,,,,,1
285,"The listing if a result of searches of the U.S. Code, Code of Federal Regulations, and other resources.",0,0,"No, this sentence describes the source or method used to create 'the listing,' which is a factual statement about how information was compiled. It does not concern an issue where a final decision has not yet been made, nor does it contribute to a future decision. It describes a past action (searches) that led to the current state of 'the listing.'","No, this sentence states that 'The listing is a result of searches...' which is a factual description of the origin of the listing. It does not express an opinion, recommendation, policy choice, or personal view. It describes a process that was undertaken, rather than reflecting internal deliberation or 'give-and-take.'",,,,,,0
286,"While many of the ninety-two licenses listed are arcnane and unlikely to prove effective as enforcement tools, this is at least an appropriate starting point for discussions with other federal agencies to identify federal powers which might be used to encourage compliance with child support orders.",1,1,"Yes, the sentence discusses an 'appropriate starting point for discussions' and the identification of 'federal powers which might be used,' indicating that a final decision on enforcement tools or strategies has not yet been made. It precedes any agency action.","Yes, the sentence expresses opinions ('many of the ninety-two licenses listed are arcnane and unlikely to prove effective') and a recommendation ('this is at least an appropriate starting point for discussions... to identify federal powers'). It reflects internal 'give-and-take' and the author's personal view on a course of action, not established policy or a factual statement.",,,,,,1
287,Here is more information about what I'd like you to get from the law library:,0,0,"This sentence is a request for information or a task assignment. While the information gathered might be used to inform a future decision, the sentence itself does not directly concern an issue where a final decision has not yet been made. It's a preparatory step, but not a statement about a pending decision.","This sentence is an instruction or a request for action ('what I'd like you to get'). It does not express an opinion, a recommendation, or an internal deliberation. It's a factual statement about a desired action, not a reflection of the 'give-and-take' of the decision-making process or the personal views of the author on a policy matter.",,,,,,0
288,1) Attached is a list of licenses granted by the federal government to individuals.,0,0,"No, the sentence refers to 'licenses granted,' indicating that decisions have already been made regarding those licenses. The sentence itself is a factual statement about an attachment, not part of an ongoing decision-making process.","No, the sentence is a factual statement informing the recipient about an attachment. It does not express an opinion, recommendation, or internal deliberation.",,,,,,0
289,a) Are there licenses missing from this list?,0,0,"Yes, the question implies that a list is being reviewed and its completeness or accuracy is still under consideration, meaning a final decision about the list or related actions has not yet been made.","No, this sentence is a factual inquiry, asking for verification of information (whether licenses are missing). It does not express an opinion, recommendation, or internal deliberation; it seeks to establish a fact.",,,,,,0
290,b) How many people have these licenses?,0,0,"The sentence is a question seeking a factual count. While gathering facts can be part of a pre-decisional process to assist a decision-maker, the sentence itself is a request for information, not a statement about a decision or a stage of a decision. However, if this information is being sought to inform a future decision, then the act of asking for it could be considered pre-decisional in context. For the purpose of this analysis, we will assume it could be part of a pre-decisional process.","The sentence 'How many people have these licenses?' is a direct question asking for a factual number. It does not express an opinion, recommendation, legal advice, or policy view. It does not reflect the 'give-and-take' of the decision-making process or represent the personal views of the author in a policy sense. Therefore, it is not deliberative.",,,,,,0
291,"c) Would we, through regulation, be able to deny these licenses to people who owe i.  child support, or would a legislativeÂ·change be required?",0,1,"Yes, the sentence asks about the agency's ability to deny licenses and the method (regulation vs. legislation), indicating that a final decision on this policy or action has not yet been made. It is exploring options before a conclusion is reached.","Yes, the sentence is a question seeking legal or policy advice regarding the agency's authority and the appropriate mechanism (regulation or legislation) to implement a potential policy. It reflects an internal discussion and exploration of options, which is characteristic of deliberation, rather than stating a fact or established policy.",,,,,,1
292,"2) Would it be possible for the federal government, through regulation, to require states to ""boot"" bars of owners who owe child support, perhaps through an interpretation of section 368 of PL :104-193 regarding liens or section 369 regarding licenses?",0,1,"Yes, the sentence poses a question about the possibility of a future regulatory action by the federal government. This indicates that a final decision on this matter has not yet been made; rather, it is being explored as a potential course of action.","Yes, the sentence is a question that seeks to explore a potential policy or regulatory approach and its legal basis ('through an interpretation of section 368... or section 369'). This reflects internal deliberation, seeking advice or analysis on a potential action, rather than stating a fact or an established policy.",,,,,,1
293,(See attached for statutory language.),0,0,"This sentence is a factual instruction to refer to an attachment. It does not inherently indicate whether a final decision has or has not yet been made on an issue. It simply points to existing statutory language, which is a factual reference.","No, this sentence does not express an opinion, recommendation, or internal deliberation. It is a neutral, factual instruction to 'See attached for statutory language.' It does not reflect the author's personal views or contribute to the 'give-and-take' of decision-making.",,,,,,0
294,I spoke to Kohl's staff today.,0,0,"This sentence reports a factual action taken by the author (speaking to Kohl's staff). It does not inherently indicate whether a final decision is pending or being discussed. It is a statement of fact, not a predecisional analysis or recommendation.","No, this sentence is a factual statement reporting an action. It does not express an opinion, recommendation, legal advice, or policy view. It simply states that a conversation occurred.",,,,,,0
295,"After very preliminary conversations with CBO, they think the bill will cost ""a few hundred million dollars.""",0,1,"Yes, the sentence refers to 'very preliminary conversations' about the cost of 'the bill,' indicating that the bill is still under consideration and a final decision regarding its passage or modification, which would depend on its cost, has not yet been made. The cost estimate itself is preliminary.","Yes, the sentence states 'they think the bill will cost 'a few hundred million dollars.'' This is an estimate or opinion from C CBO, reflecting their preliminary assessment rather than a definitive, established fact or a final agency position. It represents an internal deliberation or a preliminary input into the decision-making process.",,,,,,1
296,Somewhere in the $200-$300 range.,0,1,"Yes, this sentence suggests a range for a value, implying that a final decision on the exact amount has not yet been made. It is a preliminary estimate or discussion point.","Yes, 'Somewhere in the $200-$300 range' is an estimate or a proposed range, reflecting an opinion or a recommendation rather than a definitive, established fact. It represents an internal deliberation about a potential figure.",,,,,,1
297,"Still, a very preliminary estimate.",0,1,"Yes, the phrase 'very preliminary estimate' indicates that a final decision or conclusion has not yet been reached. It suggests an ongoing process of assessment that precedes a final agency action.","Yes, an 'estimate' is an opinion or projection, not a definitive fact. The term 'preliminary' further emphasizes that it is an internal assessment or projection, reflecting the 'give-and-take' of the decision-making process rather than a final agency position or established policy.",,,,,,1
298,"I. Background: Under current law, states generally retain child support collected on behalf of TANF-assisted families as one of several sources of program financing.",0,0,"No, this sentence describes current law and practice. It presents background information and established facts, not an issue where a final decision has yet to be made or is under consideration.","No, this sentence states a fact about 'current law' and how states 'generally retain' child support. It does not express an opinion, recommendation, or internal deliberation; it is a factual description of existing policy.",,,,,,0
299,This .support is split between the State and Federal Government  as  reimbursement  for  welfare  services.,0,0,"No, the sentence describes an existing allocation or process ('is split') rather than an issue where a final decision has not yet been made or is being contemplated. It states a current fact.","No, the sentence presents a factual statement about how support is divided and for what purpose. It does not express an opinion, recommendation, or internal deliberation.",,,,,,0
300,"Under welfare reform, states were given the option of continuing  the  previous  $50 pass-through,  but most states have opted not to do so.",0,0,"No, this sentence describes a past policy decision (welfare reform giving states an option) and a factual outcome (most states opted not to do so). It is a statement of fact about existing policy and state actions, not an issue where a final decision is pending within the agency.","No, this sentence states facts about a policy and its implementation. It describes what states were given the option to do and what most states have done. It does not express an opinion, recommendation, or internal deliberation; it is a descriptive statement.",,,,,,0
301,"However, some pass-through a portion (typically $50) and disregard this amount in calculating the family's  TANF  benefits.",0,0,"No, this sentence describes an existing practice or observation regarding how some entities handle TANF benefits calculations. It does not appear to be part of a discussion leading to a future decision, but rather a statement of current fact.","No, this sentence states a factual observation about what 'some' entities do. It does not express an opinion, a recommendation, legal advice, or a personal view of the author. It describes an existing state of affairs.",,,,,,0
302,A  few  (including  Wisconsin and Vermont) have federal waivers which allow them  to pass-through  all of the support collected to the family.,0,0,"No, this sentence describes an existing factual situation regarding federal waivers in certain states. It does not concern an issue where a final decision is pending, but rather states an established fact or policy for those states.","No, this sentence is a factual statement about which states have federal waivers and what those waivers allow. It does not express an opinion, recommendation, or internal deliberation.",,,,,,0
303,Wisconsin disregards the support in calculating assistance -- Vermont does not.,0,0,"No, this sentence describes existing policies or practices in Wisconsin and Vermont. It is a factual observation about external state policies, not an issue where a final decision has not yet been made by the agency itself.","No, this sentence states a factual difference in how two states handle support in calculating assistance. It does not express an opinion, recommendation, or internal deliberation; it is a statement of fact regarding state policies.",,,,,,0
304,II. Issues: 1) Disincentives: Non-custodial parents of TANF assisted children are discouraged from paying support because their money goes to the government and does not benefit their children directly.,0,1,"Yes, the sentence identifies an 'issue' which implies a problem or point of discussion where a final decision on how to address it has not yet been made. It precedes any agency action or final conclusion regarding this specific problem.","Yes, the sentence expresses an analysis or opinion about a perceived 'disincentive' and its underlying reason. It's an internal assessment of a policy's effect, reflecting the 'give-and-take' of identifying problems that might lead to policy changes, rather than a mere statement of fact.",,,,,,1
305,Custodial parents also have less incentive to cooperate with the CSE agency since payments are generally not forwarded to them.,0,1,"Yes, this sentence describes a perceived problem or observation about the behavior of custodial parents in relation to the CSE agency. It identifies a potential issue (lack of incentive) that could inform future policy discussions or decisions, rather than stating a final decision or an already settled matter.","Yes, the sentence states 'Custodial parents also have less incentive to cooperate...' This is an analytical statement, an assessment, and an opinion about the impact of a policy or situation. It reflects the author's view or interpretation rather than a simple statement of fact or established agency policy. It's a conclusion drawn by the author that contributes to internal deliberation.",,,,,,1
306,"2) Burdens: Support is distributed according to when it accrues, whether a family is or ever was on public assistance and by which method it is collected.",0,0,"No, this sentence describes an existing process or rule regarding how support is distributed. It states 'Support is distributed according to...' which indicates an established method or policy, not an issue where a final decision has yet to be made. It's a description of an existing state of affairs.","No, this sentence describes a factual process or policy. It outlines the criteria for how support is distributed. It does not express an opinion, a recommendation, a suggestion, or reflect internal deliberation. It's a statement of how something is done, not a personal view or a proposal.",,,,,,0
307,This distribution system has proven burdensome and costly both in terms of programming and personnel.,0,1,"Yes, the sentence assesses an existing 'distribution system' as 'burdensome and costly.' This assessment would likely be made in the context of considering whether to modify, replace, or continue with the system, meaning a final decision about the system's future has not yet been made. It serves as input for a future decision.","Yes, the statement 'has proven burdensome and costly' is an evaluative judgment or opinion, not a purely objective fact. While it may be based on factual data, the conclusion itself reflects an internal assessment and interpretation of that data, contributing to the agency's internal 'give-and-take' regarding the system's efficacy.",,,,,,1
308,"3)Unstable Financing: CSE caseloads have increased 44 percent since 1991, but TANF caseloads are decreasing.",0,0,"This sentence presents factual data about caseload trends. It does not inherently indicate an ongoing decision-making process or propose a future action. It's a statement of observed facts, which could be used in a predecisional context, but the sentence itself is not predecisional.","The sentence states two facts: CSE caseloads have increased by a specific percentage, and TANF caseloads are decreasing. It does not express an opinion, recommendation, or internal deliberation. It is a factual observation.",,,,,,0
309,"As discussed, states retain TANF collections, but distribute non-TANF collections directly to the families.",0,0,"No, this sentence describes an existing policy or procedure regarding how states handle TANF and non-TANF collections. It states a fact about current practice, not an issue where a final decision has yet to be made.","No, this sentence presents information as a factual statement about established policy or procedure. It does not express an opinion, recommendation, or internal deliberation. The phrase 'As discussed' refers to a prior conversation, but the content itself is a statement of fact.",,,,,,0
310,"Thus, increasing caseloads are generating a need for more resources, but the revenue-making portion of the caseloads is in flux.",0,0,"Yes, the sentence describes a current situation (increasing caseloads, revenue in flux) that indicates a need for future decisions regarding resource allocation. It precedes any final agency action or policy decision on how to address these issues.","No, the sentence presents an analytical observation about the agency's operational state and its implications ('generating a need for more resources,' 'revenue-making portion...is in flux'). While it's an internal assessment, it's presented as a statement of a problem or a factual consequence of current conditions, rather than an explicit opinion, recommendation, policy proposal, or personal view on a course of action. It informs deliberation but is not the deliberation itself.",,,,,,0
311,III. Kohl Pass-Through Option Legislation,0,0,"This sentence appears to be a heading or a topic point, indicating a subject for discussion or consideration. It refers to 'Kohl Pass-Through Option Legislation,' which implies an ongoing or potential legislative process where a final decision (e.g., enactment of the legislation) has not yet been made. Thus, it concerns an issue where a final decision has not yet been made.","This sentence is a factual heading or topic identifier. It simply states the subject matter: 'Kohl Pass-Through Option Legislation.' It does not express an opinion, a recommendation, a personal view, or any internal 'give-and-take' of the decision-making process. It is a factual description of a topic, not a deliberation.",,,,,,0
312,"Option to Pass-Through for TANF: States  are given  the option  to  pass-through  all  child support collections, including arrears, made on behalf of TANF families.",0,0,"No, the sentence describes an existing option or policy that states 'are given.' It states a fact about an established program feature, not an issue where a final decision has yet to be made.","No, the sentence states a fact about an existing option available to states regarding child support collections for TANF families. It does not express an opinion, recommendation, or internal deliberation.",,,,,,0
313,"If a state adopts a passÂ­ through policy, the state  can claim TANF MOE  for passed-through support,  even  if  that  support is not disregarded.",0,0,"No, this sentence describes a hypothetical scenario and its consequence under existing rules or interpretations. It does not appear to be created specifically to assist a decision-maker in reaching a final conclusion on a pending agency action. It explains how a policy would apply, rather than being part of a decision-making process for the agency itself.","No, this sentence states a conditional fact about the application of TANF MOE policy. It describes what a state 'can claim' if it adopts a certain policy, which implies an existing rule or interpretation. It does not express a personal opinion, a recommendation for a new policy, or an internal deliberation distinct from established policy. It's an explanation of policy application, not a subjective view or a proposal.",,,,,,0
314,(Current law only allows states to claim TANF MOE credit for disregarded support.),0,0,"No, this sentence states a fact about current law. It describes an existing legal provision and does not inherently suggest an ongoing decision-making process or a future decision to be made. It is a statement of current policy/law, not a step in reaching a final conclusion.","No, this sentence states a fact about current law. It is a descriptive statement of what the law allows, not an opinion, recommendation, or internal deliberation. It represents an established legal provision, not a personal view or a draft idea.",,,,,,0
315,Family Income Protection: States that adopt a pass-through policy must have budget   mechanisms in place so that child support income is not counted against TANF eligibility or benefits until the family has the child support in hand.,0,1,"Yes, if this sentence is part of an internal discussion or a draft policy document, the final decision regarding the specific requirements for states adopting a pass-through policy, including these budget mechanisms, has not yet been made. It precedes the agency's final action or policy issuance.","Yes, the sentence states a prescriptive requirement ('must have budget mechanisms'). This is a policy choice or a proposed policy condition, reflecting an opinion or recommendation about what states should be required to do, rather than a simple factual statement. It represents a specific stance or approach being considered or formulated by the agency.",,,,,,1
316,Income Treatment Options: State has options to:,0,0,"Yes, the phrase 'Income Treatment Options' and 'State has options to:' clearly indicate that various approaches are being considered and a final decision on how to treat income has not yet been made. It precedes an agency's action.","No, this sentence is an introductory phrase or a heading. It states the factual existence of options rather than expressing an opinion, recommendation, or internal deliberation about those options. It does not reflect the 'give-and-take' of the decision-making process itself, but rather introduces the topic where such deliberation might occur.",,,,,,0
317,(1) include child support as income when calculating eligibility for TANF;,0,1,"Yes, the sentence proposes an action or policy point regarding TANF eligibility calculation, implying that a final decision on this specific inclusion has not yet been made or is still under discussion. It's a potential future action rather than a statement of current, settled policy.","Yes, the sentence is a recommendation or a proposed action ('include child support as income'). It expresses a specific viewpoint or suggestion on how eligibility should be calculated, rather than stating an established fact or existing policy.",,,,,,1
318,"(2) disregard child support in whole or in part when calculating the amount of a welfare benefit  for a family, but if the state disregards 50 percent or more of the total child support payments, determined either on a case by case basis or in an annual aggregate, that state is no longer required to repay or calculate the Federal share of the payment",0,0,"This sentence describes a specific condition and consequence related to child support and welfare benefits. It states what happens 'if the state disregards 50 percent or more...' This reads like a description of a policy or a legal provision. If it is part of a discussion about a proposed rule or a draft regulation, then the final decision on this specific rule has not yet been made, making it predecisional. If it is describing an existing law, then the decision has already been made. Assuming the most favorable interpretation for it to be deliberative, we will consider it predecisional as part of an ongoing policy discussion.","The sentence states a factual condition and its outcome ('if X, then Y'). It describes a policy point rather than expressing an opinion, a recommendation, or an internal deliberation about whether to adopt or change such a policy. It does not reflect the 'give-and-take' of the decision-making process, nor does it represent the personal views of the author in the sense of an opinion or recommendation. It is descriptive of a rule, not evaluative or advisory.",,,,,,0
319,"Maintenance of Effort: Requires states that adopt a pass-through policy to fund child support program at highest of 1995-1998 level to ensure that program is not defunded simply because more resources are going to families, excluding aufomated systems costs and enhancements.",0,0,"No, the sentence describes a specific requirement or policy related to 'Maintenance of Effort.' It states what 'Requires' states to do, which sounds like a description of an existing or proposed rule, rather than an issue where a final decision is still being debated internally. It presents a factual statement about a policy's conditions.","No, the sentence is a factual description of a policy requirement. It states what is 'required' under certain conditions. It does not express an opinion, a recommendation, or a personal view of the author. It's a statement of a rule or condition, not an internal deliberation.",,,,,,0
320,Child Support Pass-through,0,0,This sentence is a topic or a label. It does not provide enough information to determine if it concerns an issue where a final decision has not yet been made. It is not a statement about a decision's status.,"No, this sentence is a factual term or a topic. It does not express an opinion, recommendation, or internal deliberation. It is not a personal view of the author.",,,,,,0
321,"Under AFDC, families applying for assistance assigned their child support rights to the state.",0,0,"No, this sentence describes a historical fact or a past policy under the AFDC program. It states what was the case, not an issue where a final decision has not yet been made.","No, this sentence states a factual rule or characteristic of the AFDC program. It is not an opinion, recommendation, or internal deliberation; it is a statement of established policy or historical fact.",,,,,,0
322,Child support payments made by a noncustodial parent were thus paid to the child support agency rather than the AFDC family.,0,0,"No, this sentence describes an existing or past factual process regarding child support payments. It does not concern an issue where a final decision has not yet been made; rather, it states how payments were handled.","No, this sentence states a fact about the flow of child support payments. It does not express an opinion, recommendation, or internal deliberation. It is a descriptive statement of an operational fact.",,,,,,0
323,"If the child support payment was not large enough to disqualify the family from AFDC, the first fifty dollars of the child support payment  was paid to  the AFDC family each month as a ""pass-through.''.",0,0,"No, this sentence describes an existing or past policy/rule regarding AFDC and child support payments. It states a factual condition and outcome of a specific program rule, not an issue where a final decision has not yet been made.","No, this sentence describes a specific rule or mechanism of the AFDC program. It is a statement of fact about how the program operated, not an opinion, recommendation, or internal deliberation. It does not reflect the personal views of the author but rather an established policy.",,,,,,0
324,"In addition, the pass-through was disregarded in the families' benefit computation.",0,0,"No, this sentence describes a past action or a current state of a computation ('the pass-through was disregarded'). It does not indicate an ongoing decision-making process or an issue where a final decision has not yet been made. It's a statement about how something was handled.","No, this sentence states a fact about how a specific computation was performed. It does not express an opinion, recommendation, legal advice, or policy view. It's a descriptive statement, not an internal deliberation or personal view.",,,,,,0
325,The remaining portion of the child support payment that was not paid to the AFDC family was split between the state and federal government as reimbursement for monthly cash assistance payments.,0,0,"No, this sentence describes an existing process or a factual allocation of funds under the AFDC program. It does not concern an issue where a final decision has not yet been made; rather, it describes an established mechanism.","No, this sentence states a fact about how child support payments were split between state and federal governments as reimbursement. It does not express an opinion, recommendation, or internal deliberation.",,,,,,0
326,"Under waivers, some states changed the pass-through amount and other states treated child support payments as unearned income, disregarding some portion of the payment for the purposes of benefit computation.",0,0,"No, this sentence describes past actions taken by states under waivers. It is a factual statement about existing or past policy implementations by states, not an issue where a final decision by the agency is pending.","No, the sentence presents factual information about how different states have implemented policies. It states what 'some states changed' and what 'other states treated,' without expressing any opinion, recommendation, or internal deliberation.",,,,,,0
327,PRWORA repealed  the federal law requiring  the fifty dollar pass-through.,0,0,"No, this sentence states a historical fact about a past legislative action (PRWORA repealed a federal law). It concerns a decision that has already been made and finalized by Congress, not an issue where a final decision has not yet been made by the agency.","No, this sentence states a factual event: PRWORA repealed a specific federal law. It is a statement of fact about existing law/history, not an opinion, recommendation, or internal deliberation. It does not reflect the personal views of the author or the internal give-and-take of a decision-making process.",,,,,,0
328,"Under  PRWORA, a portion of the child support payment is paid to the federal government based on the Medicaid match rate in effect September 1996.",0,0,"No, this sentence describes an existing legal provision and how child support payments are handled under PRWORA, referencing a specific Medicaid match rate. It states an established fact or policy, not an issue where a final decision has yet to be made.","No, this sentence presents a factual statement about a legal requirement and its implementation. It does not express an opinion, recommendation, personal view, or internal deliberation. It describes how a portion of child support is paid according to a specific law and rate.",,,,,,0
329,The remaining portion of the payment is kept by the states.,0,0,"No, this sentence describes an existing process or fact about how payments are handled. It does not indicate that a decision is pending or being discussed.","No, this sentence states a fact about the distribution of payments. It does not express an opinion, recommendation, or internal deliberation.",,,,,,0
330,States may choose to discontinue the pass-through or maintain the pass-through at their own expense.,0,0,"No, this sentence describes options available to states, not an internal agency decision that is pending or has not yet been made. It states what states 'may choose' to do, which sounds like a description of existing policy or available choices, not a predecisional step in the agency's own decision-making process.","No, this sentence presents options or describes a policy framework regarding what states 'may choose' to do. It does not express an opinion, recommendation, or internal deliberation from an agency employee. It appears to be a factual statement about the flexibility states have, rather than a personal view or a draft recommendation.",,,,,,0
331,"Table VI.6 shows that 18 states have maintained the fifty qollar pass-through that originated under AFDC, but 4 of those states have maintained the pass-through on a temporary basis.",0,0,"This sentence presents factual information derived from a table, describing the current status of state policies. It does not propose a future action, evaluate options, or suggest an ongoing decision-making process, but rather reports existing facts. While facts can inform decisions, this sentence itself is not created specifically to assist a decision-maker in reaching a final conclusion about a future action; it's a statement of what currently exists.","The sentence explicitly states 'Table VI.6 shows that...', indicating it is presenting data or findings from a table. It is a factual statement about the number of states and their policies. It does not express an opinion, a recommendation, a personal view, or reflect internal 'give-and-take' of the decision-making process.",,,,,,0
332,Thirty-three states have changed the pass-through amount significantly.,0,0,"This sentence states a fact about actions taken by states. It does not inherently indicate an ongoing decision-making process within the agency that created the email, nor is it clearly created to assist a decision-maker in reaching a final conclusion within the agency. It's a statement of external fact.","This sentence is a factual statement reporting an action taken by states. It does not express an opinion, recommendation, legal advice, or policy opinion. It is not a reflection of internal 'give-and-take' or personal views, but rather an observable fact.",,,,,,0
333,"Of those, 29 states discontinued the child support pass-through completely and one state (Kansas) maintains the child support pass-through at a reduced level, passing through forty dollars of the child support payment to the families.",0,0,"No, this sentence reports on existing facts regarding child support pass-through policies in various states. It describes what has already happened or is currently in place, rather than an issue where a final decision by the agency is pending.","No, this sentence presents factual information about the number of states that discontinued or maintain child support pass-throughs and the specific amount for Kansas. It does not express an opinion, recommendation, or internal deliberation.",,,,,,0
334,"Two states increased the pass-through amount (Connecticut, Nevada), and one state (Wisconsin)  passes through the entire child support payment, allowing families to keep a larger portion of the child support payment each month without lowering the families' cash assistance benefits.",0,0,"No, this sentence presents factual information about actions taken by specific states regarding child support pass-through amounts. It describes existing policies or changes that have already occurred in those states. It does not concern an ongoing decision-making process within the agency that created the email.","No, the sentence states facts about state policies and their effects. It does not express an opinion, recommendation, or internal deliberation. It is a descriptive statement of existing conditions.",,,,,,0
335,"very strange -- i just asked Michele for paper on CS distribution rules, when this popped up.",0,0,"No, this sentence describes an observation and an action taken by the author (asking for a paper) and something that 'popped up.' It does not concern an issue where a final decision is being made or assisted. It's a factual statement about an event.","No, while 'very strange' is a mild opinion, the core of the sentence is a factual description of the author's action ('i just asked Michele for paper on CS distribution rules') and an event ('when this popped up'). It does not express a recommendation, legal advice, or policy opinion, nor does it reflect the internal 'give-and-take' of a decision-making process.",,,,,,0
336,"Michele will look into getting paper, but this is a start.",0,1,"Yes, the phrase 'will look into getting paper' indicates an action to be taken, implying that the final decision or solution regarding paper procurement has not been made. 'this is a start' further reinforces that it's an initial stage of an ongoing process, not a final conclusion.","Yes, the phrase 'but this is a start' expresses an opinion or an assessment of the current progress, reflecting the author's personal view on the sufficiency or stage of an ongoing effort. It is not a statement of fact or established policy, but rather an internal deliberation about the status of an action item within a decision-making process.",,,,,,1
337,"For those interested in an overall understanding of the federal rules that affect how child support collections are assigned and distributed, I recommend reading the Child Support enforcement section of the Green Book (http://www.access.gpo.gov/congress/wm001.htm1).",0,0,"No, this sentence is a general recommendation for informational purposes, suggesting a resource for understanding federal rules. It is not related to a specific agency decision that is pending or being formulated, nor is it created to assist a decision-maker in reaching a final conclusion on an agency action.","No, while the sentence uses the phrase 'I recommend reading,' this is a recommendation to consult a publicly available document for general knowledge, not a recommendation on a policy choice, a course of action for the agency, or a specific decision the agency needs to make. It does not reflect the internal 'give-and-take' of the decision-making process or represent a personal view on agency policy or action.",,,,,,0
338,For a more focused description of how child support distributions affect,0,1,"Yes, the incomplete sentence 'For a more focused description of how child support distributions affect' suggests that a decision is being made or discussed regarding the scope or focus of a description or analysis. It implies that the current state is not final or optimal, and further work or decision-making is needed.","Yes, the phrase 'For a more focused description' expresses an opinion or a recommendation about the desired quality or approach to a description. It is not a statement of fact but rather a subjective assessment and a suggestion for improvement or a particular direction, reflecting internal deliberation.",,,,,,1
339,Here's what these reports basically say: For families that are currently on welfare the rules for distribution of child support collections are generally straightforward,0,0,"No, this sentence summarizes what existing reports say about current rules for child support distribution. It describes an established situation or existing policy, rather than discussing an issue where a final decision has not yet been made.","No, the sentence states 'Here's what these reports basically say' and then provides a summary of the content of those reports regarding the straightforwardness of existing rules. It is presenting a factual summary or observation based on reports, not an opinion, recommendation, or internal deliberation.",,,,,,0
340,(distribution rules for families that are not longer on welfare are  a little more complicated).,0,1,"Yes, the statement 'distribution rules for families that are not longer on welfare are a little more complicated' implies an assessment of the rules' complexity. Such an assessment would typically be made in the context of discussing how to interpret, apply, or potentially modify these rules, or how to communicate about them, where a final decision on a specific course of action or policy might still be pending. It suggests an ongoing issue that requires consideration.","Yes, the phrase 'a little more complicated' is an opinion or an assessment of the rules' complexity, rather than a purely objective, verifiable fact. While the existence of rules is factual, the degree of their complication is subjective and reflects the author's personal view or interpretation. It contributes to the internal 'give-and-take' of understanding and addressing the issue.",,,,,,1
341,"Under AFDC, the first fifty dollars of child support collected on behalf of a family was ""passed-through"" to the family currently on welfare.",0,0,"No, the sentence describes a past policy or rule (Under AFDC, the first fifty dollars of child support collected... was 'passed-through'). It states a historical fact about how a program operated, not an issue where a final decision has yet to be made.","No, the sentence states a factual description of a past policy. It does not express an opinion, recommendation, personal view, or internal deliberation. It is a straightforward description of a program's rule.",,,,,,0
342,The remaining child support collections were split between the state and federal government (according to state medicaid match rates).,0,0,"No, this sentence describes an existing or past process of how child support collections were split. It states a fact about a distribution method, not an issue where a final decision is pending or being discussed.","No, this sentence states a fact about how collections were split according to established rates. It does not express an opinion, recommendation, or internal deliberation. It describes an outcome or an existing procedure.",,,,,,0
343,"Since the $50 ""pass-through"" was not counted as income, it increased the amount of the welfare grant by  $50.",0,0,"No, this sentence describes a factual consequence of an existing policy or calculation. It explains what happened or is happening due to the $50 'pass-through' not being counted as income, rather than discussing a decision yet to be made.","No, this sentence states a factual cause-and-effect relationship regarding how a specific accounting treatment impacts welfare grants. It does not express an opinion, recommendation, or internal deliberation.",,,,,,0
344,The idea behind this was to give mothers a financial incentive to cooperate with child support enforcement.,0,1,"Yes, the sentence describes 'the idea behind this,' which refers to the rationale or intent behind a policy or action. This explanation of the underlying reasoning typically occurs during the formulation or consideration of a policy, before a final decision is made or fully implemented. It's not a statement of a final decision itself, but the thinking that informs it.","Yes, the sentence expresses the 'idea behind' a particular approach, revealing the strategic thinking, purpose, or intent of the agency or individuals involved. This is an internal deliberation about the 'why' of a policy, rather than a simple statement of fact or an established policy. It reflects the internal 'give-and-take' of the decision-making process.",,,,,,1
345,"Under TANF, the fifty dollar ""pass-through"" was repealed and states must first pay the federal government its share of the child support collections (again, according to the state medicaid match rates).",0,0,"No, the sentence describes an existing policy or law under TANF (the repeal of the pass-through and the payment requirement). It states a fact about what 'was repealed' and what 'states must first pay,' indicating a settled matter rather than an issue where a final decision has not yet been made.","No, the sentence presents factual information about the TANF program and its requirements. It does not express an opinion, recommendation, or internal deliberation. It is a statement of established policy or law.",,,,,,0
346,The rest of the child support collected on behalf of a family currently on welfare is distributed at the discretion of the state.,0,0,"No, this sentence describes an existing policy or fact regarding the distribution of child support. It does not concern an issue where a final decision has not yet been made; rather, it states what currently happens.","No, this sentence states a factual description of how child support is distributed according to state discretion. It does not express an opinion, recommendation, or internal deliberation.",,,,,,0
347,"If the state wants to continue distributing $ 50  of the child support collected on behalf of a family to that family, it may do so (although the  $50  will come from the state's share of the child support  collection,  not  off  the top as under AFDC rules).",0,1,"Yes, the sentence discusses a hypothetical choice ('If the state wants to continue...') and explains the implications of a potential action. It precedes a final decision on how the state will handle child support distribution.","Yes, it expresses an interpretation of policy or rules regarding a permissible action for the state and clarifies the financial mechanism. This constitutes policy opinion or advice on an available option, contributing to the internal 'give-and-take' of decision-making. It's not a simple statement of established fact or final policy, but rather an analysis of a potential course of action.",,,,,,1
348,"In this case, the welfare check again increases by $50.",0,0,"Yes, the phrase 'In this case' suggests a specific scenario or hypothetical situation being considered, likely as part of an analysis or discussion before a final decision is made regarding welfare checks or related policies. Therefore, it concerns an issue where a final decision has not yet been made.","No, the sentence states a specific numerical outcome or fact ('the welfare check again increases by $50') within the described scenario. It does not express an opinion, recommendation, legal advice, or a personal view advocating for a particular course of action. It is a descriptive statement of a consequence or calculation, not an internal deliberation or 'give-and-take' of the decision-making process.",,,,,,0
349,"Unfortunately, most states (29 according to the ""One Year After"" paper) have decided not to pass-through any amount of the child support collected on behalf of a family with the result that  child support  collections  have no affect on the size of the ' welfare grant in these states",0,0,"No, the sentence describes decisions already made by states and their current effects. It reports on an existing situation and its consequences, citing a paper. It does not concern an issue where a final decision has not yet been made by the agency itself.","The sentence begins with 'Unfortunately,' which expresses an opinion or a value judgment. However, the bulk of the sentence is a factual statement about what states have decided and the resulting impact, supported by a reference. While it contains an opinion, its primary content is reporting on external facts and their consequences, not an internal recommendation, legal advice, or policy opinion for the agency's own actions.",,,,,,0
350,"(unless, of course, the amount of child support collected is greater than the welfare  grant  at  which point the welfare grant is reduced to 0 and the family gets the full child support payment).",0,0,"No, this sentence describes an existing rule or policy regarding welfare grants and child support payments. It states how a process 'is' handled, implying a final decision on this specific rule has already been made and is in effect.","No, this sentence describes a factual scenario and its consequence within an established system. It explains a rule or calculation rather than expressing an opinion, recommendation, or internal deliberation about a policy choice.",,,,,,0
351,"In the 22 states with a child support  pass through, the size of the welfare grant is affected by child support collections, equal to the amount of the pass-through  (in most of these states, it is still $50.)",0,0,"No, this sentence describes an existing factual situation regarding child support pass-throughs and welfare grants in certain states. It is a statement of current policy or practice, not a discussion leading to a future decision.","No, this sentence presents factual information about how child support collections affect welfare grants in 22 states, including a specific amount ($50). It does not express an opinion, recommendation, or internal deliberation; it is a descriptive statement of fact.",,,,,,0
352,I hope this clears  things up.,0,0,"This sentence is a concluding remark and does not inherently indicate whether a final decision has or has not been made. It is a general statement about the clarity of previous information, not directly tied to a specific predecisional issue.","This sentence expresses a personal hope or intention regarding the clarity of communication. While it is a personal view, it does not express an opinion, recommendation, or internal deliberation concerning a policy, decision, or agency action. It does not reflect the 'give-and-take' of the decision-making process.",,,,,,0
353,"As far as the child support not affecting the cash grant, I just  interviewed a whole slew of women in sunflower county MS who said they  refused to stay on TANF because the cash grant was less than their child  support benefit so they chose to take the child support because they cannot  get both.",0,0,"Yes, the sentence discusses an observation related to how child support affects TANF benefits, which could inform future policy discussions or decisions. It is not a final agency decision or a justification of a past decision.","No, the sentence reports a factual observation based on interviews conducted by the author. It states what women in a specific county said about their choices regarding TANF and child support benefits. It does not express the author's personal opinion, recommendation, or policy advice; rather, it conveys information gathered from others.",,,,,,0
354,This is a different point.,0,0,"This sentence is too generic to determine if it concerns an issue where a final decision has not yet been made. It could be used in various contexts, both predecisional and post-decisional, or even in a discussion not directly leading to a decision. Without context, it cannot be definitively labeled as predecisional.","This sentence, 'This is a different point,' is a statement that could be factual (e.g., distinguishing one topic from another) or could be part of an opinion or deliberation. It does not inherently express an opinion, recommendation, or internal deliberation rather than a fact. Its nature depends entirely on the surrounding discussion.",,,,,,0
355,The issue of whether receiving child support   makes the family better off than being on welfare is different than whether   receiving child support *changes* the size of the grant.,0,1,"Yes, the sentence is distinguishing between two different analytical questions related to child support, welfare, and grant size. This suggests an ongoing discussion or analysis, not a final decision or policy. It is part of the process of understanding or framing an issue, which precedes a final conclusion.","Yes, the sentence is making a conceptual distinction, which is a form of internal deliberation or analytical thought process. It reflects an opinion on how to differentiate or frame certain aspects of the issue, rather than a simple statement of fact or established agency policy. It is part of the 'give-and-take' of understanding a complex policy or program interaction.",,,,,,1
356,"Now that this bill has actually been introduced (or will be shortly), it would be very helpful to go through it and identify key issues/concerns/implications/things we would like to see changed and things we like.",0,1,"Yes, the sentence discusses a bill that has just been introduced and proposes an internal process to analyze it and identify potential changes or preferred aspects. This indicates that the agency is in the early stages of forming its position or making decisions regarding the bill, and no final agency decision or action has been taken yet.","Yes, the sentence expresses a recommendation ('it would be very helpful to go through it') and outlines a process for internal deliberation ('identify key issues/concerns/implications/things we would like to see changed and things we like'). This reflects the internal 'give-and-take' of policy formulation and the personal views or suggestions for agency action, rather than a statement of fact or established policy.",,,,,,1
357,We'd like to have a conference call late next week to discuss this list of issues.,0,1,"Yes, the sentence proposes a future conference call to 'discuss this list of issues,' indicating that decisions related to these issues are still pending or in the process of being formulated. It precedes any final agency action or decision on the issues.","Yes, the sentence expresses an internal desire or plan ('We'd like to have a conference call') to engage in discussion ('to discuss this list of issues'). This discussion itself is a form of internal deliberation, reflecting the 'give-and-take' of the decision-making process rather than a statement of fact or a final policy.",,,,,,1
358,The version I have still has hand written changes so -- I assume we'll be able to pull the real thing off the web tomorrow.,0,0,"Yes, the sentence discusses a version of a document that still has handwritten changes, implying it is not yet final and a 'real thing' (final version) is expected. This indicates the document itself is in a pre-decisional state.","No, the sentence states a fact about the current version of a document (it has handwritten changes) and expresses an assumption about its future availability ('I assume we'll be able to pull the real thing off the web tomorrow'). While it contains a personal assumption, it is a logistical observation about the status and expected availability of a document, not an opinion, recommendation, or internal deliberation on policy, strategy, or a substantive decision. It does not reflect the 'give-and-take' of the decision-making process regarding the content or substance of the document.",,,,,,0
359,"Also, has anyone seen an up to date section by section summary from Bayh?",0,0,"The sentence is a request for information, implying that the agency is gathering materials or conducting research related to an ongoing matter. This suggests that a final decision has not yet been made, and the information sought would contribute to the predecisional process.","The sentence is a factual inquiry asking if anyone has seen a specific document. It does not express an opinion, recommendation, policy view, or legal advice. It is a request for information, not an internal deliberation or a personal view on a policy matter.",,,,,,0
360,A few specific questions I have include:,0,0,"Yes, the sentence indicates that the author is about to pose questions, which implies that information is being sought to inform a decision or clarify an issue before a final decision is made. It does not state or justify a final decision.","No, this sentence is a factual statement about the author's intent to ask questions. It does not express an opinion, recommendation, or internal deliberation. It serves as an introduction to potential deliberative content, but is not deliberative itself.",,,,,,0
361,"1. looks like block grants are added to end of WtW section, so does this mean Secretary of Labor awards them?",0,1,"Yes, the sentence is asking a question about the implications of a proposed change ('block grants are added to end of WtW section') and who would be responsible for awarding them. This indicates that a final decision on the structure, awarding authority, or even the specific wording of the WtW section has not yet been made. It's an inquiry preceding a final agency action.","Yes, the sentence expresses an interpretation ('looks like block grants are added...') and then poses a question seeking clarification or understanding of a potential policy implication ('so does this mean Secretary of Labor awards them?'). This reflects the internal 'give-and-take' of the decision-making process, where officials are discussing and understanding the ramifications of proposed changes, rather than stating an established fact or final policy.",,,,,,1
362,Which Secretary awards media campaign funds?,0,0,"Yes, the question implies an ongoing process or an issue where the authority for awarding funds is being determined or understood, preceding a final decision on fund allocation.","No, this is a factual question seeking information about who holds a specific authority. It does not express an opinion, recommendation, or internal deliberation. The answer would be a factual statement about agency structure or policy.",,,,,,0
363,"2. I understand why there's a 50/50 split between ""formation and maintenance of married two parent families"" and ""fragile families and promotion of fatherhood"" but it's not at all clear how those would be defined.",1,1,"Yes, the sentence discusses a lack of clarity on how certain concepts 'would be defined,' indicating that the definitions are not yet finalized and a decision on them is still pending.","Yes, the sentence expresses the author's personal understanding ('I understand why...') and a personal concern or opinion ('it's not at all clear how those would be defined') regarding an ongoing issue, rather than stating an established fact or agency policy.",,,,,,1
364,"3. WtW eligibility: does subclause (II) listing characteristics of the ""recipient or noncustodial parent"" (i.e. unemployed, underemployed, etc) impose a new eligibility test on all participants with 70% category -- both noncustodial parents and others?",0,1,"Yes, the sentence is a question about the interpretation and application of an eligibility rule (WtW eligibility). It asks if a subclause imposes a new eligibility test, indicating that a final decision or official interpretation on this matter has not yet been made by the agency. It precedes an agency's action or final determination on how to apply the rule.","Yes, the sentence is a question seeking clarification and interpretation of a rule's impact. It is not a statement of fact, but rather an internal query that reflects the 'give-and-take' of the decision-making process. It raises an issue that requires deliberation, discussion, and potentially a policy opinion or recommendation to resolve.",,,,,,1
365,"The way we'd structured this, we had a separate category for long-term recipients an.d for non-custodial parents.",1,0,"No, the sentence describes how something was structured in the past or is currently structured. It's a factual statement about an existing categorization, not a discussion about an unmade decision.","No, the sentence states a fact about how categories were set up. It does not express an opinion, recommendation, or internal deliberation about whether this structure is good or bad, or how it should be changed.",,,,,,0
366,"Also, does  the 10% ""window"" just  apply  to subclause  (Ill), i.e.   the status of the child, or does it also waive (11), which is the status of the parent.",0,1,"Yes, the sentence is asking a question about the scope and application of a rule or policy ('the 10% 'window''). This indicates that the agency is still in the process of determining how to interpret or apply this rule, meaning a final decision on its scope or application has not yet been made.","Yes, the sentence is a question seeking clarification on the interpretation of a rule. It reflects an internal inquiry and discussion about how a policy should be understood and applied, which is a core part of the deliberative process. It is not a statement of fact but rather an internal query contributing to policy formulation or application.",,,,,,1
367,"4. Use of funds: use of term ""assistance"" could be narrower than intended.",0,1,"Yes, the sentence discusses the potential interpretation of a term ('assistance') in the context of 'use of funds,' suggesting that the scope or definition is still under consideration and a final decision or policy has not yet been made regarding how funds will be used or how the term will be applied. The phrase 'could be narrower than intended' indicates an ongoing assessment rather than a final conclusion.","Yes, the sentence expresses an opinion or concern about the potential impact of a specific term ('assistance'). It's an assessment that the term 'could be narrower than intended,' which is a subjective evaluation and a point for internal discussion or deliberation, not a statement of objective fact or established policy.",,,,,,1
368,Note this substantially broadens the purpose of WtW funds.,0,1,"Yes, the sentence implies an ongoing discussion or assessment of a change (broadening the purpose of funds), suggesting that a final decision on the scope or implications of this change has not yet been made or fully settled. It's an observation made during a process, not a statement of final policy.","Yes, the phrase 'substantially broadens' is an assessment or an opinion about the degree of change, rather than a purely objective, undisputed fact. It reflects the author's interpretation or judgment of the impact, which is characteristic of internal deliberation and policy discussion.",,,,,,1
369,5. What does state option to disregard child support collections for purposes of determining TANF eligibility achieve?,0,1,"Yes, this sentence is a question exploring the implications or achievements of a policy option (state option to disregard child support collections for TANF eligibility). Such questions are typically asked during the evaluation phase, before a final decision is made regarding the policy's implementation, modification, or continuation.","Yes, while it is a question rather than a direct opinion or recommendation, it is clearly soliciting information, analysis, or understanding that would contribute to internal deliberation. It's part of the 'give-and-take' of the decision-making process, probing for the rationale or impact of a policy choice, which is a key aspect of deliberative material.",,,,,,1
370,"Can't states already set their own TANF eligibility rules, including how child support is counted?",0,1,"Yes, the sentence is a question about existing rules or authority, implying an internal discussion or exploration of an issue before a final decision or policy is formulated. It seeks to clarify a foundational aspect relevant to potential future actions or decisions.","Yes, the sentence is a question phrased as 'Can't states already...?' This reflects an internal inquiry, a thought process, or a point of discussion within the agency. It's not a simple statement of fact but rather an attempt to understand or confirm a policy space, contributing to the 'give-and-take' of the decision-making process.",,,,,,1
371,6. looks like they have not addressed most of the concerns around using child support funds for fatherhood program (other than to give slightly more definition to a fatherhood program),0,1,"Yes, the sentence discusses 'concerns around using child support funds for fatherhood program' that 'have not addressed most' of the issues. This indicates that a final decision or resolution regarding the use of these funds or the program's design is still pending and under discussion.","Yes, the phrase 'looks like they have not addressed most of the concerns' is an opinion or an assessment by the author. It reflects the author's personal view on the adequacy of responses to concerns, which is part of the internal 'give-and-take' of the decision-making process, rather than a statement of established fact or final agency policy.",,,,,,1
372,Bayh and Domenici will introduce Responsible Fatherhood bill at a press conference Thursday afternoon.,0,0,"No, this sentence describes a future public event (introduction of a bill at a press conference). It is a factual statement about an action that will occur, not an internal agency decision that is still pending or being debated.","No, this sentence is a factual statement about a scheduled event. It does not express an opinion, recommendation, or internal deliberation. It simply states what will happen.",,,,,,0
373,"They expect to be joined by groups supporting the bill (I don't know exactly who, but they've been reaching out broadly to groups across the Fatherhood spectrum).",0,0,"Yes, the sentence discusses expectations and outreach efforts related to a bill, indicating an ongoing process where final decisions regarding the bill's support or strategy have not yet been made.","No, the sentence primarily reports on external expectations and actions ('They expect to be joined by groups,' 'they've been reaching out broadly') and the author's current state of knowledge ('I don't know exactly who'). It does not express an opinion, recommendation, policy position, or internal deliberation of the agency itself. It's more of an informational update about external stakeholders rather than the agency's internal 'give-and-take' decision-making process.",,,,,,0
374,"Likely D co-sponsors include: Breaux, Landrieu, Lieberman, Lincoln, Robb, Grahan, Domenici is reaching to Rs.",0,1,"Yes, the sentence discusses potential co-sponsors for an unspecified legislative action, indicating that a final decision on co-sponsorship or the legislative strategy has not yet been made. It's an assessment in advance of an agency's action.","Yes, the phrase 'Likely D co-sponsors include' is an opinion or prediction, not a statement of established fact. It reflects an internal assessment or strategy regarding potential support. The note 'Domenici is reaching to Rs' also describes an ongoing, strategic effort, which is part of internal deliberation.",,,,,,1
375,"Once the bill is introduced, they expect to do some fine tuning and gather more co-sponsors.",0,1,"Yes, the sentence discusses future actions ('fine tuning' and 'gather more co-sponsors') related to a bill that has not yet been finalized or passed. This indicates that a final decision on the bill's content or its ultimate fate has not yet been made.","Yes, the sentence expresses an expectation and a plan for future strategic actions ('expect to do some fine tuning and gather more co-sponsors'). This reflects internal planning and strategy regarding the bill's development and support, rather than a statement of fact or established policy.",,,,,,1
376,"Bayh's staff has given Ron Haskins a heads up, and got the impression Johnson's bill will be on a somewhat slower track.",0,1,"Yes, the sentence discusses the likely future trajectory of a bill ('will be on a somewhat slower track'), which indicates that a final decision regarding the bill's status or timeline has not yet been made. It's an ongoing legislative matter.","Yes, the phrase 'got the impression' clearly indicates an opinion, an assessment, or an internal interpretation of information received, rather than a definitive fact or established policy. It reflects an internal view or understanding.",,,,,,1
377,"In summary, the bill :         1. authorizes $75 million in challenge grants for state and local media campaigns;",0,0,"This sentence summarizes a provision of a bill. While the bill itself may be in a pre-decisional stage (i.e., not yet passed into law), the sentence itself is a factual description of what the bill proposes to authorize. It is not an agency's internal decision or a step in an agency's decision-making process regarding its own actions, but rather a description of a legislative proposal.","No, this sentence states a factual provision of a bill: that it 'authorizes $75 million in challenge grants.' It does not express an opinion, recommendation, personal view, or internal deliberation. It is a straightforward summary of a legislative proposal's content.",,,,,,0
378,2. authorizes $75 million for responsible parenting block grants to states;,0,0,"No, the sentence uses the word 'authorizes,' which implies a decision has already been made or an action has already been taken. It states an existing authorization rather than discussing a potential future decision.","No, the sentence states a specific amount and purpose of funding, which reads as a factual statement about an authorization, not an opinion, recommendation, or internal deliberation. It does not reflect the personal views of the author but rather a specific programmatic detail.",,,,,,0
379,3. authorizes $2 million for a national parenting support clearinghouse;,0,0,"No, the word 'authorizes' suggests a final decision or action has already been made or is being formally stated. It does not sound like a proposal or an issue still under consideration for a future decision.","No, this sentence states a fact about an authorization ($2 million for a clearinghouse). It does not express an opinion, recommendation, or internal deliberation about whether or not to authorize it, or how much to authorize.",,,,,,0
380,4. makes some WtW eligibility changes and raises allowable in-kind match to 75% (while not required by        5.),0,1,"Yes, the sentence describes proposed or internally decided policy changes ('makes some WtW eligibility changes and raises allowable in-kind match to 75%'). The parenthetical 'while not required by 5.' indicates a discretionary choice, suggesting that a final, external decision on these specific parameters has not yet been made or is still subject to internal discussion and finalization. It implies an ongoing process of policy formulation.","Yes, the sentence expresses a policy choice or recommendation. The phrase 'raises allowable in-kind match to 75% (while not required by 5.)' explicitly highlights a discretionary decision that goes beyond what is mandated. This reflects an internal policy preference or recommendation rather than a mere statement of fact or established policy. It shows the agency's 'give-and-take' in deciding what action to take.",,,,,,1
381,5. encourages child support pass through by foregiving federal share of first $75 passed through to families that is disregarded from determining TANF eligibility and allows states to count their portion of pass-through toward TANF MOE;,0,0,"The sentence describes a policy mechanism and its effects. If this is part of a discussion about adopting or modifying such a policy, then a final decision has not yet been made, making it predecisional. We will assume this context for the purpose of evaluation.","The sentence states that the policy 'encourages child support pass through by foregiving federal share...' and 'allows states to count their portion...'. This is a descriptive statement of how a policy functions or would function, outlining its features and intended effects. It does not express a personal opinion, a recommendation, or a subjective assessment of the author. It presents information about the policy rather than reflecting the internal 'give-and-take' of the decision-making process or the author's personal views.",,,,,,0
382,6.  allows states who opt for child support pass through to use a similar amount of child support funds for fatherhood/parenting promotion without getting a waiver;,0,1,"Yes, the sentence describes a potential policy feature or allowance. The phrasing 'allows states' suggests it is either a proposed element of a policy under consideration or a feature of a policy that has not yet been finalized. Therefore, a final decision on this specific allowance or the policy it belongs to has likely not yet been made.","Yes, the sentence expresses a proposed policy element. In the context of internal government communication, describing what a policy 'allows' (especially as an item in a numbered list) is part of the internal 'give-and-take' of policy formulation. It reflects a view on what the policy should contain or how it should operate, rather than a mere statement of an established, public fact. It contributes to the agency's internal deliberation on shaping policy.",,,,,,1
383,7. explicitly lists family formation as one of purposes for which TANF HPB funds will be awarded.,0,0,"No, this sentence describes what a document (point 7) already 'explicitly lists.' It refers to an existing statement or policy, not an issue where a final decision has not yet been made. It's a description of current content, not a pending decision.","No, this sentence is a factual statement about the content of a document. It reports that '7. explicitly lists' something, which is a description of what is written, not an opinion, recommendation, or internal deliberation. It does not express a personal view or suggest a policy.",,,,,,0
384,Based on conversation w/ Bayh's staff today:,0,0,"This sentence is an introductory phrase indicating the source of information that will follow. It does not, by itself, state whether a final decision has been made or not. However, conversations with staff are typically part of the information-gathering or consultation phase that precedes a final decision, rather than a statement of a decision itself. So, it is likely pre-decisional in context.","This sentence is a factual statement about the source of information (a conversation with Bayh's staff). It does not express an opinion, recommendation, or internal deliberation. It merely attributes the content that will follow.",,,,,,0
385,"1. they seem willing to consider going beyond the Kennedy technical to include the broader eligibility changes in Cardin's bill, particularly to include a broader group of low income fathers.",1,1,"Yes, the sentence discusses what 'they seem willing to consider' and potential 'eligibility changes,' indicating that a final decision on the scope of these changes has not yet been made and is still under discussion or negotiation.","Yes, the phrase 'they seem willing to consider' is an assessment or opinion about the potential stance or inclination of another party regarding policy changes. It reflects an internal evaluation of a possible direction or recommendation for further action, rather than a statement of established fact.",,,,,,1
386,I sent them side-by-side of current law and Cardin's bill and Charlie will call DOL.,1,0,"Yes, the act of sending a comparison of current law and a bill, and planning a call to the Department of Labor, suggests an ongoing process of analysis and information gathering, likely preceding a final decision on the bill or related policy.","No, this sentence describes factual actions taken (sending a document) and planned (Charlie will call DOL). It does not express an opinion, recommendation, or internal deliberation about policy or strategy. It's a statement of administrative actions.",,,,,,0
387,2. they generally want to be helpful on WtW but don't want to lose broader fatherhood approach.,1,1,"Yes, the sentence discusses a desire to balance two approaches (WtW and broader fatherhood), indicating that a final decision on how to best integrate or prioritize these has not yet been made. It reflects an ongoing policy discussion.","Yes, the sentence expresses an internal preference or consideration ('they generally want to be helpful... but don't want to lose...'). It reflects an opinion or a strategic tension within the agency's thinking, rather than a statement of fact or established policy.",,,,,,1
388,Sounds like they fear more WtW will result in less R support.,1,1,"Yes, the sentence discusses a potential outcome (less R support) resulting from a potential action (more WtW), implying that the agency is still assessing the implications and a final decision on the action or how to address these fears has not yet been made.","Yes, the phrase 'Sounds like they fear...' is an interpretation or opinion about the perceived concerns of others regarding a potential policy outcome. It reflects an internal assessment or speculation, not a statement of fact or established agency policy.",,,,,,1
389,3. media campaign is intended to rec3ch a broad group of fathers all incomes and both those living with their kids and those not.,0,1,"Yes, the phrase 'is intended to reach' indicates that the media campaign's scope is a proposed objective or plan, not a final decision that has been made or executed. It concerns an issue where the final characteristics of the campaign are still being formulated.","Yes, this sentence expresses a proposed characteristic or objective for the media campaign. It reflects internal thinking about the design and scope of the campaign, which is part of the 'give-and-take' of the decision-making process. It's not a statement of an established fact or policy, but rather a description of a goal or design parameter that is still under consideration.",,,,,,1
390,Challenge grant approach and amount is based on ONDCP campaign.,0,0,"This sentence describes the basis for a challenge grant approach and amount. It states that it 'is based on' the ONDCP campaign. This sounds like an explanation of an existing framework or a decision that has already been made regarding the basis, rather than a discussion about a decision yet to be made. It does not indicate an ongoing debate or a future choice.","This sentence appears to be a factual statement about the origin or rationale behind the challenge grant approach and amount. It states a relationship ('is based on') rather than expressing an opinion, recommendation, or personal view. It does not reflect the internal 'give-and-take' of the decision-making process.",,,,,,0
391,They understand TANF funds can also be used to promote formation of two parent families.,1,0,"The sentence states an understanding of what can be done with TANF funds. This knowledge could be part of a discussion or process leading to a decision on how to allocate or use those funds. Therefore, it could be considered predecisional if a decision on fund allocation or program implementation is pending.","The sentence states 'They understand TANF funds can also be used...'. This is a statement about the permissible uses of funds, or an interpretation of existing rules/policy. It does not express a personal opinion, a recommendation, or a 'give-and-take' of ideas. It's more of a factual statement about the scope of the program or a shared understanding of policy, rather than a personal view or a proposal for action. It does not reflect the internal deliberation process itself.",,,,,,0
392,"4. still don't have exact costs - waiting for scoring on child support pass-through, but envision something in the $2 8 over 5 years ballpark (w/ bulk of funds for pass-through).",0,1,"Yes, the sentence states 'still don't have exact costs - waiting for scoring,' indicating that a final decision on the costs or the financial plan has not yet been made. The cost figure provided is an estimate ('envision something in the $2 8 over 5 years ballpark'), not a final, decided amount.","Yes, the sentence expresses an internal estimate or projection ('envision something in the $2 8 over 5 years ballpark') and explains the ongoing process ('waiting for scoring'). This reflects the author's personal view or an internal deliberation about potential costs, rather than a definitive fact or established agency policy.",,,,,,1
393,5. purposefully leaving block grant uses very vague to allow states to try a variety of approaches; have not yet done runs on block grant formula but realize they may need to set a small state floor.,1,1,"Yes, the sentence discusses ongoing considerations regarding block grant uses, formula runs, and the potential need for a small state floor. Phrases like 'purposefully leaving... vague,' 'have not yet done runs,' and 'realize they may need to set' indicate that these are not final decisions but rather matters still under active discussion and development.","Yes, the sentence expresses internal policy choices ('purposefully leaving block grant uses very vague to allow states to try a variety of approaches') and an internal realization/recommendation ('realize they may need to set a small state floor'). It reflects the agency's thinking and strategy development, not a statement of established fact or final policy.",,,,,,1
394,6. they've coordinated w/ Kohl on pass through and see the major difference between their approaches as one of cost -- they cap amount of pass-through Feds will participate in at $75 whereas Kohl is open-ended.,0,1,"Yes, the sentence describes different approaches to 'pass-through' costs and highlights a 'major difference' between them (a $75 cap vs. open-ended). This indicates that a final decision on which approach to adopt or how to reconcile these differences has not yet been made. It's discussing options before a final policy is set.","Yes, the sentence expresses an internal assessment of different policy options or positions. By stating 'they see the major difference between their approaches as one of cost' and detailing those differences, it reflects an analysis and comparison of potential policy choices. This is part of the internal 'give-and-take' of the decision-making process, rather than a mere statement of an established fact or final policy.",,,,,,1
395,They still understand that their propo al to allow state share of child support pass-through to count towards TANF MOE goes beyond what's currently allowed (HHS -TA here could be helpful.,1,1,"Yes, the sentence discusses a 'proposal' and suggests that it 'goes beyond what's currently allowed,' indicating that a final decision on this specific accounting method for TANF MOE has not yet been made. It also includes a suggestion for 'HHS -TA here could be helpful,' implying ongoing discussion and evaluation.","Yes, the sentence expresses an assessment or interpretation of the proposal's implications ('goes beyond what's currently allowed') and offers a recommendation or suggestion for internal action/consultation ('HHS -TA here could be helpful'). This reflects internal 'give-and-take' and an opinion on how to proceed.",,,,,,1
396,Charlie is reaching out to Lauren or Mary).,0,0,"This sentence describes an action (Charlie is reaching out) but does not provide context about whether this action relates to a pending agency decision or a matter where a final decision has not yet been made. It is a statement of fact about communication, not a component of a decision-making process itself.","No, this sentence is a factual statement describing an action. It does not express an opinion, recommendation, legal advice, or policy view. It does not reflect the internal give-and-take of a decision-making process.",,,,,,0
397,7. allowing states who elect child support pass-through to use $50 (this was purposefully less than the $75 to keep costs down) for fatherhood/parenting activities without getting a waiver is seen as a way to supplement the modest block grant funding.,1,1,"Yes, the sentence discusses a potential policy or rule ('allowing states... to use $50... without getting a waiver') and provides an internal rationale for a specific parameter ('this was purposefully less than the $75 to keep costs down'). This indicates that a final decision on this matter has not yet been made and is still under consideration or formulation.","Yes, the sentence expresses an internal rationale ('this was purposefully less than the $75 to keep costs down') and an opinion or strategic justification ('is seen as a way to supplement the modest block grant funding'). This reflects the agency's internal thinking and policy formulation process, rather than a statement of established fact or final policy.",,,,,,1
398,They seemed receptive to the concern that there should be some more direct benefit or connection to famllies involved with the child support program (HHS - TA here could be helpful),1,1,"Yes, the sentence discusses a 'concern that there should be some more direct benefit' and suggests 'HHS - TA here could be helpful.' This indicates an ongoing discussion about potential program changes or improvements, not a final decision or established policy. It precedes any agency action on this matter.","Yes, the sentence expresses an observation ('They seemed receptive') and a recommendation/suggestion ('there should be some more direct benefit,' 'HHS - TA here could be helpful'). These are not statements of fact but rather internal thoughts, opinions, and suggestions regarding potential future actions or policy adjustments, reflecting the 'give-and-take' of the decision-making process.",,,,,,1
399,8. reason for explicitly listing family formation as part of the High Performance Bonus: it's not included in current guidance and this will ensure it's included in future rule.,1,1,"Yes, the sentence discusses a 'reason for explicitly listing family formation' and states 'this will ensure it's included in future rule.' This indicates that a decision about future guidance or rules is still being formulated, and the proposed inclusion is not yet final. It precedes the agency's final action on the rule.","Yes, the sentence provides a 'reason' or justification for a proposed action ('explicitly listing family formation'). It explains the rationale behind a potential policy change ('it's not included in current guidance and this will ensure it's included in future rule'). This reflects an internal discussion, recommendation, or policy opinion about what should be included in future rules, rather than a mere statement of fact.",,,,,,1
400,They'll probably revise the bill at least once more befor Thursday.,1,1,"Yes, the sentence indicates that a bill is still subject to revision, meaning a final decision on its content or form has not yet been made. The process is ongoing.","Yes, the phrase 'They'll probably revise...' expresses an opinion or a prediction about future actions regarding the bill. It reflects an internal assessment or speculation, not a statement of established fact or agency policy.",,,,,,1
401,This memo outlines three things: first; the overarching theme we propose for the State of the Union;,0,1,"Yes, the sentence uses the word 'propose,' indicating that the theme for the State of the Union is still under consideration and a final decision has not yet been made.","Yes, the phrase 'we propose' expresses a recommendation or an opinion, reflecting an internal deliberation rather than a statement of fact or established policy.",,,,,,1
402,"second, the ""big ideas"" initiative that should be the centerpiece of the speech and the budget;",0,1,"Yes, the sentence uses 'should be,' indicating a recommendation or suggestion for future action regarding the content of a speech and budget, implying that a final decision has not yet been made on what will be the centerpiece.","Yes, the phrase 'should be the centerpiece' expresses an opinion or recommendation about how an initiative ought to be positioned, rather than stating a fact or an established policy. It reflects internal deliberation on strategy and content.",,,,,,1
403,"third, the eight signature policies that comprise the ""big ideas"" package.",0,0,"This sentence describes a package of policies. Without further context, it's difficult to definitively say if a final decision has been made on these policies or the package itself. It could be an item under discussion before a decision, or a descriptive item after a decision. However, even if it were part of a predecisional discussion, it does not meet the deliberative criteria.","No, this sentence states a descriptive fact: 'the eight signature policies that comprise the 'big ideas' package.' It does not express an opinion, recommendation, or internal deliberation. It is a factual identification or description, not a reflection of the 'give-and-take' of the decision-making process.",,,,,,0
404,I. THEME: RESPONSIBILITY FOR THE FUTURE,0,0,"This sentence presents a theme. If this theme is part of an ongoing discussion for a future policy, report, or initiative where the content or direction is still being decided, then it would be pre-decisional. Without further context, we assume it's part of an evolving discussion.","This sentence states a theme. It does not express an opinion, a recommendation, or a specific internal deliberation. It's a factual statement of what the theme is, rather than a personal view, a proposal, or a discussion point reflecting the 'give-and-take' of decision-making.",,,,,,0
405,"The theme we recommend for the State of the Union is ""Responsibility for the Future.""",1,1,"Yes, the sentence uses the word 'recommend,' indicating that a final decision on the State of the Union theme has not yet been made. It is a suggestion preceding a final agency action.","Yes, the sentence expresses a 'recommendation' for a theme, which is an opinion or a suggestion, not a statement of fact or an established policy. It reflects internal deliberation.",,,,,,1
406,"This theme brings together all the major elements of your agenda: strengthening Medicare and Social Security, and reducing the debt; investing in and reforming public education; bridging the digital divide; investing in Scientific research; protecting the environment; promoting peace around th world; and closing the opportunity gap.",0,1,"Yes, the sentence concerns the framing or articulation of an agenda, where the final decision on the specific theme or communication strategy may not yet have been made. It is likely part of an internal discussion about how to best present the agenda.","Yes, the phrase 'This theme brings together all the major elements of your agenda' expresses an opinion or judgment about the effectiveness and suitability of a particular theme in unifying the agenda items. It is an evaluative statement rather than a purely factual one, reflecting internal deliberation on messaging.",,,,,,1
407,"""Responsibility for the Future"" reinforces both liberal convictions about equity (leave no one behind) and Third Way sensibilities about accountability (let no one fail to do his part).",0,1,"Yes, this sentence analyzes a concept ('Responsibility for the Future') which, in a government context, is likely being discussed or evaluated as part of a policy formulation or strategic planning process where a final decision has not yet been made. It serves as an input to a potential future decision.","Yes, the sentence expresses an interpretation and analysis of the concept, stating what it 'reinforces.' This is an opinion or an analytical judgment about the nature and implications of the concept, rather than a purely factual statement or established agency policy.",,,,,,1
408,"It is consistent with your longstanding theme of ""responsibility, opportunity; and community,"" and sets forth a powerful message that will resound long after we're gone.",0,1,"This sentence evaluates a 'theme' or 'message,' praising its consistency and power. It is an assessment that would typically be made in the context of considering, developing, or refining a communication strategy, policy, or speech. Therefore, it is likely part of a discussion leading to a future decision, rather than a statement about a decision already made or a justification of a past action. It precedes the agency's final action regarding the use or adoption of this message.","Yes, this sentence expresses clear opinions and subjective assessments. Phrases like 'It is consistent with your longstanding theme,' 'sets forth a powerful message,' and 'will resound long after we're gone' are not objective facts but rather the author's personal views and evaluations of the message's quality and potential impact. This reflects the internal 'give-and-take' of the decision-making process.",,,,,,1
409,"The country has come a long way these seven years, enabling us to turn even more to challenges of the next generation.",0,0,"No. The sentence is a general statement about past progress and future potential focus. It does not refer to a specific, pending decision or a particular issue where a final conclusion needs to be reached. It's a broad observation rather than an input created specifically to assist a decision-maker in reaching a final conclusion on a concrete matter.","Yes. The phrases 'has come a long way' and 'enabling us to turn even more to challenges of the next generation' are subjective assessments and strategic outlooks, reflecting an opinion or a viewpoint rather than a verifiable fact.",,,,,,0
410,"II. BIG IDEA: CLOSING THE OPPORTUNITY GAP We believe your ""big idea"" for the budget and the State of the Union should be a ""Closing the Opportunity Gap"" initiative.",1,1,"Yes, the sentence proposes a 'big idea' for the budget and the State of the Union, indicating that decisions on these matters have not yet been finalized. It is a suggestion for future action.","Yes, the phrase 'We believe your 'big idea' ... should be...' clearly expresses an opinion and a recommendation, not a statement of fact or established policy. It reflects internal deliberation on policy direction.",,,,,,1
411,"It is a package of eight signature proposals described in the next section, and would highlight three or four major budget pieces.",0,1,"Yes, the sentence describes 'proposals' and what 'would highlight' certain budget pieces, indicating that these are not final decisions but rather ideas or plans under consideration. The use of 'would' suggests a future action or a strategic choice yet to be finalized.","Yes, while the first part describes the content ('a package of eight signature proposals'), the second part ('and would highlight three or four major budget pieces') expresses a strategic choice or recommendation about what should be emphasized. It reflects internal planning and a decision about how to present or focus the proposals, rather than a simple statement of fact or established policy. The choice of 'three or four' also implies a range of options or a decision point.",,,,,,1
412,"We had considered other  labels for this initiative (""Leaving  No One Behind,"" ""Every  Child's  Initiative,"" and  ""Education First"") but advocate ""Closing the Opportunity Gap"" because it shows continuity with your core philosophy and values, suggests a sweeping challenge worthy of a sweeping response, and provides a framework that will energize the entire economic and domestic team, from Summers and Herman to Shalala, Riley; and Cuomo.",1,1,"Yes, the sentence discusses advocating for a specific label for an initiative, implying that the final decision on the label has not yet been made. It is part of a process leading to a decision.","Yes, the sentence expresses an opinion and recommendation ('we advocate ""Closing the Opportunity Gap"" because...') and provides subjective reasons for that recommendation. It reflects internal deliberation and the author's personal views rather than established facts or policy.",,,,,,1
413,III. EIGHT SIGNATURE ELEMENTS OF CLOSING THE OPPORTUNITY  GAP,0,0,"This sentence is a heading or topic introduction. It refers to 'elements' related to a goal ('closing the opportunity gap'), suggesting that the specific elements or the strategy for achieving this goal are likely still under discussion, formulation, or consideration, rather than being a final, decided policy. Therefore, it concerns an issue where a final decision has not yet been made.","This sentence is a heading. It introduces a topic ('Eight signature elements of closing the opportunity gap') but does not express an opinion, recommendation, or internal deliberation itself. It is a descriptive label for a section, indicating what will be discussed, rather than offering a personal view, advice, or a proposal. It is factual in its nature as a heading.",,,,,,0
414,Your final State of the Union should  be  more than a  laundry  list  of  worthy  ideas (although we provide such a list in three longer memos which are attached).,1,1,"Yes, the sentence refers to 'Your final State of the Union' and offers advice on how it 'should be,' indicating that the content and format of the address are still under consideration and a final decision has not yet been made.","Yes, the sentence expresses a clear recommendation or opinion: 'Your final State of the Union should be more than a laundry list of worthy ideas.' This is not a statement of fact but rather an evaluative judgment and advice intended to influence the decision-making process.",,,,,,1
415,"Here, we outline a package of signature ""Opportunity Gap"" proposals.",1,1,"Yes, the sentence refers to 'proposals,' indicating that these are ideas or recommendations that have not yet been finalized or adopted as agency policy. A final decision on these proposals is still pending.","Yes, outlining 'proposals' is an act of internal deliberation, presenting ideas for consideration and discussion within the agency's decision-making process. It reflects the 'give-and-take' of developing policy rather than stating an established fact or final decision.",,,,,,1
416,These  proposals  representthe core of your doniestk vision; they are ambitious  ideas  that will  stick  in the  public  mind.,1,1,"Yes, the sentence refers to 'proposals' and 'ideas' which implies that a final decision on these matters has not yet been made. It discusses potential policy concepts rather than established policy.","Yes, the sentence expresses subjective opinions and assessments such as 'represent the core of your doniestk vision,' 'ambitious ideas,' and 'will stick in the public mind.' These are not objective facts but rather judgments and predictions about the nature and impact of the proposals, reflecting internal deliberation.",,,,,,1
417,"They are bold enough to show that  your imperative is  action,  and appealing enough  to stand  a chance of enactment this year.",1,1,"Yes, the sentence discusses the potential for 'enactment this year,' indicating that a final decision on enactment has not yet been made. It's a forward-looking assessment.","Yes, the sentence expresses an opinion and assessment using phrases like 'bold enough to show' and 'appealing enough to stand a chance.' These are subjective judgments and evaluations, not objective facts, reflecting internal deliberation about the merits and prospects of a proposal.",,,,,,1
418,"Together, they give purpose and principle to yom final year's agenda.",1,1,"Yes, the sentence refers to an 'agenda,' which is a plan of action or a list of items to be addressed. The act of giving 'purpose and principle' to an agenda implies that the agenda itself is still being formulated, refined, or decided upon, rather than being a final, settled decision.","Yes, the phrase 'give purpose and principle' is an evaluative statement, expressing an opinion or an assessment of how certain elements contribute to the strategic direction or underlying philosophy of the agenda. It reflects internal thought and deliberation about the nature and intent of the agenda, rather than a simple statement of fact.",,,,,,1
419,"The ""Opportunity Gap"" initiative consists of eight proposals:",0,0,"Yes, the mention of 'proposals' suggests that final decisions on these items have not yet been made, indicating a pre-decisional stage.","No, this sentence is a factual statement describing the composition of an initiative. It does not express an opinion, recommendation, or internal deliberation; it simply states what the initiative 'consists of'.",,,,,,0
420,1) universal pre-school to give all poor children  a smart start;,0,1,"Yes, this sentence proposes a policy idea (universal pre-school) and its intended outcome. This suggests it is part of a discussion or recommendation process before a final decision on implementing such a program would be made.","Yes, the sentence expresses a policy recommendation or an opinion on a desired initiative ('universal pre-school to give all poor children a smart start'). It is not a statement of fact but rather a proposed course of action or a policy goal.",,,,,,1
421,2) universal  after-school  to help kids meet  high standards;,0,1,"Yes, this sentence proposes a concept or program ('universal after-school') with a stated goal. It does not describe a decision that has already been made or a final policy. It sounds like an idea under consideration.","Yes, this sentence expresses a policy idea or recommendation ('universal after-school to help kids meet high standards'). It is not a statement of fact but rather a proposed course of action or a concept being deliberated upon within the agency.",,,,,,1
422,3) a plan to turn around every failing school over the next decade;,0,0,"Yes, a plan for the next decade implies that the specific details and implementation of this plan are likely still under discussion, refinement, or awaiting final approval. It is forward-looking and not a description of a past, final decision or action.","No, the sentence describes the existence of 'a plan' as an item in a list (implied by '3)'). It does not express an opinion, recommendation, or internal deliberation about the plan itself, nor does it offer advice or a personal view. It is a factual statement about a proposed initiative.",,,,,,0
423,4) measures to bridge the digital divide;,0,0,"Yes, this sentence likely refers to an area where specific actions or policies are yet to be decided or implemented, indicating a predecisional stage.","No, this sentence is a concise phrase identifying a topic or area of focus ('measures to bridge the digital divide'). It does not express a specific opinion, recommendation, or personal view of the author regarding those measures. It's a factual description of a policy area, not an internal deliberation or a 'give-and-take' statement itself.",,,,,,0
424,5) a set of new steps to help low-income students get into college and complete a degree;,0,0,"Yes, the phrase 'new steps' implies that these are proposals or ideas under consideration, and a final decision on their implementation or specific details has not yet been made.","No, this sentence describes a topic or an area of potential action ('a set of new steps'). It does not express an opinion, a recommendation, a personal view, or the internal 'give-and-take' of the decision-making process. It's a descriptive statement of what is being considered, rather than a deliberation itself.",,,,,,0
425,6) proposals to encourage absent fathers to take responsibility for the support and love they owe their children;,0,1,"Yes, the sentence refers to 'proposals,' which are ideas or suggestions put forward for consideration, indicating that a final decision on these specific actions has not yet been made. They precede an agency's action.","Yes, the sentence describes potential 'proposals to encourage absent fathers...' This is not a statement of fact, but rather a topic for discussion, a potential policy idea, or a recommendation being considered within the agency. It reflects the internal 'give-and-take' of policy formulation.",,,,,,1
426,7) a new bargain of tax cuts and other measures to reward work and family;,0,1,"Yes, the phrase 'a new bargain' suggests a proposal or an idea that is still being considered or formulated, not a final decision that has already been made or implemented. It indicates an issue where a final decision is pending.","Yes, the sentence describes a proposed policy initiative or concept ('a new bargain of tax cuts and other measures to reward work and family'). This is not a statement of fact but rather a policy idea, recommendation, or an element of internal deliberation about future actions. It reflects a viewpoint or a potential direction.",,,,,,1
427,and 8) a major expansion of New Markets to help aH communities share in economic prosperityâ€¦,0,1,"Yes, the sentence describes a proposed action or initiative ('a major expansion of New Markets'), implying that a final decision on this expansion has not yet been made. It is a forward-looking statement about a potential future action.","Yes, the sentence expresses a recommendation or a proposed policy idea ('a major expansion of New Markets to help aH communities share in economic prosperity'). It is not a statement of established fact or a final agency policy, but rather an idea being considered or discussed as part of internal deliberations.",,,,,,1
428,1.. Early Childhood/Universal Pre-School.,0,0,This sentence is a topic heading or label. It does not inherently indicate whether a final decision has been made or is pending regarding 'Early Childhood/Universal Pre-School.' It simply names a subject area.,"No, this sentence does not express an opinion, recommendation, or internal deliberation. It is a factual label or topic identifier, not a reflection of the 'give-and-take' of the decision-making process.",,,,,,0
429,"With a significant down payment in the FY2001 budget, you can lay the groundwork for achieving a  goal  that you,  the  Vice  President,  and  the First  Lady  have talked  about for  some time:   universal access to pre-school  for every 4-year-old.",1,1,"Yes, the sentence discusses a 'significant down payment in the FY2001 budget' to 'lay the groundwork for achieving a goal.' This indicates that decisions regarding the budget allocation and the implementation of the pre-school access goal are still pending and have not been finalized.","Yes, the sentence offers a recommendation or suggestion for action ('you can lay the groundwork for achieving a goal') rather than stating an established fact or policy. It reflects a strategic discussion on how to achieve a policy objective.",,,,,,1
430,There  are a number  of ways to do this:,0,0,"Yes, the sentence implies that a task or objective has been identified, but the specific method or approach to achieve it is still under consideration. It suggests that options are about to be presented or discussed, meaning a final decision on 'how to do this' has not yet been made.","No, this sentence is an introductory statement indicating that multiple options exist. It does not express a specific opinion, recommendation, or internal deliberation. It's a neutral statement setting the stage for a discussion of options, rather than being part of the 'give-and-take' of the decision-making process itself.",,,,,,0
431,â—¦ Dramatic increase in Head Start funding.,0,0,"The sentence states 'Dramatic increase in Head Start funding.' This sounds like a factual observation or a summary point, rather than an issue where a final decision has not yet been made. It does not explicitly propose an action or discuss a pending decision. It could be reporting on a past event, a current state, or a proposed budget item that has already been decided or is merely being described. Without further context, it is difficult to definitively classify it as pre-decisional.","The sentence describes an 'increase in Head Start funding.' While the adjective 'dramatic' introduces a subjective assessment, the core of the sentence is a descriptive statement about funding. It does not express a recommendation, legal advice, or a policy opinion. It is not reflecting the 'give-and-take' of the decision-making process, but rather stating a condition or an outcome. It functions more as a descriptive fact or a summary point than an internal deliberation.",,,,,,0
432,"'Could expand by $1 billion ver FY'00, to expand Head Start from 880,000 children to 11early 1,000,000 in FY '01.",1,1,"Yes, the sentence uses 'Could expand' and refers to future fiscal years (FY'00, FY'01), indicating a potential action or proposal rather than a final decision that has already been made or implemented.","Yes, the phrase 'Could expand' expresses a possibility, a projection, or a recommendation being considered, rather than a statement of current fact or established policy. It reflects internal thinking about future plans or options.",,,,,,1
433,A path for future fund  increases to make Head Start universal  could also be established.,1,1,"Yes, the sentence discusses 'future fund increases' and a 'path...could also be established,' indicating that a final decision on this matter has not yet been made. It's a potential future action.","Yes, the phrase 'could also be established' is a suggestion or a recommendation for a potential course of action, reflecting an idea or option under consideration rather than a statement of fact or established policy.",,,,,,1
434,Early Childhood Learning Fund. A dramatic increase in  the Early Childhood Leaming Fund combined with  a path for  future  increases.,1,1,"Yes, the sentence discusses a 'dramatic increase' and 'a path for future increases' for a fund, indicating a proposed action or policy direction where a final decision has not yet been made. It's not stating an existing fact or a decision already implemented.","Yes, the sentence expresses a desired outcome or a recommendation ('A dramatic increase... combined with a path for future increases') rather than a simple statement of fact. It reflects a policy opinion or a strategic goal being considered.",,,,,,1
435,Could expand  to $1  billion  for FY O1 - $400 million increase and aim for $10-$20 billion Over 10 years.,0,1,"Yes, the sentence uses 'Could expand' and 'aim for,' indicating a discussion of potential future budget figures and goals, not a final decision or an established budget. The decision on these specific financial targets has not yet been made.","Yes, the phrases 'Could expand' and 'aim for' express a recommendation, a potential course of action, or a target. They reflect an internal deliberation about future policy or budget planning rather than a statement of fact.",,,,,,1
436,2. Universal  After-School.,0,0,"This sentence appears to be a topic or an item on a list, such as an agenda item or a program concept. It does not state a final decision or justify one. Therefore, it is likely pre-decisional, concerning an issue where a final decision has not yet been made.","This sentence is a descriptive phrase or a label for a concept ('Universal After-School'). It does not express an opinion, a recommendation, legal advice, or a policy opinion. It does not reflect the 'give-and-take' of the decision-making process, nor does it represent the personal views of the author in a deliberative sense. It is more akin to a factual identifier of a topic.",,,,,,0
437,"By  doubling after-school  funding  in, the FY 2001 budget (from  $453 million in FY 2000 to at least $1 billion in FY 2001), you  can meet an urgent goal, which is to provide after-school and summer schoolto every student in a failing school.",1,1,"Yes, the sentence discusses a proposed action for the FY 2001 budget and a goal that 'you can meet' by taking that action. This indicates that a final decision on the budget allocation and the strategy to achieve the goal has not yet been made.","Yes, the sentence offers a recommendation or a proposed course of action ('By doubling after-school funding... you can meet an urgent goal...') and links it to a policy objective. It expresses an opinion on how to achieve a specific outcome, rather than stating a fact or an established policy.",,,,,,1
438,You called on states and districts to end social promotion in this year's  State  of  the  Union;  this initiative will enable you to say we're giving them the resources to end social promotion the right way and give every student in our worst schools the extra help they need.,1,1,"Yes, the sentence discusses an 'initiative' and what it 'will enable you to say,' indicating that the initiative itself or its public framing is still under consideration or in the planning stages, not a final decision that has already been made and announced.","Yes, the sentence expresses a strategic recommendation or opinion about how an initiative should be presented and what benefits it will yield ('this initiative will enable you to say we're giving them the resources...'). It's not a statement of fact but an internal deliberation on messaging and policy impact.",,,,,,1
439,"Over an 11, year period, we  can make after school and summer school universal for every Title I school  and with a sliding scale for students above 200% of poverty, we could eventually make  after school available  to every  student.",1,1,"Yes, the sentence discusses a potential future policy expansion ('we can make after school and summer school universal,' 'we could eventually make after school available to every student') which indicates that a final decision on this specific plan has not yet been made. It's a forward-looking proposal.","Yes, the sentence expresses a recommendation or a policy idea using phrases like 'we can make' and 'we could eventually make.' It's not a statement of fact or an existing policy, but rather a suggestion for future action and a vision for policy implementation. It reflects internal thinking about potential strategies.",,,,,,1
440,(Cost:   $20-30 billion over 10 years).,0,0,"Yes, cost estimates are typically generated to inform a decision-maker before a final decision is made on a project, policy, or program. It precedes agency action.","No, this sentence presents a cost estimate as a piece of information or a projection. While an estimate involves some judgment, it is presented as a data point rather than a personal opinion, recommendation, or policy viewpoint. It does not reflect the 'give-and-take' of the decision-making process itself, but rather provides an input for that process.",,,,,,0
441,3. Turning Around Every Failing School.,0,1,"Yes. This sentence states a high-level objective or policy goal. In an internal email, such a statement is typically part of discussions about future strategies, priorities, or draft plans, where the specific means of achieving the goal, or even the final adoption of the goal itself, are still under consideration. It precedes the agency's final action or detailed policy implementation.","Yes. This sentence expresses a policy objective or a strategic direction. It is not a neutral statement of fact but rather reflects a choice, a desired outcome, or a proposed course of action. It represents a view on what the agency should strive to achieve, which is inherently part of the internal 'give-and-take' of the decision-making process.",,,,,,1
442,"To close the opportunity gap, we must dose the achievement gap by focusing our efforts on the worst-performing schools.",1,1,"Yes, the sentence proposes a strategy or course of action ('we must dose the achievement gap by focusing our efforts on the worst-performing schools'), indicating that a final decision on how to address the opportunity gap and where to focus efforts has not yet been made. It is a suggestion for future action.","Yes, the sentence expresses a strong recommendation or policy opinion ('we must dose the achievement gap by focusing our efforts on the worst-performing schools'). It is not a statement of fact but rather a prescriptive view on what should be done, reflecting internal deliberation on strategy.",,,,,,1
443,"With a series of accountability and performance initiatives in the FY 2001 budget (and the after-school pledge outlined above), you can credibly set forth an ambitious, defining goal for strengthening public education: turning around or shutting down every failing school in America overthe next decade.",1,1,"Yes, the sentence proposes a goal and a strategy ('you can credibly set forth an ambitious, defining goal') that has not yet been officially adopted or announced as a final decision. It is advising on a potential future course of action.","Yes, the sentence expresses a recommendation or an opinion on how to frame a policy goal ('turning around or shutting down every failing school'). It is not a statement of fact but a strategic suggestion for strengthening public education.",,,,,,1
444,"In addition to doubling after-school funding, the key steps include: expanding your accountability fund; reaching your goal of 3,000 charter schools before you leave office; funding a new performance bonus to reward states and school districts for increasing their percentage of qualified teachers, adopting statewide accountability systems and school report card; and requiring universal public school choice for students in failing schools.",1,1,"Yes, the sentence outlines 'key steps' and goals ('reaching your goal of 3,000 charter schools before you leave office,' 'funding a new performance bonus,' 'requiring universal public school choice') which are proposed actions or policy directions, indicating that final decisions on these specific initiatives or their implementation have not yet been made. It describes a plan or strategy under consideration.","Yes, the sentence expresses recommendations and proposed policy actions ('expanding your accountability fund,' 'funding a new performance bonus,' 'requiring universal public school choice'). These are not statements of established fact or existing policy, but rather suggestions for future action, reflecting internal deliberation on strategy and policy formulation.",,,,,,1
445,We could also reintroduce a version of education opportunity zones.,1,1,"Yes, the phrase 'We could also reintroduce' indicates a potential future action or a suggestion being considered, implying that a final decision on reintroducing education opportunity zones has not yet been made. It precedes any agency action.","Yes, the sentence expresses a recommendation or a policy option ('We could also reintroduce...') rather than a statement of fact or an established agency policy. It reflects an internal idea or suggestion within the decision-making process.",,,,,,1
446,(Cost: $3-5 billion over IO years).,0,1,"Yes. A cost estimate for a potential project or initiative is typically generated and discussed before a final decision is made on whether to proceed, how to fund it, or what its scope will be. It is information created to assist a decision-maker in reaching a final conclusion and precedes the agency's action.","Yes. An estimate, particularly one presented as a range, is not a definitive, established fact but a projection based on analysis, assumptions, and judgment. It reflects the internal assessment and thinking of the agency regarding potential costs. It represents the personal views or collective judgment of the authors/analysts at a predecisional stage, rather than an established, final figure. Releasing such an internal estimate could reveal the agency's internal 'give-and-take' about the financial implications of a potential decision, which is part of the deliberative process.",,,,,,1
447,4. Closing the Digital Divide.,0,0,"This sentence is a topic heading or a bullet point. Without further context, it's difficult to definitively say if a final decision has been made regarding 'Closing the Digital Divide.' However, policy goals like this often involve ongoing discussions, strategies, and specific decisions that are yet to be finalized. If this is part of an agenda, a list of objectives, or an area of focus for future action, it would be predecisional. Assuming it's a topic under consideration for which specific actions or strategies are still being decided, it leans towards being predecisional.","The sentence '4. Closing the Digital Divide' is a statement of a goal or a topic. It does not express an opinion, a recommendation, a personal view, or reflect the internal 'give-and-take' of the decision-making process. It is a factual label or category, not a deliberative thought.",,,,,,0
448,"If we are to close the opportunity gap in the next century, we must do all we can to address the emerging digital divide.",1,1,"Yes, the sentence discusses a future goal (closing the opportunity gap) and proposes a course of action (addressing the digital divide), indicating that a final decision on how to achieve this or the specific actions to take has not yet been made. It precedes agency action.","Yes, the sentence expresses a strong opinion and recommendation using phrases like 'If we are to...' and 'we must do all we can to address...'. This reflects a policy viewpoint or strategic advice rather than a statement of objective fact or established agency policy.",,,,,,1
449,Key elements could include:,0,0,"Yes, the phrase 'could include' indicates that a final decision on what the key elements will be has not yet been made. It suggests a discussion of potential options.","No, this sentence is an introductory phrase that sets up a list or discussion of potential elements. It does not express an opinion, recommendation, or internal deliberation itself. It is a neutral lead-in rather than a personal view or policy opinion.",,,,,,0
450,Community Technology Centers.,0,0,"This sentence is a simple noun phrase or label. It does not inherently indicate whether a final decision has or has not been made regarding 'Community Technology Centers.' It could be a topic, a program name, or a subject. It does not concern an issue in a way that implies a pending decision.","No, this sentence does not express an opinion, recommendation, or internal deliberation. It is a factual label or a topic, not a subjective view or a part of the 'give-and-take' of decision-making.",,,,,,0
451,A more than four-fold increase in funding - from $32.5 million in FY 2000 to $132.5 million in FY 2001 as part of a major challenge to have Internet centers in all  poor communities.,0,0,"No, the sentence describes a past factual increase in funding from FY 2000 to FY 2001 and links it to an existing 'major challenge.' It reports on an already made decision or an implemented program, not an issue where a final decision has yet to be made.","No, the sentence presents specific financial figures and fiscal years, describing a factual increase in funding and the purpose of that increase. It does not express an opinion, recommendation, or internal deliberation, but rather states facts about past funding levels and an existing program's goal.",,,,,,0
452,"We could  challenge  the private sector to contribute hardware, software and man-hours  and possibly give them tax incentives  to donate used equipment.",1,1,"Yes, the sentence uses 'We could challenge' and 'possibly give them tax incentives,' indicating that these are potential courses of action being considered, not final decisions or established policies. A decision on these actions has not yet been made.","Yes, the sentence expresses a recommendation or a proposed strategy ('We could challenge... and possibly give them tax incentives'). It reflects an opinion or an idea for consideration, not a statement of fact or an already implemented policy. It is part of the internal 'give-and-take' of decision-making.",,,,,,1
453,Develop Universal Internet Access.,0,1,"Yes, this sentence proposes an action or a goal (to develop universal internet access). It does not describe a decision that has already been made or justify a past action. It precedes the agency's action and implies that the details of how to achieve this, or even the final commitment to it, are still under consideration.","Yes, this sentence expresses a recommendation, a proposed policy objective, or a directive rather than a statement of fact. It reflects a view on what should be done, which is characteristic of internal deliberation or policy formulation.",,,,,,1
454,Reserve a 100 million fund for public-private partnerships to bring affordable Internet access to poor families.,0,1,"Yes, the sentence proposes reserving a fund, indicating that the decision to do so has not yet been made and is still under consideration.","Yes, the sentence is a recommendation or a proposal for a future action ('Reserve a 100 million fund...'). It expresses a policy opinion or a suggested course of action, not a statement of fact or an established policy.",,,,,,1
455,â—¦ Teacher Training for the Internet.,0,0,"This sentence is a short, descriptive phrase that could represent a topic for discussion or a potential initiative. If it is part of a list of items being considered for future action, then a final decision on 'Teacher Training for the Internet' would not yet have been made, making it predecisional. However, without further context, it's difficult to definitively state its predecisional nature. Assuming it's a topic under consideration, it would be predecisional.","The sentence 'Teacher Training for the Internet' is a factual label or topic. It does not express an opinion, a recommendation, a personal view, or any internal 'give-and-take' of the decision-making process. It is a neutral description of a subject area, not a deliberation.",,,,,,0
456,"We could dedicate $100 million- perhaps from the existing technology literacy challenge initiative - to ensure all new teachers, or all middle-school teachers, receive training in how to use computers as a learning device.",1,1,"Yes, the sentence uses 'We could dedicate' and presents options ('perhaps from the existing technology literacy challenge initiative', 'all new teachers, or all middle-school teachers'), indicating that a final decision on funding, source, and target group has not yet been made. It is a proposal under consideration.","Yes, the sentence expresses a recommendation or a suggestion for a course of action ('We could dedicate $100 million') and explores different possibilities and alternatives ('perhaps from...', 'all new teachers, or all middle-school teachers'). It reflects internal policy discussion and options being weighed, not a statement of fact or established policy.",,,,,,1
457,â—¦ School Internet Modernization Fund.,0,0,This sentence is a name or a label for a fund. It does not inherently indicate whether a final decision has been made or is pending regarding the fund itself or any related policy. It's a neutral descriptive phrase.,"This sentence is a factual label or name. It does not express an opinion, recommendation, or internal deliberation. It simply identifies a fund.",,,,,,0
458,A discretionary counterpart to our school construction proposal to modernize schools for new teachers and Internet access.,0,1,"Yes, the sentence discusses a 'proposal' and a 'discretionary counterpart,' indicating that a final decision on these initiatives has not yet been made. It's part of an ongoing discussion or planning phase.","Yes, the sentence presents an idea or a potential option ('A discretionary counterpart') related to a proposal. It's not stating a fact about an existing program but rather suggesting or describing a concept under consideration, reflecting internal deliberation about policy choices.",,,,,,1
459,5. Closing the Opportunity Gap for College.,0,0,"Yes, this sentence appears to be a topic or objective, suggesting that specific strategies or decisions related to 'Closing the Opportunity Gap for College' are still under consideration and a final decision has not yet been made.","No, this sentence is a statement of a topic or a goal, not an expression of an opinion, recommendation, or internal deliberation. It's a factual heading or subject matter, rather than the 'give-and-take' of the decision-making process itself.",,,,,,0
460,"This element would focus on different aspects of closing the opportunity gap for college: helping more students aspire to and prepare for college, continuing to make college more affordable, and starting to address America's quiet crisis of dedining college completion rates.",1,1,"Yes, the sentence uses 'would focus on,' indicating a proposed plan or area of concentration for an 'element' that has not yet been finalized. It precedes a final decision on the specific focus or implementation of this 'element.'","Yes, the sentence expresses a proposed strategic direction or recommendation for what an 'element' should address. It outlines potential objectives and areas of emphasis, reflecting internal thinking and planning rather than a statement of fact or established policy.",,,,,,1
461,Keeping Students on Track to College.,0,0,This sentence is a title or a general statement of purpose. It does not inherently concern a specific issue where a final decision is pending. It's more of a descriptive label for a topic or program.,"This sentence does not express an opinion, recommendation, or internal deliberation. It is a factual statement or a descriptive phrase, possibly a program title or a section heading, rather than a reflection of the internal give-and-take of decision-making.",,,,,,0
462,"we could increase access for impoverished young people through Youth Opportunity Grants, TRIO, GEAR UP, and Youth Build, increasing funding to a total of $500 million.",1,1,"Yes, the sentence uses 'we could increase access' and proposes 'increasing funding to a total of $500 million,' indicating a potential future action or a recommendation for a decision that has not yet been made or finalized. It precedes any agency action.","Yes, the sentence expresses a recommendation or a proposed course of action ('we could increase access... increasing funding') rather than a statement of fact or an established agency policy. It reflects an internal discussion about policy options and funding levels.",,,,,,1
463,â—¦ AP Courses Online.,0,0,"This sentence is a very brief phrase, 'AP Courses Online.' Without context, it is difficult to definitively determine if it concerns an issue where a final decision has not yet been made. It could be a topic for discussion, a list item, or a factual reference to existing courses. However, its brevity makes it hard to confirm it is predecisional.","This sentence, 'AP Courses Online,' is a descriptive phrase. It does not express an opinion, a recommendation, legal advice, or a policy view. It is a factual label for a type of course and does not reflect the internal 'give-and-take' of a decision-making process or the personal views of an author. It is not a draft or recommendatory in nature.",,,,,,0
464,Small and poor schools often-lack the resources and teachers to  offer challenging courses.,0,1,"Yes, this sentence describes a condition that would likely be a premise or an observation informing a pending decision, such as policy changes related to education. It is not a final decision itself, but rather input for one.","Yes, the sentence expresses an assessment or a generalized opinion about the state of certain schools ('often-lack'). It is not a simple, undisputed fact or established agency policy, but rather an analytical viewpoint that reflects internal understanding or deliberation.",,,,,,1
465,This distance learning initiative aims to ensure that students in underserved areas get access to Advanced Placement and other highÂ­ quality academic courses and ESL programs online.,0,0,"The sentence describes the aims or goals of a 'distance learning initiative.' While the initiative itself might be in a predecisional stage (e.g., a proposal or planning document), the sentence itself is a statement of purpose rather than a direct input to a decision. It doesn't explicitly concern an issue where a final decision has not yet been made, but rather describes the intent of an initiative. However, it is not a final opinion or a justification of a decision already made, so it could potentially be part of a predecisional record.","The sentence states what the initiative 'aims to ensure.' This is a descriptive statement of the initiative's objective or purpose. It does not express an opinion, a recommendation, legal advice, or a personal view of the author. It is not part of the 'give-and-take' of the decision-making process, but rather a factual description of the initiative's intended outcome. Therefore, it is not deliberative.",,,,,,0
466,"Total funding for the initiative would be $225 million, including $50 million for grants, $25 million for course development, and.$125 million in increases in existing programs.",1,1,"Yes, the use of 'would be' and the reference to an 'initiative' indicates that this is a proposed plan or a recommendation, not a final decision that has already been made. It precedes the agency's action.","Yes, this sentence expresses a proposed funding structure for an initiative. Presenting specific figures for a proposed budget is a recommendation or a plan under consideration, reflecting the internal 'give-and-take' of the decision-making process. It is not a statement of established policy or a final factual outcome.",,,,,,1
467,â—¦ Test Prep for Poor Kids.,0,0,"Yes, this sentence appears to be a topic or a potential program idea, suggesting that a final decision on implementing or pursuing 'Test Prep for Poor Kids' has not yet been made. It precedes any agency action.","No, this sentence is a descriptive label or a topic. It does not express an opinion, a recommendation, legal advice, or a policy view. It is a factual description of a concept rather than an internal 'give-and-take' or a personal view of the author.",,,,,,0
468,"This program would support partnerships among high schools, proven providers of college test  prep courses (like Kaplan,  Princeton Review), and community-based organizations to offer high-need students SAT/ACT preparation arid other services related to college admissions.",0,1,"The sentence uses the conditional verb 'would support,' indicating a proposed or conceptual program rather than an already decided or implemented one. This suggests that a final decision on the program's existence or its specific structure has not yet been made.","The sentence outlines a specific concept for a program, detailing its structure and purpose. It represents an idea or a recommendation for how an agency could address a need, reflecting internal deliberation on program design rather than a statement of fact or established policy.",,,,,,1
469,"Grants of $30 million would serve approximately  50,000 students.",0,1,"Yes, the sentence uses 'would serve,' indicating a hypothetical scenario or a projection related to a potential future action (grants) where a final decision has not yet been made. It is an input for consideration.","Yes, while it contains numbers, the phrase 'would serve approximately' indicates an estimate, projection, or internal calculation being considered as part of the decision-making process. It reflects an internal assessment or analysis rather than a simple statement of an existing fact or established policy.",,,,,,1
470,A couple of announcements that would make real sense to announce at the DLC:     (1) EITC -- new proposal plus victory lap on record,1,1,"Yes, the sentence suggests 'announcements that would make real sense to announce,' indicating a recommendation or suggestion about future actions, not a final decision that has already been made.","Yes, the phrase 'would make real sense to announce' is an opinion or recommendation, not a statement of fact. It reflects internal deliberation about strategic communication.",,,,,,1
471,(2) Child support -- new proposals plus new accomplishments data (see below)    .,1,0,"Yes, the mention of 'new proposals' indicates that decisions related to these proposals are likely still under consideration and have not yet been finalized.","No, this sentence is a descriptive label or topic heading. It states that 'new proposals' and 'new accomplishments data' exist concerning child support. It does not express an opinion, recommendation, or internal deliberation itself, but rather points to the subject matter that might be deliberative.",,,,,,0
472,"(3) Welfare to work success -- new numbers from Welfare to Work Partnership (hiring, retention) plus general accomplishments",1,0,"This sentence describes a topic or data points related to 'Welfare to work success.' While such information might be used to inform a decision, the sentence itself is a factual descriptor of data ('new numbers,' 'general accomplishments') rather than a proposal, recommendation, or a predecisional conclusion. It does not inherently indicate that a final decision is pending based on its content alone, but rather points to information that exists.","This sentence presents factual information or a topic heading for factual information. It does not express an opinion, a recommendation, legal advice, or a policy position. It describes existing data points ('new numbers,' 'hiring, retention,' 'general accomplishments') rather than reflecting the internal 'give-and-take' of a decision-making process or the personal views of the author on policy.",,,,,,0
473,And of course we could add our food stamp car and IDA car policies.,1,1,"Yes, the phrase 'we could add' indicates that a final decision on whether to include these policies has not yet been made. It suggests a potential future action or consideration.","Yes, the sentence expresses a suggestion or recommendation ('we could add') regarding potential policy inclusions. This reflects an internal deliberation or opinion rather than a statement of fact or established policy.",,,,,,1
474,These announcements could work either before or after the VP announces the $250 million employment grants for fathers and families.,1,1,"Yes, the sentence discusses the timing of announcements relative to a future event (VP's announcement), indicating that a final decision on the timing has not yet been made and is still being considered.","Yes, the sentence expresses a strategic consideration or opinion about the optimal timing ('could work either before or after'), reflecting internal deliberation and exploration of options rather than a statement of fact or established policy.",,,,,,1
475,New Child Support Data We will have new data which show i) child support collections have nearly doubled under this Administration (from $8 billion in 1992 to and estimated $15.5 billion in 1999);,0,0,"No, this sentence presents a statement about existing or forthcoming data and a factual claim derived from that data. It does not concern an issue where a final decision is pending or being discussed.","No, this sentence states what new data will show, presenting it as a factual finding (child support collections have nearly doubled). It is not an opinion, recommendation, or internal deliberation; it is a statement of fact or an estimated fact.",,,,,,0
476,ii) of that $15.5 billion a record $1.3 billion came from seizing tax returns (up 18 percent over last  year);,0,0,"No, this sentence presents factual data about past financial performance (seizing tax returns and the amount collected). It does not concern an issue where a final decision has not yet been made; rather, it reports on an outcome or statistic.","No, this sentence states specific figures ($1.3 billion, 18 percent increase) which are objective facts or statistics. It does not express an opinion, recommendation, legal advice, or policy view. It is a factual statement.",,,,,,0
477,"iii) the new child support computer system proposed by the Administration in 1994 and enacted in 1996 located nearly 3 million delinquent parents and over 650,000 of their bank accounts last year;",0,0,"This sentence describes the past performance of an existing child support computer system, stating what it achieved 'last year.' It presents historical facts and statistics about a system that was proposed in 1994 and enacted in 1996. It does not concern an issue where a final decision has not yet been made; rather, it reports on the outcome of a past decision or an ongoing operation. Therefore, it is not pre-decisional.","The sentence provides specific numerical data ('nearly 3 million delinquent parents' and 'over 650,000 of their bank accounts'). These are presented as factual results or statistics regarding the system's performance. It does not express an opinion, recommendation, legal advice, or policy view. It is a statement of observed facts, not an internal deliberation or a personal view of the author. Therefore, it is not deliberative.",,,,,,0
478,"and iv) a child support law enforcement initiative launched by the Administration last year has inve tigated nearly 1,000 cases of the worst offenders, making nearly 300 arrests and obtaining $5.3 million in restitution orders.",0,0,"No, the sentence describes the results of an initiative launched last year. It reports on past actions and their outcomes, indicating that decisions related to this initiative have already been made and implemented. It is a report of accomplishments, not a discussion preceding a decision.","No, the sentence presents factual data and statistics regarding the initiative's performance (e.g., 'investigated nearly 1,000 cases,' 'making nearly 300 arrests,' 'obtaining $5.3 million'). It does not express an opinion, recommendation, or internal deliberation; it is a statement of fact.",,,,,,0
479,These descriptions are still accurate.,0,0,This sentence states that certain descriptions remain accurate. It does not inherently indicate whether a final decision is pending or being discussed. It's a factual assessment rather than a proposal or part of a decision-making process itself.,"This sentence expresses a factual assessment about the accuracy of descriptions. It is not an opinion, recommendation, or part of an internal deliberation or 'give-and-take' process. It confirms the status of existing information.",,,,,,0
480,"The details of the tobacco policy are still being worked out, but you could use this generic language as a placeholder.",1,1,"Yes, the sentence explicitly states 'The details of the tobacco policy are still being worked out,' indicating that a final decision on the policy has not yet been made.","Yes, the sentence offers a recommendation or suggestion: 'you could use this generic language as a placeholder.' This reflects an internal opinion or advice on how to proceed during the decision-making process, rather than a statement of fact or established policy.",,,,,,1
481,"Donâ€™t call it tobacco ""penalty""",1,1,"Yes, this sentence is an instruction or recommendation regarding terminology, suggesting that the final language or framing of an issue has not yet been officially decided or finalized. It precedes a final decision on how to refer to a specific concept.","Yes, this sentence expresses a clear recommendation or opinion on how to phrase something. It reflects an internal discussion about preferred language or messaging, which is a form of internal deliberation rather than a statement of fact.",,,,,,1
482,Tobacco - Raising the Price of Cigarettes so Fewer Young People will Smoke.,0,1,"Yes, the sentence describes a potential policy goal or strategy ('Raising the Price of Cigarettes so Fewer Young People will Smoke') rather than a final decision or an established policy. It suggests an issue under consideration where a final decision has not yet been made.","Yes, the sentence expresses a policy objective and a proposed causal link/strategy. It reflects a viewpoint or a strategic consideration within the agency's decision-making process regarding tobacco control, rather than a simple statement of fact or a final agency position. It's part of the internal 'give-and-take' about policy options and their expected results.",,,,,,1
483,Public health experts agree that the single most effective way to cut youth smoking is to raise the price of cigarettes.,0,0,"This sentence presents information that could be used to inform an agency's decision-making process regarding policies to reduce youth smoking. If the agency has not yet made a final decision on such policies, then this information would be considered predecisional as it could assist a decision-maker in reaching a conclusion.","This sentence states a consensus among 'public health experts.' It is presented as a factual statement about what external experts agree on, rather than expressing the author's personal opinion, a recommendation from the author to the agency, or an internal policy opinion of the agency. It reports an external view, not an internal deliberation or the 'give-and-take' of the agency's decision-making process.",,,,,,0
484,"To reduce youth smoking, the budget will include a combination of excise taxes and assessments on the industry if companies fail to meet youth smoking reduction targets.",0,1,"Yes, the phrase 'the budget will include' indicates a future action or a plan being formulated, not a final decision that has already been made. It suggests a proposal or an intention that is still subject to finalization.","Yes, the sentence outlines a specific policy proposal (combination of excise taxes and assessments) to achieve a goal (reduce youth smoking). This is a recommendation or a proposed strategy, reflecting internal deliberation on how to address an issue, rather than a statement of fact or established policy.",,,,,,1
485,Listed below are the descriptions of the budget initiatives in your area that could be rolled out prior to the SOTU that I have included in the DPC memo regarding rollout.,0,1,"Yes, the sentence discusses budget initiatives that 'could be rolled out,' indicating that a final decision on their rollout has not yet been made. The mention of a 'DPC memo regarding rollout' further suggests an ongoing pre-decisional process.","Yes, the sentence describes the author's action of including specific budget initiatives in a memo for discussion about their potential rollout. This act of selection and presentation for consideration is part of the internal give-and-take of policy formulation and implementation, reflecting a recommendation or proposal rather than a mere statement of fact or established policy.",,,,,,1
486,"Please let me know if you have any edits, updates, changes, etc. to these descriptions.",0,1,"Yes, the sentence indicates that the 'descriptions' are not yet final and are open to modification. A final decision or version regarding these descriptions has not been made, as input is still being solicited.","Yes, the sentence is a request for subjective input (edits, updates, changes) on the descriptions. This request facilitates the internal 'give-and-take' of the decision-making process, inviting opinions and recommendations that will shape the final product or decision. It is not a statement of fact.",,,,,,1
487,Any additions in blank areas would be greatly appreciated.,0,1,"Yes, the sentence is a request for additions, implying that the document or issue is not yet finalized and a final decision or version has not been made.","Yes, the sentence is soliciting opinions, recommendations, or input ('additions') to a document or plan. This is part of the internal 'give-and-take' of the decision-making process, rather than a statement of fact.",,,,,,1
488,Philanthropy/Faith-Based Initiatives.,0,0,"This sentence is a topic or subject heading. Without further context, it's difficult to definitively say if it concerns an issue where a final decision has not yet been made. However, as a standalone phrase, it doesn't inherently indicate a decision has been made or is pending. It simply names a subject area.","No, this sentence is a factual label or category. It does not express an opinion, recommendation, personal view, or internal deliberation. It is a descriptive phrase, not a reflection of the 'give-and-take' of the decision-making process.",,,,,,0
489,Among the possible announcements we can make are         1) steps to increase involvement of community- and faith-based groups in after-school and other important programs; and 2) new tax incentives to promote increased charitable giving by all taxpayers.,1,1,"Yes, the sentence discusses 'possible announcements we can make,' indicating that a final decision on what announcements to make has not yet been reached. It presents options for future action.","Yes, the sentence lists potential policy options or actions ('steps to increase involvement,' 'new tax incentives') that the agency could pursue. This reflects internal deliberation and the exploration of ideas rather than a statement of established fact or policy.",,,,,,1
490,Responsible Fatherhood Initiative: Promoting responsible fatherhood is the critical next stage of welfare reform and one of the most important things we can do to reduce child poverty.,1,1,"Yes, the sentence discusses a policy direction and priority ('critical next stage,' 'most important things we can do') which implies that decisions about the implementation or emphasis of this initiative are still being considered or are yet to be fully finalized. It's not stating a past decision or an established, settled policy.","Yes, the sentence expresses strong opinions and recommendations using evaluative language like 'critical next stage' and 'one of the most important things we can do.' These are subjective judgments about policy priorities and direction, reflecting internal deliberation rather than a statement of fact or a final agency position.",,,,,,1
491,We could a) announce new data showing the dramatic increases in child support collections made by this Administration and at the same time put forward a package of proposals to,1,1,"Yes, the sentence uses 'We could a)' which indicates that options are being considered and no final decision has been made regarding what to announce or what proposals to put forward. It precedes an agency action.","Yes, the sentence proposes a potential course of action or strategy ('announce new data... and put forward a package of proposals'). This reflects an internal recommendation or suggestion, not a statement of fact or established policy.",,,,,,1
492,b.) ensure every unemployed parent who owes child support goes to work and supports his children;,1,1,"Yes, this sentence expresses a policy goal or objective. If it's part of an internal discussion, the final decision on whether to adopt this as a policy or how to implement it would likely not have been made yet. It precedes agency action.","Yes, this sentence expresses a desired outcome or a policy aim. It is not a statement of fact but rather a recommendation or an opinion on what the agency should strive to achieve. It reflects internal 'give-and-take' regarding policy direction.",,,,,,1
493,c) collect more child support from parents who can afford to pay;,1,1,"Yes, this sentence proposes an action or objective (collect more child support) which implies that a final decision on whether to pursue or implement this specific action has not yet been made. It is likely part of a discussion or proposal phase.","Yes, this sentence is a recommendation or a proposed policy objective. It expresses an opinion on what the agency 'should' do rather than stating an established fact or existing policy. It reflects internal deliberation about future actions.",,,,,,1
494,d) revise outdated rules to ensure mothers and children receive more of the support the father pays;,1,1,"Yes, the sentence proposes to revise outdated rules, indicating that a final decision on these revisions has not yet been made. It suggests a future action or policy change.","Yes, the sentence expresses a recommendation or a policy objective ('revise outdated rules to ensure...') rather than a statement of fact. It reflects an opinion on what should be done.",,,,,,1
495,and e) promote efforts to ensure fathers returning from prison become responsible fathers and responsible members of society.,1,1,"Yes, the sentence describes a goal or an effort to be promoted, indicating a potential future action or policy objective that has not yet been finalized. It is not a statement of an existing, final decision.","Yes, the sentence expresses a policy objective or a recommended course of action ('promote efforts to ensure'). It reflects a strategic aim or a view on what the agency should do, rather than a simple statement of fact or an established policy.",,,,,,1
496,Jack said you were asking about the food stamps immigrant proposals.,0,0,"No, this sentence is a factual statement reporting a past conversation. It does not directly concern an issue where a final decision has not yet been made, nor does it assist in reaching a final conclusion. It merely states that someone was inquiring about proposals, without revealing the status or content of those proposals.","No, this sentence is a factual report of what 'Jack said.' It does not express an opinion, recommendation, or internal deliberation of the author. It is a statement of fact about a past communication.",,,,,,0
497,Let me know if you need more info.,0,0,This sentence is a generic offer for further information. It does not inherently indicate whether a final decision has or has not been made on a specific issue. It's a procedural statement about communication rather than a document created to assist a decision-maker in reaching a final conclusion.,"This sentence expresses an offer to provide more information, not an opinion, recommendation, or internal deliberation. It does not reflect the 'give-and-take' of the decision-making process or the personal views of the author on a policy matter. It is a neutral, communicative phrase.",,,,,,0
498,"The reproposal of last year's food stamps elderly policy will help 10,000 people by FY05.",1,1,"Yes, the sentence refers to a 'reproposal' of a policy, indicating that a final decision on this reproposal has not yet been made. It discusses a future action and its projected outcome.","Yes, the sentence expresses a projected outcome ('will help 10,000 people by FY05') based on the reproposal. This is an internal assessment, an estimate, or a forecast of the policy's potential impact, which is part of the agency's internal deliberation and analysis, rather than a statement of an established fact or an already decided policy.",,,,,,1
499,"The new proposal, to restore benefits to pre 8/22/96 adults in families with kids, will help 150,000 people by FY05.",1,1,"Yes, the sentence refers to 'The new proposal,' indicating that a final decision on this proposal has not yet been made. It discusses a potential future action and its projected outcome.","Yes, while it presents a number, this number is a projection ('will help 150,000 people by FY05') related to a 'new proposal.' Such projections and assessments of potential impacts are part of the internal deliberation process to evaluate policy options, rather than a statement of established fact about a current policy.",,,,,,1
500,"Apparently our parents of CHIP proposal as currently scored wouldn't give states the option of covering legal immigrant parents, despite the fact that we propose to cover legal immigrant kids under CHIP.",1,1,"Yes, the sentence refers to a 'CHIP proposal as currently scored,' indicating that a final decision on the proposal's details, particularly regarding coverage options for parents, has not yet been made. It's an assessment of a proposal still under consideration.","Yes, the sentence highlights an apparent inconsistency or issue with the proposal ('wouldn't give states the option... despite the fact that we propose...'). This is an internal observation and analysis of the proposal's implications, reflecting the 'give-and-take' of policy development rather than a statement of fact or final policy. It's an internal assessment of how the proposal is currently structured and its potential effects.",,,,,,1
501,"(Under current law legal immigrant children who arrived pre 8/96 can be covered by CHIP or Medicaid at state option, and we have proposed and will re-propose to allow the Medicaid/CHIP state option for immigrant children arriving post-8/96.)",0,0,"Yes, the latter part of the sentence, 'we have proposed and will re-propose to allow the Medicaid/CHIP state option for immigrant children arriving post-8/96,' indicates an ongoing policy initiative where a final decision on allowing the state option has not yet been made. The act of proposing and re-proposing is part of a process leading to a potential future decision.","No, the sentence states facts about current law ('Under current law legal immigrant children who arrived pre 8/96 can be covered by CHIP or Medicaid at state option') and facts about the agency's actions and intentions ('we have proposed and will re-propose'). It describes an agency's legislative agenda or policy stance rather than expressing an opinion, recommendation, or internal deliberation about whether to take that stance. It does not reflect the 'give-and-take' of the decision-making process or the personal views of the author on the merits of the proposal, but rather a factual update on the agency's public position.",,,,,,0
502,Mendelson and I realized this yesterday and he's got folks scoring the additional cost.,1,0,"Yes, the mention of 'scoring the additional cost' suggests an ongoing evaluation process, implying that a final decision related to these costs or the underlying issue has not yet been made.","No, this sentence is a factual statement. 'Mendelson and I realized this yesterday' is a statement of fact about an observation. 'he's got folks scoring the additional cost' is a statement of fact about an action being taken. It describes an administrative task in progress, not an opinion, recommendation, or internal deliberation on policy or a decision.",,,,,,0
503,If the parents proposal flies (and I hope it does) I think it would be embarrassing if we left out legal immigrants.,1,1,"Yes, the phrase 'If the parents proposal flies' indicates that a decision on the proposal has not yet been made. The author is discussing a potential outcome and expressing a view before a final decision is reached.","Yes, the sentence expresses personal opinions and assessments: 'I hope it does' and 'I think it would be embarrassing'. These are not statements of fact but rather reflect the author's internal deliberation and views on a potential policy outcome.",,,,,,1
504,We spoke again to Barbara Chow and others at OMB on other legal immigrant matters.,1,0,This sentence reports a factual event: a conversation took place with Barbara Chow and others at OMB on legal immigrant matters. It does not provide enough context to determine if a final decision on these matters has not yet been made. It simply states that a discussion occurred.,"No, this sentence states a fact: that a conversation occurred. It does not express an opinion, a recommendation, a policy view, or any internal deliberation. It is a factual report of an interaction.",,,,,,0
505,OMB thinks we can pay for re-proposing our proposals from last year plus maybe a small add on which would be helpful but fall short of the advocates wish list.,1,1,"Yes, the sentence discusses what OMB 'thinks' about funding for 're-proposing our proposals' and a 'small add on,' indicating that decisions about budget allocation and the scope of proposals are still under consideration and have not been finalized. It precedes a final agency action.","Yes, the sentence expresses an opinion ('OMB thinks'), an assessment of financial feasibility, a potential suggestion ('maybe a small add on'), and an evaluative statement ('which would be helpful but fall short of the advocates wish list'). These elements reflect internal agency deliberation and weighing of options, not a statement of fact or established policy.",,,,,,1
506,"The attached table has more information, but broadly:",0,0,"This sentence is an introductory phrase pointing to an attached table and indicating that a broad summary will follow. It does not, by itself, concern an issue where a final decision has not yet been made. It is a meta-commentary on the structure of the information being presented, rather than a substantive part of a decision-making process.","The sentence states a fact about an attachment ('The attached table has more information') and sets up an expectation for a summary ('but broadly:'). It does not express an opinion, recommendation, legal advice, or policy view. It is purely descriptive and factual about the email's content and structure.",,,,,,0
507,"Re-proposing FY 2000 proposals: $1.9 billion over 5 years, $11.6 billion over 10.",1,1,"Yes, the sentence refers to 'proposals' being 're-proposed,' indicating that a final decision on these budget allocations for FY 2000 has not yet been made. Proposals are by nature predecisional.","Yes, the sentence presents specific financial figures as part of these proposals. This reflects a recommendation or a plan being put forward for consideration within the agency's internal decision-making process regarding budget allocation, rather than a statement of an established fact or a final decision.",,,,,,1
508,"FY 2000 proposals plus small add-on: $2.1-2.4 billion over 5 years, $12.3-$12.6 billion over 10.",1,1,"Yes, the sentence refers to 'FY 2000 proposals' and 'add-on' with financial ranges, indicating that these are not final, approved figures but rather options or estimates under consideration for a future decision. It precedes the agency's final action on these proposals.","Yes, the sentence presents financial estimates or projections for 'proposals' using ranges. This reflects internal working figures, options, or recommendations being discussed as part of a decision-making process, rather than established facts or final policy. It's part of the internal 'give-and-take' about potential costs.",,,,,,1
509,"Advocates wish list: $7.2 billion over 5 years, at least $26 billion over 10",1,1,"Yes, the sentence refers to an 'advocates wish list,' which implies a proposal or request for funding that an agency would consider before making a final decision on budget allocations or policy. A final decision on these specific funding levels has not yet been made.","Yes, while it contains specific numbers, the phrase 'wish list' indicates that these are recommendations or proposals from an external group (advocates) that the agency is likely deliberating upon. It reflects an input into the decision-making process, representing a point of consideration rather than an established fact or final agency policy.",,,,,,1
510,Mary and NEC have been working with DOT to develop a package of '01 tribal transportation proposals.,1,0,"Yes, the sentence indicates that a 'package of '01 tribal transportation proposals' is still being developed, meaning a final decision on these proposals has not yet been made.","No, the sentence is a factual statement describing an ongoing activity (working to develop proposals). It does not express an opinion, recommendation, policy choice, or internal deliberation. It simply states that work is being done.",,,,,,0
511,We worked to make sure they gave serious consideration to allowing tribes to apply directly for Access to Jobs grants (as you know we've been going back and forth with FTA about this for a while).,1,1,"Yes, the sentence indicates an ongoing discussion and effort to influence a decision regarding tribes applying directly for grants, implying a final decision has not yet been made. The phrase 'going back and forth' confirms the predecisional nature.","Yes, the sentence describes an internal effort ('We worked to make sure they gave serious consideration') and an ongoing internal debate ('we've been going back and forth with FTA'). This reflects the 'give-and-take' of the decision-making process and an attempt to influence policy, rather than stating a final fact or policy.",,,,,,1
512,"Yesterday, DOT agreed to propose appropriations language that will allow tribes to apply directly for Access to Jobs grants.",1,0,"Yes, the sentence indicates that DOT agreed to propose language, meaning the appropriations language itself has not yet been finalized or enacted. The proposal is a step towards a final decision.","No, the sentence is a factual statement reporting that DOT 'agreed to propose' appropriations language. It describes an action that has already occurred, rather than expressing an opinion, recommendation, or internal deliberation about whether to take that action.",,,,,,0
513,"They also plan to set aside $5 M within the $150 M for tribes, but they think this can be done administratively through the application process.",1,1,"Yes, the sentence uses phrases like 'plan to set aside' and 'think this can be done,' indicating that the action (setting aside funds and the method for doing so) is still under consideration and a final decision has not yet been made.","Yes, the phrase 'they think this can be done administratively through the application process' expresses an opinion or a proposed method for implementing a plan, reflecting internal deliberation rather than a statement of established fact or final policy.",,,,,,1
514,Apparently they also plan to do a similar set-aside for projects in the Delta.,1,0,"Yes, the phrase 'plan to do' indicates that a final decision has not yet been made regarding the set-aside for projects in the Delta. It refers to a future or proposed action.","No, this sentence reports on what 'they' (presumably another entity or group) plan to do. While it concerns a predecisional matter, the sentence itself is an observation or an informational update about a potential plan, rather than expressing the author's opinion, recommendation, or engaging in internal 'give-and-take' about whether such a plan should be adopted or how it should be shaped. It's a factual statement about a potential plan, not a deliberative thought process.",,,,,,0
515,Set-aside grants would still have to follow the ATJ program requirements.,1,0,"Yes, the phrase 'would still have to follow' implies a condition for a hypothetical or proposed scenario (set-aside grants). If the agency is discussing whether to implement such grants or how to structure them, then this statement about their requirements is part of a predecisional discussion.","No, this sentence states a condition or a requirement ('would still have to follow') rather than expressing an opinion, recommendation, or personal view. It sounds like a statement of a known constraint or a factual premise for discussion, not a reflection of the 'give-and-take' of the decision-making process in terms of advocating for a particular policy or expressing a subjective judgment.",,,,,,0
516,Can you call Jennifer Friedman and work with her to figure out how to spend the $15 million?,1,1,"Yes, the sentence asks to 'figure out how to spend' the money, indicating that the final decision on the spending plan has not yet been made. It's about the process leading up to a decision.","Yes, the sentence is a directive to engage in the internal 'give-and-take' of figuring out a plan or strategy. It's not a statement of fact, but an instruction to deliberate and make recommendations on how to allocate funds.",,,,,,1
517,(Since this is discretionary we would only worry about the year 1 costs.) .,0,1,"Yes, the sentence discusses how to approach a discretionary matter, implying that a final decision on that matter, or how to manage its costs, has not yet been made. The phrase 'we would only worry about' suggests an ongoing discussion or planning phase.","Yes, the sentence expresses an opinion or recommendation about what to prioritize ('we would only worry about the year 1 costs') in the context of a discretionary decision. It reflects internal thought process rather than a statement of fact or established policy.",,,,,,1
518,I think your summary looks fine but it's essentially a much more articulate version of what we proposed last year and couldn't get the ag appropriators to fund.,1,1,"Yes, the sentence discusses a 'summary' and references a past proposal that failed to get funding. The opinion on the summary ('I think your summary looks fine') suggests an ongoing review or discussion of a document that is part of a decision-making process, not a final decision itself. It's an internal assessment preceding a final agency action.","Yes, the sentence expresses a clear opinion ('I think your summary looks fine') and provides an internal assessment and historical context ('it's essentially a much more articulate version of what we proposed last year and couldn't get the ag appropriators to fund'). This reflects the author's personal views and contributes to the internal 'give-and-take' of the decision-making process, rather than stating a fact or established policy.",,,,,,1
519,Jennifer and Jeff Farkas are trying to figure out if they can squirrel away some of the $15 million elsewhere in a place that will be more likely to get funded.,1,1,"Yes, the sentence indicates that Jennifer and Jeff Farkas are 'trying to figure out' a strategy for allocating funds, implying that a final decision on where to place the $15 million and how to get it funded has not yet been made.","Yes, the sentence describes an internal thought process and strategic discussion ('trying to figure out if they can squirrel away some of the $15 million elsewhere in a place that will be more likely to get funded'). This reflects an opinion, a recommendation, or an internal deliberation about potential actions and their likelihood of success, rather than a statement of fact or established policy.",,,,,,1
520,Attached is my version of FNS's version that was axed by the Secretary's office and;,1,1,"Yes, the sentence refers to a previous version being 'axed' by the Secretary's office and the sender presenting 'my version.' This indicates that the matter is still under consideration, and a final decision on the content or policy has not yet been made, or a new proposal is being put forward after a previous one was rejected.","Yes, the sentence describes the attachment of 'my version' of a document, which implies it is a draft, proposal, or recommendation in an ongoing internal discussion. The reference to a previous version being 'axed' highlights the internal 'give-and-take' of the decision-making process, where different options are considered and revised. It reflects the author's contribution to an evolving document, not a statement of established policy or a mere fact.",,,,,,1
521,"therefore, never went to OMB for consideration.",1,0,"No, the sentence is a factual statement about a past procedural step (that something did not go to OMB for consideration). It reports on the status of a process rather than being created to assist a decision-maker in reaching a final conclusion or preceding an agency's action in an advisory capacity.","No, the sentence states a fact: that an item did not proceed to OMB. It does not express an opinion, a recommendation, or reflect internal 'give-and-take' or personal views. It is a factual report on the procedural history.",,,,,,0
522,I made some changes to it adding some language on working poor and playing down some of their nutritional education ideas and playing up on the outreach (education about eligibility) aspects.,1,1,"Yes, the sentence describes changes being made to a document or proposal ('I made some changes to it'), indicating that the document is still in flux and a final decision or version has not yet been approved or released. The modifications suggest an ongoing process of refinement.","Yes, the sentence expresses the author's subjective choices and strategic decisions regarding the content. Phrases like 'adding some language,' 'playing down some of their nutritional education ideas,' and 'playing up on the outreach aspects' reflect the author's personal views, recommendations, and editorial judgments on how the document should be shaped, rather than stating an objective fact or established policy.",,,,,,1
523,I didn't remember you telling me that you already mentioned bumping it up to $15 million to Barbara.,1,0,"No, the sentence is a statement about the speaker's memory regarding a past communication. It does not directly concern an issue where a final decision has not yet been made, nor is it created specifically to assist a decision-maker in reaching a final conclusion. It's a comment on the flow of information, not a predecisional input.","No, the sentence expresses a factual statement about the speaker's memory ('I didn't remember...'). It does not express an opinion, recommendation, legal advice, or policy view. It is not part of the internal 'give-and-take' of the decision-making process.",,,,,,0
524,Cynthia A. Rice,0,0,"This sentence is a proper name and provides no context about any decision-making process, so it cannot be determined if it is predecisional. It does not concern an issue where a final decision has not yet been made.","This sentence is a proper name, which is a factual identifier. It does not express an opinion, recommendation, or internal deliberation.",,,,,,0
525,"As you know I asked Barbara to up the number to $15 million, and at the welfare meeting late this afternoon Jennifer Friedman said OMB is prepared to go to $15 million but is looking for a place to put some of it that will be more likely to get enacted and wanted to know if we have any ideas.",1,1,"Yes, the sentence indicates that a final decision has not yet been made regarding where to allocate the $15 million and how to ensure its enactment. OMB is 'looking for a place to put some of it' and 'wanted to know if we have any ideas,' which clearly shows the decision-making process is ongoing.","Yes, the sentence expresses internal deliberations and a request for ideas. It reveals OMB's strategic thinking ('looking for a place to put some of it that will be more likely to get enacted') and explicitly solicits recommendations ('wanted to know if we have any ideas'). This reflects the 'give-and-take' of the decision-making process rather than a statement of fact or final policy.",,,,,,1
526,What is the attachment below?,0,0,"This sentence is a question asking for information about an attachment. It does not directly concern an issue where a final decision has not yet been made, nor does it indicate a stage in a decision-making process. It's a request for clarification.","No, this sentence does not express an opinion, recommendation, or internal deliberation. It is a straightforward question seeking factual identification of an attachment. It is a request for information, not a reflection of internal 'give-and-take' or personal views on policy.",,,,,,0
527,Is that FNS's original proposal?,0,1,"Yes, the sentence asks about an 'original proposal,' which implies that a decision related to that proposal is still under consideration or has not yet been finalized. It precedes an agency's final action.","Yes, while it's a question rather than an opinion or recommendation, it is part of the internal 'give-and-take' of the decision-making process. Asking for clarification about a proposal is a step in understanding and evaluating it, which is a deliberative act. It reflects an internal discussion point rather than a statement of established fact or policy.",,,,,,1
528,"OMB included in passback $7 million for nutritional education, of which not less than $5 million is for educating food stamp eligibles not currently participating in the program -- including the working poor, welfare leavers, elderly, and ABAWD's of their ability to apply for food stamps.",0,0,"No, this sentence reports a decision that has already been made by OMB (Office of Management and Budget) as part of the budget passback process. It is a factual statement about an allocation included by OMB, not a recommendation or input intended to assist a decision-maker in reaching a final conclusion.","No, this sentence is a factual statement reporting what OMB included in the passback. It does not express an opinion, recommendation, or internal deliberation of the author. It simply conveys information about a specific budget allocation.",,,,,,0
529,I'm not a big FORK fan - I think it's overly prescriptive but this is what it does:,0,1,"Yes, the sentence expresses a personal opinion about 'FORK' and its perceived nature ('overly prescriptive'). This suggests an ongoing internal discussion or evaluation of a tool, process, or policy before a final decision is made regarding its use or adoption. It does not appear to be a justification for a decision already made.","Yes, the sentence explicitly states 'I'm not a big FORK fan - I think it's overly prescriptive'. This is a subjective assessment and a personal view of the author, reflecting an opinion and internal deliberation rather than a factual statement or established agency policy.",,,,,,1
530,Requires FNS to conduct annual on-site inspections of local food stamp offices in every state and authorizes appropriations for this purpose.,0,0,"No, this sentence describes an existing requirement and authorization, suggesting a decision has already been made or codified. It uses definitive language like 'Requires' and 'authorizes,' indicating an established mandate rather than an issue under consideration.","No, this sentence states a factual requirement and authorization. It does not express an opinion, recommendation, or internal deliberation. It presents information as an established fact or mandate.",,,,,,0
531,(current FNS regulations require inspections but they can be desk audits which do not require annual visits.,0,0,"No, this sentence describes existing FNS regulations and what they permit regarding inspections (desk audits vs. annual visits). It states a current fact or policy, not an issue where a final decision has yet to be made or is being discussed.","No, this sentence presents a factual statement about current FNS regulations. It explains what the regulations require and allow. It does not express an opinion, recommendation, or internal deliberation.",,,,,,0
532,Authorizes a demonstration project in which FNS works with state caseworkers to develop caseworker training materials and guidebooks to help state provide clearer information about fs to TANF recipients.,0,0,"No, the sentence uses the word 'Authorizes,' which indicates that a final decision has already been made to approve the demonstration project. It describes an action that has been taken, not an issue where a decision is pending.","No, the sentence states a fact about an authorized project. It does not express an opinion, recommendation, or internal deliberation. It describes the scope and purpose of an already authorized initiative.",,,,,,0
533,Authorizes a competitive grant program to be administered by USDA in consultation with HHS to develop local strategies for improving food stamp access and educating working families about their eligibility.,0,0,"No, this sentence describes an action that 'authorizes' a program, implying a decision has already been made or a policy established. It is not discussing whether to authorize it, but stating that it is authorized.","No, this sentence describes the nature and purpose of an authorized program. It states what the program does, which is a factual description of an established policy or program, not an opinion, recommendation, or internal deliberation.",,,,,,0
534,"These grants will go to food banks, schools, WIC clinics etc.",0,0,"The sentence states where grants 'will go.' This phrasing suggests a decision has already been made or a plan has been finalized and is being communicated. It does not indicate that the issue is still under discussion or that a final conclusion has not yet been reached. Therefore, it is likely not predecisional.","The sentence is a declarative statement about the intended recipients of grants. It does not express an opinion, a recommendation, legal advice, or reflect the internal 'give-and-take' of the decision-making process. It states a fact or a decided course of action, rather than a personal view or a proposal. Therefore, it is not deliberative.",,,,,,0
535,(Part of determining the cost is how many of these grants will authroized),0,1,"Yes, the sentence discusses 'determining the cost' and 'how many of these grants will be authorized,' indicating that decisions on these matters have not yet been finalized. It precedes the agency's final action on grant authorization and associated costs.","Yes, the sentence identifies a key variable ('how many of these grants will be authorized') that needs to be considered and decided upon to 'determine the cost.' This reflects an internal consideration or factor in the decision-making process, rather than a statement of established fact or final policy. It's part of the internal 'give-and-take' of figuring out a future action.",,,,,,1
536,Requires state TANF programs to provide clear info about ts eligibility  to people being diverted from TANF and people exiting TAIF.,0,0,"No, the word 'Requires' suggests this is a statement of an existing or proposed rule or policy, implying a decision has been made or is being formally stated, rather than an issue where a final decision has not yet been made.","No, it states a requirement, which is a statement of policy or rule, not an opinion, recommendation, or internal deliberation. It does not reflect the personal views of the author or the 'give-and-take' of the decision-making process.",,,,,,0
537,Authorizes a tax credit for businesses who are designated as information partners by USDA because they contribute substantial goods or services to help expand the toll-free hotline.,0,0,"The sentence describes a policy that 'Authorizes a tax credit.' If this is a description of a proposed policy under consideration, then a final decision has not yet been made, making it predecisional. If it describes an existing policy, it would not be predecisional. Assuming it's part of a discussion leading to a decision, it can be considered predecisional.","The sentence states what a policy 'Authorizes.' It is a declarative statement describing the content of a policy or a proposed policy. It does not express an opinion, a recommendation, or reflect the internal 'give-and-take' of the decision-making process. It describes a policy mechanism rather than offering a personal view or advice.",,,,,,0
538,How does the FORK act work -- how does it provide outreach funds in a way that needs to be scored?,0,1,"Yes, the sentence asks questions about how an act works and how funds need to be scored, indicating an exploration phase before final decisions on implementation, funding, or policy are made. It's seeking information to inform a future decision.","Yes, the sentence, though a question, reflects an internal inquiry and part of the 'give-and-take' of the decision-making process. It's an internal deliberation to understand the mechanics and implications of an act, which is essential for formulating recommendations or making policy choices, rather than stating an established fact or policy.",,,,,,1
539,They don't ask for a specific amount - CBO and JCT are scoring it.,0,0,"Yes, the sentence indicates that CBO and JCT are still 'scoring' something, which means a final decision or action regarding the proposal's financial implications has not yet been made. This is a step in the process before a final conclusion.","No, the sentence states a factual observation about the current status of a proposal: 'They don't ask for a specific amount' and 'CBO and JCT are scoring it.' It describes an ongoing procedural fact rather than expressing an opinion, recommendation, or internal policy deliberation.",,,,,,0
540,There rough estimate is $20/ 5 years but Levin's staff admitted that she really doesn't know.,0,1,"Yes, the sentence refers to a 'rough estimate' and states that someone 'really doesn't know,' indicating that the information is not final and a decision based on it has not been made. It suggests an ongoing process of information gathering and assessment.","Yes, the phrase 'rough estimate' and the admission that 'she really doesn't know' reflect internal uncertainty, an unrefined assessment, and the personal views or understanding of the author/staff regarding the reliability of the information, rather than a definitive fact or established agency policy. It's part of the internal 'give-and-take' of evaluating information.",,,,,,1
541,Cynthia A. Rice,0,0,"This sentence is a proper name and provides no context about any decision-making process, so it cannot be determined if it is predecisional. It does not concern an issue where a final decision has not yet been made.","This sentence is a proper name, which is a factual identifier. It does not express an opinion, recommendation, or internal deliberation.",,,,,,0
542,"I see Coyne, Levin et al don't ask for a specific amount for food starnp outreach.",0,1,"Yes, the sentence concerns an observation about a request or proposal regarding 'food stamp outreach,' implying that a final decision on the request or the outreach strategy has not yet been made. It is an input into a potential decision-making process.","Yes, while it states an observation, 'I see Coyne, Levin et al don't ask for a specific amount,' this observation is presented as the author's personal assessment of a proposal. It highlights a potential gap or issue that would likely lead to further internal discussion, a request for clarification, or a decision on how to proceed. It reflects the internal 'give-and-take' of the decision-making process by pointing out something that needs to be considered, rather than stating a simple, objective fact or established agency policy.",,,,,,1
543,At what level was the funding in the FORK act?,0,0,"This sentence is a question seeking a factual piece of information (funding level). While this information might be used to inform a future decision, the question itself does not reflect a decision that has not yet been made, nor is it a part of the decision-making process itself. It's a request for existing data.","No, this sentence is a direct question seeking a specific fact. It does not express an opinion, recommendation, policy view, or any internal deliberation. It is a request for information, not an expression of thought or advice.",,,,,,0
544,"Short Version Propose $500 million in FY 2001, with $500 million in out-years, for Welfare-to-Work competitive grants.",0,1,"Yes, the sentence uses the word 'Propose,' indicating that a final decision on the funding amount for Welfare-to-Work competitive grants has not yet been made. It is a suggestion for future action.","Yes, the sentence expresses a recommendation or suggestion ('Propose $500 million...') for a specific funding level. This reflects an internal deliberation or policy opinion rather than a statement of established fact or final agency policy.",,,,,,1
545,"These grants could fund projects in three key areas impbrtant to sustaining ,the success of welfare reform: 1) to help the hardest to employ move from welfare to work and succeed in the work force;",0,1,"Yes, the sentence uses 'could fund projects,' indicating that decisions about specific funding or projects have not yet been finalized. It discusses potential future actions.","Yes, the sentence identifies 'three key areas important to sustaining the success of welfare reform.' This is an evaluative statement and a recommendation of strategic priorities for grant funding, reflecting an internal assessment rather than a simple fact or established policy.",,,,,,1
546,"2) to help low income fathers work, pay child support and reconnect with their children;",0,1,"Yes, this sentence states a proposed objective or goal. The decision on whether to adopt this specific objective, or how to implement it, would likely still be pending, making it predecisional.","Yes, this sentence expresses a policy opinion or a recommended course of action (to help low income fathers...). It is not a statement of fact but rather reflects a desired outcome or a choice about what the agency should aim to do, which is characteristic of internal deliberation.",,,,,,1
547,"3) to increase job retention, skills upgrading and supports (including outreach on food stamps, Medicaid, child care, and EITC) for low-income working families, including those who have left welfare, through local one-stop employment centers",0,1,"Yes, the sentence outlines a goal or objective ('to increase job retention, skills upgrading and supports') which implies a proposed course of action or a policy aim that has not yet been finalized. It is a statement of intent or a desired outcome, not a final decision or an established policy.","Yes, the sentence expresses a policy objective or a strategic aim. While not explicitly an 'opinion' or 'recommendation' in the first person, stating a goal like 'to increase job retention...' in a numbered list suggests it is part of an internal discussion or proposal about what the agency should do or achieve. It reflects a policy direction under consideration rather than a simple statement of fact or an already established, final policy.",,,,,,1
548,"Long Version Propose $500 million in FY 2001, with $500 million in out-years, for Welfare-to-Work competitive grants.",0,1,"Yes, the sentence uses the word 'Propose' and outlines a funding plan for future fiscal years ('FY 2001' and 'out-years'). This indicates that a final decision on this specific budget allocation for Welfare-to-Work competitive grants has not yet been made; it is a suggestion preceding a decision.","Yes, the word 'Propose' explicitly indicates a recommendation or a suggestion for action, rather than a statement of established fact or a final decision. It reflects an internal idea or plan being put forward for consideration.",,,,,,1
549,These funds could address three key issues related to sustaining the success of welfare reform:,1,1,"Yes, the phrase 'could address' indicates a potential future action or a proposal, suggesting that a final decision on how these funds will be used has not yet been made. It precedes an agency's action.","Yes, the sentence expresses a potential strategy or recommendation for the use of funds ('could address three key issues'). It reflects internal thinking and a suggestion rather than a statement of fact or established policy.",,,,,,1
550,1) $250 million for innovative local projects in communities that need the most help to move the hardest to employ from welfare to wolk and succeeding in the workforce.,0,1,"Yes, the sentence describes a proposed allocation of funds and a program, indicating that a final decision on this specific funding or program has not yet been made. It outlines a potential future action.","Yes, the sentence presents a specific proposal for action, including a funding amount and purpose. This constitutes a recommendation or an internal deliberation about policy or program design, rather than a statement of an existing fact or established agency policy. It reflects a specific idea being put forward for consideration.",,,,,,1
551,"This would honor the original intent of the Welfare-to-Work program, by focusing on the hardest to employ and getting the funds directly to locals.",1,1,"Yes, the sentence uses 'would honor,' indicating a potential future action or a proposed approach rather than a final decision. It discusses the implications or benefits of a particular strategy, suggesting it's part of an ongoing discussion before a final policy or implementation decision is made.","Yes, the sentence expresses an opinion and a policy argument ('This would honor the original intent... by focusing on...'). It's not a statement of fact but rather an interpretation of intent and a recommendation for how the program should be structured or implemented. It reflects the author's view and contributes to internal deliberation.",,,,,,1
552,"Within this amount, forrimla grants for tribes could be continued at current level of $15 Mor increased to $30 Mas proposed in FY 2000..",0,1,"Yes, the sentence discusses options for funding levels ('could be continued at current level' or 'increased to $30 Mas proposed') indicating that a final decision on the funding amount has not yet been made. It's exploring possibilities for a future action.","Yes, the sentence presents alternative courses of action or recommendations regarding the funding level for grants. It reflects internal consideration of options rather than stating a final decision or an established fact about future funding. The phrase 'could be continued' or 'increased' is inherently recommendatory/exploratory.",,,,,,1
553,"2) $150 million for responsible fatherhood initiatives that help low income fathers work, pay  child support, and reconnect with their children.",0,0,"This sentence states a specific funding amount for a particular initiative. If this is part of a budget proposal, a draft plan, or an internal discussion about future allocations, then a final decision on this funding may not yet have been made, making it predecisional. Without further context, it's difficult to be certain, but it could reasonably concern an issue where a final decision is pending.","The sentence states a specific figure ($150 million) and its purpose. It does not express an opinion, a recommendation, a personal view, or reflect the 'give-and-take' of the decision-making process. It is a factual statement about a proposed or existing funding level and its associated program, rather than an internal deliberation or policy opinion. It is not recommendatory in nature; it simply states the amount and purpose.",,,,,,0
554,This is consistent with the President's strong emphasis on fathers in our FY 2000 WtW reauthorization and positions to engage with the Hill as we expect Fatherhood bills to gain momentum next year.,0,1,"Yes, the sentence discusses 'positions to engage with the Hill' and anticipates future legislative developments ('expect Fatherhood bills to gain momentum next year'), indicating that final decisions on strategy and specific actions have not yet been made.","Yes, the sentence expresses an internal strategic position ('positions to engage with the Hill') and an expectation or assessment about future events ('as we expect Fatherhood bills to gain momentum next year'), which are opinions and internal deliberations rather than established facts or final agency policy.",,,,,,1
555,"3) $100 million to increase job retention, skills upgrading and supports (including outreach  on food stamps, Medicaid, child care, and EITC) for low income working families, including those who have left welfare through local one-stop centers.",0,1,"Yes, the sentence proposes a specific allocation of funds and programs, suggesting it is an item in a list of recommendations or options under consideration, not a final decision or an already implemented policy. The phrasing 'to increase' indicates a future action or goal.","Yes, the sentence expresses a recommendation or a proposed course of action regarding funding and program initiatives. It is not a statement of fact or an established agency policy, but rather an internal deliberation on how resources should be utilized.",,,,,,1
556,This would build on the Workforce Investment Act and help address the issues of the non-welfare working poor.,0,1,"Yes, the sentence uses 'would build on' and 'help address,' indicating a potential future action or a proposed strategy rather than a final decision or established policy. It suggests an idea under consideration.","Yes, the sentence expresses an opinion or recommendation about the potential benefits or approach of a particular action ('would build on,' 'help address the issues'). It's not a statement of fact but rather an assessment or a suggestion for policy direction.",,,,,,1
557,We are  also exploring ways to increase access to employment  services for  individuals  with  disabilities through this proposal.,1,1,"Yes, the phrase 'exploring ways' and 'through this proposal' indicates that the agency is still in the process of considering options and a final decision has not yet been made regarding the specific methods or the proposal itself. It precedes any final agency action or decision.","Yes, the sentence describes an ongoing internal activity of 'exploring ways' as part of a 'proposal.' This reflects the agency's internal thought process, strategy development, and consideration of options before a final policy or action is decided. It is not a statement of established fact or final policy, but rather part of the 'give-and-take' of decision-making.",,,,,,1
558,"OMB staff is currently proposing a total of$750 million for FY '01, all dedicated to the third category, but are also receptive to competitive grants in the other two areas:",1,1,"Yes, the sentence uses the phrase 'currently proposing' which indicates that a final decision on the budget allocation for FY '01 has not yet been made. It describes an ongoing suggestion rather than a settled matter.","Yes, the sentence expresses a 'proposal' from OMB staff regarding budget allocation and their 'receptiveness' to other options. This reflects an internal recommendation and the 'give-and-take' of the decision-making process, rather than a statement of fact or final policy.",,,,,,1
559,We're  waiting for them to finish Director's review today to find out where they're ending up.,1,0,"Yes, the sentence indicates that a Director's review is ongoing and the outcome is not yet known ('to find out where they're ending up'), meaning a final decision has not been made.","No, the sentence is a factual statement about the current status of a review process and an anticipation of its outcome. It does not express an opinion, recommendation, or internal deliberation about policy or a specific decision.",,,,,,0
560,"Based on info Amy provided on the marriage stats,  I'd  replace  the  2nd  graph  of  3d)  in  the 11/24 memo to BR/EL with the following.",1,1,"Yes, the sentence proposes a change to an existing memo (11/24 memo to BR/EL), indicating that the content of that memo, and thus the underlying issue it addresses, is still subject to modification and a final decision has not yet been made regarding its final form or content.","Yes, the sentence expresses a personal recommendation or opinion ('I'd replace the 2nd graph...') on how to modify a document. It reflects the author's internal thought process and suggestion rather than a statement of fact or established agency policy.",,,,,,1
561,I'm sending you a hard copy of the info from HHS (which is what they'd shared earlier but I'd misplaced).,0,0,This sentence describes the act of sending information and provides context about its origin and previous handling. It does not directly concern an issue where a final decision is being made or discussed. It's an administrative or logistical statement about document transmission.,"The sentence states facts: the sender is sending a hard copy, the information is from HHS, it was shared earlier, and the sender had misplaced it. It does not express an opinion, recommendation, policy view, or internal deliberation.",,,,,,0
562,Something not proposed by the VP which we could add is funding- for National Center for Health Statistics to improve data on marriage and divorce.,1,1,"Yes, the sentence proposes an addition ('which we could add') to something not yet finalized or proposed by the VP, indicating that a final decision on the content of a proposal or plan has not yet been made.","Yes, the sentence expresses a recommendation or suggestion ('Something... which we could add is funding...') rather than a statement of fact or an established policy. It reflects an internal idea being considered.",,,,,,1
563,In the past several years they have stopped collecting detailed information from states due to budgetary pressures and concerns about the quality  of the data.,0,0,"No, the sentence describes a past action ('have stopped collecting') and the reasons for it. It does not concern an issue where a final decision has not yet been made; rather, it explains a decision that has already been implemented.","No, the sentence states a fact about a past action and provides factual reasons for that action. It does not express an opinion, recommendation, or internal deliberation about a future course of action, but rather describes an existing state of affairs and its historical causes.",,,,,,0
564,"This has received a surprising amount of press attention, some have used this to criticize the Administration for being 'weak on marriage', and House W&M staff have expressed interest in restoring funding.",0,0,"The sentence reports on external interest from House W&M staff in 'restoring funding.' This implies that the issue of funding is not settled and could be subject to further agency decision-making or a response from the agency. Therefore, it concerns an issue where a final decision might not yet be made.","The sentence primarily reports on external facts: the amount of press attention, external criticism of the Administration, and external interest from House W&M staff. While the word 'surprising' reflects an observation or opinion, the overall nature of the sentence is informational and descriptive of external events, rather than expressing an internal recommendation, policy opinion, or legal advice from the author. It does not reflect the internal 'give-and-take' of the agency's decision-making process.",,,,,,0
565,"We could either wait for them to do so, or pre-empt them with a modest funding proposal.",1,1,"The sentence presents two alternative courses of action, indicating that a final decision on how to proceed has not yet been made. It is discussing potential future actions.","The sentence expresses options and implicitly suggests a strategy or recommendation ('pre-empt them with a modest funding proposal'). It reflects internal discussion and strategic thinking, not a statement of fact.",,,,,,1
566,"HHS' very preliminary  estimates show  it would cost about $750,000 in the first year to assess states' ability to report these data, with annual costs of $7 - $10 million to implement a high quality reporting system.",0,1,"Yes, the phrase 'very preliminary estimates' indicates that a final decision regarding the implementation of a reporting system and its costs has not yet been made. These are initial figures being considered as part of an ongoing process.","Yes, the sentence presents 'very preliminary estimates' of costs. Estimates, especially preliminary ones, are not established facts but rather projections and internal assessments used in the decision-making process. They reflect the agency's internal consideration of potential financial implications, which is a form of deliberation.",,,,,,1
567,I assume you'll work on this?,0,1,"Yes, the sentence implies an action that is yet to be taken or confirmed, indicating that a final decision or assignment regarding the work has not been formally concluded or is being discussed.","Yes, the sentence expresses an assumption or an expectation about future work, reflecting an internal thought process or an informal proposal/delegation rather than a statement of fact or established policy.",,,,,,1
568,Let me know if you'd like us to do anything.,0,0,"Yes, the sentence implies that further action or a decision is pending, and the sender is offering assistance or awaiting direction before a final conclusion is reached.","No, this sentence is an offer for assistance or an invitation for the recipient to provide direction. It does not express an opinion, recommendation, or internal deliberation on a policy or decision itself. It's a neutral, administrative offer.",,,,,,0
569,As a quick cut I would reorganize this to be:,0,1,"Yes, the phrase 'I would reorganize this to be' indicates a proposed action or suggestion, implying that the final organization or decision on the matter has not yet been made. It precedes a final agency action.","Yes, this sentence expresses a personal opinion or recommendation ('I would reorganize this') on how something should be structured. It reflects the author's internal thought process and suggestion, rather than a statement of fact or established policy.",,,,,,1
570,I am pleased that today the House.,1,0,"The sentence is incomplete, but 'today the House' implies an event that has occurred or is occurring. A statement of pleasure about an event that has happened is generally a reaction to a final action or event, not part of a predecisional process for that event. It does not appear to be created specifically to assist a decision-maker in reaching a final conclusion regarding an agency's action, but rather expresses a sentiment about an external body's action.","The phrase 'I am pleased that...' expresses a personal opinion or feeling. However, for FOIA Exemption 5, 'deliberative' means it reflects the internal 'give-and-take' of the decision-making process, such as recommendations, legal advice, or policy opinions. A simple statement of pleasure, without further context indicating it is a recommendation, policy argument, or part of a draft, does not typically meet this standard. It is a personal sentiment rather than a substantive contribution to policy deliberation.",,,,,,0
571,"Commerce committee voted [vote # if good] on a bipartisan basis for the Work Incentives Improvement Act, which would remove significant barriers to work for millions of people with disabilities by increasing their access to health care and employment services.",1,0,"No, the sentence reports a past event, a committee vote, which is a completed action. It is not discussing an issue where a final decision has not yet been made regarding that specific vote.","No, the sentence states a fact about a committee vote and describes the purpose of an act. It does not express an opinion, recommendation, or internal deliberation. The bracketed phrase '[vote # if good]' is an editorial note, but the substance of the sentence is factual reporting.",,,,,,0
572,"I strongly support this legislation and the Senate version championed by Senators Jeffords, Kennedy, Roth and Moynihan and which XX members of the Senate have co-sponsored.",1,1,"Yes, the sentence expresses support for ongoing legislation. An agency's final position on supporting or opposing such legislation, or how to engage with it, would likely still be under consideration, making it predecisional.","Yes, the phrase 'I strongly support this legislation' is a clear expression of an opinion or recommendation, reflecting the author's personal view rather than a statement of fact or established agency policy.",,,,,,1
573,I call upon the leadership of the House and Senate to work together to pass this legislation by the Memorial  Day recess.,1,0,"No. This sentence is a direct call to action or a public statement, not an internal discussion or analysis preceding an agency's own final decision or action. It represents a position or a request, which is more akin to a final opinion or an action itself, rather than a step in reaching a decision.","Yes. The phrase 'I call upon...' clearly expresses a recommendation, a desired course of action, or a policy opinion, rather than a statement of fact.",,,,,,0
574,No one should have to make a choice between earning an income and health care access.,1,0,"This sentence expresses a general policy sentiment or value statement rather than being tied to a specific, pending agency decision or action. It is not a recommendation for a particular program, rule, or action that is currently under consideration. Therefore, it is not inherently pre-decisional in the context of a specific final conclusion.","The sentence uses the word 'should' and expresses a normative judgment or opinion about how things ought to be. It is not a statement of fact. It reflects a policy stance or a personal view. Therefore, it is deliberative.",,,,,,0
575,"Obviously we may want to have more on what the bill does, etc.",1,1,"Yes, the phrase 'we may want to have more' indicates that a decision about the content or approach regarding 'the bill' is still under consideration and has not been finalized.","Yes, the sentence expresses a suggestion or an internal thought about what might be needed ('we may want to have more'), which is a recommendation or an opinion, not a statement of fact.",,,,,,1
576,and maybe the plug for no heath weakening amendments too.,1,1,"Yes, the phrase 'maybe the plug for no heath weakening amendments' indicates that a decision on whether to include such a 'plug' or protective measure is still under consideration and has not yet been finalized.","Yes, the word 'maybe' and the nature of the statement itself ('the plug for no heath weakening amendments') express a suggestion, an opinion, or a recommendation, reflecting internal deliberation rather than a factual statement or established policy.",,,,,,1
577,"â€¢ The Administration strongly supports S. 311/H.R. 1180, which would remove significant barriers to work for millions of people with disabilities by increasing their access to health care and employment services.",0,0,"No, the sentence states 'The Administration strongly supports S. 311/H.R. 1180,' which indicates a final, established position or decision of the Administration regarding specific legislation. It does not suggest that the decision on support is still under consideration.","No, while 'strongly supports' expresses a viewpoint, it is presented as the official, established policy or position of 'The Administration,' not a personal view of the author or an internal recommendation or deliberation. It communicates a decided stance, not an internal 'give-and-take' of the decision-making process.",,,,,,0
578,"In his January 19th State of the Union Address, the President expressed his ongoing commitment to empower people with disabilities and urged the Congress to pass the landmark Work Incentives Improvement Act.",0,0,"No, this sentence reports on a public statement made by the President in his State of the Union Address. This is a final, public expression of policy and commitment, not an internal discussion or decision that has not yet been made by the agency.","No, this sentence reports a factual event: what the President said and urged in a public address. It does not express an opinion, recommendation, or internal deliberation of the author or the agency. It is a factual recounting of a public statement.",,,,,,0
579,"The President's FY 2000 Budget fully funds the bill's health care options in Medicare and Medicaid as well as the ""Ticket to Work"" provisions for individuals with disabilities.",0,0,"No, the sentence describes the content of the President's FY 2000 Budget, which represents a final or proposed final decision regarding funding. It is a statement about what the budget does, not an issue where a decision is still pending.","No, the sentence states a fact about the budget's funding provisions. It is a descriptive statement of what the budget contains, not an opinion, recommendation, or internal deliberation about what it should contain.",,,,,,0
580,"During the last year, White House staff worked intensely with the disability community and with Congress to develop a proposal that provides the services necessary to enable people with disabilities to work.",0,0,"Yes, the sentence refers to the development of a proposal, implying that a final decision on the proposal itself has not yet been made.","No, the sentence describes a factual action taken by White House staff ('worked intensely... to develop a proposal'). It does not express an opinion, recommendation, or internal deliberation about the substance of the proposal or the decision-making process. It's a descriptive statement of an activity.",,,,,,0
581,"The ""ticket to work"" program helps address this need.",0,0,"No, this sentence describes the function of an existing program. It does not inherently suggest an ongoing decision-making process or a matter where a final decision has not yet been made. It's a statement about what the program does, not a document created to assist in reaching a final conclusion.","No, this sentence states that the 'ticket to work' program 'helps address this need.' This is presented as a factual statement about the program's purpose or effect, rather than a personal opinion, recommendation, or internal deliberation. It does not reflect the internal 'give-and-take' of a decision-making process or the personal views of the author in a recommendatory sense.",,,,,,0
582,But it is also essential to ensure access to health insurance coverage.,0,1,"Yes, the statement 'it is also essential to ensure access to health insurance coverage' expresses a policy goal or value judgment. Discussions around how to achieve this, or what priority it should take in policy formulation, are inherently pre-decisional, meaning a final decision on the specific approach or emphasis has not yet been made.","Yes, 'it is essential' is an opinion or a value judgment, not a verifiable fact. It reflects a policy stance, a recommendation, or an internal deliberation about what is considered important or what direction policy should take.",,,,,,1
583,"Senators Jeffords, Kennedy, Roth, and Moynihan have successfully developed a fully paid-for proposal that accomplishes these policy goals.",0,0,"The sentence reports on an external development: senators have developed a proposal. It does not describe an internal agency decision that is yet to be made. While the agency might later make a decision related to this proposal, the sentence itself is a statement of fact about an external action, not an internal predecisional step.","The sentence states that senators 'have successfully developed a fully paid-for proposal that accomplishes these policy goals.' This is presented as a factual report on the status and characteristics of an external legislative proposal. While 'successfully' could imply a positive assessment, in this context, it likely refers to the completion and meeting of specified criteria (fully paid-for, accomplishes goals). It does not express an internal agency opinion, recommendation, or policy deliberation.",,,,,,0
584,The Administration thus opposes any agiendments that weaken the bill's indispensable health provisions: no one should have to make a choice between earning an income and health care access.,0,0,"No. The sentence states 'The Administration thus opposes...' which indicates a final decision or settled policy position by the Administration regarding its stance on amendments. It is not a discussion, recommendation, or exploration of options leading up to that decision; it is a statement of the decided position itself. Therefore, it is not predecisional.","Yes. The sentence expresses a strong policy opinion and rationale ('opposes any amendments that weaken the bill's indispensable health provisions', 'no one should have to make a choice between earning an income and health care access'). This is clearly an opinion and a policy stance, not a factual statement.",,,,,,0
585,Most of the offsets that were included in last year's  version of  JK  were dropped.,0,0,"This sentence reports a factual change that has already occurred: 'Most of the offsets... were dropped.' While this fact might be relevant to an ongoing policy or legislative process ('JK'), the sentence itself is a statement about a past action or current status, not a proposal, recommendation, or a direct input for a future decision. It describes what has happened, not what should happen.","The sentence is a factual statement reporting an action. It does not express an opinion, a recommendation, legal advice, or a personal view of the author. It simply states that certain offsets 'were dropped,' without offering judgment or suggestion.",,,,,,0
586,The exceptions  were the  prisoner  provision  and the  clergy open season.,0,0,"This sentence describes what specific exceptions 'were'. It sounds like a statement of fact about existing or past provisions, rather than an issue where a final decision has not yet been made. It does not inherently suggest an ongoing decision-making process, but rather describes a state of affairs. Without further context, it appears to describe something already decided or established.","No, this sentence states what the exceptions 'were'. It is a factual statement identifying specific provisions as exceptions. It does not express an opinion, recommendation, legal advice, or policy view. It simply describes a characteristic of certain provisions.",,,,,,0
587,When JKRM -introduced the bill this session they included a series of tax provisions (including user  fees and tax  credits)  to  pay for  the bill.,0,0,"No, the sentence describes an action that has already occurred (the introduction of a bill with specific provisions). It is a factual statement about a past legislative event, not a discussion about a future decision or an ongoing debate.","No, the sentence states a fact about what was included in a bill upon its introduction. It does not express an opinion, recommendation, or internal deliberation. It is a descriptive statement.",,,,,,0
588,"I was wondering about the provisions that save money, whether those offsets were essentially being used in both bills (Jeffords-Kennedy and foster care).",0,1,"Yes, the sentence expresses a question about the use of money-saving provisions in two bills, indicating an ongoing discussion or analysis where a final decision or understanding has not yet been reached regarding the financial implications or legislative strategy.","Yes, the phrase 'I was wondering about...' clearly indicates an internal thought process, an inquiry, or a point for discussion rather than a statement of established fact or policy. It reflects the internal 'give-and-take' of understanding or evaluating legislative proposals.",,,,,,1
589,"Yes, the ""treatment  of prisoners""  language is included in S. 331  and H.R. 631;  ( I need to  check if the provisions are identical, but in concept, they are the same.",0,1,"Yes, the parenthetical 'I need to check if the provisions are identical' indicates that the author is still in the process of gathering information and forming a complete understanding or position regarding the legislation. This suggests that a final decision or agency action related to these provisions has not yet been made or finalized.","Yes, the phrase 'I need to check if the provisions are identical, but in concept, they are the same' reflects the author's internal thought process, ongoing analysis, and a preliminary assessment or opinion ('in concept, they are the same') that is subject to further verification. This is not a pure statement of established fact or final agency policy, but rather part of the internal 'give-and-take' of understanding and potentially formulating a position.",,,,,,1
590,"Also, many of the-other H.R. 631 offsets are assumed in the FY 2000 Budget.)",0,1,"Yes, the sentence discusses 'offsets' assumed in the FY 2000 Budget. If this email was created during the formulation of the budget, then the final decision on the budget had not yet been made. The statement concerns components of that predecisional budget.","Yes, the phrase 'are assumed' in the context of a budget reflects internal judgments, policy choices, or projections made by the agency during its budget formulation process. It is not a purely objective, external fact, but rather an internal assessment or decision about how the budget is being constructed. Therefore, it expresses an internal deliberation rather than a simple fact.",,,,,,1
591,"On Friday 3/26, ED staff (Curtis Richards and others) met with W&M staff for about an hour to discuss the Bunning-Kennelly bill & this year's Kennedy-Jeffords bill.",0,0,"No, the sentence reports a past event (a meeting) and its topic. It does not concern an issue where a final decision has not yet been made, nor is it part of the decision-making process itself. It's a factual report.","No, the sentence is a factual statement reporting who met, when, for how long, and what they discussed. It does not express an opinion, recommendation, or internal deliberation.",,,,,,0
592,I apologize for the delay in sending this summary out.,0,0,"No, this sentence is an apology for a delay in sending a summary. It does not concern an issue where a final decision has not yet been made, nor does it precede an agency action or decision. It's a statement about the timing of a communication.","No, this sentence expresses an apology, which is a statement of regret. It does not express an opinion, recommendation, or internal deliberation. It is a factual statement about the author's regret for a delay, not a policy view or part of a decision-making process.",,,,,,0
593,"One of the main purposes of this meeting was to brief W&M staff on how the State VR programs work (e.g., the fact that priority is given to serving individuals with the most significant disabilities).",0,0,"No, the sentence describes the purpose of a meeting, which was to brief staff on how existing State VR programs work, including an established fact about priority. It does not concern an issue where a final decision has not yet been made; rather, it conveys information about existing program operations.","No, the sentence explicitly states 'the fact that priority is given to serving individuals with the most significant disabilities.' This is presented as an established fact about program operations, not an opinion, recommendation, or internal deliberation.",,,,,,0
594,Below is a brief summary of the other important items that were discussed.,0,0,"This sentence is an introductory phrase indicating that a summary of discussed items will follow. It does not, by itself, concern an issue where a final decision has not yet been made. It's a meta-statement about the content to be presented, not the substance of a decision-making process.","This sentence states a fact: 'Below is a brief summary...' It describes the structure of the communication rather than expressing an opinion, recommendation, or internal deliberation. It is a factual statement about the document's content organization.",,,,,,0
595,"Agreement with State Rehab Agency: W&M staff asked ED about the purpose of sec. 1148(c)(3){D) in the Senate bill, which states that no payment can be made to an employment network who either makes referrals to a State agency in violation of their agreement  with the agency, or has not entered into an agreement.",0,1,"Yes, the sentence concerns a 'Senate bill,' which indicates that the legislative process is ongoing and a final decision on the law or its agency implementation has not yet been made. The agency is seeking clarification on proposed language, which is inherently predecisional.","Yes, the sentence describes W&M staff asking ED about the 'purpose' of a specific section in a bill. This inquiry is part of the internal 'give-and-take' of the decision-making process, as it seeks to understand the intent, implications, or policy rationale behind proposed legislation. It reflects an internal deliberation or request for policy interpretation rather than a mere factual statement unrelated to policy formulation.",,,,,,1
596,"ED staff noted that this language is intended to prevent employment networks from ""double dipping""  by referring an individual to  a State  VR agency for specific services, and then being reimbursed for the services provided,by the State VR agency.",0,0,"No, the sentence explains the intent behind existing language, implying a decision has already been made regarding that language. It is not discussing a future decision or a policy under formulation.","No, the sentence reports what ED staff noted about the intent of the language. It is an explanation of the purpose of a rule, presented as an observation, rather than an opinion, recommendation, or internal deliberation reflecting personal views.",,,,,,0
597,W&M staff was concerned that the bill language would essentially  reassign the  ticket  to the VR agency.,0,1,"Yes, the sentence discusses 'bill language' and a 'concern' about its potential effect, implying that the bill is still under consideration and a final decision on its language or impact has not yet been made. The 'concern' itself indicates an ongoing evaluation process.","Yes, the sentence states that 'W&M staff was concerned.' This expresses an internal opinion, apprehension, or viewpoint of staff regarding the potential implications of the bill language. It reflects an internal assessment and part of the 'give-and-take' of evaluating proposed legislation, rather than a simple statement of fact or established policy.",,,,,,1
598,"ED said the language just requires the provider to reimburse the Rehab agency, not give up the ticket, but said that it would look into this issue.",0,1,"Yes, the sentence indicates that ED 'would look into this issue,' which means a final decision or interpretation has not yet been made regarding the specific language and its implications.","Yes, the sentence reports an interpretation or opinion from ED regarding what the language requires ('just requires the provider to reimburse... not give up the ticket'). This is an interpretation, not a simple statement of fact or established policy. The commitment to 'look into this issue' further suggests an ongoing internal deliberation.",,,,,,1
599,"Mode of Election for Reimbursement: W&M staff asked about Sec. 1148 (c)(1) in the Senate bill, which gives only State agencies the option of  operating  under  the  old or the  new  payment  system, on a case by case basis.",0,0,"Yes, the sentence discusses a section of a Senate bill and a question raised by staff, indicating that decisions related to the bill's provisions or the agency's position on them are likely not final.","No, the sentence is a factual report that W&M staff asked about a specific section of a Senate bill. It describes an action and the content of that action, rather than expressing an opinion, recommendation, or internal deliberation from the author of the email.",,,,,,0
600,"ED justified this language by  saying that, under  this  bill, the m.ost  difficult and risky cases (e.g., the most severely disabled) will most  likely  wind  up  in  the  State  agencies rather then private providers, and that the reimbursements for  these  individuals  would  usually  be lower under the new payment system.",0,1,"Yes, the sentence discusses a justification for language in a bill and potential outcomes under a 'new payment system,' implying that the bill and its specific language, as well as the payment system, are still under consideration and a final decision or implementation has not yet occurred. It's an explanation of reasoning behind proposed language.","Yes, the sentence reports ED's justification, which involves an analysis and prediction of the bill's impact ('will most likely wind up,' 'would usually be lower'). These are not established facts but rather projections, interpretations, and policy analyses reflecting internal thinking and reasoning about the bill's potential effects. It's part of the 'give-and-take' of policy formulation.",,,,,,1
601,W&M staff said that  they  were  concerned  that  private providers do not have the same option in the Senate bill.,0,1,"Yes, the sentence expresses a concern about a provision in a 'Senate bill,' implying that the legislative process or the agency's position on the bill's implications is still ongoing and a final decision or action has not yet been made regarding this specific issue.","Yes, the sentence states that 'W&M staff said that they were concerned...' The expression of 'concern' is an opinion or an internal assessment of a potential problem or inequity. It reflects the staff's view on a policy matter (the Senate bill's provisions) rather than a mere statement of fact.",,,,,,1
602,Big Picture -- Competition: W&M staff asked ED if both they and the State rehab agencies are generally concerned that this legislation would increase competition between State rehab agencies and private providers.,1,1,"Yes, the sentence describes an inquiry about potential concerns regarding the impact of legislation. This indicates that a final decision or official stance on the legislation's impact on competition has not yet been made, and the discussion is part of the process leading to such a decision.","Yes, the sentence reports a question about whether staff and agencies are 'generally concerned' that legislation 'would increase competition.' This is an inquiry into opinions and potential impacts, reflecting internal deliberation and the 'give-and-take' of assessing policy implications, rather than stating a simple fact.",,,,,,1
603,"ED noted that they support the  Kennedy-Jeffords legislation in its  current form (though they have concerns  with, for instance, the P&A language),  and that competition isn't a major issue with the Department because there are more than enough people for both the State rehab agencies and private providers to serve.",1,1,"Yes, the sentence discusses an agency's support for specific legislation and notes internal concerns with its 'current form,' as well as an assessment of a related policy issue (competition). These are typically internal discussions and positions that precede a final, official agency decision, action, or settled policy regarding the legislation or the policy issue.","Yes, the sentence expresses an opinion ('ED noted that they support...'), internal concerns ('though they have concerns with...'), and an assessment/opinion on a policy matter ('competition isn't a major issue... because there are more than enough people...'). These are not statements of fact but rather reflect the agency's internal thinking, views, and deliberations on policy and legislative matters.",,,,,,1
604,"P&A: ED brought up it's concern that the Senate bill only provides a generic reference to providing information on obtaining employment and advocacy, rather than the more specific P&A language included in last year's draft H.R.  3433.",1,1,"Yes, the sentence discusses a concern about the language in a 'Senate bill' and compares it to a 'draft H.R.' from the previous year. This indicates that the legislative language is still being considered and a final decision on its specific wording or the bill itself has not yet been made.","Yes, the sentence reports that 'ED brought up it's concern' regarding the generic nature of the Senate bill's language compared to more specific language in a previous draft. This is an expression of an opinion or a critical assessment of proposed legislative text, reflecting internal deliberation on policy or legislative drafting rather than a statement of established fact or final agency policy.",,,,,,1
605,W&M said that they'd take ED's  concern under advisement.,1,0,"Yes, the phrase 'take under advisement' indicates that a concern has been received and will be considered, implying that a final decision on the matter has not yet been made. It is still in the consideration phase.","No, this sentence is a factual report about what W&M communicated ('W&M said that they'd take ED's concern under advisement'). It states a fact about an action or promise, rather than expressing an opinion, recommendation, or internal deliberation itself. It reports on the initiation of a process, not the substance of the deliberation.",,,,,,0
606,I agree with Jonathan's comment.,1,1,"Yes, agreeing with a comment implies an ongoing discussion or a point being considered, suggesting that a final decision on the underlying issue has not yet been made.","Yes, 'I agree with Jonathan's comment' is an expression of personal opinion or alignment with another's view, reflecting internal deliberation rather than a statement of fact or established policy.",,,,,,1
607,"I also would suggest that the first paragraph be made longer, Jeanne what do you think and what  would  you add?",1,1,"Yes, the sentence suggests a change to a paragraph and solicits input from another person, indicating that the content is still under review and a final decision on the document's form or substance has not been made.","Yes, the sentence expresses a recommendation ('I also would suggest that...') and asks for another person's opinion and input ('what do you think and what would you add?'), reflecting internal deliberation and personal views rather than a statement of fact or established policy.",,,,,,1
608,"so that  the balance  is  right,  e.g.,  there's 99% we absolutely love and 1% we'd amend slightly.",1,1,"Yes, the sentence discusses achieving a 'right balance' and suggests potential amendments ('we'd amend slightly'), indicating that a final decision on the content or policy being discussed has not yet been made. It's part of an ongoing process to refine something.","Yes, the sentence expresses subjective opinions and assessments ('the balance is right,' 'we absolutely love,' 'we'd amend slightly'). It reflects internal evaluation and potential recommendations for future action, rather than stating a fact or established policy.",,,,,,1
609,I would also amend the second graph as follows:,1,1,"Yes, the phrase 'I would also amend' indicates a proposed change to a document or 'graph' that has not yet been finalized. It precedes a final agency action or decision regarding the content of the graph.","Yes, 'I would also amend' is a recommendation or suggestion for how to change the 'graph.' It reflects the author's personal view or input into the content, rather than a statement of established fact or policy.",,,,,,1
610,"The Administration, AQW urges the Senate to amend the bill to authorize the Work Incentives Assistance Grants proposal included in the President's FY 2000 Budget.",0,1,"Yes, the sentence concerns a legislative bill that is still subject to amendment and a proposal that has not yet been authorized. The Administration is urging an action, indicating a decision has not been finalized regarding the bill's content.","Yes, the sentence uses the word 'urges,' which is a clear recommendation or advocacy for a specific policy action (amending the bill to authorize a proposal). This reflects an opinion and a desired outcome, not a statement of fact.",,,,,,1
611,"This proposal would authorize grants, for benefits planning and assistaa e counseling to facilitate access to information about work incentives and for state and local partnerships to better imegrate coordinate services for people with disabilities who work or are returning to work.",0,0,"Yes, the sentence uses the phrase 'This proposal would authorize grants,' indicating that a final decision has not yet been made regarding the authorization of these grants. It describes a potential future action.","No, the sentence describes what a 'proposal' entails or would do. It is a descriptive statement about the content or scope of a proposal, rather than an expression of a personal opinion, recommendation, or internal deliberation about the merits of the proposal itself. It states what the proposal is, not an opinion on whether it should be adopted or changed.",,,,,,0
612,Looks good.,1,0,"No. While 'Looks good' can be used in a predecisional context (e.g., commenting on a draft document or proposal), it can also be used in a post-decisional context (e.g., commenting on a final document after a decision has been made or a matter has been settled). Without specific context, it cannot be determined to be always predecisional.",Yes. 'Looks good' expresses a subjective opinion or assessment rather than a verifiable fact. It reflects the author's personal view or judgment.,,,,,,0
613,"I suggest you drop the ""however"" in the second paragraph.",1,1,"Yes, the sentence is a suggestion for an edit to a document, implying that the document itself is still in draft form and a final decision on its content or wording has not yet been made.","Yes, the phrase 'I suggest you drop...' is a clear recommendation or opinion on how to refine the text, reflecting internal deliberation rather than a statement of fact or established policy.",,,,,,1
614,"It has the unintended effect of diminishing our support in the first paragraph (e.g., ""I like you but ... "").",1,1,"Yes, the sentence discusses the 'unintended effect' of a particular communication approach or phrasing. This implies an ongoing evaluation or critique of a strategy, suggesting that a final decision on how to present information or communicate support has not yet been made. It's an internal assessment prior to a final action or public statement.","Yes, the sentence expresses an opinion or an analytical assessment: 'It has the unintended effect of diminishing our support...' This is not a statement of objective fact but rather an interpretation of the potential impact of a communication style. It reflects internal deliberation about the effectiveness of a message and the author's personal view on its consequences.",,,,,,1
615,"It would read fine simply: ""The Administration urges.:.""",1,1,"Yes, the sentence suggests a specific wording for a phrase, implying that the final text or statement has not yet been decided upon. It is a proposed edit or suggestion for an ongoing drafting process.","Yes, the sentence expresses an opinion or recommendation ('It would read fine simply...') regarding the clarity or acceptability of a particular phrasing. It reflects the author's personal judgment rather than a statement of fact or established policy.",,,,,,1
616,"Work Incentives Improvement Act Meeting: Administration and Disability Advocates April 7, 1999",0,0,"No, this sentence is a factual description of a meeting title, participants, and date. It does not indicate that a final decision is pending or being discussed.","No, this sentence is purely factual. It states the name of a meeting, the participants, and the date. It does not express an opinion, recommendation, or internal deliberation.",,,,,,0
617,Agenda,0,0,"The word 'Agenda' by itself does not provide enough context to determine if it concerns an issue where a final decision has not yet been made. It is a label for a list of topics, which may or may not be predecisional.","No, 'Agenda' is a factual label or title. It does not express an opinion, recommendation, legal advice, or policy view. It is not part of the 'give-and-take' of the decision-making process.",,,,,,0
618,I. Welcome/Introductions: Jonathan Young (OPL) Attendees expected to include:,0,0,"No, this sentence concerns the logistics of a meeting (welcome, introductions, expected attendees), not an issue where a final decision needs to be made. It's a factual statement about meeting participants.","No, this sentence states an agenda item and lists expected attendees, which are factual or logistical details. It does not express an opinion, recommendation, or internal deliberation.",,,,,,0
619,"A. Disability Advocates: Marty Ford{The Arc), Tony Young (UCPA), David Fields (UCPA), Andrew Sperling (NAMI), Suellen Galbraith (ANCOR), Mary Gennaro (NADDC), Sallie Rhodes (NAPAS)",0,0,"This sentence is a factual list of names and their affiliations. It does not inherently concern an issue where a final decision has not yet been made, nor does it appear to be created specifically to assist a decision-maker in reaching a final conclusion. It is simply an enumeration of individuals.","This sentence expresses a factual list of names and organizations. It does not express an opinion, recommendation, legal advice, policy opinion, or any internal deliberation. It is purely informational.",,,,,,0
620,"B. White House: Cynthia Rice (DPC), Jeanne Lambrew (NEC), Eric Gould (DPC), Lisa Brown (OVP), Jonathan Young (OPL)",0,0,This sentence is a list of names and their White House affiliations. It does not inherently concern an issue where a final decision has not yet been made. It appears to be a factual listing rather than part of an ongoing policy or decision-making process.,"This sentence expresses a factual list of individuals and their offices. It does not express an opinion, recommendation, or internal deliberation. It is not a draft or recommendatory in nature.",,,,,,0
621,"C. OMB: Barbara Chow, Joanne Cianci, Melinda Haskins, Larry Matlack, Jeff F rkas:",0,0,"This sentence is a list of names under the heading 'OMB'. It does not describe a pending decision, a policy, or an action that is being considered. It is a factual listing of individuals.","The sentence expresses a factual list of names, not an opinion, recommendation, or internal deliberation. It does not reflect any 'give-and-take' of the decision-making process.",,,,,,0
622,"D. DOL: Becky Ogle, Gary Reed, Bill McKinnon",0,0,"This sentence is a list of names. It does not inherently describe an issue where a final decision has not yet been made. It could be a factual list of individuals involved in something, without indicating a pending decision.","This sentence is a factual list of names. It does not express an opinion, recommendation, or internal deliberation. It simply states who is associated with DOL under point D.",,,,,,0
623,"E. SSA: Susan Daniels, Judy Chesser, Jim O'Donnell",0,0,This sentence is a list of names. There is no information to suggest it relates to an issue where a final decision has not yet been made. It appears to be a factual identification of individuals.,"This sentence is a factual list of names. It does not express an opinion, recommendation, or internal deliberation. It simply states who is associated with 'SSA' under heading 'E'.",,,,,,0
624,F. HHS: Bob Williams,0,0,This sentence is a simple identification of a person and an agency. It does not inherently concern an issue where a final decision has not yet been made. It's more of a factual listing.,"This sentence states 'F. HHS: Bob Williams'. This is a factual statement, likely identifying a person associated with an agency. It does not express an opinion, recommendation, or internal deliberation. It is not a draft or recommendatory in nature.",,,,,,0
625,"IL Work Incentives Planners/DOL Grants: Cynthia (DPC), Barbara (0MB), Becky (DOL), and Susan (SSA)",0,0,"This sentence is a list of names and their associated agencies related to a topic. It does not describe a pending decision or a matter under consideration. It's an informational listing, not a statement about a decision that has or has not yet been made.","This sentence is a factual listing of individuals and their affiliations. It does not express an opinion, recommendation, policy advice, or any internal deliberation. It simply identifies participants or contacts.",,,,,,0
626,III. Overall Strategy: Jonathan (OPL) and Cynthia (DPC)         A. House Update         B. Senate Update         C. Future Meetings:,0,0,"Yes, this sentence outlines topics for an 'Overall Strategy' discussion, including updates and future meetings. This indicates that decisions related to the strategy are still being formulated or discussed, not finalized.","No, this sentence is a heading or an outline of discussion topics. It does not express an opinion, recommendation, or internal deliberation. It factually lists what will be covered under 'Overall Strategy'.",,,,,,0
627,This is just 7 lines.,0,0,"No, this sentence is a factual observation about length and does not inherently concern an issue where a final decision has not yet been made. It does not assist a decision-maker in reaching a final conclusion.","No, this sentence expresses a factual observation ('just 7 lines') rather than an opinion, recommendation, or internal deliberation. It is not a personal view or part of a 'give-and-take' process.",,,,,,0
628,"If Marie and Laura each take one, 0MB takes two, Jeanne takes one, I'll join Cynthia in her office, patch in Connie, leaving one extra line.",0,1,"Yes, the sentence outlines a hypothetical plan or arrangement for allocating resources (lines) and coordinating participation. It's a discussion of how to proceed, indicating that a final decision or action on these logistics has not yet been made.","Yes, the sentence expresses a proposed plan or a suggestion for how to manage resources and participation. It's not a statement of fact or established policy, but rather an internal deliberation or recommendation on how to organize an event or task. The 'If...then...' structure indicates a proposed course of action.",,,,,,1
629,Call is at 12:30 pm,0,0,"No, this sentence states a factual event (a call time). It does not concern an issue where a final decision needs to be made or is being discussed. It's an informational statement.","No, this sentence is a factual statement about a scheduled event. It does not express an opinion, recommendation, or reflect any internal deliberation or 'give-and-take' of the decision-making process.",,,,,,0
630,"Cynthia, can you look this over before I circulate it?",0,1,"Yes, the phrase 'before I circulate it' indicates that the document or information is not yet finalized or distributed, meaning a final decision on its content or release has not been made.","Yes, this sentence is a request for internal review and feedback ('can you look this over'). Such a request is part of the internal 'give-and-take' of the decision-making process, inviting opinions, recommendations, or edits before a document is finalized or circulated. It reflects an internal deliberation process.",,,,,,1
631,Thanks.,0,0,"No, this sentence is a simple expression of gratitude and does not concern an issue where a final decision has not yet been made. It does not relate to any specific decision-making process.","No, 'Thanks' is an expression of gratitude, not an opinion, recommendation, or internal deliberation. It does not reflect the 'give-and-take' of the decision-making process.",,,,,,0
632,"I Background: One of the original titles of the JK Legislation concerned setting up ""Work Incentives Planners,"" on a competitive state-by-state grant basis, to inform people on SSI and SSDI about their options for obtaining employment and taking advantage of the JK War Incentives.",0,0,"No, the sentence provides historical background about original titles of past legislation. It describes what the legislation concerned, which is a factual statement about a past proposal, not an issue where a final decision is currently pending or being formulated by the agency.","No, the sentence states a fact about the content of original legislative titles. It describes what the legislation concerned, which is a descriptive statement of information, not an opinion, recommendation, or internal deliberation.",,,,,,0
633,"The Senate bill propsed to fund this program out of SSA 1 for $23 million a year max over five years, starting in year 2.",0,0,"Yes, the sentence describes a proposed funding mechanism in a Senate bill, indicating that a final decision on this funding has not yet been made.","No, the sentence is a factual statement reporting on what a Senate bill proposed. It does not express an opinion, recommendation, or internal deliberation by the agency itself, but rather describes an external legislative proposal.",,,,,,0
634,"During our budget process, we developed a proposal that combined the Planners with one of the Task Force recommendations for Systems Change in DOL, for a total of $50 million a year, beginning year one (roughly $23 million going to the Planners, the rest for Systems Change).",0,1,"Yes, the sentence describes the development of a 'proposal' during a 'budget process.' A proposal indicates that a final decision has not yet been made, and the budget process is an ongoing activity leading to a final decision.","Yes, the sentence describes the internal process of developing a proposal, specifically how different elements (Planners, Task Force recommendations) were combined and allocated funds. It reflects the agency's internal thinking and recommendations being formulated, rather than a statement of fact or established policy.",,,,,,1
635,"We proposed this change to the Senate during, but the bill was passed out of Finance Committee without our recommended change, sticking by the $23 million in SSA.",0,0,"No, the sentence describes a past event where a decision (the bill passing out of committee without the recommended change) has already been made by an external body (the Finance Committee). It is reporting on a finalized legislative action, not an ongoing internal decision-making process within the agency.","No, the sentence is a factual report of an action taken by the agency ('We proposed this change') and the outcome of that action ('the bill was passed out of Finance Committee without our recommended change'). It does not express an opinion, recommendation, or internal deliberation, but rather states what happened.",,,,,,0
636,Reason for Meeting: Senate staff and disability groups are operating under the assumption that the bill language obligates/mandates SSA to fund the program.,0,0,"Yes, the sentence describes the 'Reason for Meeting' concerning an assumption about bill language and SSA's funding obligations. This indicates that the agency is meeting to discuss this issue, implying that a final decision or agency position on the matter has not yet been made.","No, the sentence states a fact about what external parties (Senate staff and disability groups) are assuming. It does not express an opinion, recommendation, or internal deliberation from the agency itself regarding the bill language or funding. It's a factual observation providing context for a meeting, rather than the agency's own 'give-and-take' on the substance of the issue.",,,,,,0
637,They are separately exploring ways to appropriate funds for the Task Force Systems Change component.,1,0,"Yes, the phrase 'exploring ways to appropriate funds' indicates that a final decision on how or whether to appropriate funds for the Task Force Systems Change component has not yet been made. It describes an ongoing process of consideration before a final action.","No, this sentence is a factual statement reporting that an exploration is occurring. It does not express an opinion, recommendation, or internal deliberation about the merits of different ways to appropriate funds, nor does it reflect the personal views of the author on the matter. It simply states an action being taken.",,,,,,0
638,"But, as we have discussed in recent meetings, the language would require SSA to fund the Planners out of its discretionary Administrative account, and SSA cannot therefore guarantee it will have the resources  to  operate the program.",1,1,"Yes, the sentence discusses the implications of a proposed 'language' (likely a policy or legislative text) regarding funding for a program. The phrase 'as we have discussed in recent meetings' indicates an ongoing discussion where a final decision on this 'language' and its funding implications has not yet been made. It concerns a potential future requirement and the agency's ability to meet it.","Yes, the sentence expresses an internal assessment or opinion about the consequences of the proposed 'language.' It states that the language 'would require SSA to fund' and that SSA 'cannot therefore guarantee it will have the resources.' This is an analytical conclusion about the feasibility and impact of a proposal, reflecting the agency's internal thinking and deliberation rather than a simple statement of an established fact or policy.",,,,,,1
639,We want to inform the Congress and the advocates about our concern so that we do not run into greater problems down the road.,1,1,"Yes, the sentence expresses an intent to take a future action ('We want to inform...') and the strategic reasoning behind it ('so that we do not run into greater problems down the road'). This indicates that a final decision on how to address the 'concern' or whether/how to inform Congress and advocates has not yet been made. It is part of an ongoing discussion about a potential course of action.","Yes, the sentence expresses an opinion and a strategic recommendation regarding a proposed course of action. The phrase 'We want to inform...' is a statement of intent and a recommendation, and 'so that we do not run into greater problems down the road' is a policy opinion or a strategic rationale, reflecting internal deliberation and judgment rather than a simple fact.",,,,,,1
640,Proposed Agenda for Meeting: 1) Introductions; 2) Review history and content of our DOL combined proposal; 3) Review concerns about current Senate language; 4) Q & A.,0,1,"Yes, the sentence presents a 'Proposed Agenda' for a meeting, indicating that the meeting itself and the topics to be discussed (e.g., 'Review concerns about current Senate language') are part of an ongoing process where final decisions have not yet been made. The agenda itself is a preliminary step to future discussions and potential decisions.","Yes, the sentence expresses a 'Proposed Agenda,' which is a recommendation or suggestion for the structure and content of an upcoming meeting. It reflects an internal thought process about how to conduct a discussion, rather than a statement of fact or established policy.",,,,,,1
641,"Attendance at Meeting: 1) Administration Representatives from DPC/NEC, 0MB (health and income maintenance divisions), W.H. Legislative Affairs, SSA, DOL, OVP, OPL; 2) Leading disability community advocates (4-6).",0,1,"Yes, the sentence lists proposed attendees for a future meeting, indicating that the decision regarding who will attend, and potentially the meeting itself, is still in the planning or pre-decisional stage. It is not a record of a final decision or an event that has already occurred.","Yes, the sentence expresses a recommendation or proposal for who should attend a meeting. The inclusion of '4-6' for disability community advocates further suggests a range or a deliberative choice rather than a firm, established fact. It reflects internal planning and the 'give-and-take' of deciding participants.",,,,,,1
642,"Administration offices not  mentioned  above, but  wishing  to  attend, may do so.",0,0,"No, this sentence is an instruction or an invitation regarding attendance, not a part of a process leading to a final decision on a substantive policy or agency action. It's a logistical detail rather than a predecisional element of a policy choice.","No, this sentence states a permission or an option ('may do so'). It does not express an opinion, recommendation, or internal deliberation. It's a factual statement about who is allowed to attend, not a personal view or a part of the 'give-and-take' of decision-making.",,,,,,0
643,Just let me know.,0,0,This sentence is a generic request for information or a response. Its predecisional nature is entirely dependent on the surrounding context. It does not inherently indicate whether a final decision has or has not been made.,"No, this sentence does not express an opinion, recommendation, or internal deliberation. It is a procedural statement or an invitation for communication, not a reflection of the 'give-and-take' of the decision-making process.",,,,,,0
644,"From the response I've heard so far, this appears to be the best (and perhaps only) workable time.",0,1,"Yes, the phrase 'appears to be' and the context of finding a 'workable time' suggest that a final decision on scheduling or timing has not yet been made. The author is providing an assessment to assist in reaching that decision.","Yes, the sentence expresses an opinion or recommendation ('appears to be the best (and perhaps only) workable time') rather than a statement of fact. It reflects the author's judgment based on feedback, contributing to internal deliberation.",,,,,,1
645,"Please let me know if this does NOT work for representation from OMB (Health and Ed), DPC/NEC, SSA, DOL, and Leg. Affairs.",0,1,"Yes, the sentence is asking for feedback on a proposed plan for representation, indicating that a final decision on the representation has not yet been made. It is soliciting input before a conclusion is reached.","Yes, the sentence expresses a request for opinions or potential objections ('if this does NOT work'). This is part of the internal 'give-and-take' of the decision-making process, seeking input to shape a final plan rather than stating a fact or established policy.",,,,,,1
646,"In the meantime, interested parties please hold date/time for meeting with disability representatives.",0,0,"Yes, the sentence concerns a preparatory step (scheduling a meeting) for a future discussion, the outcome of which would likely involve decisions that have not yet been made.","No, this sentence is a factual instruction or request to hold a date/time for a meeting. It does not express an opinion, recommendation, or internal deliberation about policy or strategy.",,,,,,0
647,"There will probably be no perfect time, so I'd like to hold this one unless it poses a major problem.",0,1,"Yes, the sentence expresses a preference or recommendation ('I'd like to hold this one') regarding a course of action, indicating that a final decision on whether to 'hold' it has not yet been made. It's a suggestion for future action.","Yes, the sentence contains an opinion ('There will probably be no perfect time') and a recommendation or personal preference ('I'd like to hold this one unless it poses a major problem'). It reflects the author's internal thought process and proposed action, not a factual statement or established policy.",,,,,,1
648,Thanks.,0,0,"No, this sentence is a simple expression of gratitude and does not concern an issue where a final decision has not yet been made. It does not relate to any specific decision-making process.","No, 'Thanks' is an expression of gratitude, not an opinion, recommendation, or internal deliberation. It does not reflect the 'give-and-take' of the decision-making process.",,,,,,0
649,"[This message doesn't apply to all of you, but I thought it easier to send it to everyone, rather than risk leaving someone out.]",0,0,"No, the sentence concerns the sender's decision on how to distribute the email, which has already been made and executed. It is a justification for a communication choice, not a step in reaching a final conclusion on an agency action or policy.","Yes, it expresses the sender's personal thought process or opinion regarding the ease and risk of sending the email to everyone ('I thought it easier to send it to everyone, rather than risk leaving someone out.'). However, this opinion is about email distribution logistics, not a substantive agency policy, recommendation, or legal advice.",,,,,,0
650,RE: Setting up meeting with groups,0,0,"Yes, the subject line 'Setting up meeting with groups' implies that the logistics and details of the meeting are still being arranged, and the meeting itself has not yet occurred. This precedes the final action of the meeting taking place.","No, this sentence is a subject line that factually states the topic of the email. It does not express an opinion, recommendation, or internal deliberation about the substance of the meeting or whether it should occur. It's a logistical identifier, not a reflection of internal 'give-and-take.'",,,,,,0
651,"We discussed meeting with the groups Tuesday or Wednesday, April 6-7.",0,0,"Yes, the sentence indicates that potential meeting dates (Tuesday or Wednesday) were discussed, implying that a final decision on the meeting schedule had not yet been made.","No, the sentence is a factual statement reporting that a discussion took place. It does not express an opinion, recommendation, or internal deliberation itself, nor does it reflect the 'give-and-take' of the decision-making process. It merely states that a discussion occurred.",,,,,,0
652,"I'd like to suggest two windows of time: 11 :00 AM to 2:00 PM gn Tuesday, and 10:00 AM to 4:00 PM on Wednesday.",0,1,"Yes, the sentence proposes specific time windows, indicating that a final decision on scheduling has not yet been made. It is part of the process leading to a decision.","Yes, the phrase 'I'd like to suggest' explicitly indicates a recommendation or proposal, reflecting an opinion or internal deliberation rather than a statement of fact or established policy.",,,,,,1
653,"We need representatives from the following: OMB (including Barbara Chow and Dan Mendelson, if possible), SSA, DOL (that includes PTFEAD), Leg Affairs, and OPD.",0,1,"Yes, the sentence concerns the identification of participants for a future discussion or meeting, implying that the final composition of the group or the decision to be made by that group has not yet been finalized. It precedes the agency's action of convening the meeting or making the decision.","Yes, the sentence expresses a recommendation or a plan regarding who should be involved in a process. The phrase 'We need representatives from the following' is a statement of a desired composition, not a factual statement about an existing situation. The inclusion of specific individuals 'if possible' further indicates a recommendation or a preference rather than an established fact or policy.",,,,,,1
654,We'd like to keep this meeting manageable by keeping numbers small.,0,1,"Yes, the sentence expresses a preference or goal for an upcoming meeting, indicating that decisions about the meeting's size or participant list are still being formed or discussed. It precedes a final decision on meeting logistics.","Yes, the sentence expresses an opinion or a strategic preference ('We'd like to keep this meeting manageable by keeping numbers small') rather than a statement of fact. It reflects internal thought about how to best organize the meeting.",,,,,,1
655,"But if  you're not from one of  these offices and really  want to attend, let me know.",0,0,"Yes, the sentence concerns the potential attendance of individuals not from specific offices, implying that a final decision on their attendance has not yet been made and is open to consideration.","No, the sentence 'let me know' is an administrative instruction or an offer to consider an exception. It does not express an opinion, recommendation, legal advice, or policy opinion. It is a request for information that might initiate a decision-making process, but it is not itself a deliberation or a reflection of the 'give-and-take' of weighing options.",,,,,,0
656,I suggest the following approach to identify a time.,0,1,"Yes, the sentence proposes an approach, indicating that a final decision on the approach or the specific time has not yet been made. It precedes an agency action.","Yes, the phrase 'I suggest' clearly indicates a recommendation or an opinion on a course of action, reflecting internal 'give-and-take' rather than a statement of fact or established policy.",,,,,,1
657,"I've listed below nine hour-long blocks, with numbers.",0,0,"This sentence is a factual statement about an action taken by the sender (listing blocks). While the purpose of these blocks might be related to a pre-decisional process (e.g., scheduling), the sentence itself does not concern an issue where a final decision has not yet been made. It's an administrative update or a statement of fact about what has been prepared.","No, this sentence states a fact: the author has listed nine hour-long blocks. It does not express an opinion, recommendation, legal advice, or policy view. It is a straightforward factual statement about an action taken, not an internal deliberation or a personal view.",,,,,,0
658,Just email me back with the numbers of the times that do NOT work for you (and your office).,0,0,"Yes, the sentence is part of a process to schedule something, meaning a final decision on the schedule has not yet been made. It is gathering input to make a decision.","No, the sentence is a request for factual information (unavailable times) to aid in scheduling. It does not express an opinion, recommendation, or internal deliberation on policy or substance. It's a logistical request for data points.",,,,,,0
659,I hope that there will be at least one hour that works.,0,1,"Yes, the sentence expresses a hope about finding a suitable time, indicating that a final decision on scheduling has not yet been made.","Yes, it expresses a personal hope or desire ('I hope') rather than a statement of fact or an established policy. It reflects the author's internal view on the scheduling challenge.",,,,,,1
660,"[Cynthia, please coordinate OPD/Leg Affairs representation]",0,0,"Yes, the instruction to coordinate representation implies an ongoing process or an issue for which a final decision or action is still pending. It's a step in preparation for something.","No, this sentence is a direct instruction or administrative tasking ('please coordinate'). It does not express an opinion, recommendation, policy view, legal advice, or reflect the 'give-and-take' of the decision-making process. It's a command to perform an action, not a deliberation.",,,,,,0
661,"[Joanne, please coordinate 0MB representation]",0,0,"Yes, coordinating representation is a step in an ongoing process, preceding any final decision that the representation might influence or any final outcome of the event where representation is needed.","No, this sentence is a direct instruction or administrative request ('please coordinate'). It does not express an opinion, recommendation, policy view, or legal advice. It is a directive to perform a task, not a reflection of internal 'give-and-take' or personal views on policy.",,,,,,0
662,"[Marie, please coordinate SSA representation]",0,0,"Yes, coordinating representation is an action taken in preparation for a future event or decision, not a final decision itself or an explanation of one.","No, this sentence is a direct instruction or task assignment. It does not express an opinion, recommendation, policy view, or legal advice. It's an administrative directive rather than a reflection of internal 'give-and-take' or personal views.",,,,,,0
663,"[Becky, please coordinate DOL representation]",0,0,"Yes, the instruction to 'coordinate DOL representation' implies that the representation itself, and the details surrounding it, are not yet finalized. This is a step taken before a final decision or action regarding the representation is complete.","No, this sentence is a direct instruction or command ('please coordinate'). It does not express an opinion, a recommendation, or reflect the 'give-and-take' of policy formulation or decision-making. It is an administrative task assignment rather than a deliberation on policy or strategy.",,,,,,0
664,"#1: Tuesday, April 6, 11:00 AM - 12:00 PM",0,0,"This sentence states a specific date and time. While it could be part of a discussion about scheduling a meeting (which might be pre-decisional), the sentence itself does not describe an issue where a final decision is pending. It's a factual statement of a time slot.","No, this sentence is a factual statement of a date and time. It does not express an opinion, recommendation, or internal deliberation. It is not a draft or recommendatory in nature.",,,,,,0
665,"#2: Tuesday, April 6, 12:00 PM - 1 :00 PM",0,0,"This sentence states a specific date and time. On its own, it is a factual statement of a time slot. It does not inherently indicate whether a final decision about this time has been made or is pending. It is not a document created specifically to assist a decision-maker in reaching a final conclusion, but rather a piece of scheduling information.","This sentence expresses a specific date and time. It is a factual statement and does not convey an opinion, recommendation, or internal deliberation. It does not reflect the personal views of the author or the 'give-and-take' of the decision-making process.",,,,,,0
666,"#3: Tuesday, April 6, 1:00 PM - 2:00 PM",0,0,"Yes, if this is a proposed meeting time, the final decision on the meeting schedule has not yet been made.","No, this sentence states a specific date and time. It is a factual statement, not an opinion, recommendation, or internal deliberation.",,,,,,0
667,"#4: Wednesday, April 7, 10:00 AM - 11:00 AM",0,0,"This sentence presents a specific date and time, possibly as an item on a list or a proposed schedule. While the final decision regarding the schedule or event might still be pending (making it predecisional in that context), the sentence itself is a factual entry.","No, this sentence states a specific date and time. It is a factual statement and does not express an opinion, recommendation, legal advice, or any form of internal deliberation or 'give-and-take' in the decision-making process.",,,,,,0
668,"#5: Wednesday, April 7, 11:00 AM - 12:00 PM",0,0,"This sentence states a specific date and time. It does not inherently indicate that a final decision is pending or being discussed. It is a factual piece of information, not a proposal or a part of a decision-making process.","This sentence is a factual statement of a date and time. It does not express an opinion, recommendation, legal advice, or policy view. It is not reflective of internal 'give-and-take' or personal views.",,,,,,0
669,"#6: Wednesday, April 7, 12:00 PM - 1:00 PM",0,0,"This sentence states a specific date and time. It does not inherently indicate whether a final decision has been made regarding a policy or action. It is a factual statement of a time slot, which could be a proposed meeting, a confirmed meeting, or a past event. It does not concern an issue where a policy decision is pending.","No, this sentence is a factual statement of a date and time. It does not express an opinion, recommendation, legal advice, or policy view. It is purely informational.",,,,,,0
670,"#7: Wednesday,  April 7,  1 :00   PM - 2:00 PM",0,0,"No, this sentence is a factual statement of a date and time. It does not inherently indicate an issue where a final decision has not yet been made, nor is it created to assist a decision-maker in reaching a final conclusion. It's simply a time slot.","No, this sentence expresses a specific date and time, which is a factual statement. It does not express an opinion, recommendation, or internal deliberation. It does not reflect the 'give-and-take' of the decision-making process.",,,,,,0
671,"#8: Wednesday, April 7,  2:00 PM - 3:00 PM",0,0,"This sentence states a specific date and time. It does not inherently indicate an issue where a final decision has not yet been made, nor does it assist in making a decision. It is a factual statement of a time slot, not a predecisional recommendation or analysis.","This sentence is a factual statement of a date and time. It does not express an opinion, recommendation, or internal deliberation. It does not reflect the 'give-and-take' of the decision-making process.",,,,,,0
672,"#9: Wednesday, April 7, 3:00 PM - 4:00 PM",0,0,"No, this sentence states a specific date and time, likely for a meeting or event. It does not indicate an issue where a final decision has not yet been made, nor does it assist in reaching a final conclusion on a policy matter. It's a factual statement about a schedule.","No, this sentence is purely factual, providing a date and time. It does not express an opinion, recommendation, legal advice, or policy view. It reflects no internal give-and-take of a decision-making process.",,,,,,0
673,"Once we get a time that works internally, I'll take care of notifying the groups and setting up room arrangements, clearance, etc.",0,0,"Yes, the sentence indicates that an internal time has not yet been finalized ('Once we get a time that works internally'), meaning a final decision on the timing is still pending.","No, this sentence describes administrative and logistical actions that will be taken once a decision (the internal time) is made. It does not express an opinion, recommendation, or internal deliberation about what that decision should be. It's a statement of intent regarding implementation, not part of the 'give-and-take' of the decision-making process itself.",,,,,,0
674,Feel free to give me a call if you have any questions.,0,0,"No, this sentence is a generic offer for further communication and does not inherently concern an issue where a final decision has not yet been made. It is not part of the substantive decision-making process itself.","No, this sentence expresses an offer to answer questions, which is a statement of availability, not an opinion, recommendation, or internal deliberation. It does not reflect the 'give-and-take' of the decision-making process.",,,,,,0
675,Thanks everyone for your commitment to this bill.,0,0,"No, this sentence is a statement of thanks for past commitment. It does not indicate an ongoing decision-making process or assist in reaching a final conclusion. It's an acknowledgment rather than a predecisional input.","No, this sentence expresses gratitude, which is a sentiment, but it is not an opinion, recommendation, legal advice, or policy opinion related to the substance of a decision. It does not reflect the internal give-and-take of the decision-making process.",,,,,,0
676,It would be a tremendous victory to get this signed by the President this year.,0,1,"Yes, the sentence discusses an action (getting something signed by the President) that has not yet occurred, indicating a decision is pending.","Yes, the phrase 'It would be a tremendous victory' expresses an opinion, an assessment of a desired outcome, and reflects internal strategic thinking rather than a statement of fact.",,,,,,1
677,Keep up the good work.,0,0,"No, this sentence is a general statement of encouragement or praise and does not concern an issue where a final decision has not yet been made. It does not assist a decision-maker in reaching a final conclusion on a specific matter.","No, while it expresses a positive sentiment, it is not an opinion, recommendation, or internal deliberation regarding a policy, action, or specific decision. It is a general commendation rather than a reflection of the internal give-and-take of a decision-making process.",,,,,,0
678,"Today SSA met with W&M staff (led by  Kim Hildred 'and  Sandy  Wise), plus  a  cast  of  thousands from the Hill, to discuss changes made since the Bunning-Kennelly bill passed  the House last  year.",0,0,"No, the sentence reports on a meeting that already occurred ('Today SSA met...') to discuss changes that have already been made ('changes made since the Bunning-Kennelly bill passed the House last year'). It is a factual report of a past event and its topic, not a discussion or recommendation concerning a future agency decision.","No, the sentence is a factual statement reporting on a meeting, who attended, and what was discussed. It does not express an opinion, recommendation, legal advice, or policy view. The phrase 'cast of thousands' is a colloquial description of attendance, not a deliberative statement.",,,,,,0
679,We worked from a copy of the  8-K  bill that  was  marked  up  to  reflect  changes.,0,0,"Yes, the sentence refers to working from a marked-up copy of a bill/document, indicating that changes were still being considered and a final version or decision had not yet been made.","No, the sentence is a factual statement describing the source document used in their work ('We worked from a copy... that was marked up'). It does not express an opinion, recommendation, or internal deliberation about the content or policy itself. It describes a procedural fact.",,,,,,0
680,"Although  HCFA sent a representative, no one from ED or DOL was present.",0,0,"This sentence states a fact about who was present or absent from an event. It does not inherently indicate an ongoing decision-making process or an issue where a final decision has not yet been made. It's a factual observation, not a document created to assist a decision-maker in reaching a final conclusion.","This sentence is a factual statement reporting attendance. It does not express an opinion, recommendation, legal advice, or policy view. It simply states who was and wasn't present.",,,,,,0
681,Here is a  summary  of  some  of  the issues discussed (Medicaid and offsets were not discussed):,0,0,"Yes, the sentence introduces a summary of 'issues discussed,' implying that these are topics under consideration and not yet resolved with a final decision. It precedes any final agency action or decision.","No, the sentence itself is a factual statement about the content of the email (a summary of discussions) and what was not discussed. It does not express an opinion, recommendation, or internal deliberation. It's an administrative statement about the information being presented.",,,,,,0
682,Scoring.,0,0,"The word 'Scoring' is too vague to determine if it concerns an issue where a final decision has not yet been made. It could be a heading, a topic, or an action, but without context, its pre-decisional nature is unclear.","No, 'Scoring' is a single word that describes an activity or a topic. It does not express an opinion, recommendation, or internal deliberation. It is not a statement of personal views or a reflection of internal give-and-take.",,,,,,0
683,"Kim and Sandy noted that while the 8-K bill produced savings over five years, the changes made to these provisions by the Senate now result in costs.",0,0,"The sentence reports on the financial impact of a bill and its changes, as noted by individuals. It does not explicitly state that a final decision is pending for the agency, nor does it propose a course of action for the agency. It's an observation about an external legislative development. While such information could be an input to a future agency decision, the sentence itself is not inherently predecisional in the sense of assisting a decision-maker in reaching a final conclusion for an agency action.","The sentence states a factual observation about the financial outcomes (savings vs. costs) of a bill and its changes, as 'noted' by Kim and Sandy. It is not an opinion, recommendation, or internal deliberation from the author of the email. It reports a finding or an observation, rather than expressing a subjective view, policy advice, or engaging in the 'give-and-take' of the decision-making process.",,,,,,0
684,Work Incentive Grants.,0,0,"This sentence is a simple label or topic. It does not inherently indicate whether a final decision has or has not been made regarding 'Work Incentive Grants.' It could refer to an existing program, a subject for discussion, or a program under consideration. Without further context, it's difficult to definitively say it is predecisional, as it doesn't describe a stage of decision-making.","No, this sentence does not express an opinion, recommendation, or internal deliberation. It is a factual label or a topic name. It does not reflect the 'give-and-take' of the decision-making process, nor does it represent personal views or a draft.",,,,,,0
685,"W&M staff noted the specialists proposed in 8-K were no longer in the bill, and asked SSA to explain the new grants.",1,0,"Yes, the sentence describes an interaction regarding a 'bill' and 'new grants,' implying an ongoing legislative or policy process where final decisions have not yet been made. W&M staff are seeking explanations, indicating the matter is still under consideration.","No, the sentence reports a factual observation ('W&M staff noted the specialists proposed in 8-K were no longer in the bill') and a factual action ('asked SSA to explain the new grants'). It does not express an opinion, recommendation, or internal deliberation. It's a description of an interaction, not the substance of a deliberation.",,,,,,0
686,"I added that the budget did not include the JKRM grants, but rather included an alternative grant program based in DOL.",1,0,"Yes, the sentence describes the content of a budget, which implies that a final decision on the budget's approval and specific line items has not yet been made. Budgets typically undergo a process of drafting, discussion, and approval.","No, the sentence is a factual statement about what the speaker 'added' or communicated regarding the budget's current composition. It states that the budget 'did not include' certain grants but 'included an alternative.' This is a description of the budget's content or a point made in a discussion, not an opinion, recommendation, or internal deliberation about what the budget *should* contain.",,,,,,0
687,Kim and Sandy requested to see any paper/legislative language the Administration developed on these grants.,1,0,"No, this sentence reports a factual request made by individuals. It does not concern an issue where a final decision has not yet been made, nor does it reflect the agency's internal decision-making process regarding a policy or action. It's a statement about an event.","No, this sentence states a fact: that Kim and Sandy requested certain documents. It does not express an opinion, recommendation, or internal deliberation. It is a factual report of an action taken by individuals.",,,,,,0
688,Prisoner Provision -- Privacy Act Exemption.,0,0,"This sentence appears to be a topic or subject heading. It refers to a 'Prisoner Provision' and a 'Privacy Act Exemption.' Without further context, it's difficult to definitively say if a final decision has been made on this specific issue. However, such a concise reference often points to an area of discussion or consideration where a decision might still be pending. Assuming it's a subject being discussed, it would be predecisional.","This sentence is a factual reference to a subject matter: 'Prisoner Provision' and 'Privacy Act Exemption.' It does not express an opinion, recommendation, legal advice, or policy view. It simply names the topics. It lacks the 'give-and-take' characteristic of deliberative material.",,,,,,0
689,Sandy noted that the prisoner provision language was changed and she asked for the rationale.,1,0,"The sentence reports that language was changed and a rationale was requested. While the change itself might be a decision, the request for a rationale suggests that the understanding, justification, or potential further actions related to that change are still being discussed or evaluated. This indicates that the issue is not fully settled and further deliberation may be needed, making it pre-decisional.","The sentence states two facts: that Sandy noted a change in language, and that she asked for the rationale. It does not express an opinion, recommendation, or internal deliberation. It is a factual report of an observation and an action (asking a question), rather than the content of a deliberation itself.",,,,,,0
690,We explained that  SSA  did not  need to  be exempt  from the entire Privacy Act in order to collect and  share  the  information  under  this  provision.,1,1,"Yes, the sentence discusses whether SSA needed to be exempt from the Privacy Act, which implies an ongoing discussion or analysis related to legal requirements or policy application. It's an explanation of a legal interpretation or position that would likely precede a final decision on how to proceed with information collection and sharing, rather than a statement of a final, settled policy or a justification of a decision already made.","Yes, the sentence expresses a legal interpretation or opinion ('SSA did not need to be exempt from the entire Privacy Act...'). This is not a simple statement of fact but an assessment or conclusion drawn from legal analysis, reflecting internal deliberation or legal advice within the decision-making process.",,,,,,1
691,The substitute language is meant to  only exempt  SSA  from the necessary  provisions.,1,1,"Yes, the sentence refers to 'substitute language' and what it 'is meant to' do, indicating that a final decision on this language or its implications has not yet been made. It discusses a proposed or draft change.","Yes, 'meant to only exempt' expresses the intent, purpose, or rationale behind the proposed 'substitute language.' This reflects the internal thinking, strategy, or policy considerations of the agency, which is a form of deliberation or recommendation, rather than a statement of established fact or final policy.",,,,,,1
692,We  also  noted that OMB-OGC and SSA-OGC continue to discuss this issue.,1,0,"Yes, the phrase 'continue to discuss this issue' indicates that a final decision has not yet been made on the issue.","No, this sentence is a factual statement reporting the status of ongoing discussions between two entities. It does not express an opinion, recommendation, or internal deliberation about the substance of the issue itself, nor does it reflect the 'give-and-take' of the decision-making process from the author's perspective. It's an observation of a process, not a part of the deliberation.",,,,,,0
693,"W&M seems to be  fine  with  the change as long as the data sharing can still occur, and requested that we share any future changes with them.",1,0,"Yes, the sentence refers to 'the change' and 'future changes,' indicating that decisions related to these changes are either ongoing or anticipated, and not yet final. The request to share future changes also suggests an evolving process.","No, the sentence reports the apparent sentiment ('seems to be fine') and a request ('requested that we share') from an external entity (W&M). While this information might be used in the agency's decision-making process, the sentence itself is a factual report of external feedback and a request, rather than an internal opinion, recommendation, legal advice, or policy opinion from the agency's staff. It does not represent the personal views of the author regarding the agency's policy or a recommendation from the author to the agency.",,,,,,0
694,Funding.,0,0,"The sentence 'Funding.' is a single word and provides no context to determine if it relates to an issue where a final decision has not yet been made. It could be a topic, a subject, or a label, but it doesn't inherently indicate a pre-decisional stage.","The sentence 'Funding.' is a noun and does not express an opinion, recommendation, or internal deliberation. It is merely a topic or a label, not a statement reflecting the give-and-take of the decision-making process.",,,,,,0
695,In several places the Senate changed authorization language to language that looks  more like appropriations language.,0,1,"Yes, this sentence describes an observation and interpretation of legislative language. In an internal agency context, such an analysis would typically be shared to inform the agency's understanding, strategy, or response to legislative developments, where a final agency decision or position on how to proceed has not yet been made. It assists in reaching a conclusion.","Yes, the phrase 'looks more like appropriations language' is an interpretive assessment or opinion about the nature of the legislative text. It reflects the author's analysis and judgment rather than a purely objective, undisputed fact or established agency policy. This kind of internal characterization is part of the 'give-and-take' of the decision-making process.",,,,,,1
696,House staff hypothesized this  may  have  been  to  avoid  offsetting certain provisions.,0,1,"Yes, the sentence describes a hypothesis by House staff, which is an internal thought process or speculation about the reason for an action. This kind of internal analysis is typically predecisional, as it's part of understanding a situation to inform potential future actions or policy, rather than a final decision or a justification of a completed one.","Yes, the words 'hypothesized' and 'may have been' clearly indicate an opinion, speculation, or internal deliberation rather than a statement of established fact or agency policy. It reflects the personal view or analytical thought of the House staff.",,,,,,1
697,"However, they  also  noted  that  the  funds  should  not  be  appropriated  through this bill, and would be supject to the discretionary caps.",0,1,"Yes, the sentence discusses how funds 'should not be appropriated' and 'would be subject to' certain caps, indicating that a final decision on the appropriation method and the application of caps has not yet been made. It's a recommendation or an opinion prior to a final agency action.","Yes, the phrase 'should not be appropriated through this bill' is a clear recommendation or policy opinion, not a statement of fact. It reflects internal deliberation on the appropriate course of action for fund appropriation.",,,,,,1
698,Someone on House staff volunteered  to raise the issue with the appropriators.,0,0,"Yes, the sentence describes an action (volunteering to raise an issue) that is part of an ongoing process to influence a future decision by appropriators. The issue itself is still open, and the act of raising it precedes a final decision.","No, the sentence is a factual statement reporting that someone volunteered to take an action. It does not express an opinion, recommendation, or internal deliberation about policy or strategy. It's an update on who is doing what, rather than a reflection of the 'give-and-take' of the decision-making process.",,,,,,0
699,He felt it was unlikely the House would pass the language.,0,1,"Yes, the sentence discusses the likelihood of the House passing 'the language,' implying that the legislative action is still pending and a final decision (the House's vote) has not yet occurred.","Yes, the phrase 'He felt it was unlikely' expresses a personal opinion, assessment, or prediction about a future event, rather than a statement of established fact or policy.",,,,,,1
700,Reauthorization of the Ticket.,0,0,"No, this sentence is a noun phrase that refers to a topic or process. It does not inherently indicate whether a final decision has or has not been made, nor does it serve to assist a decision-maker in reaching a conclusion. It's a label, not a predecisional statement.","No, this sentence is a factual reference to a process or program. It does not express an opinion, recommendation, or internal deliberation. It simply names the subject matter without conveying any personal views or advice.",,,,,,0
701,"W&M is unhappy with the reauthorization language {staff referred to it as a ""five year sunset provision with a grandfather clause"").",0,1,"Yes, the sentence refers to 'reauthorization language,' implying that the language is still being considered or debated, and a final decision on its form or adoption has not yet been made. The unhappiness expressed suggests ongoing discussion about proposed terms.","Yes, the sentence expresses an opinion or sentiment ('W&M is unhappy') regarding the reauthorization language. This reflects a stakeholder's reaction or internal assessment, which is part of the 'give-and-take' of the decision-making process, rather than a statement of objective fact or established policy.",,,,,,1
702,"CBO noted that the change has little effect on 5 year numbers, but virtually all of the program's savings are lost over the 10 year period.",0,0,"The sentence reports CBO's findings regarding the financial impact of a 'change' on program savings. This type of analytical input is typically provided to inform decision-makers before a final decision is made on the 'change' or program, making it predecisional.","The sentence states what 'CBO noted,' presenting it as a factual report of CBO's analysis or findings. It does not express an opinion, recommendation, or internal deliberation of the agency that created the email. It is reporting an external observation rather than reflecting the agency's own internal 'give-and-take' or policy views.",,,,,,0
703,CLARIFICATION POINTS Continuing Disability Reviews.,0,0,"Yes, 'Clarification points' implies that there are aspects of Continuing Disability Reviews that are not yet settled or fully understood, suggesting that a final decision or definitive interpretation has not yet been made on these points.","No, this sentence is a topic heading or subject identifier. It states what the subsequent discussion or content will be about ('clarification points' regarding 'Continuing Disability Reviews'). It does not express an opinion, recommendation, or internal deliberation itself, but rather labels the subject matter. While the content under this heading might be deliberative, the heading itself is a factual description of the topic.",,,,,,0
704,There is some  confusion in  W&M  (as  in  SSA  and EXOP)  about  how the  two  provisions  that  eliminate   work  activity  as  a  trigger  for  a  disability  review  relate  to  each other.,1,1,"Yes, the sentence describes 'confusion' about how two provisions relate to each other. This indicates that the agency's final understanding, interpretation, or operational procedure regarding the interaction of these provisions has not yet been settled or clearly defined. Therefore, a final decision on this matter has not been made.","Yes, the statement 'There is some confusion...' is an internal assessment or observation by the author about the state of understanding within various agency components. It highlights an unresolved issue that requires further discussion, clarification, or decision-making. This reflects the author's personal view on an internal problem, rather than an established agency policy or a purely objective, external fact. It contributes to the internal 'give-and-take' of the decision-making process by identifying an area needing deliberation.",,,,,,1
705,SSA volunteered to provide a written rationale for the changes it would like to make.,1,0,"Yes, the sentence refers to 'changes it would like to make,' indicating that these changes are not yet final decisions but are proposals or desired modifications for which a rationale is being offered. This suggests a decision-making process is still underway.","No, the sentence is a factual statement reporting an action taken by SSA: 'SSA volunteered to provide...' It describes an event or an offer. It does not express an opinion, recommendation, or internal deliberation itself. While the 'written rationale' SSA offers to provide might be deliberative, this sentence merely reports the offer.",,,,,,0
706,Advisory Panel.,0,0,"This sentence is too short and lacks context to definitively determine if it concerns an issue where a final decision has not yet been made. It could be a factual reference to an existing panel or part of a discussion about forming one. Without more information, it's difficult to assess its predecisional nature.","No, this sentence does not express an opinion, recommendation, or internal deliberation. It is a factual label or reference to an 'Advisory Panel' rather than a subjective view or a part of the 'give-and-take' of decision-making.",,,,,,0
707,"W&M staff wanted to know if the Administration opposed the panel proposed in the Senate -- twice the size of the House panel and broader scope (SSA-based panel advises HHS, DOL, ED).",1,0,"Yes, the sentence concerns the Administration's potential opposition to a proposed Senate panel, implying that the Administration's position or a final decision on the panel has not yet been made.","No, the sentence is a factual report that W&M staff wanted to know the Administration's stance. It does not express an opinion, recommendation, or internal deliberation from the author or the agency itself, but rather reports an inquiry about a potential policy position.",,,,,,0
708,"SSA and I stated that while we preferred to build off of an  existing  interagency  panel  focused on employment for individuals with disabilities, we would not oppose the Senate panel.",1,1,"Yes, the sentence discusses a preference for one option (building off an existing panel) and a conditional stance on another (not opposing the Senate panel). This indicates that a final decision on which panel to use or how to proceed has not yet been made.","Yes, the sentence expresses a clear preference ('preferred to build off of...') and a strategic position ('would not oppose...'). These are opinions and recommendations reflecting internal agency deliberation rather than a statement of established fact or final policy.",,,,,,1
709,State Agency Participation in the Ticket Program.,0,0,This sentence is a topic or subject heading. It does not inherently indicate whether a final decision has been made or is pending. It simply names an issue. It does not express a predecisional thought or stage of a decision-making process itself.,"No, this sentence does not express an opinion, recommendation, or internal deliberation. It is a neutral statement of a topic, not a personal view, advice, or part of the 'give-and-take' of decision-making.",,,,,,0
710,The Senate version enables State VR agencies to select payment methods on a case by case basis and to develop contracts with other participating providers/managers.,0,0,"Yes, the sentence refers to 'The Senate version,' implying a legislative proposal or bill that is still under consideration, meaning a final decision (e.g., enactment into law, agency implementation plan) has not yet been made.","No, this sentence is a factual description of what 'The Senate version enables.' It states a provision or capability within a proposed legislative text rather than expressing an opinion, recommendation, or internal deliberation about it. It does not reflect the personal views of the author or an internal debate.",,,,,,0
711,Kim Hildred wants to speak to someone from ED about these changes.,0,0,"This sentence implies that 'these changes' are still a topic of discussion or consideration, as someone wants to speak about them. This suggests that a final decision regarding the changes may not yet have been made, or that further input is sought before a final decision is reached. So, it is likely predecisional.","This sentence is a factual statement about Kim Hildred's desire to speak to someone. It does not express an opinion, a recommendation, legal advice, or a policy position. It simply conveys an intention or a request for communication, which is a factual piece of information.",,,,,,0
712,Medicare.,0,0,"The sentence 'Medicare' is a single word, a proper noun. It does not provide any context to determine if it concerns an issue where a final decision has not yet been made. It simply names a program.","The sentence 'Medicare' is a factual term, the name of a government program. It does not express an opinion, recommendation, or internal deliberation. It is not a draft or recommendatory in nature.",,,,,,0
713,W&M staff asked several questions to get a better understanding of the provision.,0,0,"Yes, the act of asking questions to understand a provision suggests that a final decision or interpretation regarding that provision has not yet been made. It's part of an information-gathering phase preceding a decision.","No, this sentence is a factual statement describing an action taken by staff (asking questions). It does not express an opinion, recommendation, legal advice, or policy view. It reports an event, not an internal deliberation or personal view.",,,,,,0
714,"Specifically, they asked about the 10 year window, whether  disability  reviews  would be  conducted after an individual stops receiving DI cash benefits (they read it as ""no""), and costs.",0,0,"Yes, the sentence concerns questions about policy aspects (10-year window, disability reviews, costs) where clarification or further discussion is implied, suggesting a final decision or understanding has not yet been fully settled.","No, the sentence is a factual report of questions asked by others and their interpretation. It does not express an opinion, recommendation, or internal deliberation from the author of the email. It reports on inquiries, rather than being an inquiry or deliberation itself.",,,,,,0
715,Expedited Eligibility Provision.,0,0,"This sentence is a label or a topic. Without context, it is difficult to determine if it concerns an issue where a final decision has not yet been made. It could be a heading in a draft document, a subject line for discussion, or a reference to an existing provision. As a standalone phrase, it does not inherently indicate a predecisional stage.","No, this sentence does not express an opinion, recommendation, or internal deliberation. It is a factual label or a name of a concept/provision. It does not reflect the 'give-and-take' of the decision-making process or the personal views of the author.",,,,,,0
716,"This was not discussed in detail, though Kathy Ruffing (CBO) did note that she scored it as a small caster instead of a small saver.",1,1,"Yes, the sentence indicates that a matter 'was not discussed in detail,' suggesting that a final decision or consensus has not yet been reached. The 'score' mentioned is an individual's assessment, likely an input to a broader decision-making process.","Yes, the sentence reports an individual's 'score' and her specific characterization of it ('small caster instead of a small saver'). This is an opinion or an analytical judgment, reflecting an internal assessment rather than a simple statement of fact or an established agency policy.",,,,,,1
717,SSA will provide a  written rationale for this provision.,1,0,"This sentence indicates a future action: SSA will provide a written rationale. This suggests that the rationale itself has not yet been finalized or released, implying that the justification for the provision is still in progress or awaiting finalization. Thus, it concerns an issue where a final decision (the final rationale) has not yet been made.","This sentence is a statement of intent or a commitment to a future action ('SSA will provide...'). It does not express an opinion, a recommendation, a personal view, or an internal deliberation about the content of the rationale or whether it should be provided. It is a factual statement about a planned output, not a reflection of the internal 'give-and-take' of the decision-making process.",,,,,,0
718,ADDITIONAL ISSUES,0,0,"This sentence, as a heading 'ADDITIONAL ISSUES', suggests that there are more topics or problems to be addressed or discussed. This typically occurs before a final decision is reached on a matter. It does not state a final decision or justify one that has already been made. Therefore, it is likely predecisional.","This sentence is a very generic heading. It does not express an opinion, a recommendation, legal advice, or a policy view. It simply indicates the presence of further topics for consideration. It does not reflect the 'give-and-take' of the decision-making process or the personal views of the author on a substantive matter. It is more of a factual label or organizational element rather than a deliberative thought.",,,,,,0
719,Milestone Payments.,0,0,"This sentence is a very short phrase, likely a topic or a label. Without context, it's difficult to definitively say if it concerns an issue where a final decision has not yet been made. It could be a subject for discussion, implying a decision is pending, or it could be a reference to an established payment structure. Given its brevity, it doesn't explicitly state a decision has been made or is being justified.","No, this sentence does not express an opinion, recommendation, or internal deliberation. It is a factual phrase or a topic heading. It does not reflect the personal views of the author, legal advice, or policy opinions. It simply states 'Milestone Payments' without any evaluative or recommendatory language.",,,,,,0
720,SSA again requested that more specific language be adopted regarding milestones only being paid after an individual starts a job.,1,1,"Yes, the sentence indicates that SSA 'requested that more specific language be adopted,' implying that the language and the underlying policy regarding milestone payments are still under consideration and a final decision has not yet been made on the specific wording or policy implementation.","Yes, the sentence describes a 'request' for 'more specific language be adopted.' This is a recommendation or a proposal for a change in policy or its articulation, reflecting an internal view or position on how the policy should be structured rather than a statement of established fact or current policy.",,,,,,1
721,Kim and Sandy believe the language that enables the Commissioner to determine the timing and amount ofpayments is sufficient.,1,1,"Yes, the sentence discusses a belief about the sufficiency of language, implying that a final decision on the language or the policy it supports has not yet been made. It's an assessment prior to a final determination.","Yes, the sentence expresses an opinion or belief ('Kim and Sandy believe... is sufficient') rather than a statement of fact or an established policy. It reflects an internal assessment or recommendation regarding proposed language.",,,,,,1
722,Individual Work Plans.,0,0,"This sentence is a title or a topic, not a statement about a decision-making process. It does not provide enough context to determine if it concerns an issue where a final decision has not yet been made. It is neutral regarding pre-decisional status.","This sentence is a factual label or a topic. It does not express an opinion, recommendation, legal advice, or policy view. It is not deliberative.",,,,,,0
723,Senate language provides detailed requirements of what the plans must include and takes away the Commissioner ability to waive  the plans in  certain cases.,0,0,"This sentence describes the content and effect of 'Senate language.' If this language refers to proposed legislation or a draft, then a final decision on its adoption has not yet been made, making it predecisional. If it refers to enacted law, then it is not predecisional. Given the ambiguity, we will assume it could be predecisional if the language is still under consideration.","The sentence states what the 'Senate language provides' and what it 'takes away.' This is a factual description of the provisions and impact of the language, not an opinion, recommendation, or internal deliberation about whether it should be adopted or changed. It does not reflect the personal views of the author on the policy itself, but rather summarizes the content of the language.",,,,,,0
724,W&M  and SSA both prefer the House language.,1,1,"Yes, the sentence indicates a preference for certain language, implying that a final decision on which language to adopt or support has not yet been made. It is input into a pending decision.","Yes, 'prefer' expresses an opinion or recommendation from W&M and SSA regarding a policy or legislative choice, rather than a statement of objective fact. It reflects internal views contributing to a decision.",,,,,,1
725,Qualification for Employment Networks.,0,0,"This sentence is a topic or subject heading. It doesn't explicitly state whether a final decision has been made or not. It could be a topic under discussion where decisions are still pending, making it potentially predecisional if it's part of an ongoing policy formulation process. However, it doesn't inherently reveal the status of a decision.","No, this sentence does not express an opinion, recommendation, or internal deliberation. It is a factual statement of a topic: 'Qualification for Employment Networks.' It does not reflect the 'give-and-take' of the decision-making process, nor does it represent a personal view, advice, or a draft. It simply identifies a subject.",,,,,,0
726,W&M staff are concerned that the flexibility built into the Senate language may allow McDonalds or other large employers to qualify for payments.,0,1,"Yes, the sentence discusses a concern about the potential implications of 'Senate language,' implying that the policy or its implementation is still under consideration and a final decision on who qualifies for payments has not been made. The concern itself indicates an ongoing evaluation process.","Yes, the phrase 'W&M staff are concerned that...' explicitly expresses an opinion, an internal assessment, or a deliberation about the potential effects of the language. It reflects a viewpoint or a worry rather than a statement of established fact or final policy.",,,,,,1
727,SSA does not believe the language would do this.,1,1,"Yes, the sentence expresses a belief about the potential effect of 'the language,' implying that the language itself and its implications are still under consideration and a final decision on its wording or impact has not yet been made.","Yes, the phrase 'SSA does not believe' is a direct expression of an opinion or an internal assessment by the agency, rather than a statement of established fact or policy. It reflects a viewpoint or judgment in the decision-making process.",,,,,,1
