row,sentence,y_true,agent1_pred,agent1_step1,agent1_step2,agent2_assessment,agent2_issues,agent2_suggestion,agent3_pred,agent3_rationale,y_pred
0,"Issue Given opposition to the provision in the President's budget to intercept gambling winnings from parents who owe child support, should we: (1) Officially amend the proposal to make it a small scale demonstration, with voluntary participation on the part of gambling establishments, submitting a budget amendment with substitute pay-fors; or (2) Agree to not push the proposal.",0,1,,,flawed,"The colleague failed to provide any explicit reasoning for classifying the sentence as predecisional or deliberative. While the final prediction may be correct, the absence of a step-by-step analysis makes it impossible to assess the soundness of their application of the criteria. A proper analysis would articulate how the sentence meets both the predecisional and deliberative tests.",1,1,early exit: A1 and A2 agree,1
1,Background on the Proposal The responsible fatherhood initiative in the President's budget includes new measures to:     1) collect child support from parents who can afford to pay;,0,0,,,flawed,"The reasoning steps for both pre-decisional and deliberative criteria are empty. While the final prediction is correct, the lack of articulated reasoning makes the assessment unsound.",0,0,early exit: A1 and A2 agree,0
2,2) ensure that more child support goes directly to families; and,0,1,,,flawed,"The colleague provided no reasoning for either the predecisional or deliberative steps, which is a critical omission in assessing Exemption 5 applicability. While the prediction may be correct, the lack of justification makes the reasoning unsound.",1,1,early exit: A1 and A2 agree,1
3,"3) provide funds to help more ""deadbroke"" fathers who owe child support go to work.",0,1,,,flawed,"Colleague failed to provide any reasoning for Step 1 (Pre-decisional) or Step 2 (Deliberative). Without the reasoning, it is impossible to assess their application of the criteria. The absence of reasoning itself constitutes a flaw in the assessment process, as it does not demonstrate how the conclusion was reached.",1,1,early exit: A1 and A2 agree,1
4,"The package of child support collection initiatives includes intercepting gambling winnings from parents who owe support, which will collect about $350 million for families and raise nearly $190 million in federal revenues over five years.",0,0,,,flawed,"The colleague's reasoning for both Step 1 (Pre-decisional) and Step 2 (Deliberative) is entirely missing. Without the articulated reasoning, it is impossible to assess whether they correctly or incorrectly applied the Exemption 5 criteria. The absence of any explanation for their classification decision constitutes a fundamental flaw in the review process.",1,1,"The sentence describes a specific initiative ('intercepting gambling winnings') as part of a 'package of child support collection initiatives' and provides projected financial outcomes. This information is predecisional because it pertains to a proposed or developing 'package' of initiatives, indicating that a final decision on the package or its components has not yet been made. The financial projections serve as inputs for evaluating the merits of the initiative and the overall package, preceding any final agency action or public announcement.

Furthermore, the sentence is deliberative. The figures provided ('will collect about $350 million,' 'raise nearly $190 million') are not statements of fact but rather *projections* or *estimates* of future financial impact. Such estimates are inherently analytical and judgmental, reflecting the agency's internal assessment and analysis of a proposed policy. These projections are typically subject to internal discussion, debate, and refinement during the policy formulation process. They represent the agency's internal 'give-and-take' as it weighs different policy options and their potential consequences, making them an integral part of the deliberative process leading to a decision. They are not established policy or final, settled facts.",1
5,Gaming establishments currently must report to the IRS certain gambling winnings,0,0,,,flawed,"The colleague provided no reasoning for their prediction, making it impossible to assess their application of the criteria. The sentence itself, 'Gaming establishments currently must report to the IRS certain gambling winnings,' is a statement of existing fact or established regulation. It is not predecisional because it describes a current requirement, not a proposal or input for a future decision. It is not deliberative because it reflects established policy/law, not the internal 'give-and-take' of a decision-making process, personal views, or recommendations.",0,0,early exit: A1 and A2 agree,0
6,"under this proposal, they would also check to see if these individuals owe child support, and if so, retain winnings for the gamblers' children",0,1,,,flawed,"The colleague's reasoning is entirely absent for both the predecisional and deliberative steps. Without any explanation, it's impossible to assess their application of the criteria. A proper assessment requires explicit reasoning for each step.",1,1,early exit: A1 and A2 agree,1
7,"1 Under current law, tribal and nontribal gambling establishments must complete and send to the IRS form W2G, reporting the name, social security number and amount of winnings for patrons with keno winnings above $1,500, bingo and slot machine winnings above $1,200, and winnings above $600 when the winnings are at least 300 times the amount of the wager.",0,0,,,flawed,"The colleague provided no reasoning for either the predecisional or deliberative criteria. A proper assessment requires explicit justification for each step to determine if the criteria are met. While the final prediction is correct, the lack of reasoning makes the assessment process unsound.",0,0,early exit: A1 and A2 agree,0
8,"2 For all gambling winners exceeding the thresholds listed above, the gambling establishment would transmit the individual's name, social security number and amount of winnings via computer to a secure internet site where it would be matched against information on parents who owe at least $500 in child support.",0,1,,,flawed,"The colleague provided no reasoning for their classification, making it impossible to assess their application of the predecisional or deliberative criteria. A proper assessment requires articulated steps demonstrating how the criteria were met for both predecisional and deliberative aspects.",1,1,early exit: A1 and A2 agree,1
9,The match inquiry would report back: 1) there is no match and the individual does not owe past due child support;,0,0,,,flawed,"Colleague provided no reasoning for either the predecisional or deliberative criteria. The assessment is therefore unsubstantiated. While the final prediction is correct, the lack of analysis means the reasoning itself is flawed.",0,0,early exit: A1 and A2 agree,0
10,"2) the individual owes past due child support which exceeds the amount of the individual's winnings, therefore, the entire amount of winnings should be retained;",0,1,,,flawed,"The colleague failed to provide any reasoning for either the pre-decisional or deliberative steps. Without any stated analysis, it is impossible to assess whether they correctly applied the criteria or not. The prediction was made without any visible analytical basis.",1,1,early exit: A1 and A2 agree,1
11,"or 3) the individual owes child support but the amount does not exceed the amount of winnings; therefore, only the amount of child support owed should be retained.",0,1,,,flawed,"The colleague's reasoning for both Step 1 (Pre-decisional) and Step 2 (Deliberative) is entirely missing. Without the explicit reasoning, it's impossible to assess their thought process, which is a fundamental flaw in the review process. While the prediction may be correct, the lack of articulated reasoning makes the assessment unsound.",1,1,early exit: A1 and A2 agree,1
12,Reaction to the Proposal Opposition to.,0,1,,,flawed,"The analyst provided no reasoning for either the pre-decisional or deliberative steps, making it impossible to assess their thought process. A prediction was made without any supporting justification, which is a critical omission in a FOIA review.",0,0,"Analyst 2 correctly identified that Analyst 1 provided no reasoning for their assessment, which is a critical flaw in a FOIA review. Therefore, Analyst 1's prediction cannot be relied upon.

Independently assessing the sentence 'Reaction to the Proposal Opposition to.':

1.  **Predecisional:** The phrase 'Reaction to the Proposal' strongly suggests that a proposal is still under consideration and that input (the 'reaction') is being gathered before a final decision is made. It is not a final opinion or a justification of a decision already made. Thus, it is predecisional.

2.  **Deliberative:** To be deliberative, the record must reflect the internal 'give-and-take' of the decision-making process, such as recommendations, legal advice, or policy opinions, and represent the personal views of the author rather than established policy. The sentence 'Reaction to the Proposal Opposition to.' is a descriptive statement. It factually observes or labels that there is 'opposition' as a 'reaction' to a 'proposal.' It does not, however, contain any specific recommendation, legal advice, policy opinion, or express a personal view or analysis. While the *content* of the opposition itself, or an *analysis* of that opposition, would likely be deliberative, this sentence merely describes the existence of such a reaction. It is a factual observation about the nature of input received, rather than the 'give-and-take' itself. Therefore, it does not meet the criteria for being deliberative.",0
13,the child support gambling proposal has come from several sources.,0,0,,,flawed,"The reasoning steps for both pre-decisional and deliberative criteria were not provided, making it impossible to assess the application of the criteria. While the colleague's prediction aligns with a correct analysis, the absence of the reasoning itself constitutes a flaw in the assessment process.",0,0,early exit: A1 and A2 agree,0
14,"Trtbal organizations have numerous concerns, including  that the proposal  was  made without consultation, violates their sovereignty by requiring them to enforce federal and state laws, and requires their gambling establishments to dedicate  staff time  and  other resources  to  collecting child support.",0,0,,,sound,none,0,0,early exit: A1 and A2 agree,0
15,"The National Indian Gaming Commission, the federal agency  with  oversight  of tribal gaming, opposes the proposal.",0,0,,,flawed,"The colleague's reasoning is entirely missing for both the pre-decisional and deliberative steps. Without any explanation, it is impossible to assess their application of the Exemption 5 criteria. A prediction without supporting analysis is not a sound basis for classification.",0,0,early exit: A1 and A2 agree,0
16,"Democratic members of Congress, in particular Rep. Shelley Berkley (D-NV), have also called for us to abandon the proposal because of the burden it would  impose on the industry.",0,1,,,flawed,"The sentence reports factual external input (calls from Congress members) rather than reflecting the internal 'give-and-take' of the agency's decision-making process or the personal views/recommendations of the author. While this information might be considered during deliberation, the sentence itself is a factual statement about external pressure, not an internal deliberative thought or recommendation from the agency. Therefore, it fails the 'deliberative' prong of Exemption 5.",0,0,"The sentence states, 'Democratic members of Congress, in particular Rep. Shelley Berkley (D-NV), have also called for us to abandon the proposal because of the burden it would impose on the industry.'

First, regarding the 'predecisional' prong, the sentence refers to 'the proposal' and calls for the agency 'to abandon the proposal,' indicating that a final decision on the proposal has not yet been made. Thus, it is likely predecisional.

Second, regarding the 'deliberative' prong, the core of the disagreement lies here. Analyst 1 implicitly suggests it is deliberative. Analyst 2 argues it is not, stating that it 'reports factual external input... rather than reflecting the internal 'give-and-take' of the agency's decision-making process or the personal views/recommendations of the author.'

I agree with Analyst 2. The sentence is a factual statement reporting external communication and pressure from members of Congress. It describes *what others have said* to the agency, not the agency's own internal analysis, recommendation, opinion, or 'give-and-take' regarding that input or the proposal itself. While this external input is undoubtedly relevant to the agency's deliberations, the sentence itself is a factual report of that input, not an internal deliberative thought or recommendation *from within the agency*. It does not represent the personal views of the author or reflect the agency's internal decision-making process. Therefore, it fails the 'deliberative' prong of Exemption 5.",0
17,Child support legislation is likely to move through the Ways and Means Committee this Spring.,0,0,,,flawed,"The colleague failed to provide any reasoning for either the predecisional or deliberative steps. Without a clear explanation of how the criteria were applied, it is impossible to assess the soundness of their reasoning process, even if the final prediction is correct. A proper analysis requires articulating why the sentence does or does not meet each criterion.",0,0,early exit: A1 and A2 agree,0
18,Human Resources Subcommittee  staff are planning  a hearing in late March  and  a markÂ­ up in April.,0,0,,,flawed,"The colleague's reasoning is entirely absent for both the predecisional and deliberative steps, making it impossible to assess their thought process. A blank reasoning section is a critical flaw as it provides no justification for their prediction.",1,0,"Analyst 2 correctly identifies the critical flaw in Analyst 1's submission: the complete absence of reasoning for both the pre-decisional and deliberative steps. This makes Analyst 1's prediction unsupportable by their own analysis.

However, upon independent review of the sentence, 'Human Resources Subcommittee staff are planning a hearing in late March and a mark-up in April,' I find that it is pre-decisional but not deliberative.

**Pre-decisional:** The sentence describes an ongoing internal activity ('staff are planning') that precedes a final agency action (holding the hearing and mark-up). The plans are still in development, indicating that a final decision has not yet been made or officially announced.

**Not Deliberative:** While the *act* of planning is part of the deliberative process, the sentence itself is a factual statement describing the status of that activity. It does not express a recommendation, an opinion, a personal view, legal advice, or a policy option. It does not reflect the 'give-and-take' of the decision-making process or represent the personal views of the author. Instead, it is a descriptive update on an internal organizational activity. It states *what* is being planned, not *how* or *why* the deliberation is occurring, nor does it offer a choice or recommendation for action.

Therefore, the sentence is pre-decisional but lacks the deliberative content required for Exemption 5.",0
19,"There is bipartisan consensus on the need to simplify the current child support  distribution rules, to ensure more child support goes directly to families, and the committee will need child support collection proposals to help offset the costs.",0,1,,,flawed,"The sentence describes an existing 'bipartisan consensus' and a future procedural need ('the committee will need child support collection proposals'). While it may be predecisional in that it precedes specific decisions on proposals, it does not strongly exhibit the characteristics of being deliberative. It states an established consensus and a policy objective, and then notes a future requirement for proposals. It does not reflect the internal 'give-and-take' of the decision-making process, nor does it offer recommendations, policy opinions, or the personal views of the author on *how* to achieve the stated goals or *what* specific proposals should be considered. It functions more as a factual statement about the current political landscape and future requirements for deliberation, rather than being a deliberative input itself.",0,0,"The sentence states an existing 'bipartisan consensus' on a policy objective and then outlines a future procedural requirement: 'the committee will need child support collection proposals to help offset the costs.' While this statement is clearly predecisional, as it precedes specific decisions on proposals, it does not meet the criteria for being deliberative. It functions as a factual observation about the current political landscape and a future need for action, rather than reflecting the internal 'give-and-take' of the decision-making process. The sentence does not offer recommendations, policy opinions, or the personal views of the author on *how* to achieve the stated goals or *what* specific proposals should be considered. It describes the *context* for future deliberation, but it is not a deliberative input itself. Analyst 2's assessment accurately identifies these shortcomings in classifying the sentence as deliberative.",0
20,"Currently, the committee staff have the gambling proposal, as well our other child support budget proposals, on their proposed list, which is not yet public.",0,1,,,flawed,"Colleague did not provide any reasoning for Step 1 (Pre-decisional) or Step 2 (Deliberative), making it impossible to assess their thought process. A complete analysis requires articulating how the sentence meets both criteria. 

Independent assessment: While the sentence indicates a predecisional stage ('proposed list, which is not yet public'), its content is a factual statement about the status of proposals within an internal process. It reports what items are on a list, rather than reflecting the 'give-and-take' of the decision-making process, recommendations, opinions, or personal views of the author. It's a status update, not a deliberative opinion or recommendation.",0,0,"Analyst 1 provided no reasoning, making their prediction impossible to evaluate. Analyst 2 correctly identified this flaw and provided a comprehensive independent assessment. While the sentence is clearly predecisional, as indicated by 'proposed list, which is not yet public,' it lacks deliberative content. It is a factual statement reporting the current status of proposals within an internal process, rather than reflecting the 'give-and-take' of decision-making, recommendations, opinions, or personal views. It serves as a status update, not a contribution to the substance of a decision. Therefore, it does not meet the 'deliberative' criterion for Exemption 5.",0
21,"However, Democratic staff think that because CBO has scored the gambling provision as raising only $36 miilion (compared to our nearly $190 millionscore), that  they will drop the gambling proposal if they receive protests.",0,1,,,flawed,"The colleague provided no reasoning for either the pre-decisional or deliberative steps, making it impossible to assess their thought process. This is a critical omission. Based on the content, the sentence reports on the views and potential actions of external parties (Democratic staff) regarding a legislative proposal. While this information might be *relevant* to an agency's internal deliberations (thus potentially predecisional in context), the content itself is factual reporting about external political intelligence. It does not reflect the agency's own internal recommendations, policy opinions, or 'give-and-take' that Exemption 5 is designed to protect. Exemption 5 protects the agency's own internal thought processes, not factual information about external actors, even if that information is used in deliberations.",0,0,"Analyst 1 provided no reasoning, making their prediction unsubstantiated. Analyst 2 correctly identifies that the sentence reports on the views and potential actions of external parties (Democratic staff) regarding a legislative proposal. While this information might be predecisional in the sense that it could inform an agency's internal decision-making, the content itself is factual reporting about external political intelligence. It does not reflect the agency's own internal recommendations, policy opinions, or the 'give-and-take' of the agency's decision-making process. Exemption 5 protects the agency's own internal thought processes, not factual information about external actors, even if that information is used as an input to agency deliberations. Therefore, the sentence is not deliberative.",0
22,"Pay-for Options Â· If we submit a budget amendment officially changing our proposal in a way that lowers the savings, OMB believes we should propose substitute pay-fors.",1,1,,,flawed,"The colleague's reasoning is flawed because they did not provide any explanation or analysis for Step 1 (Pre-decisional) or Step 2 (Deliberative). Without this crucial information, it is impossible to assess whether they correctly applied the criteria for Exemption 5. A prediction alone does not constitute sound reasoning.",1,1,early exit: A1 and A2 agree,1
23,Several child support options are currently being examined;,1,0,,,flawed,"The colleague's reasoning steps (Step 1 and Step 2) are completely missing, which makes it impossible to assess their application of the criteria. A proper assessment requires articulated reasoning.",0,0,early exit: A1 and A2 agree,0
24,early estimates show they likely will raise only about $50 million of the cost.,1,1,,,flawed,The colleague provided no reasoning for Step 1 (Pre-decisional) or Step 2 (Deliberative). This omission makes it impossible to assess their thought process or identify specific misapplications of criteria. A sound assessment requires explicit justification for each step.,1,1,early exit: A1 and A2 agree,1
25,"The remaining costs could be made up by proposing a pay-for that HHS vigorously protested during the development of the budget, which would moderately reduce the amount of performance-based child support funds made available to states at the same time we make other changes that are advantageous to states.",1,1,,,flawed,"The colleague's reasoning is flawed because they provided no explanation or justification for either the pre-decisional or deliberative steps. While their final prediction may be correct, the absence of any articulated reasoning makes the assessment unsound. A proper analysis requires demonstrating how the sentence meets the criteria.",1,1,early exit: A1 and A2 agree,1
26,"If they really want to go ahead with this meeting, I would think we should talk about the tribal and nontribal parts of this proposal at the same time, which would lead me to think Leg Affairs should be invited.",1,1,,,flawed,"The analyst did not provide any explicit reasoning for Step 1 (Pre-decisional) or Step 2 (Deliberative). While the final prediction is correct, the absence of documented reasoning makes the assessment process flawed and non-transparent. Without the steps, it is impossible to verify how the criteria were applied by the analyst.",1,1,early exit: A1 and A2 agree,1
27,Should we suggest?,1,1,,,flawed,"The analyst did not provide any reasoning for Step 1 (Pre-decisional) or Step 2 (Deliberative). While the prediction may be correct, the absence of articulated reasoning makes it impossible to assess whether the criteria were correctly applied. A sound assessment requires a clear explanation of how the sentence meets both the predecisional and deliberative prongs of Exemption 5.",1,1,early exit: A1 and A2 agree,1
28,"John will have a deadbeat dads/indian gaming meeting on Thursday, March 9th at 11:00am.",0,0,,,flawed,"The colleague's reasoning steps for both predecisional and deliberative criteria are empty. While the final prediction is correct, the lack of articulated reasoning means the assessment process itself is flawed. A proper analysis requires explicitly stating why the criteria are or are not met.",0,0,early exit: A1 and A2 agree,0
29,The meeting will be in John's office.,0,0,,,flawed,"The analyst provided no reasoning for their classification, making it impossible to assess their application of the predecisional and deliberative criteria. A classification without supporting rationale is inherently flawed.",0,0,early exit: A1 and A2 agree,0
30,Please call me with any questions/problems.,0,0,,,flawed,"The colleague provided no reasoning for either the predecisional or deliberative criteria. Without any explanation, it is impossible to assess the soundness of their thought process. A proper assessment requires a clear articulation of how the sentence relates (or doesn't relate) to the defined criteria.",0,0,early exit: A1 and A2 agree,0
31,Manifest is:,0,0,,,flawed,"The analyst provided no reasoning for their classification. Without any explanation for how the predecisional and deliberative criteria were applied (or not applied), it's impossible to assess the soundness of their thought process. The sentence fragment itself (""Manifest is:"") does not inherently contain predecisional or deliberative content; it is merely an introductory phrase.",0,0,early exit: A1 and A2 agree,0
32,"John will have a deadbeat dads/indian gaming meeting on Thursday, March 9th at 11:00am.",0,0,,,flawed,"The colleague provided no reasoning for either the predecisional or deliberative criteria. A complete analysis requires articulating how the criteria apply (or don't apply) to the specific sentence to justify the prediction. Without any reasoning, it's impossible to assess their thought process.",0,0,early exit: A1 and A2 agree,0
33,The meeting will be in John's office.,0,0,,,flawed,"The analyst provided no reasoning for their classification. While the prediction is correct, the lack of documented analysis makes the reasoning unsound. For a sentence like 'The meeting will be in John's office,' it is a purely factual and logistical statement. It does not reflect any predecisional policy or decision-making process, nor does it contain any deliberative content such as recommendations, opinions, or advice.",0,0,early exit: A1 and A2 agree,0
34,Please call me with any questions/problems.,0,0,,,flawed,"The colleague provided no reasoning for either the predecisional or deliberative steps, which is a fundamental flaw in their analysis. Without any stated rationale, it's impossible to assess their application of the criteria. The sentence itself, 'Please call me with any questions/problems,' is a standard administrative or logistical closing statement. It does not contain substantive content that is predecisional (i.e., created to assist a decision-maker in reaching a final conclusion) or deliberative (i.e., reflecting internal 'give-and-take,' recommendations, legal advice, or policy opinions). It is merely an invitation for follow-up communication.",0,0,early exit: A1 and A2 agree,0
35,Manifest is:,0,0,,,flawed,"The analyst provided no reasoning for their classification. Without any explanation for how the predecisional and deliberative criteria were applied (or not applied), it's impossible to assess the soundness of their thought process. The sentence fragment itself (""Manifest is:"") does not inherently contain predecisional or deliberative content; it is merely an introductory phrase.",0,0,early exit: A1 and A2 agree,0
36,Maria -- you asked where we were in setting up an internal meeting to discuss next steps on child support and gaming.,0,0,,,flawed,"The colleague failed to provide any reasoning for their classification in Step 1 and Step 2. While their final prediction is correct, the lack of explanation means the reasoning itself is unsound. The sentence is a purely factual, logistical update about the status of scheduling an internal meeting. It does not contain any recommendations, opinions, advice, or personal views on policy, nor does it directly assist in reaching a final conclusion on a substantive matter. Therefore, it is neither predecisional nor deliberative.",0,0,early exit: A1 and A2 agree,0
37,"As I have discussed with Lynn, Broderick, and Barbara, we are prepared to scale this proposal back to a demonstration, with voluntary participation on the part of a select number of gaming establishments.",1,1,,,flawed,"Analyst 1 failed to provide any reasoning for Step 1 (Pre-decisional) or Step 2 (Deliberative), making it impossible to assess their application of the criteria. A complete analysis requires explicit justification for both elements of Exemption 5.",1,1,early exit: A1 and A2 agree,1
38,"Thus, our legislative proposal would be to test this  idea, and we would seek gaming  establishments willing to participate voluntarily.",1,1,,,sound,"The colleague's reasoning steps were not provided, but their prediction aligns with a correct application of Exemption 5 criteria.",1,1,early exit: A1 and A2 agree,1
39,This should satisfy all concerns. .,1,1,,,flawed,The analyst provided no reasoning for either the predecisional or deliberative steps. A prediction without supporting analysis is insufficient and does not demonstrate a proper application of the Exemption 5 criteria.,1,1,early exit: A1 and A2 agree,1
40,"Since changing our proposal will result in losing budget revenue, we need substitute pay-fors.",1,1,,,flawed,The analyst provided no reasoning for either the predecisional or deliberative criteria. A prediction without supporting analysis for both required elements is insufficient and does not demonstrate a proper application of the Exemption 5 standard.,1,1,early exit: A1 and A2 agree,1
41,OMB folks have been working diligently on this effort (we've been helping where we can).,1,0,,,flawed,"The colleague provided no reasoning for either the predecisional or deliberative prongs of the Exemption 5 analysis. A complete assessment requires explicit application of both criteria to the sentence to justify the classification. Without any stated reasoning, it's impossible to evaluate the soundness of their thought process.",0,0,early exit: A1 and A2 agree,0
42,"As you know, uncontroversial pay-fors are h_ard to find, but we have several good things inÂ·development.",1,1,,,flawed,"The colleague's reasoning is entirely missing for both the predecisional and deliberative steps. Without any articulated reasoning, it is impossible to assess their application of the criteria. A proper analysis requires a clear explanation of how the sentence meets (or fails to meet) each criterion.",1,1,early exit: A1 and A2 agree,1
43,"Once we've crossed this hurdle, we should be ready to go.",1,1,,,flawed,"Colleague provided no reasoning for either the predecisional or deliberative criteria. Without any explanation of their thought process, it is impossible to assess the soundness of their application of the Exemption 5 criteria. The absence of reasoning is a fundamental flaw.",1,1,early exit: A1 and A2 agree,1
44,"I think we all agree that we all have an interest in making sure this doesn't get out prematurely, because we a) don't want to get hopes up too early given the complications of the budget pay-for issues and",1,1,,,flawed,"Colleague provided no reasoning for Step 1 (Pre-decisional) or Step 2 (Deliberative). While the prediction may be correct, the lack of articulated reasoning makes the assessment process unsound and does not demonstrate how the criteria were applied.",1,1,early exit: A1 and A2 agree,1
45,b) we want to have a coordinated roll-out to make sure all our friends get alerted properly and can take proper credit.,1,1,,,flawed,"The colleague failed to provide any reasoning for either the predecisional or deliberative steps. Without the underlying rationale, it is impossible to assess whether their application of the criteria was sound or flawed. A complete analysis requires articulating how the sentence meets each criterion.",1,1,early exit: A1 and A2 agree,1
46,"Thus, we tried to the extent possible to make our meeting today with the National Indian Gaming Association into a listening session.",1,0,,,flawed,"The colleague provided no reasoning for either the predecisional or deliberative prongs. Without any explanation, it is impossible to assess their application of the criteria. A complete analysis requires articulating how the sentence meets or fails to meet both prongs of the Exemption 5 test.",0,0,early exit: A1 and A2 agree,0
47,They raised many good points.,1,1,,,flawed,"The colleague provided no reasoning for either the predecisional or deliberative criteria, making it impossible to assess their thought process. The sentence 'They raised many good points' is highly context-dependent. While it expresses an opinion (a characteristic of deliberative material), its predecisional nature is not inherent in the sentence itself. Without knowing the surrounding context (e.g., what 'points' were raised, by whom, and at what stage of a decision-making process), it cannot be definitively classified as 'always deliberative.' It could be part of a predecisional discussion, or it could be a post-decisional observation.",0,1,"Analyst 1 provided a prediction without reasoning, which Analyst 2 correctly identified as a flaw. Analyst 2 also correctly pointed out that the sentence 'They raised many good points' is highly context-dependent, particularly regarding its pre-decisional nature. However, Analyst 2's suggestion of 'NOT-DELIB' due to lack of context implies that the default is non-deliberative, even if the content itself is opinion-based.

Upon review, the sentence 'They raised many good points' is an evaluative statement. The word 'good' reflects a subjective judgment or opinion of the author regarding the quality of the 'points' raised. This directly aligns with the deliberative criterion, which states that a record is deliberative if it 'reflects the internal 'give-and-take' of the decision-making process, such as recommendations, legal advice, or policy opinions' and 'represent[s] the personal views of the author rather than the established policy of the agency.' The sentence clearly expresses a personal view/opinion.

While the pre-decisional aspect is not explicitly stated within the sentence itself, such evaluative statements are typically made in the context of weighing inputs and considerations *before* a final decision is reached. It is a common component of the internal discussion that precedes an agency action. Without any context suggesting it is a final opinion or a justification for a decision already made, the inherent nature of the statement as an opinion about input strongly suggests it is part of a deliberative process. Therefore, the deliberative nature of the sentence is strong, and the pre-decisional aspect is reasonably inferred in the absence of contradictory information.

Given the choice, the inherent evaluative and opinion-based nature of the sentence makes it deliberative.",1
48,"I was planning that we could all meet again once we had vetted budget pay-fors, but I am happy to meet earlier  if others so desire.",0,1,,,flawed,The colleague's reasoning steps for both pre-decisional and deliberative criteria are entirely missing. This prevents an assessment of whether they correctly applied the criteria or misapplied them. A complete analysis requires explicit justification for each step.,1,1,early exit: A1 and A2 agree,1
49,"I believe we should stick to the same plan we worked out before -- we start off by saying we understand there are problems with our original proposal, and we'd like to hear from them about their concerns, and proceed to have mainly a listening session.",0,1,,,sound,"Colleague did not provide explicit step-by-step reasoning for pre-decisional and deliberative criteria, preventing a direct assessment of their application. However, the sentence clearly meets both the pre-decisional and deliberative requirements for Exemption 5. The sentence expresses a personal belief and recommendation ('I believe we should stick to the same plan...') for a future course of action, making it pre-decisional. Its content reflects a proposed strategy and opinion, rather than established policy, thus qualifying as deliberative.",1,1,early exit: A1 and A2 agree,1
50,Lynn has forwarded to us a copy of NIGA's recent resolution on the subject.,0,0,,,flawed,"The analyst did not provide any reasoning for their classification in Step 1 (Pre-decisional) or Step 2 (Deliberative). While the final prediction is correct, the absence of reasoning makes it impossible to assess whether the criteria were correctly applied. The sentence is a purely factual statement about the receipt of an external document and does not contain any recommendations, opinions, or policy discussions, thus failing the deliberative test.",0,0,early exit: A1 and A2 agree,0
51,Barbara I'll fax you a copy.,0,0,,,flawed,"The colleague provided no reasoning for either the predecisional or deliberative steps. While their final prediction is correct, the absence of any justification means their reasoning process cannot be assessed as sound, as no criteria were explicitly applied or explained.",0,0,early exit: A1 and A2 agree,0
52,Eric -- some additional information from IRS's gambling industry experts.,0,1,,,flawed,"The analyst provided no reasoning for either the predecisional or deliberative criteria, which is a fundamental flaw in the assessment process. The sentence itself is an administrative lead-in, merely stating that additional information from experts is being provided. It does not contain any recommendations, opinions, or personal views, nor does it inherently indicate a predecisional stage. The deliberative nature would depend entirely on the content of the 'additional information' that follows, not this introductory sentence.",0,0,"The sentence 'Eric -- some additional information from IRS's gambling industry experts' is an administrative lead-in. It merely announces the provision of information from a specific source. It does not contain any recommendations, opinions, personal views, policy advice, or any other content that would reflect the 'give-and-take' of the decision-making process. The deliberative nature, if any, would reside in the 'additional information' itself, not in this introductory sentence. Analyst 1 provided no reasoning to support their prediction, which is a fundamental flaw. Analyst 2 correctly identified the administrative nature of the sentence and the absence of deliberative content within it. Therefore, the sentence is not deliberative.",0
53,Hope this is helpful.,0,0,,,flawed,"The analyst provided no reasoning for their classification in Step 1 or Step 2, making it impossible to assess their application of the predecisional or deliberative criteria. A classification without supporting reasoning is inherently flawed.",0,0,early exit: A1 and A2 agree,0
54,Please confirm receipt.,0,0,,,flawed,"The colleague's reasoning steps (Step 1 and Step 2) are empty. While the prediction is correct, the absence of any articulated reasoning means the predecisional and deliberative criteria were not applied or explained, which is a flaw in the assessment process.",0,0,early exit: A1 and A2 agree,0
55,Thanks.,0,0,,,flawed,"The colleague failed to provide any reasoning for either the predecisional or deliberative steps. While the final prediction is correct, the lack of justification means the reasoning process itself is incomplete and unsound. A proper assessment requires articulating how the criteria are applied.",0,0,early exit: A1 and A2 agree,0
56,-- Liz ',0,0,,,flawed,"The colleague provided no reasoning for either the pre-decisional or deliberative steps. A classification decision, especially under Exemption 5, requires explicit justification based on the established criteria for both predecisionality and deliberativeness. Without any content or context provided in the reasoning steps, the assessment process is incomplete and unsound.",0,0,early exit: A1 and A2 agree,0
57,"Good moring sorry I missed you  last week as I was on the road, and came home to quite a mess.",0,0,,,flawed,"The colleague's reasoning for both the predecisional and deliberative steps is entirely missing. While the final prediction is correct, the lack of any articulated reasoning makes the assessment process incomplete and flawed. The sentence is a personal, administrative explanation for an absence and does not contain any predecisional or deliberative content related to agency policy or decision-making.",0,0,early exit: A1 and A2 agree,0
58,In certain circumstances District Directors have authorized the internal control environment.,0,0,,,flawed,"The analyst provided no reasoning for Step 1 (Pre-decisional) or Step 2 (Deliberative). Without the reasoning, it is impossible to assess their application of the criteria.",0,0,early exit: A1 and A2 agree,0
59,"This has been approved because slot machines in denominations of $25 dollars and above ""lock-up"" at every win under the $1200 rule:",0,0,,,flawed,"The colleague provided no reasoning for their prediction, failing to apply the predecisional and deliberative criteria. A proper assessment requires explicit application of these criteria.",0,0,early exit: A1 and A2 agree,0
60,"Under the aggregation permission, the IRS gets one report which reflects the total of all reportable transactions  audit  trails are  in place to ensure compliance.",0,0,,,flawed,"The colleague provided no reasoning for either the predecisional or deliberative criteria. A prediction without any supporting analysis is not a sound assessment. To properly classify a document under Exemption 5, a clear explanation of how the content meets (or fails to meet) both the predecisional and deliberative prongs is required.",0,0,early exit: A1 and A2 agree,0
61,"This eases taxpayer burden, I would be happy to brief your office as to the details.",0,0,,,flawed,"Colleague provided no reasoning for Step 1 (Pre-decisional) or Step 2 (Deliberative). The sentence 'This eases taxpayer burden' expresses a policy opinion or assessment, reflecting the author's personal view rather than established agency policy. The offer to 'brief your office as to the details' further indicates that the matter is still under discussion or consideration, making it predecisional and part of the internal 'give-and-take' of the decision-making process. The lack of reasoning and the prediction of 'not deliberative' are therefore flawed.",1,1,"Analyst 1 provided no reasoning for their prediction, making it impossible to evaluate their thought process. Analyst 2, however, provides a strong and well-reasoned argument. The phrase 'This eases taxpayer burden' is clearly an evaluative judgment or policy opinion, reflecting the author's personal assessment rather than a statement of established agency policy. This aligns directly with the definition of 'deliberative' content, which represents the personal views of the author and contributes to the 'give-and-take' of the decision-making process. Furthermore, the offer to 'brief your office as to the details' indicates that the matter is still under consideration and that the author is providing input or recommendations to assist a decision-maker, thus making the communication predecisional and part of the deliberative process. Analyst 2's assessment is accurate and consistent with the provided definitions.",1
62,"2:    W-2G's as they apply to Keno, Bingo and slots have been required since the mid?",0,0,,,flawed,"The colleague's reasoning is entirely missing for both the predecisional and deliberative steps. A classification decision, especially for Exemption 5, requires a clear articulation of how the record meets both criteria. Without this, the assessment process is incomplete and cannot be properly reviewed. 

Regarding the sentence itself: '2: W-2G's as they apply to Keno, Bingo and slots have been required since the mid?' This is a factual question seeking information about an existing or past requirement. It does not propose a future action or decision, nor does it reflect opinions, recommendations, or policy discussions. Therefore, it is neither predecisional nor deliberative.",0,0,early exit: A1 and A2 agree,0
63,The dollar thresholds as they apply to these games  were written  at  a time when a $1200 dollar  jackpot was relatively  uncommon,0,0,,,flawed,"The colleague failed to provide any reasoning for their classification in Step 1 (Pre-decisional) or Step 2 (Deliberative). This makes it impossible to assess whether they correctly applied the criteria. While the prediction may be correct, the lack of explanation is a significant flaw in the analytical process.",0,0,early exit: A1 and A2 agree,0
64,Things have changed.,0,0,,,flawed,"No reasoning was provided for either the predecisional or deliberative criteria. The analyst failed to apply the Exemption 5 standards. The sentence 'Things have changed' is a factual observation and does not inherently reflect predecisional deliberations, recommendations, or policy opinions. It lacks the 'give-and-take' characteristic of deliberative material.",0,0,early exit: A1 and A2 agree,0
65,As you may recall laat year we began a study on raising the threshold to $500.0 and eliminate 85% of W-2G filings: Taxpayers argued that winners just itemized the losses against the wins and the Treasury was not really getting any revenue.,0,1,,,flawed,"The colleague's reasoning is flawed because the sentence does not meet the 'deliberative' criterion. The sentence is a factual recounting of a past study and a reported argument made by taxpayers. It does not contain any recommendations, policy opinions, legal advice, or personal views of the author. It merely describes events and arguments, which is not considered deliberative content. Furthermore, while the topic relates to a potential policy change, the phrasing 'last year we began a study' suggests a historical account, making its 'predecisional' nature questionable without further context indicating it's part of an ongoing decision-making process.",0,0,"The sentence describes a past agency action ('last year we began a study on raising the threshold') and reports an argument made by an external group ('Taxpayers argued that winners just itemized the losses against the wins and the Treasury was not really getting any revenue'). While the subject matter (raising a threshold, eliminating filings) is policy-related and typically involves predecisional work, the content of this specific sentence is purely factual and descriptive. It recounts an event and summarizes an external viewpoint. It does not contain any recommendations, policy opinions, legal advice, or personal views of the author that would reflect the internal 'give-and-take' of the decision-making process. Therefore, it does not meet the 'deliberative' criterion for Exemption 5. Analyst 2's reasoning is stronger as it correctly identifies the lack of deliberative content.",0
66,Early results indicated that this would be to costly.,0,1,,,flawed,"1. The colleague failed to provide any reasoning for Step 1 (Pre-decisional) and Step 2 (Deliberative), which is a critical omission in the assessment process. 
2. While the sentence is likely predecisional due to the phrase 'Early results,' its deliberative nature is not always clear. The statement 'Early results indicated that this would be too costly' presents a factual finding or an objective assessment derived from data. It reports what the results 'indicated,' rather than expressing a subjective opinion, a recommendation, or the 'personal views of the author' as required by the deliberative criterion. It serves as an input to the deliberative process but does not inherently reflect the 'give-and-take' or recommendatory nature of deliberation itself. Without further context, it could be a factual observation that informs a decision, rather than the deliberation itself.",0,1,"The sentence 'Early results indicated that this would be too costly' is predecisional because the phrase 'Early results' clearly signifies that a final decision has not yet been made and the information is an input to a future decision. Regarding the deliberative criterion, Analyst 2 correctly points out that the deliberative nature is not always clear and that the statement reports what results 'indicated.' However, the phrase 'too costly' is not merely a factual report of raw data. Instead, it represents an evaluative judgment or an assessment derived from the early results. This assessment reflects an internal opinion or conclusion about the viability or desirability of a proposed action, rather than a purely objective fact or established policy. Such an evaluative statement directly contributes to the 'give-and-take' of the decision-making process by informing decision-makers about the implications of the early findings and influencing the direction of future actions. It serves as a preliminary assessment that helps shape the agency's thinking and is therefore deliberative.",1
67,We are currently working to find a revenue  neutral number.,0,1,,,flawed,"Colleague provided no reasoning for either the predecisional or deliberative criteria, making it impossible to assess their application of the standards. Without any explanation, the prediction lacks support.",1,1,early exit: A1 and A2 agree,1
68,"Indian gaming offers some.unique challenges due to the sovereignty issue: that being said, Indian casinos have the same requirements as commercial casinos.",0,0,,,flawed,The colleague failed to provide any reasoning for their classification in Step 1 (Pre-decisional) or Step 2 (Deliberative). A proper assessment requires articulating how the criteria were applied to the specific sentence.,0,0,early exit: A1 and A2 agree,0
69,For the most part the Indian casinos are in compliance.,0,0,,,flawed,"Colleague provided no reasoning for either the predecisional or deliberative steps. A prediction without supporting analysis is not sound reasoning, as it does not demonstrate an application of the Exemption 5 criteria.",0,0,early exit: A1 and A2 agree,0
70,"In rare circumstances where they refuse to permit an audit, we cannot attest to any compliance in any area.",0,0,,,sound,"Colleague provided no reasoning for Step 1 or Step 2. While the prediction is correct, the lack of explanation is a flaw in the reasoning process itself.",0,0,early exit: A1 and A2 agree,0
71,"""E/GE will soon be responsible for this issue.",0,0,,,flawed,"The reasoning steps (Step 1: Pre-decisional and Step 2: Deliberative) are completely empty. Without any explanation of how the analyst applied the predecisional and deliberative criteria to the sentence, it is impossible to assess the soundness of their reasoning process. The core task is to evaluate their reasoning, which is absent here.",0,0,early exit: A1 and A2 agree,0
72,To assist them we have develpped an Indian Gaming text and outreach publication.,0,0,,,flawed,"The colleague provided no reasoning for either the predecisional or deliberative criteria. While the prediction is likely correct, the lack of explanation makes the reasoning process unsound. The sentence describes an action that has already been completed ('we have developed'), making it a factual statement about an agency's output rather than a predecisional recommendation or an internal deliberation.",0,0,early exit: A1 and A2 agree,0
73,"Backup withholding from reportable gaming transactions is, a difficult number as all backup witholding is lumped together.",0,0,,,flawed,"The colleague provided no reasoning for either the predecisional or deliberative steps. Without any explanation of how they applied the criteria, it is impossible to assess the soundness of their reasoning. A complete analysis requires articulating the application of both criteria.",0,0,early exit: A1 and A2 agree,0
74,We could attempt to study this issue shhuld you require a better number.,0,1,,,flawed,"Colleague failed to provide any reasoning for Step 1 (Pre-decisional) or Step 2 (Deliberative). Without the articulated reasoning, it is impossible to assess whether the criteria were correctly applied or misapplied. The process of classification requires clear, documented justification for each step.",1,1,early exit: A1 and A2 agree,1
75,"That being said, if people stood to lose all their winnings, to child support or just 31% if they refused identification;",0,1,,,flawed,"The colleague's reasoning is flawed because they provided no explanation for Step 1 (Pre-decisional) or Step 2 (Deliberative). Without any articulated reasoning, it is impossible to assess whether they correctly applied the criteria. A prediction without supporting analysis is insufficient for a FOIA exemption determination.",1,1,early exit: A1 and A2 agree,1
76,I think it would be fair to say backup withholding would increase.,0,1,,,flawed,"The colleague failed to provide the required step-by-step reasoning for both the pre-decisional and deliberative criteria. Without their articulated reasoning, it is impossible to critically assess whether their application of the criteria was sound or flawed.",1,1,early exit: A1 and A2 agree,1
77,"The children however, would not get the  money the treasury would.",0,0,,,flawed,"The colleague's reasoning is entirely absent for both the predecisional and deliberative steps. A classification without any stated justification or application of the criteria is inherently flawed, as it provides no basis for review or understanding of the decision-making process.",0,0,early exit: A1 and A2 agree,0
78,I have some questions that I'm sure you can answer.,0,0,,,flawed,"The colleague provided no reasoning for either the pre-decisional or deliberative steps. This complete absence of justification makes it impossible to assess their thought process or the application of the criteria. A fundamental requirement for any classification is a clear, step-by-step rationale.",0,0,early exit: A1 and A2 agree,0
79,Please give  me a call 202-622-5563,0,0,,,flawed,"The colleague provided no reasoning for either the predecisional or deliberative steps. While the prediction is correct, the absence of any analytical steps means the reasoning itself is unsound as it doesn't demonstrate an understanding or application of the Exemption 5 criteria. A proper assessment requires articulating how the criteria are met or not met.",0,0,early exit: A1 and A2 agree,0
80,Are there any situations where a casino does not stop operations to secure a W-2G?,0,1,,,flawed,"The reasoning steps for both predecisional and deliberative criteria were left blank. Without the articulated reasoning, it is impossible to assess whether the criteria were correctly applied or misapplied. The process of classification requires clear justification for each step.",1,1,early exit: A1 and A2 agree,1
81,"I.e., do they continue operations if a card holder  exceeds the $1200.00 dollar limit because they have the individuals TIN?",0,1,,,flawed,"The colleague did not provide any reasoning for their pre-decisional or deliberative assessment, making it impossible to evaluate their thought process. Without the steps, it's impossible to determine if they misapplied the criteria.",1,1,early exit: A1 and A2 agree,1
82,How long has the W-2G filing requirement been in place?,0,0,,,flawed,"The colleague's reasoning is entirely missing for both Step 1 (Pre-decisional) and Step 2 (Deliberative). Without any articulated reasoning, it's impossible to assess the soundness of their thought process. While their final prediction aligns with a correct outcome, the lack of explanation constitutes a significant flaw in the review process.",0,0,early exit: A1 and A2 agree,0
83,Do we have any idea how often a casino has to backup withhold because the winner fails to provide a TIN #?,0,1,,,flawed,"The colleague provided no reasoning for either the predecisional or deliberative steps, which is a fundamental flaw in the assessment process. Without applying the criteria, a prediction cannot be justified. 

Regarding the sentence itself: While it is likely predecisional (seeking information before a decision), it is not deliberative. The sentence is a factual inquiry ('Do we have any idea how often...') seeking data. It does not reflect the 'give-and-take' of the decision-making process, offer recommendations, legal advice, or policy opinions. Factual information, even if it informs a deliberation, is generally not protected by the deliberative process privilege.",0,0,"Analyst 1 provided a prediction without any supporting reasoning, which makes their assessment impossible to evaluate or justify. Analyst 2 correctly identified this flaw and then proceeded to analyze the sentence against the deliberative process privilege criteria. Analyst 2's assessment is strong: the sentence is a factual inquiry seeking data ('Do we have any idea how often...'). While this information might be predecisional in the sense that it could inform a future decision, the sentence itself does not reflect the 'give-and-take' of the decision-making process, offer recommendations, legal advice, or policy opinions. Factual information, even if it is gathered to inform a deliberation, is generally not protected by the deliberative process privilege. Therefore, the sentence is not deliberative.",0
84,The student loan offset was enacted in the 2000 appropriations a t.,0,0,,,flawed,"The colleague failed to provide any reasoning for their classification. Both the predecisional and deliberative steps were left blank. While the final prediction is correct, the lack of articulated reasoning makes the assessment unsound. A proper assessment requires demonstrating the application of the criteria.",0,0,early exit: A1 and A2 agree,0
85,"We have another idea about using NDNH for other kinds of Federal debt collection, implemented through Treasury/FMS.",1,1,,,flawed,"The colleague provided no reasoning for either the predecisional or deliberative steps, making it impossible to assess their thought process. A prediction without supporting rationale is insufficient.",1,1,early exit: A1 and A2 agree,1
86,"It came up late in the budget process, so we didn't have time to develop it for the 01 budget, ie we don't have a savings estimate.",1,1,,,flawed,"The colleague provided no reasoning for their classification, making it impossible to assess their application of the criteria. The sentence itself describes a factual situation regarding a past budget process and a lack of a savings estimate. It states a reason for a current state (no savings estimate) related to a past budget cycle. It does not offer recommendations, opinions, advice, or reflect the 'give-and-take' of decision-making. It appears to be a factual explanation rather than deliberative content. Without further context, it's also not clearly predecisional, as it could be explaining a past outcome for the '01 budget'.",0,0,"Analyst 1 provided no reasoning, making it impossible to assess their application of the criteria. Analyst 2 correctly identifies that the sentence describes a factual situation regarding a past budget process and a current lack of a savings estimate. The statement 'It came up late in the budget process, so we didn't have time to develop it for the 01 budget, ie we don't have a savings estimate' is an explanation of a past event and its factual consequence. It does not offer recommendations, opinions, advice, or reflect the 'give-and-take' of decision-making. It is a descriptive statement of fact rather than a deliberative one. While the email's broader context might place it in a predecisional discussion, the content of this specific sentence is not deliberative in nature.",0
87,"We're getting that process going again with our Treasury branch colleagues now, too.",1,0,,,flawed,"Colleague failed to provide reasoning for Step 1 (Pre-decisional) and Step 2 (Deliberative). Without the reasoning, it is impossible to assess whether the criteria were correctly applied or misapplied. A complete analysis requires explicit application of the criteria.",0,0,early exit: A1 and A2 agree,0
88,Did we use all of the student loan offset to pay for SDUs last year?,0,0,,,flawed,"Colleague's reasoning for both the pre-decisional and deliberative steps is entirely missing. Without the reasoning, it's impossible to assess their application of the criteria. The absence of any explanation for their conclusion constitutes a flaw in the assessment process itself.",0,0,early exit: A1 and A2 agree,0
89,"If not, that may be a possibility",0,1,,,flawed,"The colleague provided no reasoning for either the predecisional or deliberative steps. Without articulated reasoning, it is impossible to assess their application of the criteria, rendering their process unsound. A proper assessment requires demonstrating how the specific language meets the defined criteria.",1,1,early exit: A1 and A2 agree,1
90,Barbara  Chow spoke  to Jack  about child support and  gambling.,1,0,,,flawed,"The analyst provided no reasoning for either the predecisional or deliberative steps. A classification without supporting rationale is inherently flawed. The sentence itself is a factual statement reporting that a conversation occurred, not reflecting any predecisional deliberation, recommendations, or opinions.",0,0,early exit: A1 and A2 agree,0
91,His first reaction  was  'do we really need to drop this?',1,1,,,flawed,"The colleague failed to provide any step-by-step reasoning for either the pre-decisional or deliberative criteria. Without this crucial information, it is impossible to assess whether their application of the standards was sound or flawed. The prompt specifically requires this reasoning to be provided.",1,1,early exit: A1 and A2 agree,1
92,but once he got beyond  that his only  issue is that he insists  we need to have another  pay-for to make up the savings.,1,1,,,flawed,"The analyst omitted the step-by-step reasoning for both the predecisional and deliberative criteria. While the final prediction aligns with a sound application of the criteria, the lack of explicit reasoning prevents a direct assessment of their thought process and is a procedural flaw in the classification methodology.",1,1,early exit: A1 and A2 agree,1
93,OMB  will work on this with our help.,1,0,,,flawed,Colleague provided no reasoning for either the predecisional or deliberative steps. This makes it impossible to assess their application of the criteria. A complete lack of reasoning is a significant flaw in the assessment process.,0,0,early exit: A1 and A2 agree,0
94,"I impressed  upon Barbara  the need to move quickly, to give it less time to leak out and 'to allow us to put it out sufficiently in advance of the President's trip.",1,1,,,sound,"Colleague did not provide explicit step-by-step reasoning for pre-decisional and deliberative criteria, making it difficult to assess their specific thought process. However, the sentence itself strongly meets both criteria for Exemption 5.",1,1,early exit: A1 and A2 agree,1
95,"Barbara thought one way we could pitch the voluntary option.is to talk about it as a pilot, saying we've realized there are some implementation questions and we want to test how it would work before we go national.",1,1,,,flawed,"The analyst failed to provide explicit reasoning for both the pre-decisional and deliberative criteria. While the prediction may be correct, the absence of documented analysis steps makes it impossible to assess the soundness of their application of the criteria. A proper analysis requires articulating how the sentence meets each criterion.",1,1,early exit: A1 and A2 agree,1
96,"Participation in the pilot would of course be voluntary, and we might throw in some financial incentives to cover paperwork and computer costs for those who participate.",1,1,,,flawed,"The reasoning steps for both pre-decisional and deliberative criteria are missing. While the prediction is correct, the lack of articulated reasoning makes it impossible to assess the soundness of the thought process. A complete analysis requires demonstrating how the sentence meets both criteria.",1,1,early exit: A1 and A2 agree,1
97,I think this makes some sense.,1,1,,,flawed,"The analyst failed to provide any reasoning for either the predecisional or deliberative criteria. Without these critical steps, it is impossible to assess their thought process or determine if they correctly applied the Exemption 5 standards. The absence of reasoning is a fundamental flaw.",1,1,early exit: A1 and A2 agree,1
98,There's a commission relating to child support medical support issues (e.g. doing more to ensure the father's health plan covers the child as part of the child support order) that has just reported to HHS.,1,0,,,flawed,The colleague's reasoning is flawed because they provided no explanation for their assessment of the predecisional or deliberative criteria. A prediction without supporting reasoning is insufficient for a proper FOIA review.,0,0,early exit: A1 and A2 agree,0
99,HHS is apparently reviewing the recommendations,1,0,,,flawed,"The colleague provided no reasoning for Step 1 (Pre-decisional) or Step 2 (Deliberative), which is a critical omission in the assessment process. 

Regarding the sentence itself: 

Step 1 (Pre-decisional): The sentence 'HHS is apparently reviewing the recommendations' indicates that a final decision has not yet been made and that the agency is in the process of evaluating inputs. This clearly places it in the predecisional stage, as it precedes a final agency action or decision.

Step 2 (Deliberative): While the sentence describes an activity that is part of the deliberative process (reviewing recommendations), the sentence itself is a factual observation or status update. It does not contain recommendations, legal advice, policy opinions, or reflect the 'give-and-take' of the decision-making process from the author's perspective. It reports on the existence of deliberation, but is not deliberative content itself. Therefore, it fails the deliberative prong.",0,0,early exit: A1 and A2 agree,0
100,"I don't really know what's in them, but there may be some savings associated with some of them (perhaps reduced Medicaid costs by ensuring kids get on their father's private insurance) that we could use to replace the gambling savings.",1,1,,,sound,none,1,1,early exit: A1 and A2 agree,1
101,"In general I think these recommendations could have potential, and I told Olivia several weeks ago I'd like  them to move quickly in their review and to come over and give us  a briefing.",1,1,,,flawed,"Colleague failed to provide any reasoning for Step 1 (Pre-decisional) or Step 2 (Deliberative). While the final prediction is likely correct, the lack of articulated reasoning makes it impossible to assess the soundness of their thought process. A proper assessment requires demonstrating how the criteria were applied to the specific text.",1,1,early exit: A1 and A2 agree,1
102,Barbara Pryor says Sen. Rockefeller would like to introduce a bill shortly (I think he and Sen Snowe were responsible for the legislation creating the commission).,0,0,,,flawed,"The reasoning steps (Step 1 and Step 2) are empty, providing no explanation or justification for the prediction. While the prediction itself aligns with a correct application of Exemption 5 criteria, the lack of articulated reasoning makes the assessment process incomplete and therefore flawed.",0,0,early exit: A1 and A2 agree,0
103,"We need to accelerate work on the independent contractor option, which Barbara thinks would pick up about half the savings needed.",1,1,,,flawed,Colleague's reasoning is incomplete as Step 1 (Pre-decisional) and Step 2 (Deliberative) reasoning were not provided. This prevents assessment of whether the criteria were correctly applied. A complete analysis requires articulating how the sentence meets both criteria.,1,1,early exit: A1 and A2 agree,1
104,"She will get Smalligan and Ahern working on this, but you guys should work closely with them.",1,0,,,flawed,"The colleague provided no reasoning for either the predecisional or deliberative steps. Without any explanation of their thought process, it is impossible to assess the soundness of their reasoning. A prediction without supporting analysis is not a valid assessment.",1,1,"The sentence contains two clauses. The first clause, 'She will get Smalligan and Ahern working on this,' appears to be a statement of a decision or a firm plan that has been made or is about to be executed. Standing alone, this part might not be predecisional or deliberative. However, the second clause, 'but you guys should work closely with them,' is a clear recommendation or instruction regarding the method of collaboration. This recommendation is predecisional because it pertains to the operational strategy before the final approach to collaboration is settled. More importantly, it is deliberative because it reflects the author's personal view or advice on the optimal way to coordinate efforts, rather than stating an established policy or a factual observation. This 'should' statement is part of the internal 'give-and-take' on how to best execute a task. Therefore, the sentence, particularly its second clause, meets both the predecisional and deliberative criteria for Exemption 5. Analyst 1's unsupported prediction of 'NOT-DELIB' is not persuasive. Analyst 2's suggestion of 'DELIBERATIVE' aligns with a thorough analysis of the sentence's content.",1
105,"As I recall, we've asked Treasury for some information, but have not yet reached out to DOL and SBA?",1,1,,,flawed,"Analyst 1's reasoning steps for both pre-decisional and deliberative criteria were not provided. Without the explicit reasoning, it is impossible to assess whether they correctly applied the criteria. A complete analysis requires documenting the steps to ensure transparency and accuracy in the classification process.",1,1,early exit: A1 and A2 agree,1
106,"And, though it is more OMB's responsibility than ours, we should try to think of any other possible pay-fors in our area (defined broadly).",1,1,,,flawed,"The analyst's reasoning is incomplete as they did not provide any explanation for Step 1 (Pre-decisional) or Step 2 (Deliberative). Without the reasoning, it is impossible to assess whether they correctly applied the criteria for Exemption 5.",1,1,early exit: A1 and A2 agree,1
107,One possibly promising area are the recommendations on child support medical support made by the commission to HHS,1,1,,,flawed,"Analyst 1 failed to provide any reasoning for Step 1 (Pre-decisional) and Step 2 (Deliberative). The reasoning steps are empty, making it impossible to assess their application of the criteria. A prediction without supporting analysis is not a sound assessment.",1,1,early exit: A1 and A2 agree,1
108,perhaps one of those have some savings (perhaps reduced Medicaid costs by ensuring kids get on their father's private insurance) that we could use to replace the gambling savings.,1,1,,,flawed,"The colleague failed to provide any reasoning for Step 1 (Pre-decisional) or Step 2 (Deliberative), making it impossible to assess their application of the criteria. A proper analysis requires articulating how the sentence meets both aspects of Exemption 5.",1,1,early exit: A1 and A2 agree,1
109,Eric -- I know you got an (unofficial?) update from Legler on this can you fill the rest of us in?,1,1,,,flawed,"The colleague provided no reasoning for either the predecisional or deliberative criteria, making it impossible to assess their application of the standards. A blank reasoning section is a critical flaw in the assessment process.",0,0,"The sentence 'Eric -- I know you got an (unofficial?) update from Legler on this can you fill the rest of us in?' is a request for information. It asks Eric to share an update he received. This sentence itself does not contain any recommendations, policy opinions, legal advice, or personal views on a decision. It is a logistical communication seeking to gather information. While the 'update' Eric received might be predecisional or deliberative, the request for that update is not. The sentence does not reflect the 'give-and-take' of the decision-making process, nor does it represent a predecisional thought or recommendation. Analyst 1 provided no reasoning, making their prediction unsubstantiated. Analyst 2 correctly identified this flaw and suggested 'NOT-DELIB'. My independent assessment confirms that the sentence is a request for information and does not meet the criteria for deliberative process privilege.",0
110,And we should also think more broadly than child support.,1,1,,,flawed,"The colleague's reasoning is flawed because Step 1 (Pre-decisional) and Step 2 (Deliberative) are entirely missing. Without these steps, it is impossible to assess how they applied the criteria or arrived at their prediction. A complete analysis requires articulating how the sentence meets both the predecisional and deliberative tests.",1,1,early exit: A1 and A2 agree,1
111,Genie -- can you check to see if any of the bills introduced so far in Congress that have been referred to Ways and Means or Finance had any little pay-fors that weren't horrendous?,1,0,,,flawed,"The colleague provided no reasoning for either the pre-decisional or deliberative prongs, making it impossible to assess their application of the criteria. This is a fundamental error in the review process.",1,1,"Analyst 1 provided no reasoning, making their assessment impossible to evaluate. Analyst 2 correctly identified this flaw but also did not provide reasoning for their own suggestion. 

Upon independent review, the sentence is predecisional because it is a request for information that precedes any final agency decision or action. It is not a final opinion or justification for a past decision.

The sentence is also deliberative. While it is a request for information, the nature of the information sought is not purely factual. The request asks to identify 'pay-fors that weren't horrendous,' which involves a subjective evaluation and a search for viable policy options or elements. This type of inquiry is integral to the internal 'give-and-take' of developing policy, exploring options, and shaping a strategic approach. It directly contributes to the agency's internal thought process in formulating a position or decision, reflecting the deliberative process.",1
112,Can anyone think of anything else?,1,1,,,flawed,The colleague provided no reasoning for either the pre-decisional or deliberative steps. A blank reasoning section does not constitute a step-by-step analysis and makes it impossible to assess whether the criteria were correctly applied or misapplied. The core flaw is the complete absence of justification for the classification.,1,1,early exit: A1 and A2 agree,1
113,We're hoping to be able to seriously restructure our proposal to satisfy both tribal and non-tribal concerns.,1,1,,,flawed,"The colleague failed to provide any explicit reasoning for classifying the sentence as pre-decisional or deliberative. Without the articulated steps, it is impossible to assess their application of the criteria or identify specific misinterpretations. While the prediction may be correct, the absence of reasoning is a significant flaw in the assessment process itself.",1,1,early exit: A1 and A2 agree,1
114,Barbara Chow is talking to Jack and Sylvia about how to handle the budget implications.,1,1,,,flawed,"The colleague's reasoning steps (Step 1 and Step 2) are entirely missing. This makes it impossible to assess the soundness of their application of the predecisional or deliberative criteria, as no reasoning was provided. While the ultimate prediction may be correct, the absence of articulated reasoning is a fundamental flaw in the assessment process.",1,1,early exit: A1 and A2 agree,1
115,"If we revise our plan, we want to make sure our friends get credit, so we need to keep this under wraps until we're ready to roll it out.",1,1,,,flawed,"The primary issue is the complete absence of reasoning for both Step 1 (Pre-decisional) and Step 2 (Deliberative). While the prediction may be correct, a sound assessment requires a clear articulation of how the sentence meets each criterion. Without this, the reasoning process itself is incomplete and cannot be fully evaluated.",1,1,early exit: A1 and A2 agree,1
116,We're going to go ahead and have the already-scheduled meeting With tribal gaming folks on Tuesday and tell them we recognize our current proposal won't work and seek their advice.,1,1,,,sound,"The colleague's reasoning steps (Step 1 and Step 2) were not provided, preventing a direct assessment of their application of the predecisional and deliberative criteria. However, the final prediction is consistent with a correct application of Exemption 5.",1,1,early exit: A1 and A2 agree,1
117,Cynthia--I know you've had a couple of meetings on this issue including one recently with doj,1,0,,,flawed,"The colleague failed to provide any reasoning for their classification decision, leaving both the predecisional and deliberative steps blank. This prevents a proper assessment of their application of the criteria, even if the final prediction is correct.",0,0,early exit: A1 and A2 agree,0
118,"Can you send me an email detailing the, issues as you see them and your plans for how  we're  going to resolve some of the outstanding issues, not limited to the Indian sovereignty but also how we're going to get the industry to cooperate?",1,1,,,flawed,"The colleague provided no reasoning for Step 1 (Pre-decisional) or Step 2 (Deliberative). Without any explanation of how they applied the criteria, it is impossible to assess the soundness of their reasoning process. A complete lack of reasoning is a significant flaw in the assessment.",1,1,early exit: A1 and A2 agree,1
119,"â€¢ I've looked into the option of having gaming establishments collect and report to the federal child support database tie gambling winner's name, social security number, home address and possibly his employer's name and address.",1,1,,,flawed,"The analyst did not provide explicit reasoning for Step 1 (Pre-decisional) or Step 2 (Deliberative). While the final prediction is likely correct, the lack of articulated reasoning makes it impossible to assess their thought process against the provided criteria. A proper assessment requires showing how the sentence meets both the predecisional and deliberative elements.",1,1,early exit: A1 and A2 agree,1
120,"In my view, the option would do little.to collect child support and we would still need to exempt tribes (lest we renege on our long standing support for tribal sovereignity).",1,1,,,flawed,"Analyst 1 did not provide explicit reasoning for Step 1 (Pre-decisional) or Step 2 (Deliberative). While the final prediction is correct, the absence of the step-by-step justification makes the reasoning process incomplete and therefore flawed. A complete analysis requires demonstrating how the sentence meets both criteria.",1,1,early exit: A1 and A2 agree,1
121,"The only advantage would be that it gives us a quasi-face-saving way to minimize opposition without abandoning our proposal altogether, which may be the best we can hope for at this point.",1,1,,,sound,"The reasoning steps (Step 1 and Step 2) were not provided, preventing a direct assessment of the colleague's application of the criteria. However, the final prediction is consistent with a correct application of Exemption 5 principles.",1,1,early exit: A1 and A2 agree,1
122,Please advise on how I should proceed.,1,1,,,flawed,"The colleague failed to provide any reasoning for their classification, leaving both the predecisional and deliberative steps blank. Without any explanation, it is impossible to assess how they applied the criteria or arrived at their prediction. A prediction without supporting analysis is not a sound application of FOIA Exemption 5 principles.",1,1,early exit: A1 and A2 agree,1
123,We need to resolve this by Monday (before a scheduled meeting with tribes on Tuesday) and OMB may need to come up with another pay-for.,1,1,,,flawed,"Colleague failed to provide any step-by-step reasoning for either the pre-decisional or deliberative criteria. The prompt requires an assessment of their reasoning, which is entirely absent, making it impossible to evaluate their thought process.",1,1,early exit: A1 and A2 agree,1
124,"Should I begin selling .this reporting only option, with a tribal exemption, to 0MB,HHS, Leg Affairs, etc.?",1,1,,,flawed,"Colleague provided no reasoning for either the predecisional or deliberative steps, making it impossible to assess their thought process. The lack of explanation is a critical flaw in their analysis.",1,1,early exit: A1 and A2 agree,1
125,Keep in mind Lynn Cutler specifically requested a meeting where she and others would be at the table to weigh in (but she should like this option).,1,1,,,flawed,"The colleague's reasoning for Step 1 (Pre-decisional) and Step 2 (Deliberative) is entirely missing. Without any articulated reasoning, it is impossible to assess whether they correctly applied the Exemption 5 criteria. A classification decision, especially for a complex exemption like Exemption 5, requires clear, documented reasoning to ensure consistency and defensibility.",1,1,early exit: A1 and A2 agree,1
126,"See below for more on the pros and cons of this option, and see the attached document for the wide range of unsavory options available to us..",1,1,,,flawed,"The colleague failed to provide any reasoning for either the predecisional or deliberative steps, making it impossible to assess their thought process. A prediction without supporting reasoning is not a sound assessment.",1,1,early exit: A1 and A2 agree,1
127,Require only reporting from tribes and nontribal gaming establishments,0,1,,,flawed,"The colleague failed to provide any reasoning for Step 1 (Pre-decisional) and Step 2 (Deliberative). Without the articulated reasoning, it is impossible to assess whether they correctly applied the predecisional and deliberative criteria to the sentence. A complete analysis requires a clear explanation of how the sentence meets each criterion.",1,1,early exit: A1 and A2 agree,1
128,"Pros: Likely to generate less opposition from gambling establishments, because it would require them only to report winnings, not collect child support.",1,1,,,sound,none,1,1,early exit: A1 and A2 agree,1
129,Allows us to minimize opposition without abandoning the proposal altogether .,1,1,,,flawed,"The colleague failed to provide any reasoning for their assessment of the predecisional and deliberative criteria. Without explicit reasoning, it is impossible to evaluate their thought process or identify specific misapplications of the criteria. A proper assessment requires detailing how the sentence meets each criterion.",1,1,early exit: A1 and A2 agree,1
130,"Cons: Unlikely to generate information the child support.office doesn't already have, and thus is unlikely to result in more child support collections or federal revenues.",1,1,,,flawed,"Colleague did not provide step-by-step reasoning for either the pre-decisional or deliberative criteria, making it impossible to assess their application of the criteria. The prompt requires this reasoning to be present for a sound assessment.",1,1,early exit: A1 and A2 agree,1
131,"For examnple, the child support office will already have access to the home address on the individual's drivers license, and in this process will only get a more up-to-date address if the individual volunteers it to the gambling establishment",1,0,,,flawed,"The colleague provided no reasoning for either the predecisional or deliberative steps, making it impossible to assess their thought process. A prediction without any supporting rationale is inherently flawed.",0,0,early exit: A1 and A2 agree,0
132,"lf employer's name and address are also collected, this will require gambling establishments to collect more information than they generally do for the W2G and will increase opposition tb the proposal.",1,1,,,flawed,"The colleague's reasoning steps (Step 1 and Step 2) are blank, making it impossible to assess their application of the predecisional or deliberative criteria. Therefore, the reasoning itself is not provided.",1,1,early exit: A1 and A2 agree,1
133,"ln addition, this impinges on tribal sovereignty by having the federal government impose a requirement on tribes",1,1,,,flawed,"The analyst provided no reasoning for either the predecisional or deliberative steps, making it impossible to assess their thought process. A prediction without supporting rationale is insufficient. To properly classify, the analyst must articulate how the sentence meets both the predecisional and deliberative criteria.",1,1,early exit: A1 and A2 agree,1
134,"(the proposal builds on current law, requiring tribes to report and in some cases withhold funds for federal income taxes, which also impinges on tribal sovereignty.)",1,1,,,flawed,"The colleague provided no reasoning for either the predecisional or deliberative steps, making it impossible to assess the soundness of their thought process. A complete analysis requires explicit application of the criteria to the sentence.",1,1,early exit: A1 and A2 agree,1
135,"We could therefore exempt tribes from this reporting requirement, generating more concerns from nontribal establishments.",1,1,,,flawed,"The analyst did not provide the step-by-step reasoning for classifying the sentence as pre-decisional and deliberative. Without the explicit application of the criteria to the sentence, it is impossible to assess the soundness of their reasoning process or identify any misapplication of the criteria. The prediction alone, without supporting analysis, is insufficient for a critical review.",1,1,early exit: A1 and A2 agree,1
136,"Following up from our meeting on Child Support last Tuesday; we plan to meet with NIGA (the nongovernmental group)  on Tues, 2/15 at 2 pm in 472  in OEOB.",0,0,,,flawed,"The colleague provided no reasoning for their prediction, making it impossible to assess their application of the predecisional or deliberative criteria. A prediction without supporting analysis is insufficient.",0,0,early exit: A1 and A2 agree,0
137,Attendees from HHS and Treasury should send me your DOB and SSN..,0,0,,,flawed,"Colleague provided no reasoning for Step 1 (Pre-decisional) or Step 2 (Deliberative). Without explicit reasoning, it's impossible to assess their application of the criteria. The absence of reasoning is a critical flaw in the assessment process.",0,0,early exit: A1 and A2 agree,0
138,I am really sorry I missed the meeting this afternoon.,0,0,,,flawed,"The analyst provided no reasoning for either the predecisional or deliberative steps. While the final prediction is correct, the lack of supporting analysis makes the reasoning unsound. A proper assessment requires demonstrating how the criteria were applied.",0,0,early exit: A1 and A2 agree,0
139,I got completely  swamped  with some other  work.,0,0,,,flawed,The colleague failed to provide any reasoning for either the predecisional or deliberative criteria. A sound Exemption 5 analysis requires explicit application of both criteria to the specific content of the sentence.,0,0,early exit: A1 and A2 agree,0
140,will try to catch up with one of you tomorrow afternoon to hear how things went.,0,0,,,flawed,Colleague provided no reasoning for either the predecisional or deliberative criteria. This makes it impossible to assess their application of the criteria. A proper assessment requires explicit justification for both steps.,0,0,early exit: A1 and A2 agree,0
141,"Here are the numbers you asked for: Although, please let me know before you intend to use these in any public documents.",1,0,,,flawed,"The colleague's prediction of '0' (not deliberative) is flawed. While the initial provision of 'numbers' might be factual, the subsequent clause, 'please let me know before you intend to use these in any public documents,' introduces a strong predecisional and deliberative element. This statement implies that a final decision regarding the public release or specific use of these numbers has not yet been made. The request to be informed before public use functions as a recommendation or a condition from the author, reflecting internal 'give-and-take' about how agency information should be handled or vetted prior to a final, public decision. This clearly falls within the deliberative process, as it represents the author's view on the appropriate handling of information before it becomes established agency policy or public communication.",1,1,"Analyst 2's assessment is correct. While the initial provision of 'numbers' might be factual, the subsequent clause, 'please let me know before you intend to use these in any public documents,' introduces a clear predecisional and deliberative element. This statement indicates that a final decision regarding the public release or specific use of these numbers has not yet been made. The request to be informed before public use functions as a recommendation or a condition from the author, reflecting internal 'give-and-take' about how agency information should be handled or vetted prior to a final, public decision. This represents the author's personal view on the appropriate handling of information before it becomes established agency policy or public communication, thus meeting both the predecisional and deliberative criteria for Exemption 5.",1
142,"We try not to lay out all of the underlying assumptions in our estimates since, needless to say, developing these estimates is not an exact science.",1,1,,,flawed,"The colleague failed to provide any reasoning for classifying the sentence as predecisional or deliberative, making it impossible to assess their application of the criteria. A prediction without supporting analysis is insufficient for a proper FOIA review.",1,1,early exit: A1 and A2 agree,1
143,"I would want to be careful about how they are used, particularly in light of some of the new information we got from Treasury.",1,1,,,flawed,"The colleague's reasoning is incomplete. They have not provided any explanation or analysis for Step 1 (Pre-decisional) or Step 2 (Deliberative). Without the actual reasoning, it is impossible to assess whether their application of the criteria is sound or flawed. The prediction alone is insufficient.",1,1,early exit: A1 and A2 agree,1
144,"The first year is an anomaly, since we assume an implementation lag.",0,1,,,flawed,"The colleague provided no reasoning for their classification, making it impossible to assess their application of the predecisional and deliberative criteria. Both Step 1 (Pre-decisional) and Step 2 (Deliberative) are empty.",1,1,early exit: A1 and A2 agree,1
145,"In the second through fifth years, we assume 54,000, 52,000, 49,000, and 46,000 intercepts.",0,0,,,flawed,"Colleague's reasoning for both pre-decisional and deliberative criteria is entirely missing. Without any stated rationale, it's impossible to assess their thought process. The prediction of '0' (not always deliberative) also appears questionable given the content of the sentence.",1,1,"The sentence 'In the second through fifth years, we assume 54,000, 52,000, 49,000, and 46,000 intercepts' is both pre-decisional and deliberative. It is pre-decisional because it presents assumptions for future years, serving as an input to a future decision or policy rather than a final agency action or a justification of a past decision. The use of 'we assume' clearly indicates a projection or hypothesis that precedes a final determination. It is deliberative because the phrase 'we assume' signifies an internal projection, a working hypothesis, or a recommendation. This reflects the 'give-and-take' of the decision-making process, where different assumptions might be considered and debated before a final course of action is chosen. It represents the personal views or internal modeling of the author/team rather than an established agency policy or a settled fact. Therefore, it contributes to the internal thought process leading to a decision. Analyst 1's prediction of '0' (NOT-DELIB) is unsupported by reasoning and appears incorrect given the content. Analyst 2 correctly identifies the flaw in Analyst 1's assessment and suggests '1' (DELIBERATIVE), which aligns with a thorough application of Exemption 5 criteria.",1
146,â€¢ Michelle - how many people did HHS estimate they would capture a year (over five years) who would actually have their gambling winnings interepted because they owed child support? ',0,1,,,sound,"The colleague did not provide explicit reasoning steps for the predecisional and deliberative criteria, which is a procedural flaw in the review process. This makes it impossible to assess their specific application of the criteria. However, the final classification of the sentence as deliberative is consistent with a correct application of Exemption 5 principles.",1,1,early exit: A1 and A2 agree,1
147,"I previously provided some or all of this information orally {by voicemail), but I neglected to  forward this email.",0,0,,,flawed,"The reasoning for both the predecisional and deliberative steps is entirely missing. Without any explanation of how the colleague applied the criteria to the sentence, it is impossible to assess the soundness of their thought process. The sentence itself is a logistical statement about a communication oversight, not a substantive piece of information that is inherently predecisional or deliberative.",0,0,early exit: A1 and A2 agree,0
148,"If  Cynthia needs more information, just let me know.",0,0,,,flawed,"The analyst provided no reasoning for either the predecisional or deliberative criteria. Without any justification, it's impossible to assess the soundness of their thought process, even if the final prediction is correct.",0,0,early exit: A1 and A2 agree,0
149,"Otherwise, I think I've closed the DoC loop.",0,0,,,flawed,"Analyst 1 provided no reasoning for Step 1 (Pre-decisional) or Step 2 (Deliberative), making it impossible to assess their application of the criteria. The prediction is unsupported by any articulated rationale.",0,0,early exit: A1 and A2 agree,0
150,I spoke with Monica.,0,0,,,flawed,"The analyst did not provide any reasoning for Step 1 (Pre-decisional) or Step 2 (Deliberative). Without the reasoning, it is impossible to assess whether they correctly applied the criteria or misapplied them. The submission is incomplete.",0,0,early exit: A1 and A2 agree,0
151,"This statute, and another relating to deep sea  mining which was not covered in the  White House memo, are ahead of  their  time as the benefits of working in and around the deep sea vents are not  yet  known  and the  costs are substantial.",0,1,,,flawed,"The colleague's reasoning steps (Step 1 and Step 2) are blank, making it impossible to assess their application of the predecisional and deliberative criteria. A prediction without articulated reasoning is not a sound basis for classification.",1,1,early exit: A1 and A2 agree,1
152,Monica tells me t_hat  these licenses can theoretic ally be given to individuals but the investment to carry out the work is so great that licenses will almost always be sought by companies and institutions.,0,0,,,flawed,"The analyst's reasoning is entirely missing for both the predecisional and deliberative steps. Without any stated reasoning, it is impossible to assess whether they correctly applied the criteria or misapplied them. A complete analysis requires explicit justification for each step.",0,0,early exit: A1 and A2 agree,0
153,Kit and Jim - I am re-sending the message that Craig sent out last week.,0,0,,,flawed,"Colleague provided no reasoning for either the predecisional or deliberative prongs. Without any stated reasoning, it is impossible to assess their application of the criteria. A complete analysis requires articulating how the sentence does or does not meet each criterion.",0,0,early exit: A1 and A2 agree,0
154,Apparently you  did not  receive it.,0,0,,,flawed,"The colleague provided no reasoning for their classification. While the prediction is correct, the lack of justification makes the reasoning process flawed. The sentence itself is a factual observation or an assumption about a communication failure. It does not contain predecisional content as it does not precede an agency action or assist in reaching a final conclusion. It also does not contain deliberative content as it does not reflect internal 'give-and-take,' recommendations, legal advice, or policy opinions. It is a simple statement of fact/observation.",0,0,early exit: A1 and A2 agree,0
155,I hope this answers the mail.,0,0,,,flawed,"The reasoning steps for both pre-decisional and deliberative criteria were left blank. Without any stated reasoning, it is impossible to assess the soundness of the colleague's application of the criteria. While the prediction may be correct, the lack of explanation constitutes a flaw in the assessment process.",0,0,early exit: A1 and A2 agree,0
156,Sorry for  the confusion.,0,0,,,flawed,"The colleague failed to provide any reasoning for their prediction in Step 1 (Pre-decisional) or Step 2 (Deliberative). While the final prediction is correct, the absence of articulated reasoning means the assessment process itself is incomplete and cannot be deemed sound. A proper analysis requires explaining why the criteria are or are not met.",0,0,early exit: A1 and A2 agree,0
157,Monica,0,0,,,flawed,"The colleague provided no reasoning for either the predecisional or deliberative criteria. Without any justification or explanation of how the criteria were considered, it is impossible to assess whether they were correctly applied or misapplied. A blank reasoning section is inherently flawed.",0,0,early exit: A1 and A2 agree,0
158,Kit - to close the loop re child support matter.,0,0,,,flawed,"Colleague's reasoning for both pre-decisional and deliberative steps is entirely missing. Without the reasoning, it is impossible to assess the application of the criteria, even if the final prediction is correct for the sentence. The absence of any analysis constitutes a significant flaw in the assessment process.",0,0,early exit: A1 and A2 agree,0
159,"Of the licenses noted, NoAA only issues those re Ocean Thermal Energy Conversion (42 USC 9111).",0,0,,,flawed,"The analyst provided no reasoning for either the predecisional or deliberative steps, which is a critical flaw in the assessment process. While the ultimate prediction is correct, the lack of explanation means the reasoning itself is unsound. The sentence is a statement of fact regarding NOAA's existing licensing authority, citing a specific statute. It does not reflect a recommendation, opinion, or internal 'give-and-take' about a future decision, nor does it represent personal views over established policy. Therefore, it is neither predecisional nor deliberative.",0,0,early exit: A1 and A2 agree,0
160,"We have never issued such a license, however.",0,0,,,flawed,"The analyst failed to provide any reasoning for their classification, leaving the 'Step 1 (Pre-decisional)' and 'Step 2 (Deliberative)' fields blank. While the final prediction might be correct, the lack of articulated reasoning makes the assessment process unsound.",0,0,early exit: A1 and A2 agree,0
161,"With regard to the other statutes: 43 (actually46) use 7101, 46 use 7103, 46 use 7104, 46 use 7112, 46 USC 7316, 46 USC 7317 and 46 USC ap1718, all of these statutes are administered by the US Coast Guard (actually, the Secretary of the department with the Coast Guard in it,  i.e. the DApartment  of Transportation).",0,0,,,flawed,The analyst provided no reasoning for their classification. It is impossible to assess the soundness of absent reasoning. A proper assessment requires a clear articulation of how the predecisional and deliberative criteria were applied to the specific sentence.,0,0,early exit: A1 and A2 agree,0
162,This should finalize NOAA's input into this project.,0,1,,,flawed,"The colleague's reasoning for both Step 1 (Pre-decisional) and Step 2 (Deliberative) is entirely missing. Without any articulated reasoning, it is impossible to assess whether their application of the criteria was sound or flawed. A complete analysis requires a clear explanation of how the sentence meets (or doesn't meet) each criterion.",1,1,early exit: A1 and A2 agree,1
163,"On another note, could you please have some advise us on what criterion your office uses for promotion of attorney from GS 14 to 15.",0,1,,,flawed,"The colleague provided no reasoning for either the predecisional or deliberative steps, making it impossible to assess their thought process. A prediction was made without any supporting justification.",0,0,"The sentence is a request for information regarding the criteria an office uses for attorney promotions. It asks for 'what criterion your office uses,' implying a request for existing, established policy or guidelines, rather than a recommendation, a draft, or an opinion on a developing policy. Providing established criteria is generally considered factual information about an agency's operations, not part of a predecisional or deliberative process to formulate those criteria or a specific promotion decision. The request itself does not reflect the 'give-and-take' of decision-making, nor does it represent personal views or recommendations. Analyst 1 provided no reasoning, making their prediction unsubstantiated. Analyst 2 correctly identified the lack of reasoning and suggested 'NOT-DELIBERATIVE,' which aligns with the nature of the request for existing factual information.",0
164,thanks.,0,0,,,flawed,"The analyst provided no reasoning for either the predecisional or deliberative steps. Without any explanation of how the criteria were applied (or not applied), the reasoning is entirely absent and cannot be assessed as sound. While the prediction is likely correct, the lack of justification is a significant flaw.",0,0,early exit: A1 and A2 agree,0
165,Craig,0,0,,,flawed,"The analyst provided no reasoning whatsoever for their classification. To properly assess whether a record is predecisional and deliberative, a clear explanation of how the content meets (or fails to meet) these criteria is required. Without any justification, the assessment process is incomplete and cannot be evaluated for soundness.",0,0,early exit: A1 and A2 agree,0
166,Federal Agency Welfare Hiring Update,0,0,,,flawed,"The colleague's reasoning for both Step 1 (Pre-decisional) and Step 2 (Deliberative) is entirely missing. Without any articulated reasoning, it is impossible to assess whether they correctly applied the Exemption 5 criteria or misapplied them. A classification cannot be properly evaluated without the underlying justification.",0,0,early exit: A1 and A2 agree,0
167,"Attached are not-yet-released numbers from OPM showing that federal agencies have hired 2,834 welfare recipients since the President's March 8th, 1997 executive order and the April 10th Cabinet meeting  where agencies  made hiring commitments.",0,0,,,flawed,Colleague's reasoning for both pre-decisional and deliberative steps is entirely missing. No justification was provided for the prediction. A proper assessment requires articulating how the criteria apply (or don't apply) to the specific sentence.,0,0,early exit: A1 and A2 agree,0
168,"We are planning to have an event in March or April to commemorate the one year anniversary of this initiative and to publicly share our progress toward the goal of hiring 10,000 welfare recipients by the year 2000.",0,1,,,flawed,"The analyst failed to provide any explicit reasoning for Step 1 (Pre-decisional) and Step 2 (Deliberative). This omission makes it impossible to assess their application of the criteria or the soundness of their thought process, even if the final prediction aligns with a correct classification.",1,1,early exit: A1 and A2 agree,1
169,The event may focus on federal agencies' efforts to encourage contrators to hire from the welfare rolls.,0,1,,,sound,none,1,1,early exit: A1 and A2 agree,1
170,"Key contacts: myself or Susan Valaskovic, National Performance Review, 632-0354.",0,0,,,flawed,"The analyst provided no reasoning for either the pre-decisional or deliberative steps, making it impossible to assess their application of the criteria. While the prediction is correct, the lack of supporting analysis means the reasoning itself is absent.",0,0,early exit: A1 and A2 agree,0
171,Child Support Enforcement Request,0,0,,,flawed,"The primary issue is the complete absence of reasoning for both the pre-decisional and deliberative steps. Without any explanation of how the colleague applied the criteria, it's impossible to assess their thought process. The sentence 'Child Support Enforcement Request' is a descriptive label or subject line. It identifies the topic or purpose of a communication rather than reflecting any internal 'give-and-take,' recommendations, opinions, or pre-decisional thought processes. It's a factual identifier, not deliberative content itself.",0,0,early exit: A1 and A2 agree,0
172,"Currently, we require states to deny drivers and professional licenses to parents who owe child support, but we allow such parents to obtain federal licenses.",0,0,,,flawed,"The reasoning steps (Step 1 and Step 2) are entirely blank. While the final prediction is correct, the absence of any articulated reasoning makes it impossible to assess how the colleague arrived at that conclusion or if they correctly applied the predecisional and deliberative criteria. The sentence describes an existing agency policy or practice, which is a factual statement about the status quo and does not reflect predecisional deliberation or internal 'give-and-take' regarding a future decision or policy.",0,0,early exit: A1 and A2 agree,0
173,We are considering talkng action to remedy this situation.,1,1,,,flawed,Colleague provided no reasoning for Step 1 (Pre-decisional) or Step 2 (Deliberative). A complete analysis requires explicit application of both criteria to demonstrate how the sentence meets the requirements for Exemption 5.,1,1,early exit: A1 and A2 agree,1
174,Will you please respond to the following questions by Friday February 17,0,0,,,flawed,"The analyst failed to provide any reasoning for Step 1 (Pre-decisional) and Step 2 (Deliberative). While the prediction is correct, the absence of analysis means the criteria were not applied, which is a flaw in the review process. A proper assessment requires demonstrating how the criteria were considered.",0,0,early exit: A1 and A2 agree,0
175,"In your February 17, l 998 memorandum you discussed child support enforcement.",0,0,,,flawed,"The analyst did not provide any reasoning for Step 1 (Pre-decisional) or Step 2 (Deliberative). Without the underlying rationale, it is impossible to assess the soundness of their application of the Exemption 5 criteria. While the prediction is correct, the lack of reasoning makes the assessment process incomplete and flawed.",0,0,early exit: A1 and A2 agree,0
176,You pointed out that states are required to deny drivers and professional licenses to parents who owe child support and that the Administratton is considering taking action to deny federal licenses to such parents.,0,0,,,flawed,"The colleague's reasoning steps are empty, providing no justification for their prediction. While the prediction itself is correct, the lack of reasoning constitutes a flaw in the assessment process.",0,0,early exit: A1 and A2 agree,0
177,You provided a preliminary list of federal licenses and asked EPA to identify any that are missing from the list and to answer several questions about those licenses.,0,0,,,flawed,"The colleague provided no reasoning for either the predecisional or deliberative criteria, making it impossible to assess their thought process. While the prediction is correct, the lack of supporting analysis is a critical flaw.",0,0,early exit: A1 and A2 agree,0
178,The information you requested is attached.,0,0,,,flawed,"The colleague failed to provide any reasoning for either the pre-decisional or deliberative criteria. While the prediction is correct, the lack of supporting analysis makes the reasoning process unsound.",0,0,early exit: A1 and A2 agree,0
179,"As you can see from the attachment, very few of the ""licenses"" granted by EPA go to individuals, as opposed to business entities.",0,0,,,flawed,"The primary issue is the complete absence of reasoning provided for both Step 1 (Pre-decisional) and Step 2 (Deliberative). A sound assessment requires articulating how the criteria are applied to the specific sentence. Without this reasoning, it's impossible to critically evaluate the colleague's thought process, even if the final prediction might be correct. The process itself is unsound due to this omission.",0,0,early exit: A1 and A2 agree,0
180,Accordingly we believe that few benefits and potentially significant costs could result from any effort to amend the various environmental licensing programs to include child support enforcement provisions.,1,1,,,flawed,"The colleague failed to provide any explicit reasoning for their assessment of the pre-decisional and deliberative criteria. Without documented steps, it is impossible to critically assess whether they correctly applied the standards or misapplied them. The absence of reasoning is a fundamental flaw in the assessment process.",1,1,early exit: A1 and A2 agree,1
181,"For purposes of this exercise considered the term ""license"" broadly to include licenses, permits, certification accreditations, and approvals that allow persons  to  undertake  activities within EPA's jurisdiction.",0,1,,,flawed,"Colleague provided no reasoning for either the pre-decisional or deliberative steps, making it impossible to assess their thought process. A proper Exemption 5 analysis requires explicit justification for both criteria. Without any explanation, the reasoning is incomplete and cannot be considered sound.",1,1,early exit: A1 and A2 agree,1
182,"The following is a list of licenses, permits, certifications,  accreditations and approvals issue (hereinafter licenses) by EPA",0,0,,,flawed,"The colleague's reasoning for both pre-decisional and deliberative criteria is missing. While the prediction is correct, the lack of articulated reasoning is a flaw in the assessment process. A proper analysis requires explaining why the criteria are or are not met.",0,0,early exit: A1 and A2 agree,0
183,In many cases the licenses are available both to individuals (mcluding those acting in a business capacity as a sole proprietor) to  ness entities such as partnerships and corporations.,0,0,,,flawed,"The colleague's reasoning steps for both pre-decisional and deliberative criteria are blank, making it impossible to assess their thought process. A lack of articulated reasoning is a fundamental flaw in the classification process, as it does not demonstrate how the criteria were applied.",0,0,early exit: A1 and A2 agree,0
184,"It is probable that most of them are held by businesses rather than individuals, but we have included any license that might be granted to an individual",0,1,,,flawed,"The colleague's reasoning for both Step 1 (Pre-decisional) and Step 2 (Deliberative) is entirely missing. Without any articulated reasoning, it is impossible to assess the soundness of their thought process or how they applied the criteria.",1,1,early exit: A1 and A2 agree,1
185,(including those acting in an individual business capacity or as an employee required to have a specific  to do his or her job).,0,0,,,flawed,"The colleague provided no reasoning whatsoever for either the 'predecisional' or 'deliberative' criteria. Without any articulated steps or justification, it is impossible to assess the soundness of their thought process or how they arrived at their prediction. The absence of reasoning is a fundamental flaw.",0,0,early exit: A1 and A2 agree,0
186,"You should also note that the authority to issue most of these licenses can be, and in most cases is, delegated to states (and in some cases tribes) under EPAs various statutes.",0,0,,,flawed,"The colleague provided no reasoning for their classification, making it impossible to assess the soundness of their thought process. A complete assessment requires explicit steps for both predecisional and deliberative criteria to demonstrate how the criteria were applied or why they were not met.",0,0,early exit: A1 and A2 agree,0
187,If a state or tribe has been d egated or authorized to issue the license EPA generally does not perform that function for that jurisdiction.,0,0,,,flawed,"The colleague provided no reasoning for their classification in Step 1 (Pre-decisional) or Step 2 (Deliberative). While the prediction aligns with a correct application of Exemption 5, the lack of explanation makes the reasoning itself unsound. The sentence describes an established general operating principle or policy of the EPA, stating what the agency 'generally does not perform' under specific conditions. This is a statement of existing practice, not a predecisional recommendation, personal view, or part of an ongoing deliberation. Therefore, it does not meet the criteria for being predecisional or deliberative.",0,0,early exit: A1 and A2 agree,0
188,"Where the state or tribe is not delegated or authorized to perform this function, EPA would perform the function.",0,0,,,flawed,"The analyst provided no reasoning for either the predecisional or deliberative criteria. A complete lack of justification for the classification decision is a fundamental flaw. The sentence itself states a factual condition and a resulting action, appearing to describe an established policy or procedure rather than a predecisional recommendation or personal view. It does not reflect the 'give-and-take' of the decision-making process, nor does it represent personal views or a draft. It describes an existing operational responsibility.",0,0,early exit: A1 and A2 agree,0
189,"Thus, to be complete, any approach to child support enforcement in this area would have to deny these types of licenses whether they are issued by EPA, by the states, or by tribes..",0,1,,,sound,"The reasoning steps for pre-decisional and deliberative criteria were not provided, which is an omission that prevents a direct assessment of the colleague's step-by-step application of the criteria. However, based on the content of the sentence, the final prediction is correct. The phrase 'would have to deny' is clearly recommendatory and discusses a necessary component of a future 'approach' to enforcement, making it predecisional and reflecting internal deliberation.",1,1,early exit: A1 and A2 agree,1
190,"We do not have readily available information that would allow us to determine how many individual as opposed to business entities, have each of these kinds of licenses, but we  try to indicate below relative proportions of individuals as opposed to business entities receiving each kind of license.",0,0,,,flawed,"The colleague's reasoning is entirely absent for both the pre-decisional and deliberative steps, making it impossible to assess their application of the criteria. A proper assessment requires explicit reasoning for each step.",0,0,early exit: A1 and A2 agree,0
191,"As you will see, we believe that only a few individuals receive these kinds of licenses from EPA, or from states and tnbes under EPA-delegated or authorized programs.",0,1,,,flawed,"The colleague's reasoning is entirely missing for both the predecisional and deliberative steps. Without any articulated reasoning, it's impossible to assess their thought process. The prediction of '1' (always deliberative) for this sentence, without context, is likely incorrect.",0,1,"Analyst 1's reasoning is entirely missing, which is a significant flaw as highlighted by Analyst 2. However, the final adjudicator must independently assess the sentence against the FOIA Exemption 5 criteria. 

**Pre-decisional Analysis:** The sentence states, 'As you will see, we believe that only a few individuals receive these kinds of licenses from EPA, or from states and tnbes under EPA-delegated or authorized programs.' The phrase 'we believe' indicates an internal assessment or understanding within the agency. This type of internal assessment typically precedes and informs a decision-making process, rather than being a final decision or a justification for one. It sets a premise or provides background for further discussion or action, making it pre-decisional.

**Deliberative Analysis:** The key phrase 'we believe' signifies that the statement is an internal opinion or assessment of the agency, or the individuals involved, rather than a definitive, established fact or agency policy. It reflects the internal 'give-and-take' of the decision-making process by presenting a viewpoint or understanding that could be debated, confirmed, or used as a basis for further deliberation. It represents the personal views or collective assessment of the authors, not a final agency position. Therefore, it is deliberative.

While Analyst 2 correctly points out the lack of reasoning from Analyst 1, my independent assessment of the sentence aligns with Analyst 1's prediction. The sentence expresses an internal belief or assessment that is both pre-decisional and deliberative.",1
192,"Thus, there would not be much benefit from attempting to deny these kinds of licenses for people who have not paid child support, and dojng so may add considerable burden and complexity to federal, state, and tribal administration of these programs.",1,1,,,flawed,"The analyst failed to provide any reasoning for Step 1 (Pre-decisional) and Step 2 (Deliberative), making it impossible to assess their application of the criteria. While the prediction may be correct, the lack of articulated reasoning is a significant flaw in the assessment process itself, as it does not demonstrate how the conclusion was reached.",1,1,early exit: A1 and A2 agree,1
193,"Finally we do not believe we would have the authority under current law to be able to deny these licenses to individuals because they owe child support, accordingly ""legislation would Be neededâ€",1,1,,,flawed,"Colleague failed to provide any reasoning for Step 1 (Pre-decisional) or Step 2 (Deliberative). Without articulated reasoning, it is impossible to assess whether the criteria were correctly applied, even if the final prediction is accurate. The process requires demonstrating how the criteria are met.",1,1,early exit: A1 and A2 agree,1
194,"Given the low potential payoff from using environmental licensing as a tool for child support enforcement, we are concerned that such legislation might become a vehicle for other, unwarranted changes in the environmental laws.",1,1,,,flawed,"The colleague failed to provide any reasoning for either the predecisional or deliberative steps. This omission makes it impossible to assess their thought process or identify specific misapplications of criteria. While the final prediction may be correct, the lack of justification is a critical flaw in the analysis process.",1,1,early exit: A1 and A2 agree,1
195,The EPA contact with whom you should coordinate as you develop possible policy on this issue is Mark Badalamente at (202)260-4724.,0,0,,,flawed,"Colleague's reasoning for Step 1 (Pre-decisional) and Step 2 (Deliberative) is missing, which is a critical flaw in the assessment process. While the sentence is likely predecisional (as it refers to 'develop possible policy'), it is not deliberative. It provides a factual contact point and a procedural instruction for coordination, rather than reflecting policy recommendations, opinions, or the 'give-and-take' of the decision-making process. It does not represent the personal views of the author on the substance of the policy. For Exemption 5 to apply, both predecisional and deliberative criteria must be met.",0,0,early exit: A1 and A2 agree,0
196,Please find below the first installment from the Department of Commerce on this issue.,0,0,,,flawed,"The colleague provided no reasoning for either the predecisional or deliberative criteria. This makes it impossible to assess their thought process. The sentence 'Please find below the first installment from the Department of Commerce on this issue' is a purely administrative transmittal phrase. It does not inherently contain any predecisional or deliberative content. It merely introduces other material. The deliberative nature would depend entirely on the content of the 'first installment' itself, not on this introductory sentence.",0,0,early exit: A1 and A2 agree,0
197,"(It's in the form of a memo from Kit Lunney, Deputy General Counsel here, to me.)",0,0,,,flawed,"The colleague provided no reasoning for either the predecisional or deliberative criteria. While the ultimate prediction is correct, the absence of any analytical steps means the reasoning process itself is unsound. The sentence merely describes the form, sender, and recipient of another document; it does not contain predecisional or deliberative content itself.",0,0,early exit: A1 and A2 agree,0
198,"As I advised you in my telephone message, more is due from NOAA early next week.",0,0,,,flawed,"The colleague provided no reasoning for their classification, leaving both the predecisional and deliberative steps empty. While their final prediction is correct, the lack of justification makes the reasoning unsound.",0,0,early exit: A1 and A2 agree,0
199,I appreciate  your patience; please feel free to  call me with any questions or comments on the information.,0,0,,,flawed,"The reasoning for both the predecisional and deliberative steps is entirely missing. While the final prediction aligns with a correct application of Exemption 5 criteria, the absence of any articulated reasoning prevents an assessment of whether the criteria were properly understood or applied by the analyst. A sound assessment requires transparent reasoning.",0,0,early exit: A1 and A2 agree,0
200,"If you need it in a more formal format, I can arrange that, too.",0,0,,,flawed,"The colleague provided no reasoning for either the predecisional or deliberative criteria. This makes it impossible to assess their thought process or identify specific misapplications of the criteria. While the prediction is correct, the lack of supporting analysis is a significant flaw in the review process.",0,0,early exit: A1 and A2 agree,0
201,"Per your request, I have canvassed OGC to obtain ahswers to the questions raised in the Child Support Enforcement inquiry from the White House.",0,0,,,flawed,"The analyst provided no reasoning for either the predecisional or deliberative steps, which is a critical omission in the assessment process. While the sentence is predecisional (it describes an action taken to gather information to assist in formulating a response to an inquiry, preceding a final agency action), it is not deliberative. It is a factual statement about an administrative action (canvassing OGC) and does not contain recommendations, legal advice, policy opinions, or reflect the 'give-and-take' of the decision-making process itself. It merely indicates that such a process is underway, without revealing any substantive deliberation.",0,0,early exit: A1 and A2 agree,0
202,"I provided copies of the memo to those agencies that on the face  of  the statutes noted appeared to  be  responsible  for  administering  them, specifically ITA, NOAA, PTO and BXA.",0,0,,,flawed,"The colleague provided no reasoning for Step 1 (Pre-decisional) or Step 2 (Deliberative), making it impossible to assess their thought process. A prediction without supporting reasoning is not a sound assessment.",0,0,early exit: A1 and A2 agree,0
203,"Their answers are detailed below, also posed the  questions  raised at  a Senior  Staff  meeting this  week to  see if any other Commerce bureaus had licenses of the type discussed.",0,1,,,flawed,"The colleague's step-by-step reasoning for both the predecisional and deliberative criteria is missing. Without the rationale for how they applied these criteria, it is impossible to assess the soundness of their logic or identify any misapplication. The absence of reasoning is a fundamental flaw in the assessment process.",1,1,early exit: A1 and A2 agree,1
204,The answer from around the table was no.,0,1,,,flawed,The colleague failed to provide any reasoning for either the predecisional or deliberative criteria. A prediction without any supporting analysis is inherently flawed and unsubstantiated.,1,1,early exit: A1 and A2 agree,1
205,"In addition, I spoke to my Assistant General Counsels and members of their staff  to  see if  they  were aware of any additional licenses of this type and again the answer was no..",0,0,,,flawed,"The colleague's reasoning for both pre-decisional and deliberative steps is entirely missing, making it impossible to assess their thought process. A complete analysis requires explicit application of the criteria to determine if the record is predecisional and deliberative.",0,0,early exit: A1 and A2 agree,0
206,Questions Presented and Answered:,0,0,,,flawed,"The colleague provided no reasoning for either the predecisional or deliberative steps, making it impossible to assess their application of the criteria. A prediction without any supporting analysis is not a sound assessment. The sentence itself is a neutral heading and does not contain substantive content that would be inherently deliberative or predecisional. The deliberative nature would depend entirely on the content that follows this heading.",0,0,early exit: A1 and A2 agree,0
207,1. How many people currently have these licenses?,0,0,,,flawed,"The colleague provided no reasoning for either the predecisional or deliberative criteria. This makes it impossible to assess their thought process or identify specific misapplications of the criteria. While their prediction is correct, the lack of supporting analysis is a significant flaw in the review process.",0,0,early exit: A1 and A2 agree,0
208,The Department of Commerce does not currently issue licenses or certificates for foreign traveling salesmen.,0,0,,,flawed,"The analyst failed to provide any reasoning for either the pre-decisional or deliberative steps. Without any explanation of how the criteria were applied, it is impossible to assess the soundness of their reasoning process. While the final prediction may be correct, the lack of supporting analysis is a significant flaw.",0,0,early exit: A1 and A2 agree,0
209,No person currently holds such a license or certificate.,0,0,,,flawed,The colleague's reasoning is flawed because they provided no analysis for either the predecisional or deliberative steps. A prediction without supporting reasoning is insufficient.,0,0,early exit: A1 and A2 agree,0
210,"2. Would we, through regulation, be able to deny these licenses to people who owe child support, or would a legislative change be required?",0,1,,,flawed,"The colleague failed to provide any explicit reasoning for their classification under Step 1 (Pre-decisional) or Step 2 (Deliberative). Without the actual application of the criteria, it is impossible to assess whether their reasoning was sound or if they misapplied the criteria. The absence of justification is a significant flaw in the analysis process.",1,1,early exit: A1 and A2 agree,1
211,"The Department of Commerce cannot deny a license through regulation, which it currently does not issue.",0,0,,,flawed,"The colleague's reasoning is flawed because it is entirely absent. No justification was provided for either the predecisional or deliberative criteria, making it impossible to assess their application of the Exemption 5 standards. A prediction without supporting reasoning is not a sound assessment.",0,0,early exit: A1 and A2 agree,0
212,3. Who is the agency contact with whom we should coordinate as we develop possible policy on this issue?,0,1,,,flawed,"The colleague failed to provide any step-by-step reasoning for either the predecisional or deliberative criteria. Without this explanation, it is impossible to assess their thought process, which is a critical component of a sound classification. The prediction alone is insufficient.",1,1,early exit: A1 and A2 agree,1
213,No agency contact is available because the Department of Commerce does not issue such licenses or certificates ..,0,0,,,flawed,"Colleague provided no reasoning for either the pre-decisional or deliberative steps, making it impossible to assess their thought process. A complete analysis requires articulating how the criteria apply or do not apply to the specific text.",0,0,early exit: A1 and A2 agree,0
214,Background: The purpose of 22 USC 6503 was to enforce the provisions of certain conventions entered into with foreign governments that permit commercial travelers (foreign traveling salesmen) of Contracting Parties to operate in the United States.,0,0,,,flawed,"The colleague provided no reasoning for their classification. While the prediction appears correct, the lack of explicit analysis for both predecisional and deliberative criteria makes the reasoning unsound. The sentence is a factual statement about the purpose of an existing statute, not reflecting predecisional deliberations or recommendations.",0,0,early exit: A1 and A2 agree,0
215,"Enacted in 1922, this Act authorized the Department of Commerce to 1) issue licenses to manufacturers, merchants and traders domiciled in the other Contracting Party to operate as commercial travelers in the United States, and",0,0,,,flawed,"The colleague provided no reasoning for either the predecisional or deliberative steps. While their final prediction for this specific sentence is correct (it is not deliberative), the lack of any analytical steps makes their reasoning unsound. A proper assessment requires articulating how the criteria were applied to the content of the sentence.",0,0,early exit: A1 and A2 agree,0
216,"2) issue certificates  attesting  that  a manufacturer, merchant or trader domiciled in the United States was a commercial traveler.",0,0,,,flawed,"The colleague provided no reasoning for either the predecisional or deliberative criteria, making it impossible to assess their application of the standards. A complete lack of justification for the classification is a significant flaw.",0,0,early exit: A1 and A2 agree,0
217,"This Act has apparently not  been enforced in the last twenty years, if ever.",0,0,,,flawed,"The colleague provided no reasoning for either the predecisional or deliberative steps, making it impossible to assess the soundness of their analytical process. A proper assessment requires explicit application of the criteria to demonstrate how the conclusion was reached.",0,0,early exit: A1 and A2 agree,0
218,A search of the Federal Register back to 1980 indicates that no regulations have been passed to implement this licensing and certification process.,0,0,,,flawed,"The analyst's reasoning steps (Step 1 and Step 2) are missing, making it impossible to assess their application of the predecisional and deliberative criteria. A sound assessment requires explicit reasoning for each step. While the final prediction aligns with a correct application of the criteria, the absence of articulated reasoning is a flaw in the assessment process itself.",0,0,early exit: A1 and A2 agree,0
219,The Department of Commerce currently does not issue licenses or certificates for foreign traveling salesmen (commercial travelers).,0,0,,,flawed,"The colleague did not provide any reasoning for Step 1 (Pre-decisional) or Step 2 (Deliberative). While the final prediction is correct, the absence of explicit reasoning for each step means the assessment process itself was incomplete and therefore flawed. A proper analysis requires articulating how the criteria are applied.",0,0,early exit: A1 and A2 agree,0
220,The State Department was contacted to determine if they administer a similar process.,0,0,,,flawed,"The colleague's reasoning for Step 1 (Pre-decisional) and Step 2 (Deliberative) is entirely missing. Without the actual reasoning, it is impossible to assess whether they correctly applied the criteria or misapplied them. While their final prediction aligns with a correct analysis, the lack of justification means their reasoning process cannot be evaluated as sound.",0,0,early exit: A1 and A2 agree,0
221,The State Department does not issue licenses or certificates for foreign traveling salesmen (commercial travelers).,0,0,,,flawed,"The analyst provided no reasoning for either the pre-decisional or deliberative steps. While the prediction is correct, the lack of explanation for how that conclusion was reached constitutes a flawed assessment process. A proper analysis requires articulating how the content relates to the Exemption 5 criteria.",0,0,early exit: A1 and A2 agree,0
222,b) How many people currently have these licenses?,0,0,,,flawed,"The analyst provided no reasoning for either the predecisional or deliberative criteria. A prediction without supporting reasoning is not a sound assessment. The sentence itself is a factual question, not an opinion, recommendation, or policy view. Factual information, even if requested during a deliberative process, is generally not considered deliberative content under Exemption 5.",0,0,early exit: A1 and A2 agree,0
223,"The PTO issues over 100,000 patents per year.",0,0,,,flawed,"The analyst provided no reasoning for Step 1 (Pre-decisional) or Step 2 (Deliberative). While the final prediction is correct, the absence of documented reasoning makes it impossible to assess the application of criteria and is a procedural flaw. A factual statement like 'The PTO issues over 100,000 patents per year' is neither predecisional (as it doesn't assist in a specific decision) nor deliberative (as it's a verifiable statistic, not a recommendation, opinion, or part of internal give-and-take).",0,0,early exit: A1 and A2 agree,0
224,"Most patent applications are owned by legal entities, such as corporations and universities, to whom the inventor has assigned his or her rights (usually in accordance with an employment contract).",0,0,,,flawed,"The analyst provided no reasoning for either the predecisional or deliberative criteria. A complete analysis requires justification for both steps. While the final prediction is correct, the absence of a step-by-step analysis makes the reasoning process unsound. The sentence itself is a factual statement about patent ownership and assignment, not reflecting any internal 'give-and-take,' recommendations, or personal policy views, nor does it appear to be predecisional in nature.",0,0,early exit: A1 and A2 agree,0
225,"â€¢ c) Would we, through regulation, be able to deny these licenses to people who owe child support, or would a legislative change be required?",0,1,,,sound,none,1,1,early exit: A1 and A2 agree,1
226,Patents issue when the PTO determines that the applicant has complied with the requirements of the Patent Act.,0,0,,,flawed,"The analyst failed to provide any reasoning for their classification in Step 1 (Pre-decisional) and Step 2 (Deliberative). This makes it impossible to assess whether they correctly applied the criteria. While their final prediction may be correct, the absence of any justification for that prediction is a significant flaw in the review process.",0,0,early exit: A1 and A2 agree,0
227,The PTO would need statutory authority to deny a patent grant because an applicant owes child support.,0,0,,,flawed,"The colleague's reasoning is incomplete, as both Step 1 (Pre-decisional) and Step 2 (Deliberative) are empty. No justification is provided for the prediction, making it impossible to assess their application of the criteria.",1,1,"Analyst 1 provided a prediction without any supporting reasoning, making it impossible to evaluate their application of the criteria. Analyst 2 correctly identified this flaw. 

Upon independent review, the sentence 'The PTO would need statutory authority to deny a patent grant because an applicant owes child support' is both predecisional and deliberative. 

**Predecisional:** The statement discusses a prerequisite ('would need statutory authority') for a potential future agency action ('deny a patent grant'). It is not a final decision or a justification for a decision already made, but rather an input into a potential policy or action. 

**Deliberative:** The sentence reflects an internal assessment or legal opinion regarding the feasibility or legality of a potential policy. It represents the 'give-and-take' of the decision-making process by outlining a necessary condition for a hypothetical action. It is not a statement of established agency policy but rather an opinion or piece of advice contributing to internal deliberations. Therefore, it qualifies as deliberative.",1
228,"In addition, since most patent applications are owned by legal entities such as corporations and universities, it is not clear how this provision would be applicable.",0,1,,,flawed,"The analyst provided no reasoning for either the predecisional or deliberative steps. A critical assessment requires a clear articulation of how the criteria are met. While the ultimate prediction may be correct, the absence of justification makes the reasoning process unsound.",1,1,early exit: A1 and A2 agree,1
229,d) Who is the agency contact with whom we should coordinate as we develop possible policy on this issue?,0,0,,,flawed,"The colleague provided no reasoning for either the pre-decisional or deliberative steps, which is a fundamental flaw in the assessment process. While the final prediction is correct, the absence of justification means the reasoning itself is unsound.",0,0,early exit: A1 and A2 agree,0
230,Are there are licenses missing from the list?,0,0,,,flawed,"The colleague's reasoning is incomplete, as no analysis was provided for either the pre-decisional or deliberative criteria. While the prediction is likely correct, the lack of supporting rationale makes the assessment process unsound.",0,0,early exit: A1 and A2 agree,0
231,The PTO issues licenses to individuals to practice before the PTO in patent matters.,0,0,,,flawed,"The colleague failed to provide any reasoning for either the predecisional or deliberative criteria. Without any explanation of their thought process, it is impossible to assess the soundness of their reasoning, even if the final prediction is correct.",0,0,early exit: A1 and A2 agree,0
232,"Currently, there are approximately 20,000 registered patent practitioners.",0,0,,,flawed,"The colleague did not provide any reasoning for Step 1 (Pre-decisional) or Step 2 (Deliberative). While the final prediction that the sentence is NOT-DELIB is correct, the absence of explicit reasoning makes it impossible to assess the thought process behind the classification. The sentence is a purely factual statement and does not meet the criteria for Exemption 5 (neither predecisional nor deliberative).",0,0,early exit: A1 and A2 agree,0
233,"However, most of these practitioners are attorneys, and therefore already subject to denial of their state license.",0,0,,,flawed,"The colleague failed to provide any reasoning for their analysis in Step 1 (Pre-decisional) and Step 2 (Deliberative). Without any explanation of how they applied the criteria, it is impossible to assess the soundness of their reasoning process.",0,0,early exit: A1 and A2 agree,0
234,The denial of their state license would ordinarily result in the denial of their license to practice before the PTO in patent and trademark matters.,0,0,,,flawed,The colleague provided no reasoning for either the pre-decisional or deliberative prongs. This complete absence of justification makes it impossible to assess their application of the criteria and is a fundamental flaw in the classification process. Proper FOIA review requires explicit reasoning for each step.,0,0,early exit: A1 and A2 agree,0
235,The PTO believes that th Commissioner has authority to promulgate substantive regulations regarding patent practitioners.,0,1,,,flawed,"The analyst provided no reasoning for their classification, making it impossible to assess their application of the predecisional and deliberative criteria. A classification without supporting rationale is inherently flawed. Without context, the statement 'The PTO believes that the Commissioner has authority...' sounds more like an established legal interpretation or an agency's current understanding of its powers, rather than a preliminary recommendation or a personal view contributing to an ongoing deliberation. If it represents a settled agency position on its authority, it would not be deliberative.",0,0,"Analyst 1 provided no reasoning, rendering their prediction unsubstantiated. Analyst 2 correctly identified this flaw and offered a compelling counter-argument. The phrase 'The PTO believes' suggests an institutional stance or an established legal interpretation of the agency's powers, rather than a personal opinion, a preliminary recommendation, or an active 'give-and-take' in a decision-making process. For a document to be deliberative, its content must represent the personal views of the author rather than the established policy of the agency. A statement of what 'the PTO believes' regarding its authority leans towards a settled agency position or understanding, which would not qualify as deliberative under Exemption 5. Without additional context indicating this is a draft, a recommendation, or part of an ongoing debate about the *existence* of this authority, it appears to be a statement of an established agency position.",0
236,"See 35 U.S.C. 6  31 (""The Commissioner, subject to the approval of the Secretary of  Commerce, may prescribe regulations governing the recognition and conduct of agents, attorneys, or other persons representing  applicants  or  other  parties  before the Patent and Trademark Office ... "").",0,0,,,flawed,"The reasoning steps for both pre-decisional and deliberative criteria are entirely missing. While the final prediction is correct, the lack of any justification for that prediction makes the reasoning unsound. The sentence is a direct citation and quote of a U.S. Code section, which constitutes a statement of existing law. Such content is factual and does not reflect predecisional deliberations or the internal give-and-take of agency decision-making.",0,0,early exit: A1 and A2 agree,0
237,NOAA is still working on an answer regarding the  nine  statutes  listed in the memo.,0,0,,,flawed,"The colleague's reasoning for Step 1 (Pre-decisional) and Step 2 (Deliberative) is missing. While the prediction is correct, the absence of reasoning makes the assessment process flawed. 

Regarding the sentence: It is predecisional because it indicates an ongoing effort to formulate an 'answer,' meaning a final decision or position has not yet been reached. However, the sentence itself is a factual status update about the *existence* of a deliberative process, not the *content* of the deliberation. It does not reflect the internal 'give-and-take,' recommendations, legal advice, or policy opinions. It merely states that work is in progress, without revealing the agency's internal thought process or specific views.",0,0,early exit: A1 and A2 agree,0
238,I hope to get an answer back from them soon.,0,0,,,flawed,"The analyst did not provide any reasoning for their classification in Step 1 or Step 2. While their prediction is correct, the absence of any articulated reasoning makes it impossible to assess whether they correctly applied the predecisional and deliberative criteria.",0,0,early exit: A1 and A2 agree,0
239,The following relates to statutes not listed in the memo.,0,0,,,flawed,"The colleague's reasoning for both the pre-decisional and deliberative steps is entirely missing. While the prediction may be correct, the lack of explanation means the criteria were not applied or demonstrated.",0,0,early exit: A1 and A2 agree,0
240,(a) The National Marine Fisheries Service (NMFS) issues licenses and permits under a number of statutes that conserve and manage living marine resources.,0,0,,,flawed,"The colleague's reasoning is entirely missing for both Step 1 (Pre-decisional) and Step 2 (Deliberative). While the final prediction is correct, the lack of articulated reasoning makes the assessment process unsound. The sentence is a factual statement describing an established function of the agency. It does not reflect predecisional deliberations or the internal 'give-and-take' of the decision-making process, nor does it represent personal views or recommendations. Therefore, it fails both the predecisional and deliberative tests for Exemption 5.",0,0,early exit: A1 and A2 agree,0
241,"Some licenses are issued to vessels, others to individuals.",0,0,,,flawed,"Colleague provided no reasoning for their prediction. The reasoning steps for both pre-decisional and deliberative criteria are empty, making it impossible to assess their application of the criteria. A prediction without supporting rationale is not a sound assessment.",0,0,early exit: A1 and A2 agree,0
242,These statutes include:,0,0,,,flawed,"Colleague provided no reasoning for either the predecisional or deliberative criteria. A blank reasoning section is a fundamental flaw in the analysis, as it offers no basis to assess their thought process or application of the Exemption 5 standards.",0,0,early exit: A1 and A2 agree,0
243,"Northern Pacific Halibut Act, 16 USC 773 et seq.",0,0,,,flawed,"The analyst provided no reasoning for either the predecisional or deliberative criteria. While the prediction is correct, the absence of any justification means the reasoning process itself is incomplete and therefore flawed. A statutory citation is a statement of existing law, which is a factual reference. It does not inherently reflect the internal 'give-and-take' of the decision-making process, offer recommendations, legal advice, or policy opinions, nor does it represent personal views or precede an agency decision in a deliberative sense.",0,0,early exit: A1 and A2 agree,0
244,"Tuna Conventions Act, 16 USC 951 et seq.",0,0,,,flawed,"The analyst provided no reasoning for either the predecisional or deliberative criteria. While the prediction is correct, the absence of any justification for the classification makes the reasoning unsound.",0,0,early exit: A1 and A2 agree,0
245,"Atlantic Tunas ConÂ·vention Act, 16 USC 971 et seq.",0,0,,,flawed,"The analyst provided no reasoning for their classification in Step 1 (Pre-decisional) or Step 2 (Deliberative). While the final prediction is correct, the absence of any articulated reasoning means the process itself is flawed, as it does not demonstrate how the criteria were considered or applied. The sentence is a factual citation to a public law and does not meet the criteria for being predecisional or deliberative.",0,0,early exit: A1 and A2 agree,0
246,"South Pacific Tuna Act, 16 USC 973 et seq.",0,0,,,flawed,"The analyst provided no reasoning for either the pre-decisional or deliberative criteria. While the final prediction is correct, the lack of explanation means the reasoning process itself is flawed and cannot be properly assessed.",0,0,early exit: A1 and A2 agree,0
247,"Marine Mammal Protection Act, 16 USC 1361 et seq.",0,0,,,flawed,"Colleague provided no reasoning for either the pre-decisional or deliberative steps, making it impossible to assess their thought process. A complete analysis requires articulating how the criteria were applied. The sentence itself is a factual citation to a statute, which is not inherently predecisional or deliberative. It does not reflect internal 'give-and-take,' recommendations, legal advice, or policy opinions, nor does it represent personal views.",0,0,early exit: A1 and A2 agree,0
248,"Endangered Species Act, 16 USC 1531 et seq.",0,0,,,flawed,"The analyst provided no reasoning for either the pre-decisional or deliberative steps. While the final prediction is correct, the lack of reasoning makes the assessment process flawed and does not demonstrate an understanding of the Exemption 5 criteria. A statutory citation is a statement of fact, not a predecisional recommendation or a deliberative opinion.",0,0,early exit: A1 and A2 agree,0
249,Magnuson-Stevens.,0,0,,,flawed,"The colleague provided no reasoning for either the predecisional or deliberative criteria. Without any explanation of how the criteria were applied to the sentence ""Magnuson-Stevens,"" it is impossible to assess the soundness of their classification. The absence of reasoning is a critical flaw, as it prevents any evaluation of whether the criteria were correctly understood or misapplied.",0,0,early exit: A1 and A2 agree,0
250,"Fishery Conservation  and Management  Act, 16 USC  1801..et seq.",0,0,,,flawed,"The colleague provided no reasoning for either the predecisional or deliberative criteria. While the ultimate prediction is correct, the lack of justification makes the reasoning process flawed.",0,0,early exit: A1 and A2 agree,0
251,"Antarctic Marine Living Resources Convention Act, 16 USC 2431 et seq.",0,0,,,flawed,"The analyst provided no reasoning for either the predecisional or deliberative steps. While the prediction is correct, the lack of any justification for the classification decision is a significant flaw in the assessment process. A proper analysis requires articulating how the criteria were applied.",0,0,early exit: A1 and A2 agree,0
252,"High Seas Fishing Compliance Act, 16 USC 5501 et seq.",0,0,,,flawed,"The colleague's reasoning for both the pre-decisional and deliberative steps is entirely absent. While the final prediction is correct, the lack of any justification for that prediction constitutes a flaw in the assessment process. A factual citation to a public law, such as 'High Seas Fishing Compliance Act, 16 USC 5501 et seq.', is generally not considered predecisional or deliberative. It is a statement of existing, established law, not a recommendation, opinion, or part of an internal give-and-take process.",0,0,early exit: A1 and A2 agree,0
253,(b) The number of licenses and permits issued by NMFS numbers in the several  thousands.,0,0,,,flawed,"The colleague provided no reasoning for either the predecisional or deliberative prongs, making it impossible to assess their application of the criteria. A blank reasoning section indicates a lack of analysis.",0,0,early exit: A1 and A2 agree,0
254,(c) None of the statutes NMFS administers explicitly authorizes NMFS to deny licenses and permits to people who owe child support.,0,0,,,flawed,The colleague provided no reasoning for either the pre-decisional or deliberative steps. This makes it impossible to assess their application of the criteria. A complete analysis requires articulating how the criteria were considered.,0,0,early exit: A1 and A2 agree,0
255,Our initial reaction is that legislative change would be required.,0,1,,,flawed,"Colleague provided no reasoning for Step 1 (Pre-decisional) or Step 2 (Deliberative). Without any explanation of how the criteria were applied, it is impossible to assess the soundness of their reasoning. A complete analysis requires articulating how the sentence meets both the predecisional and deliberative elements of Exemption 5.",1,1,early exit: A1 and A2 agree,1
256,"BXA's export licenses are granted primarily to corporate entities as , opposed to individuals.",0,0,,,flawed,"The colleague's reasoning is incomplete as Step 1 (Pre-decisional) and Step 2 (Deliberative) are left blank. Without any articulated reasoning, it is impossible to assess their application of the criteria. The sentence itself appears to be a factual statement describing an existing practice or outcome, rather than a predecisional recommendation or deliberative opinion.",0,0,early exit: A1 and A2 agree,0
257,The Bureau grants no other licenses.,0,0,,,flawed,"The colleague provided no reasoning for either the pre-decisional or deliberative criteria, making it impossible to assess their thought process. A complete analysis requires articulating how the sentence meets or fails to meet both criteria.",0,0,early exit: A1 and A2 agree,0
258,"Thank you, Judge.",0,0,,,flawed,"Colleague provided no reasoning for their classification. A proper assessment requires articulating how the predecisional and deliberative criteria apply or do not apply to the sentence. While the prediction is correct, the lack of supporting analysis is a significant flaw in the process.",0,0,early exit: A1 and A2 agree,0
259,Can you get me something in writing re: what Virginia has done and what results they have had -- or give me a name and number to call?,1,0,,,flawed,"The colleague provided no reasoning for either the predecisional or deliberative steps, which is a critical omission in their analysis. A prediction without supporting rationale is not a sound assessment.",0,0,early exit: A1 and A2 agree,0
260,"I want to know, can we credible say this has ""worked"" in Virginia?",1,1,,,flawed,"The colleague provided no reasoning for either the pre-decisional or deliberative prongs. A prediction was made without any supporting justification, making it impossible to assess their application of the criteria.",1,1,early exit: A1 and A2 agree,1
261,"We have talked about it and decided that, absent legislation - similar to what we have in the law regarding state license revocation, booting cannot be mandated by regulation.",1,0,,,flawed,"The colleague provided no reasoning for either the pre-decisional or deliberative steps, making it impossible to assess their application of the criteria. A prediction without supporting analysis is not a sound assessment.",0,0,early exit: A1 and A2 agree,0
262,"As you may know, the State of Virginia has begun a very aggressive program of booting and the State Director there tells me that i has been very successful.",0,0,,,flawed,"The analyst provided no reasoning for their prediction in either the pre-decisional or deliberative steps. A prediction without supporting analysis is not a sound assessment. The sentence itself is a statement of fact about an external program and its reported success, not a recommendation, opinion, or part of an internal deliberative process.",0,0,early exit: A1 and A2 agree,0
263,"I have asked the editor of our Child- Support Report that goes to  employees  across  the nation, to  feature  the Virginia I project in an article ..",1,0,,,flawed,"The colleague provided no reasoning for their prediction, making it impossible to assess their application of the predecisional or deliberative criteria. A prediction without supporting analysis is not a sound assessment.",0,0,early exit: A1 and A2 agree,0
264,We also do a best practices manual.,0,0,,,flawed,"The analyst provided no reasoning for Step 1 (Pre-decisional) or Step 2 (Deliberative). Without the reasoning, it is impossible to assess the soundness of their thought process or identify any misapplication of the criteria. A complete analysis requires articulating how the sentence meets or fails to meet both the predecisional and deliberative elements.",0,0,early exit: A1 and A2 agree,0
265,"If the resuits continue to be beneficial, we will include it in a future edition.",1,1,,,flawed,"Colleague provided no reasoning for Step 1 (Pre-decisional) or Step 2 (Deliberative). Without the rationale, it is impossible to assess whether their application of the criteria was sound. The process of classification requires explicit justification for each step to ensure proper analysis and consistency.",1,1,early exit: A1 and A2 agree,1
266,"It might b e worthwhile, however, for the President to mention it in some future child support radio address.",1,1,,,flawed,"Analyst 1 did not provide explicit reasoning for classifying the sentence as predecisional or deliberative. While the final prediction appears correct, the absence of articulated steps makes it impossible to assess their application of the criteria or identify any potential misinterpretations of the definitions. A complete assessment requires the reasoning to be presented.",1,1,early exit: A1 and A2 agree,1
267,Hope this helps.,0,0,,,flawed,"The colleague provided no reasoning for either the predecisional or deliberative steps. Without any stated criteria or analysis, it is impossible to assess the soundness of their reasoning process. While the prediction for this specific sentence is likely correct, the lack of justification represents a critical flaw in the review methodology.",0,0,early exit: A1 and A2 agree,0
268,David Ross.,0,0,,,flawed,"The analyst provided no reasoning for their classification. While the prediction is likely correct, the absence of any analysis of the predecisional or deliberative criteria makes the reasoning unsound. A proper assessment requires applying the criteria to the content.",0,0,early exit: A1 and A2 agree,0
269,"Yes   -- we  require states to have the authority to suspend licenses, but they decide when to  apply,  which is  what I think  we should do for booting cars.",1,1,,,flawed,"Colleague provided no reasoning for Step 1 (Pre-decisional) or Step 2 (Deliberative), making it impossible to assess their application of the criteria. A prediction without supporting reasoning is insufficient to demonstrate a sound understanding or application of Exemption 5 principles.",1,1,early exit: A1 and A2 agree,1
270,"Generally, as you know, states report that they get funds by threatening to revoke licenses",0,0,,,flawed,"The colleague's reasoning is entirely absent for both the pre-decisional and deliberative steps. No criteria were applied or discussed, making it impossible to assess their application of the standards.",0,0,early exit: A1 and A2 agree,0
271,they rarely actually have to follow through and actually suspend them but requiring the state to have the procedure gives the child support .,0,1,,,sound,none,1,1,early exit: A1 and A2 agree,1
272,agency a new tool to collect overdue funds.,0,0,,,flawed,"The analyst provided no reasoning for either the predecisional or deliberative criteria, making it impossible to assess their application of the standards. A critical assessment requires the steps to be articulated.",0,0,early exit: A1 and A2 agree,0
273,"Let me get more information on Virginia's car booting program to make sure we can credibly say ""'this works."" '.",1,1,,,flawed,"Analyst 1 provided no reasoning for either the pre-decisional or deliberative steps. While the prediction may be correct, the absence of any explanation makes the reasoning unsound and unreviewable.",1,1,early exit: A1 and A2 agree,1
274,"Current law re: licenses reads as follows: states must have ""procedures under which the State has (and uses in appropriate cases) authority to withhold or suspend, or to restrict the use of  driver's licenses, professional and occupational licenses, and recreational  licenses  of  individuals  owing overdue support or failing, after receiving appropriate notice, to comply with subpoenas or warrants relating to paternity or child support proceedings""",0,0,,,flawed,"The colleague failed to provide any reasoning for their classification in Step 1 (Pre-decisional) and Step 2 (Deliberative). While the final prediction is correct, the absence of an explanation for why the sentence is not predecisional or deliberative means the reasoning process itself is incomplete and therefore flawed. A proper assessment requires articulating how the criteria were applied.",0,0,early exit: A1 and A2 agree,0
275,"On drivers licenses, we mandate that they have legislation to give themselves the option to do it, right?",0,0,,,flawed,"Colleague provided no reasoning for Step 1 (Pre-decisional) or Step 2 (Deliberative), making it impossible to assess their application of the criteria. Without the rationale, it's impossible to determine if they correctly applied the definitions of predecisional and deliberative.",0,0,early exit: A1 and A2 agree,0
276,Is that what we'd do here?,1,1,,,flawed,"Colleague provided no reasoning for either the predecisional or deliberative steps. A critical part of the assessment process is to articulate how the criteria are met (or not met) for each step. Without this, the prediction lacks a defensible basis.",1,1,early exit: A1 and A2 agree,1
277,Sure. He is a lawyer named Stephen Grant.,0,0,,,flawed,"Colleague provided no reasoning for either pre-decisional or deliberative criteria. The absence of reasoning makes it impossible to assess their thought process. While the prediction is correct, the lack of justification is a significant flaw.",0,0,early exit: A1 and A2 agree,0
278,He is our International Officer  and his telephone number is 202 260 5943.,0,0,,,sound,none,0,0,early exit: A1 and A2 agree,0
279,IRS - I am working on the other two issues.,0,0,,,flawed,"The colleague provided no reasoning for either the predecisional or deliberative steps. Without any justification for their analysis, it is impossible to assess whether they correctly applied the criteria or simply guessed. A proper assessment requires a clear explanation of how the sentence meets or fails to meet each criterion.",0,0,early exit: A1 and A2 agree,0
280,"Also, I have been asked whether it be possible for the federal government, through regulation, to require states to ""boot"" the cars of owners who owe child support, the way state and local governments boot cars of people who owe traffic tickets?",1,1,,,flawed,"The primary issue is the complete absence of reasoning for both the predecisional and deliberative steps. While the final prediction may be correct, without any explanation, it's impossible to assess the soundness of the analyst's thought process or identify potential misapplications of criteria. A proper analysis requires articulating how the sentence meets (or doesn't meet) each criterion.",1,1,early exit: A1 and A2 agree,1
281,I wonder if there's a way to interpret section 368 of PL 104-193 regarding liens or section 369 regarding licenses to do this?,1,1,,,flawed,"The analyst failed to provide explicit reasoning for Step 1 (Pre-decisional) and Step 2 (Deliberative). A complete and sound assessment requires detailing how the sentence meets each criterion. Without this reasoning, it is impossible to evaluate the analyst's specific application of the predecisional and deliberative criteria, only their final prediction.",1,1,early exit: A1 and A2 agree,1
282,"This was suggested at a high level meeting, and we will be expected to report back.",1,1,,,flawed,"The colleague provided no reasoning for either the predecisional or deliberative prongs. Without any stated application of the criteria, it is impossible to assess the soundness of their thought process. A complete lack of reasoning is a fundamental flaw.",1,1,early exit: A1 and A2 agree,1
283,"As you requested, attached is a list of federal licenses that might be subject to either  suspension or denial.",0,0,,,flawed,"The analyst provided no reasoning for their classification, which is a fundamental flaw in the assessment process. Without any explanation for how the predecisional and deliberative criteria were applied (or not applied), it's impossible to evaluate the soundness of their conclusion. Furthermore, the prediction of 'not deliberative' appears incorrect given the nature of the sentence.",1,1,"Analyst 1's assessment is fundamentally flawed as it provides no reasoning for its classification, making it impossible to evaluate the basis of their prediction. Analyst 2 correctly identifies this critical issue. 

Upon independent review, the sentence 'As you requested, attached is a list of federal licenses that might be subject to either suspension or denial' meets both the predecisional and deliberative criteria for Exemption 5.

1.  **Predecisional:** The phrase 'might be subject to either suspension or denial' clearly indicates that no final decision has been made regarding these licenses. The list is provided 'as requested,' suggesting it is an input to an ongoing process where a decision-maker is gathering information to reach a final conclusion. It precedes any agency action of suspension or denial.

2.  **Deliberative:** The key phrase 'might be subject to either suspension or denial' is not a neutral factual statement. It implies that an internal assessment, screening, or preliminary evaluation has been conducted to identify these specific licenses as potential candidates for agency action. This reflects the 'give-and-take' of the decision-making process, where options or subjects for action are identified and presented for further consideration. It represents an internal view or preliminary finding, contributing to the agency's internal deliberation on which licenses to pursue. It is not a statement of established policy or a final decision.

Therefore, the sentence is both predecisional and deliberative. Analyst 2's suggestion is correct.",1
284,Much more  work needs  to  be done by the legal staff of the  various  agencies  and  departments  before  we could actually ask the President to promulgate an executive order.,1,1,,,flawed,"The colleague provided no reasoning for either the predecisional or deliberative steps. While the final prediction may be correct, the lack of supporting explanation makes it impossible to assess the soundness of their thought process. A proper assessment requires articulating how the sentence meets the criteria for both predecisional and deliberative elements.",1,1,early exit: A1 and A2 agree,1
285,"The listing if a result of searches of the U.S. Code, Code of Federal Regulations, and other resources.",0,0,,,flawed,"Colleague provided no reasoning for Step 1 (Pre-decisional) or Step 2 (Deliberative). While the prediction is correct, the lack of justification makes the reasoning process flawed. The sentence is a factual statement describing the methodology used to create a listing. It does not reflect the internal 'give-and-take' of the decision-making process, recommendations, legal advice, or policy opinions. It simply states the sources consulted, which is factual information and not inherently deliberative.",0,0,early exit: A1 and A2 agree,0
286,"While many of the ninety-two licenses listed are arcnane and unlikely to prove effective as enforcement tools, this is at least an appropriate starting point for discussions with other federal agencies to identify federal powers which might be used to encourage compliance with child support orders.",1,1,,,flawed,"The analyst failed to provide any reasoning for either the predecisional or deliberative prongs, making it impossible to assess their thought process or identify specific misapplications of criteria. A prediction without supporting reasoning is insufficient.",1,1,early exit: A1 and A2 agree,1
287,Here is more information about what I'd like you to get from the law library:,0,0,,,flawed,The colleague's reasoning is flawed because they provided no explanation or justification for their prediction in either the 'Pre-decisional' or 'Deliberative' steps. A prediction without supporting analysis is not sound reasoning.,0,0,early exit: A1 and A2 agree,0
288,1) Attached is a list of licenses granted by the federal government to individuals.,0,0,,,flawed,"The analyst failed to provide any reasoning for either the pre-decisional or deliberative criteria. Without any explanation for their steps, it is impossible to assess the soundness of their thought process, even if their final prediction is correct.",0,0,early exit: A1 and A2 agree,0
289,a) Are there licenses missing from this list?,0,0,,,flawed,"Colleague provided no reasoning for their classification, making it impossible to assess their application of the predecisional or deliberative criteria. A classification without supporting rationale is inherently flawed.",0,0,early exit: A1 and A2 agree,0
290,b) How many people have these licenses?,0,0,,,flawed,"The analyst provided no reasoning for either the predecisional or deliberative criteria. While the prediction aligns with a correct interpretation of the sentence, the lack of explanation makes the reasoning unsound. A proper analysis requires articulating why the content does or does not meet the criteria.",0,0,early exit: A1 and A2 agree,0
291,"c) Would we, through regulation, be able to deny these licenses to people who owe i.  child support, or would a legislativeÂ·change be required?",0,1,,,sound,"The provided reasoning steps for Analyst 1 were blank, preventing a direct assessment of their application of the predecisional and deliberative criteria. However, the conclusion that the sentence is deliberative is correct.",1,1,early exit: A1 and A2 agree,1
292,"2) Would it be possible for the federal government, through regulation, to require states to ""boot"" bars of owners who owe child support, perhaps through an interpretation of section 368 of PL :104-193 regarding liens or section 369 regarding licenses?",0,1,,,sound,none,1,1,early exit: A1 and A2 agree,1
293,(See attached for statutory language.),0,0,,,flawed,"Colleague did not provide step-by-step reasoning for pre-decisional or deliberative criteria, making it impossible to assess their application of the criteria. The prompt requires an assessment of their reasoning, which is absent.",0,0,early exit: A1 and A2 agree,0
294,I spoke to Kohl's staff today.,0,0,,,flawed,"The colleague provided no reasoning for either the predecisional or deliberative criteria. A factual statement like 'I spoke to Kohl's staff today' does not inherently reflect the internal 'give-and-take' of the decision-making process, nor does it represent personal views, recommendations, or policy opinions. It is a simple statement of fact that, without further context, does not meet the criteria for deliberative process privilege.",0,0,early exit: A1 and A2 agree,0
295,"After very preliminary conversations with CBO, they think the bill will cost ""a few hundred million dollars.""",0,1,,,flawed,"The analyst failed to provide any reasoning for either the predecisional or deliberative prongs. Without any explanation of how the criteria were applied, it is impossible to assess the soundness of their reasoning process, even if the final prediction might be correct.",1,1,early exit: A1 and A2 agree,1
296,Somewhere in the $200-$300 range.,0,0,,,flawed,"The analyst provided no reasoning for Step 1 (Pre-decisional) or Step 2 (Deliberative). Without the articulated steps, it is impossible to assess whether the criteria for Exemption 5 were correctly applied or misapplied.",0,0,early exit: A1 and A2 agree,0
297,"Still, a very preliminary estimate.",0,1,,,flawed,Colleague provided no reasoning for either the predecisional or deliberative criteria. A prediction without supporting analysis is insufficient for a FOIA review and does not demonstrate a proper application of the exemption's requirements.,1,1,early exit: A1 and A2 agree,1
298,"I. Background: Under current law, states generally retain child support collected on behalf of TANF-assisted families as one of several sources of program financing.",0,0,,,sound,"The reasoning steps (Step 1 and Step 2) are blank, preventing a full assessment of the analyst's explicit application of the predecisional and deliberative criteria. However, the final prediction is consistent with a correct analysis of the sentence.",0,0,early exit: A1 and A2 agree,0
299,This .support is split between the State and Federal Government  as  reimbursement  for  welfare  services.,0,0,,,flawed,"Analyst 1 provided no reasoning for either the predecisional or deliberative steps. Without any explanation of their thought process for applying the criteria, it is impossible to assess the soundness of their logic. A complete analysis requires explicit justification for how the sentence meets or fails each criterion.",0,0,early exit: A1 and A2 agree,0
300,"Under welfare reform, states were given the option of continuing  the  previous  $50 pass-through,  but most states have opted not to do so.",0,0,,,flawed,"The colleague failed to provide any reasoning for either the pre-decisional or deliberative steps. This omission makes it impossible to assess the soundness of their reasoning process. While their final prediction (0) is correct for this sentence, the lack of supporting analysis indicates a flawed application of the review methodology. The sentence is a statement of fact about past policy and state actions, not a predecisional or deliberative communication.",0,0,early exit: A1 and A2 agree,0
301,"However, some pass-through a portion (typically $50) and disregard this amount in calculating the family's  TANF  benefits.",0,0,,,flawed,"The colleague's reasoning for both the pre-decisional and deliberative steps is entirely missing. Without any explanation of how they applied the criteria, it is impossible to assess the soundness of their thought process. The sentence itself, 'However, some pass-through a portion (typically $50) and disregard this amount in calculating the family's TANF benefits,' appears to be a factual description of an existing practice or observation, rather than a recommendation, opinion, or part of a decision-making 'give-and-take.' Factual information is generally not protected under Exemption 5.",0,0,early exit: A1 and A2 agree,0
302,A  few  (including  Wisconsin and Vermont) have federal waivers which allow them  to pass-through  all of the support collected to the family.,0,0,,,flawed,"The analyst failed to apply any reasoning for either the predecisional or deliberative steps. Both steps were left blank, which indicates a lack of critical assessment against the Exemption 5 criteria. While the final prediction is correct, the absence of reasoning makes the process unsound.",0,0,early exit: A1 and A2 agree,0
303,Wisconsin disregards the support in calculating assistance -- Vermont does not.,0,0,,,flawed,"The colleague provided no reasoning for either the pre-decisional or deliberative steps, which is a critical omission in the assessment process. While the prediction may be correct, the lack of supporting analysis makes the reasoning unsound.",0,0,early exit: A1 and A2 agree,0
304,II. Issues: 1) Disincentives: Non-custodial parents of TANF assisted children are discouraged from paying support because their money goes to the government and does not benefit their children directly.,0,1,,,flawed,"The colleague failed to provide any reasoning for their classification in Step 1 (Pre-decisional) or Step 2 (Deliberative), making it impossible to assess their application of the criteria. Therefore, their reasoning is incomplete and cannot be evaluated as sound.",1,1,early exit: A1 and A2 agree,1
305,Custodial parents also have less incentive to cooperate with the CSE agency since payments are generally not forwarded to them.,0,1,,,flawed,"The analyst did not provide any reasoning for Step 1 (Pre-decisional) or Step 2 (Deliberative). Without the underlying rationale, it is impossible to assess whether the criteria were correctly applied or misapplied. The prediction is made without any supporting explanation.",1,1,early exit: A1 and A2 agree,1
306,"2) Burdens: Support is distributed according to when it accrues, whether a family is or ever was on public assistance and by which method it is collected.",0,0,,,flawed,"The analyst provided no reasoning for either the pre-decisional or deliberative prongs. Without any explanation of how the criteria were applied, it is impossible to assess the soundness of their thought process. A blank reasoning section indicates a failure to perform the required analysis.",0,0,early exit: A1 and A2 agree,0
307,This distribution system has proven burdensome and costly both in terms of programming and personnel.,0,1,,,flawed,"The colleague provided no reasoning for Step 1 (Pre-decisional) or Step 2 (Deliberative). Without any stated reasoning, it is impossible to assess their application of the criteria. A proper assessment requires a clear explanation of how the sentence meets both the predecisional and deliberative criteria.",0,1,"Analyst 1 provided a prediction without reasoning, which Analyst 2 correctly identified as a flaw. However, Analyst 2's suggestion of '0 (NOT-DELIB)' is also unsupported by any reasoning. Therefore, I must conduct my own assessment based on the provided definitions.

1.  **Predecisional:** The sentence states that 'This distribution system has proven burdensome and costly.' This is an assessment of an existing system, identifying problems. Such an assessment typically serves as an input to a future decision-making process regarding the system (e.g., whether to modify, replace, or eliminate it). It precedes any final agency action or decision on the system's future, making it predecisional.

2.  **Deliberative:** The phrase 'has proven burdensome and costly' reflects an internal evaluation or judgment about the system's performance. This is not a purely factual statement but rather an opinion or assessment that contributes to the 'give-and-take' of the decision-making process. It represents the author's view or an internal finding, rather than established agency policy or a final decision. Such evaluative content is characteristic of the internal discussions and recommendations that precede a final agency decision.

Therefore, the sentence meets both the predecisional and deliberative criteria.",1
308,"3)Unstable Financing: CSE caseloads have increased 44 percent since 1991, but TANF caseloads are decreasing.",0,0,,,flawed,"The analyst provided no reasoning for either the pre-decisional or deliberative criteria. A complete assessment requires explicit justification for both steps. The sentence itself is a statement of fact regarding caseload changes and does not contain any recommendations, opinions, or policy advice, nor does it reflect the 'give-and-take' of the decision-making process. Therefore, it is not deliberative.",0,0,early exit: A1 and A2 agree,0
309,"As discussed, states retain TANF collections, but distribute non-TANF collections directly to the families.",0,0,,,flawed,"Colleague provided no reasoning for Step 1 (Pre-decisional) or Step 2 (Deliberative). This makes it impossible to assess their application of the criteria. The sentence itself appears to be a statement of established fact or policy, not predecisional or deliberative. It describes how collections are handled, rather than proposing a decision or reflecting internal debate. The phrase 'As discussed' suggests a prior conversation, but the content itself is a declarative statement of current practice or policy, not a recommendation or an opinion contributing to a future decision.",0,0,early exit: A1 and A2 agree,0
310,"Thus, increasing caseloads are generating a need for more resources, but the revenue-making portion of the caseloads is in flux.",0,1,,,flawed,"The analyst provided no reasoning for either the predecisional or deliberative steps, making it impossible to assess their application of the criteria. A prediction without supporting reasoning is unsubstantiated.",0,0,"Analyst 1 provided a prediction without any supporting reasoning, making it impossible to assess their application of the deliberative process privilege criteria. Analyst 2 correctly identified this flaw. 

Upon independent review, the sentence 'Thus, increasing caseloads are generating a need for more resources, but the revenue-making portion of the caseloads is in flux' describes a current situation and its implications. It states that increasing caseloads are creating a need for more resources and notes that the revenue-making aspect is unstable. While this information could be pre-decisional in that it might inform future decisions, the sentence itself is not deliberative. It does not offer recommendations, express policy opinions, provide legal advice, or reflect the 'give-and-take' of the decision-making process. It is a factual observation or assessment of a condition, rather than a proposal or an opinion on a course of action. It lacks the prescriptive or evaluative nature required for deliberative material. Therefore, it does not meet the criteria for deliberative process privilege.",0
311,III. Kohl Pass-Through Option Legislation,0,1,,,flawed,"The colleague provided no reasoning for either the pre-decisional or deliberative criteria. A prediction without any supporting analysis is inherently flawed. The sentence itself is merely a topic heading, which, in isolation, does not inherently reveal pre-decisional or deliberative content. It's a factual description of a subject, not a recommendation, opinion, or part of the 'give-and-take' of decision-making.",0,0,"Analyst 1 provided a prediction without any supporting reasoning, which makes their assessment impossible to evaluate and inherently flawed. Analyst 2 correctly identified this issue and provided a strong rationale for their suggestion. The sentence 'III. Kohl Pass-Through Option Legislation' is a topic heading. In isolation, a heading is a factual description of a subject. It does not express an opinion, a recommendation, a policy view, or reflect the 'give-and-take' of the decision-making process. While the document containing this heading might be deliberative, the heading itself does not contain deliberative content. Therefore, it does not meet the criteria for Exemption 5.",0
312,"Option to Pass-Through for TANF: States  are given  the option  to  pass-through  all  child support collections, including arrears, made on behalf of TANF families.",0,0,,,flawed,"The analyst provided no reasoning for either the pre-decisional or deliberative steps, making it impossible to assess their application of the criteria. A prediction without supporting reasoning is inherently flawed.",0,0,early exit: A1 and A2 agree,0
313,"If a state adopts a passÂ­ through policy, the state  can claim TANF MOE  for passed-through support,  even  if  that  support is not disregarded.",0,0,,,flawed,"The colleague failed to provide any reasoning for their classification, leaving both the pre-decisional and deliberative steps empty. This makes it impossible to assess their application of the criteria. A classification without articulated reasoning is inherently flawed, even if the final prediction might be correct.",0,0,early exit: A1 and A2 agree,0
314,(Current law only allows states to claim TANF MOE credit for disregarded support.),0,0,,,flawed,"Colleague did not provide any reasoning for Step 1 (Pre-decisional) or Step 2 (Deliberative), which is a critical omission in the assessment process. The sentence itself is a factual statement about 'current law.' It does not reflect predecisional deliberation, internal 'give-and-take,' recommendations, legal advice, or policy opinions. It states an established fact about existing policy/law, rather than representing the personal views of the author or being recommendatory in nature.",0,0,early exit: A1 and A2 agree,0
315,Family Income Protection: States that adopt a pass-through policy must have budget   mechanisms in place so that child support income is not counted against TANF eligibility or benefits until the family has the child support in hand.,0,0,,,flawed,"Analyst 1 failed to provide any reasoning for Step 1 (Pre-decisional) and Step 2 (Deliberative). Without the reasoning, it is impossible to assess whether they correctly applied the criteria, even if their final prediction is correct. A complete analysis requires articulating how the sentence does or does not meet both the predecisional and deliberative tests.",0,0,early exit: A1 and A2 agree,0
316,Income Treatment Options: State has options to:,0,1,,,flawed,"The colleague provided no reasoning for either the predecisional or deliberative steps. Without any explanation of how they applied the criteria, it is impossible to assess the soundness of their reasoning process. A prediction without supporting analysis is insufficient.",1,1,early exit: A1 and A2 agree,1
317,(1) include child support as income when calculating eligibility for TANF;,0,0,,,flawed,"Analyst 1 provided no reasoning for either the pre-decisional or deliberative steps. Without any explanation of how the criteria were applied, it is impossible to assess the soundness of their reasoning. The prediction is unsubstantiated.",1,1,"Analyst 1's prediction is unsubstantiated as no reasoning was provided for either the pre-decisional or deliberative steps, as correctly noted by Analyst 2. Therefore, Analyst 1's conclusion cannot be supported. 

Upon independent review, the sentence '(1) include child support as income when calculating eligibility for TANF;' is clearly pre-decisional because it proposes a specific action or policy change rather than stating an existing policy or justifying a past decision. It is a recommendation for how eligibility *should* be calculated, preceding any final determination. 

Furthermore, the sentence is deliberative because it reflects a specific policy opinion or recommendation. The phrase 'include child support as income' is a proposed approach to a policy matter (TANF eligibility calculation). This type of statement represents the internal 'give-and-take' of the decision-making process, suggesting a particular method to be adopted, and would typically be found in discussions or drafts leading up to a final policy. It is not a factual statement or a final agency position. Therefore, it meets both the pre-decisional and deliberative criteria for Exemption 5.",1
318,"(2) disregard child support in whole or in part when calculating the amount of a welfare benefit  for a family, but if the state disregards 50 percent or more of the total child support payments, determined either on a case by case basis or in an annual aggregate, that state is no longer required to repay or calculate the Federal share of the payment",0,0,,,flawed,"Colleague failed to provide any reasoning for Step 1 (Pre-decisional) or Step 2 (Deliberative), making it impossible to assess their application of the criteria. A complete analysis requires articulating how the sentence meets or fails to meet both predecisional and deliberative criteria.",0,0,early exit: A1 and A2 agree,0
319,"Maintenance of Effort: Requires states that adopt a pass-through policy to fund child support program at highest of 1995-1998 level to ensure that program is not defunded simply because more resources are going to families, excluding aufomated systems costs and enhancements.",0,0,,,flawed,"The reasoning for both Step 1 (Pre-decisional) and Step 2 (Deliberative) is entirely missing. Without any articulated reasoning, it is impossible to assess whether the colleague correctly applied the Exemption 5 criteria.",0,0,early exit: A1 and A2 agree,0
320,Child Support Pass-through,0,0,,,flawed,"The colleague provided no reasoning for their classification in either the predecisional or deliberative steps. Without any justification or explanation of how the criteria were applied, the classification cannot be considered sound.",0,0,early exit: A1 and A2 agree,0
321,"Under AFDC, families applying for assistance assigned their child support rights to the state.",0,0,,,flawed,"The colleague failed to provide any reasoning for their classification in Step 1 (Pre-decisional) or Step 2 (Deliberative). While their final prediction is correct, the absence of articulated reasoning makes the assessment process unsound. The sentence describes a factual aspect of a past government program (AFDC) and its operational rules. It is not predecisional because it states an existing or past fact/policy, not something created to assist a future decision. It is not deliberative because it reflects an established policy/rule, not internal 'give-and-take,' recommendations, or personal views.",0,0,early exit: A1 and A2 agree,0
322,Child support payments made by a noncustodial parent were thus paid to the child support agency rather than the AFDC family.,0,0,,,flawed,"The colleague provided no reasoning for either the predecisional or deliberative steps, making it impossible to assess their application of the criteria. A proper assessment requires articulating how the criteria are met or not met. While the prediction is correct, the lack of supporting analysis is a significant flaw.",0,0,early exit: A1 and A2 agree,0
323,"If the child support payment was not large enough to disqualify the family from AFDC, the first fifty dollars of the child support payment  was paid to  the AFDC family each month as a ""pass-through.''.",0,0,,,flawed,"The colleague's reasoning is flawed because both the predecisional and deliberative steps were left entirely blank. This provides no justification for their prediction and indicates a failure to apply the assessment criteria. While the final prediction is correct, the reasoning process itself is absent.",0,0,early exit: A1 and A2 agree,0
324,"In addition, the pass-through was disregarded in the families' benefit computation.",0,0,,,sound,"The colleague's prediction of '0' (not always deliberative) is sound. The sentence, 'In addition, the pass-through was disregarded in the families' benefit computation,' describes a past action or an existing state of affairs regarding a computation. It presents a factual statement about how a process was or is being executed. It does not inherently contain recommendations, opinions, policy proposals, or reflect the 'give-and-take' of a decision-making process. While such a statement could appear within a larger deliberative document (e.g., a draft policy discussion), the sentence itself is a factual premise rather than a deliberative thought or recommendation.",0,0,early exit: A1 and A2 agree,0
325,The remaining portion of the child support payment that was not paid to the AFDC family was split between the state and federal government as reimbursement for monthly cash assistance payments.,0,0,,,flawed,"The reasoning steps for both pre-decisional and deliberative criteria are entirely missing. Without the articulated steps, it is impossible to assess the colleague's application of the criteria. While the final prediction is correct, the lack of reasoning constitutes a flaw in the assessment process itself, as the rationale for the decision is not provided.",0,0,early exit: A1 and A2 agree,0
326,"Under waivers, some states changed the pass-through amount and other states treated child support payments as unearned income, disregarding some portion of the payment for the purposes of benefit computation.",0,0,,,flawed,"The colleague failed to provide any reasoning for their classification, leaving both the 'Step 1 (Pre-decisional)' and 'Step 2 (Deliberative)' fields empty. While the final prediction aligns with a correct assessment of the sentence, the absence of a step-by-step justification makes the reasoning unsound. A proper assessment requires demonstrating how the criteria were applied or why they were not met.",0,0,early exit: A1 and A2 agree,0
327,PRWORA repealed  the federal law requiring  the fifty dollar pass-through.,0,0,,,flawed,"The colleague provided no reasoning for either the pre-decisional or deliberative steps. This omission makes it impossible to assess their thought process and is a fundamental flaw in the analysis, even if the final prediction is correct. A proper analysis requires articulating how the criteria are applied.",0,0,early exit: A1 and A2 agree,0
328,"Under  PRWORA, a portion of the child support payment is paid to the federal government based on the Medicaid match rate in effect September 1996.",0,0,,,flawed,"The colleague provided no reasoning for either the pre-decisional or deliberative steps. While the final prediction is correct, the absence of any justification for the classification makes the reasoning process itself unsound.",0,0,early exit: A1 and A2 agree,0
329,The remaining portion of the payment is kept by the states.,0,0,,,flawed,Colleague provided no reasoning for either the pre-decisional or deliberative criteria. This makes it impossible to assess their thought process or the basis for their prediction. A complete analysis requires articulating how the sentence meets or fails to meet both criteria.,0,0,early exit: A1 and A2 agree,0
330,States may choose to discontinue the pass-through or maintain the pass-through at their own expense.,0,0,,,flawed,"Colleague provided no reasoning for either the predecisional or deliberative criteria, making it impossible to assess their application of the standards. A prediction without supporting rationale is not a sound assessment.",0,0,early exit: A1 and A2 agree,0
331,"Table VI.6 shows that 18 states have maintained the fifty qollar pass-through that originated under AFDC, but 4 of those states have maintained the pass-through on a temporary basis.",0,0,,,flawed,Colleague provided no reasoning for their prediction. The assessment cannot be evaluated without the underlying rationale for applying the predecisional and deliberative criteria. A complete analysis requires articulating how the sentence does or does not meet the criteria for both predecisional and deliberative elements.,0,0,early exit: A1 and A2 agree,0
332,Thirty-three states have changed the pass-through amount significantly.,0,0,,,flawed,"Analyst 1 provided no reasoning for Step 1 (Pre-decisional) or Step 2 (Deliberative). Without applying the criteria, the assessment process is incomplete and cannot be verified. The deliberative process privilege requires a document to be both predecisional and deliberative. A factual statement like this, on its own, typically does not meet either criterion as it does not reflect an agency's 'give-and-take' or a recommendation, nor does it inherently precede a decision in a way that makes it privileged.",0,0,early exit: A1 and A2 agree,0
333,"Of those, 29 states discontinued the child support pass-through completely and one state (Kansas) maintains the child support pass-through at a reduced level, passing through forty dollars of the child support payment to the families.",0,0,,,flawed,"The analyst's reasoning steps for both predecisional and deliberative criteria are blank. While the final prediction is correct, the lack of documented analysis means the reasoning process itself is flawed and incomplete. The sentence is purely factual, describing existing state policies. It does not propose a future action or decision by the agency, nor does it reflect internal debate, recommendations, or opinions. Therefore, it does not meet the criteria for being predecisional or deliberative.",0,0,early exit: A1 and A2 agree,0
334,"Two states increased the pass-through amount (Connecticut, Nevada), and one state (Wisconsin)  passes through the entire child support payment, allowing families to keep a larger portion of the child support payment each month without lowering the families' cash assistance benefits.",0,0,,,flawed,"The colleague's reasoning steps for both pre-decisional and deliberative criteria are empty. While the final prediction is correct, the lack of articulated reasoning makes the assessment process flawed. The sentence is a factual statement describing actions taken by specific states and the resulting impact on families. It does not reflect recommendations, opinions, or the internal 'give-and-take' of a decision-making process. It also does not appear to be predecisional, as it reports existing facts rather than assisting in a future decision.",0,0,early exit: A1 and A2 agree,0
335,"very strange -- i just asked Michele for paper on CS distribution rules, when this popped up.",0,0,,,flawed,"The colleague provided no reasoning for either the predecisional or deliberative steps. A classification prediction without supporting analysis is a fundamental flaw in the assessment process, as it does not demonstrate how the Exemption 5 criteria were applied or considered.",0,0,early exit: A1 and A2 agree,0
336,"Michele will look into getting paper, but this is a start.",0,0,,,flawed,"The colleague provided no reasoning for either the predecisional or deliberative criteria. Without any explanation of their thought process, it is impossible to assess whether they correctly applied the definitions to the sentence. A complete absence of reasoning is a critical flaw in the classification process.",0,0,early exit: A1 and A2 agree,0
337,"For those interested in an overall understanding of the federal rules that affect how child support collections are assigned and distributed, I recommend reading the Child Support enforcement section of the Green Book (http://www.access.gpo.gov/congress/wm001.htm1).",0,0,,,flawed,"The colleague failed to provide any reasoning for their classification, leaving the 'Step 1 (Pre-decisional)' and 'Step 2 (Deliberative)' fields empty. While the final prediction is correct, the lack of supporting analysis makes the reasoning unsound.",0,0,early exit: A1 and A2 agree,0
338,For a more focused description of how child support distributions affect,0,0,,,flawed,"Colleague provided no reasoning for either the pre-decisional or deliberative steps. The assessment is incomplete and lacks justification. Without context, it's impossible to definitively determine if the document containing this sentence is predecisional. However, the sentence itself, 'For a more focused description of how child support distributions affect,' is purely introductory and descriptive. It does not reflect the 'give-and-take' of the decision-making process, express a recommendation, legal advice, or policy opinion, nor does it represent a personal view or a draft of a decision. It merely sets up a topic for discussion or further description.",0,0,early exit: A1 and A2 agree,0
339,Here's what these reports basically say: For families that are currently on welfare the rules for distribution of child support collections are generally straightforward,0,0,,,flawed,"The colleague provided no reasoning for their classification, making it impossible to assess their application of the predecisional or deliberative criteria. An empty reasoning step is inherently flawed as it fails to demonstrate critical assessment.",0,0,early exit: A1 and A2 agree,0
340,(distribution rules for families that are not longer on welfare are  a little more complicated).,0,0,,,flawed,"Colleague provided no reasoning for either the predecisional or deliberative steps, making it impossible to assess their application of the criteria. A prediction without supporting analysis is inherently flawed.",0,0,early exit: A1 and A2 agree,0
341,"Under AFDC, the first fifty dollars of child support collected on behalf of a family was ""passed-through"" to the family currently on welfare.",0,0,,,flawed,"The analyst failed to provide any reasoning for their pre-decisional or deliberative analysis in Step 1 and Step 2. While their final prediction is correct, the absence of any supporting rationale makes the reasoning process unsound.",0,0,early exit: A1 and A2 agree,0
342,The remaining child support collections were split between the state and federal government (according to state medicaid match rates).,0,0,,,flawed,"The colleague failed to provide any reasoning for their classification in Step 1 (Pre-decisional) or Step 2 (Deliberative). While their prediction is correct, the absence of any explanation means their reasoning cannot be assessed as sound. A proper assessment requires articulating how the criteria were applied.",0,0,early exit: A1 and A2 agree,0
343,"Since the $50 ""pass-through"" was not counted as income, it increased the amount of the welfare grant by  $50.",0,0,,,flawed,"The colleague provided no reasoning for their prediction, making it impossible to assess their application of the predecisional or deliberative criteria. The steps for analysis were left blank, which is a critical omission in the review process.",0,0,early exit: A1 and A2 agree,0
344,The idea behind this was to give mothers a financial incentive to cooperate with child support enforcement.,0,1,,,flawed,"The colleague failed to provide any reasoning for their pre-decisional or deliberative assessment steps. Without the rationale, it is impossible to evaluate their application of the Exemption 5 criteria. A complete analysis requires articulating how the sentence meets both the predecisional and deliberative prongs.",1,1,early exit: A1 and A2 agree,1
345,"Under TANF, the fifty dollar ""pass-through"" was repealed and states must first pay the federal government its share of the child support collections (again, according to the state medicaid match rates).",0,0,,,flawed,"The analyst provided no reasoning for either the predecisional or deliberative steps, indicating a failure to apply the criteria. Both steps were left blank, which is not a valid analysis.",0,0,early exit: A1 and A2 agree,0
346,The rest of the child support collected on behalf of a family currently on welfare is distributed at the discretion of the state.,0,0,,,flawed,"The colleague provided no reasoning for either the pre-decisional or deliberative steps. Without any articulated reasoning, it is impossible to assess their application of the criteria. A blank reasoning section indicates a fundamental flaw in the assessment process, as it offers no insight into how the conclusion was reached.",0,0,early exit: A1 and A2 agree,0
347,"If the state wants to continue distributing $ 50  of the child support collected on behalf of a family to that family, it may do so (although the  $50  will come from the state's share of the child support  collection,  not  off  the top as under AFDC rules).",0,1,,,flawed,"The colleague provided no reasoning for either the pre-decisional or deliberative criteria, which is a fundamental flaw. A prediction without supporting analysis is insufficient for a proper FOIA review.",0,1,"The sentence presents a hypothetical scenario ('If the state wants to continue distributing...') and then explains the operational details and financial implications of that potential choice ('it may do so (although the $50 will come from the state's share... not off the top...)'). This is characteristic of the deliberative process. It is predecisional because it discusses a potential action and its mechanics, preceding a final decision on how the state will handle such distributions. It is deliberative because it reflects the internal 'give-and-take' of policy formulation by exploring a policy option and analyzing its consequences and operational details, rather than stating an established policy or a final decision. It represents an analysis of how a policy *could* function, which is part of the internal discussion leading to a decision. While Analyst 1 provided no reasoning, their prediction aligns with a proper application of the deliberative process privilege. Analyst 2's critique of Analyst 1's lack of reasoning is valid, but Analyst 2 also failed to provide reasoning for their own 'NOT-DELIB' suggestion. Based on the definitions, the sentence clearly falls within the scope of deliberative material.",1
348,"In this case, the welfare check again increases by $50.",0,0,,,flawed,"The analyst provided no reasoning for Step 1 (Pre-decisional) or Step 2 (Deliberative). A complete analysis requires articulating how the criteria are applied to the specific sentence to justify the classification. Without this reasoning, it's impossible to assess the soundness of their thought process, even if the final prediction might be correct.",0,0,early exit: A1 and A2 agree,0
349,"Unfortunately, most states (29 according to the ""One Year After"" paper) have decided not to pass-through any amount of the child support collected on behalf of a family with the result that  child support  collections  have no affect on the size of the ' welfare grant in these states",0,1,,,flawed,"The colleague provided no reasoning for either the predecisional or deliberative steps, making their assessment unsubstantiated and therefore flawed.",1,1,early exit: A1 and A2 agree,1
350,"(unless, of course, the amount of child support collected is greater than the welfare  grant  at  which point the welfare grant is reduced to 0 and the family gets the full child support payment).",0,0,,,flawed,"Colleague's reasoning for Step 1 (Pre-decisional) and Step 2 (Deliberative) is entirely missing. To properly assess the application of Exemption 5, the rationale for each step must be articulated. While the final prediction aligns with a correct application of the criteria, the absence of reasoning makes the assessment process itself flawed.",0,0,early exit: A1 and A2 agree,0
351,"In the 22 states with a child support  pass through, the size of the welfare grant is affected by child support collections, equal to the amount of the pass-through  (in most of these states, it is still $50.)",0,0,,,flawed,"The colleague provided no reasoning for their classification, leaving both the predecisional and deliberative steps empty. While the prediction may be correct, the lack of justification makes the reasoning process flawed.",0,0,early exit: A1 and A2 agree,0
352,I hope this clears  things up.,0,0,,,flawed,"Colleague's reasoning is entirely missing for both the predecisional and deliberative steps. Without any stated reasoning, it is impossible to assess their application of the criteria. The sentence itself, 'I hope this clears things up,' is a generic closing remark that does not inherently convey predecisional or deliberative content. Its classification depends entirely on the context of the preceding information it refers to. A closing remark like this, in isolation, does not meet the criteria for Exemption 5.",0,0,early exit: A1 and A2 agree,0
353,"As far as the child support not affecting the cash grant, I just  interviewed a whole slew of women in sunflower county MS who said they  refused to stay on TANF because the cash grant was less than their child  support benefit so they chose to take the child support because they cannot  get both.",0,0,,,flawed,"Colleague failed to provide any reasoning for either the predecisional or deliberative steps, indicating a lack of application of the criteria. A proper analysis requires articulating how the criteria apply or do not apply to the specific text.",0,0,early exit: A1 and A2 agree,0
354,This is a different point.,0,0,,,flawed,"The colleague provided no reasoning for their classification, making it impossible to assess their application of the predecisional or deliberative criteria. The reasoning steps were left empty, which is a critical omission in the assessment process.",0,0,early exit: A1 and A2 agree,0
355,The issue of whether receiving child support   makes the family better off than being on welfare is different than whether   receiving child support *changes* the size of the grant.,0,0,,,flawed,"Colleague's reasoning for both pre-decisional and deliberative steps is entirely missing, preventing a proper assessment of their application of the criteria. A classification without articulated reasoning is inherently flawed.",0,0,early exit: A1 and A2 agree,0
356,"Now that this bill has actually been introduced (or will be shortly), it would be very helpful to go through it and identify key issues/concerns/implications/things we would like to see changed and things we like.",0,1,,,flawed,"The colleague failed to provide any reasoning for either the predecisional or deliberative steps, making it impossible to assess their thought process or identify specific misapplications of criteria. The absence of reasoning is itself a critical flaw in the assessment process.",1,1,early exit: A1 and A2 agree,1
357,We'd like to have a conference call late next week to discuss this list of issues.,0,0,,,flawed,The colleague failed to provide any reasoning for either the predecisional or deliberative steps. This makes it impossible to assess their thought process or identify specific misapplications of the criteria. A blank reasoning section is a fundamental flaw in the analysis process.,0,0,early exit: A1 and A2 agree,0
358,The version I have still has hand written changes so -- I assume we'll be able to pull the real thing off the web tomorrow.,0,0,,,flawed,"Colleague's reasoning for both predecisional and deliberative steps is missing. Without the reasoning, it is impossible to assess their application of the criteria. A complete analysis requires articulating how the sentence meets or fails to meet each criterion.",0,0,early exit: A1 and A2 agree,0
359,"Also, has anyone seen an up to date section by section summary from Bayh?",0,1,,,flawed,"The colleague provided no reasoning for Step 1 (Pre-decisional) or Step 2 (Deliberative). Without the reasoning, it is impossible to assess whether their application of the criteria was sound or flawed. The sentence itself is a factual inquiry, asking if anyone has seen a summary. It does not reflect the internal 'give-and-take' of the decision-making process, offer recommendations, legal advice, or policy opinions, nor does it represent personal views in a deliberative sense. It is merely seeking information.",0,0,"Analyst 1 provided no reasoning for their prediction, making it impossible to assess their application of the criteria. Analyst 2 correctly identifies that the sentence, 'Also, has anyone seen an up to date section by section summary from Bayh?', is a factual inquiry. It is merely seeking information about the existence or location of a document. It does not reflect the 'give-and-take' of the decision-making process, offer recommendations, legal advice, or policy opinions. Nor does it represent the personal views of the author in a deliberative sense. While gathering information can be part of a predecisional process, the act of asking for a factual document itself is not deliberative. Therefore, the sentence does not meet the criteria for deliberative process privilege.",0
360,A few specific questions I have include:,0,0,,,flawed,"The colleague provided no reasoning for their prediction, which is a fundamental flaw. The sentence 'A few specific questions I have include:' is a neutral introductory phrase. It does not, by itself, contain any predecisional or deliberative content. Its purpose is to signal that questions will follow. The deliberative nature would depend entirely on the content of the questions themselves and the context in which they are asked, not this administrative lead-in.",0,0,early exit: A1 and A2 agree,0
361,"1. looks like block grants are added to end of WtW section, so does this mean Secretary of Labor awards them?",0,1,,,flawed,"The colleague provided no reasoning for either the pre-decisional or deliberative steps. A proper assessment requires articulating how the sentence meets the criteria for both steps. While the prediction may be correct, the lack of supporting analysis makes the reasoning process unsound.",1,1,early exit: A1 and A2 agree,1
362,Which Secretary awards media campaign funds?,0,0,,,flawed,"The reasoning steps (Step 1 and Step 2) are blank, making it impossible to assess the colleague's application of the predecisional and deliberative criteria. While the prediction is correct, the lack of articulated reasoning is a significant flaw in the assessment process.",0,0,early exit: A1 and A2 agree,0
363,"2. I understand why there's a 50/50 split between ""formation and maintenance of married two parent families"" and ""fragile families and promotion of fatherhood"" but it's not at all clear how those would be defined.",1,1,,,flawed,"The analyst failed to provide any reasoning for Step 1 (Pre-decisional) and Step 2 (Deliberative). A critical assessment requires articulating how the criteria are met or not met for each step. Without this, the reasoning process is incomplete and cannot be fully evaluated, even if the final prediction is correct.",1,1,early exit: A1 and A2 agree,1
364,"3. WtW eligibility: does subclause (II) listing characteristics of the ""recipient or noncustodial parent"" (i.e. unemployed, underemployed, etc) impose a new eligibility test on all participants with 70% category -- both noncustodial parents and others?",0,1,,,flawed,"The colleague provided no reasoning for either the predecisional or deliberative steps, which is a critical flaw. A prediction without supporting analysis is insufficient.",1,1,early exit: A1 and A2 agree,1
365,"The way we'd structured this, we had a separate category for long-term recipients an.d for non-custodial parents.",1,0,,,flawed,"Colleague provided no reasoning for Step 1 (Pre-decisional) or Step 2 (Deliberative). Without the rationale, it is impossible to assess the soundness of their application of the criteria. A complete analysis requires explicit justification for each step.",0,0,early exit: A1 and A2 agree,0
366,"Also, does  the 10% ""window"" just  apply  to subclause  (Ill), i.e.   the status of the child, or does it also waive (11), which is the status of the parent.",0,1,,,flawed,"Colleague failed to provide any reasoning steps for either the pre-decisional or deliberative criteria, making it impossible to assess their thought process. Both criteria must be explicitly addressed for a sound Exemption 5 determination.",1,1,early exit: A1 and A2 agree,1
367,"4. Use of funds: use of term ""assistance"" could be narrower than intended.",0,1,,,flawed,"Colleague failed to provide any reasoning for Step 1 (Pre-decisional) or Step 2 (Deliberative), making it impossible to assess their application of the criteria. A complete analysis requires explicit justification for both elements of Exemption 5. Without their reasoning, it's impossible to identify specific misapplications on their part.",1,1,early exit: A1 and A2 agree,1
368,Note this substantially broadens the purpose of WtW funds.,0,1,,,flawed,"The analyst failed to provide any reasoning for Step 1 (Pre-decisional) or Step 2 (Deliberative). While the prediction may ultimately be correct, the absence of articulated reasoning makes it impossible to assess whether they correctly applied the Exemption 5 criteria. A sound assessment requires demonstrating how the specific language meets both the predecisional and deliberative tests.",1,1,early exit: A1 and A2 agree,1
369,5. What does state option to disregard child support collections for purposes of determining TANF eligibility achieve?,0,1,,,flawed,"Colleague failed to provide any reasoning for Step 1 (Pre-decisional) or Step 2 (Deliberative), making it impossible to assess their application of the criteria. A prediction without supporting reasoning is not a sound assessment process. While the ultimate prediction may be correct, the lack of articulated steps means the reasoning itself is absent.",1,1,early exit: A1 and A2 agree,1
370,"Can't states already set their own TANF eligibility rules, including how child support is counted?",0,1,,,flawed,"The analyst provided no reasoning for either the predecisional or deliberative criteria. A proper assessment requires explicit justification for how the sentence meets both criteria, demonstrating an understanding and application of the definitions. Without any reasoning, it's impossible to evaluate their thought process or identify specific misapplications.",1,1,early exit: A1 and A2 agree,1
371,6. looks like they have not addressed most of the concerns around using child support funds for fatherhood program (other than to give slightly more definition to a fatherhood program),0,1,,,flawed,"The colleague provided no reasoning for either the pre-decisional or deliberative steps. Without any stated justification, it is impossible to assess the soundness of their logic or identify specific misapplications of the criteria. The prediction was made without any supporting analysis.",1,1,early exit: A1 and A2 agree,1
372,Bayh and Domenici will introduce Responsible Fatherhood bill at a press conference Thursday afternoon.,0,0,,,flawed,"The colleague's reasoning is flawed because both Step 1 (Pre-decisional) and Step 2 (Deliberative) are empty. No justification or explanation was provided for their prediction, making it impossible to assess their application of the criteria.",0,0,early exit: A1 and A2 agree,0
373,"They expect to be joined by groups supporting the bill (I don't know exactly who, but they've been reaching out broadly to groups across the Fatherhood spectrum).",0,1,,,flawed,"The colleague failed to provide any reasoning for Step 1 (Pre-decisional) or Step 2 (Deliberative). Without the articulated steps, it is impossible to assess whether they correctly applied the criteria. The sentence itself appears to be a factual observation about external groups and their activities related to a bill, rather than reflecting internal agency deliberation, recommendations, or predecisional advice for an agency decision.",0,0,"The sentence, 'They expect to be joined by groups supporting the bill (I don't know exactly who, but they've been reaching out broadly to groups across the Fatherhood spectrum),' describes external groups' activities and expectations regarding a bill. It also includes the author's personal observation and admission of a lack of specific knowledge about these external groups. This content does not reflect the internal 'give-and-take' of an agency's decision-making process. It is not a recommendation, legal advice, or policy opinion originating from within the agency that would inform an agency decision. Instead, it appears to be a factual or informational update about the external environment. As Analyst 2 correctly points out, it is a factual observation about external entities rather than internal agency deliberation or predecisional advice. Analyst 1's prediction lacks supporting reasoning, making it impossible to assess their application of the criteria. Based on the definitions, the sentence is neither predecisional (as it doesn't directly assist an agency decision-maker in reaching an agency conclusion) nor deliberative (as it doesn't contain internal agency recommendations or opinions).",0
374,"Likely D co-sponsors include: Breaux, Landrieu, Lieberman, Lincoln, Robb, Grahan, Domenici is reaching to Rs.",0,1,,,flawed,"Colleague provided no reasoning for Step 1 (Pre-decisional) or Step 2 (Deliberative). Without the underlying rationale, it is impossible to assess the soundness of their application of the criteria. A complete analysis requires articulating how the sentence meets both the predecisional and deliberative tests.",1,1,early exit: A1 and A2 agree,1
375,"Once the bill is introduced, they expect to do some fine tuning and gather more co-sponsors.",0,1,,,flawed,"The colleague's reasoning steps (Step 1 and Step 2) are empty, preventing a critical assessment of their application of the predecisional and deliberative criteria. Without the reasoning, it's impossible to determine if their process was sound, even if their final prediction aligns with a correct analysis.",1,1,early exit: A1 and A2 agree,1
376,"Bayh's staff has given Ron Haskins a heads up, and got the impression Johnson's bill will be on a somewhat slower track.",0,1,,,flawed,"The analyst provided a prediction without any step-by-step reasoning for either the pre-decisional or deliberative criteria. Without the underlying rationale, it is impossible to assess the soundness of their thought process. 

Regarding the content itself, the sentence appears to be a factual report of an external interaction and an impression gained from it. It states that 'Bayh's staff has given Ron Haskins a heads up, and got the impression Johnson's bill will be on a somewhat slower track.' This is an observation or intelligence gathering, not an internal recommendation, policy opinion, legal advice, or a reflection of the agency's internal 'give-and-take' on a decision. While this information might *inform* a deliberative process, the sentence itself does not contain deliberative content from the author.",0,0,"Analyst 1 provided a prediction without any supporting rationale, making it impossible to assess the basis for their conclusion. Analyst 2 correctly identified this flaw and provided a substantive analysis. The sentence, 'Bayh's staff has given Ron Haskins a heads up, and got the impression Johnson's bill will be on a somewhat slower track,' is a factual report of an external interaction and an impression gained from that interaction. It serves as intelligence gathering or a status update regarding an external event (the progress of a bill). While this information might be pre-decisional in the sense that it could inform future agency decisions, the content itself is not deliberative. It does not reflect the internal 'give-and-take' of the agency's decision-making process, nor does it contain recommendations, policy opinions, legal advice, or the personal views of the author regarding an internal agency decision. It is an observation about an external matter, not an internal deliberation. Therefore, Analyst 2's assessment is stronger and more aligned with the criteria for deliberative process privilege.",0
377,"In summary, the bill :         1. authorizes $75 million in challenge grants for state and local media campaigns;",0,0,,,flawed,"The colleague failed to provide any reasoning for their classification in Step 1 (Pre-decisional) and Step 2 (Deliberative). While the prediction for this specific sentence is correct, the absence of any justification makes the reasoning process unsound. The sentence is a factual summary of a bill's content, stating what the bill 'authorizes.' Factual information, even if it appears in a predecisional document, is generally not deliberative as it does not reflect the internal 'give-and-take' of the decision-making process, nor does it represent recommendations, opinions, or personal views of the author.",0,0,early exit: A1 and A2 agree,0
378,2. authorizes $75 million for responsible parenting block grants to states;,0,0,,,flawed,"The colleague provided no reasoning for their classification, making it impossible to assess their application of the predecisional and deliberative criteria. A complete analysis requires articulating how the sentence meets or fails to meet both criteria.",0,0,early exit: A1 and A2 agree,0
379,3. authorizes $2 million for a national parenting support clearinghouse;,0,1,,,flawed,"The colleague provided no reasoning for either the predecisional or deliberative steps. The sentence 'authorizes $2 million' strongly suggests that a final decision has already been made or an action has been taken. If an action is 'authorized,' it typically signifies a completed decision, not a predecisional recommendation or an ongoing deliberation. Exemption 5 does not cover final opinions or documents that justify and explain a decision that has already been made or a matter that has been officially settled. Therefore, the sentence is unlikely to be predecisional or deliberative.",0,0,"Analyst 1 provided no reasoning, making their prediction unsubstantiated. Analyst 2 correctly identifies that the word 'authorizes' strongly indicates that a final decision has already been made or an action has been taken. When an agency 'authorizes' funds or an action, it signifies a completed decision, not a predecisional recommendation or an ongoing deliberation. Exemption 5 applies to predecisional and deliberative materials, not to final decisions or documents that explain or justify a decision that has already been made or officially settled. Therefore, this sentence is neither predecisional nor deliberative.",0
380,4. makes some WtW eligibility changes and raises allowable in-kind match to 75% (while not required by        5.),0,0,,,flawed,"The colleague's reasoning for both the pre-decisional and deliberative criteria is entirely missing. Without any articulated steps, it is impossible to assess their application of the FOIA Exemption 5 standards or how they arrived at their prediction.",0,0,early exit: A1 and A2 agree,0
381,5. encourages child support pass through by foregiving federal share of first $75 passed through to families that is disregarded from determining TANF eligibility and allows states to count their portion of pass-through toward TANF MOE;,0,0,,,flawed,"Colleague provided no reasoning for Step 1 (Pre-decisional) or Step 2 (Deliberative). Without any explanation of how the criteria were applied to the sentence, it is impossible to assess the soundness of their logic. The prediction is therefore unsubstantiated.",0,0,early exit: A1 and A2 agree,0
382,6.  allows states who opt for child support pass through to use a similar amount of child support funds for fatherhood/parenting promotion without getting a waiver;,0,1,,,flawed,"Colleague failed to provide any reasoning for either the pre-decisional or deliberative steps, making it impossible to assess their thought process. A prediction without supporting rationale is insufficient.",1,1,early exit: A1 and A2 agree,1
383,7. explicitly lists family formation as one of purposes for which TANF HPB funds will be awarded.,0,0,,,flawed,"The colleague's reasoning is entirely missing. Both Step 1 (Pre-decisional) and Step 2 (Deliberative) are empty, providing no justification for their prediction. While the prediction itself may be correct, the lack of any analytical steps makes the reasoning unsound.",0,0,early exit: A1 and A2 agree,0
384,Based on conversation w/ Bayh's staff today:,0,0,,,flawed,"The reasoning steps for both pre-decisional and deliberative criteria are empty. While the prediction for this specific sentence is likely correct, the absence of any analysis makes the reasoning unsound. The sentence 'Based on conversation w/ Bayh's staff today:' is a factual statement about the source of information. It does not, by itself, contain any predecisional recommendations, advice, or opinions. It merely introduces content that may or may not be deliberative.",0,0,early exit: A1 and A2 agree,0
385,"1. they seem willing to consider going beyond the Kennedy technical to include the broader eligibility changes in Cardin's bill, particularly to include a broader group of low income fathers.",1,1,,,flawed,"The colleague's reasoning for both Step 1 (Pre-decisional) and Step 2 (Deliberative) is entirely missing. Without the articulated reasoning, it is impossible to assess the soundness of their thought process. A complete analysis requires a clear explanation of how the criteria were applied to the sentence.",1,1,early exit: A1 and A2 agree,1
386,I sent them side-by-side of current law and Cardin's bill and Charlie will call DOL.,1,0,,,flawed,"The colleague provided no reasoning for their prediction, making it impossible to assess their application of the predecisional or deliberative criteria. A prediction without supporting analysis is insufficient for a FOIA review.",0,0,early exit: A1 and A2 agree,0
387,2. they generally want to be helpful on WtW but don't want to lose broader fatherhood approach.,1,1,,,flawed,"Analyst 1 failed to provide explicit reasoning for Step 1 (Pre-decisional) and Step 2 (Deliberative). This omission prevents a critical assessment of whether they correctly applied the criteria or misapplied them, as the required analytical steps are missing from their submission.",1,1,early exit: A1 and A2 agree,1
388,Sounds like they fear more WtW will result in less R support.,1,1,,,flawed,"The colleague failed to provide any reasoning for either the predecisional or deliberative criteria, which is a fundamental flaw in the assessment process. A prediction without supporting justification is not a sound analysis.",1,1,early exit: A1 and A2 agree,1
389,3. media campaign is intended to rec3ch a broad group of fathers all incomes and both those living with their kids and those not.,0,1,,,flawed,"The colleague provided no reasoning for either the predecisional or deliberative steps, making it impossible to assess their application of the criteria. A prediction without supporting analysis is insufficient.",0,0,"Analyst 1 provided a prediction without any supporting reasoning for either the pre-decisional or deliberative steps, making their assessment unsupportable. Analyst 2 correctly identified this flaw but did not provide their own reasoning for their 'NOT-DELIB' suggestion. Therefore, an independent assessment is required.

1.  **Pre-decisional:** The sentence describes the intended scope or target audience of a media campaign. The phrase 'is intended to' suggests a current objective or design. While this could be part of a discussion leading to a final decision, the sentence itself does not definitively confirm its pre-decisional status without further context. However, for the purpose of Exemption 5, the focus is primarily on the deliberative nature.

2.  **Deliberative:** A record is deliberative if it reflects the internal 'give-and-take' of the decision-making process, such as recommendations, legal advice, or policy opinions, and represents the personal views of the author rather than established policy. The sentence 'media campaign is intended to rec3ch a broad group of fathers all incomes and both those living with their kids and those not' is a descriptive statement of an objective or characteristic of the campaign. It states *what* the intention is, rather than offering a recommendation, an opinion, or advice *about* that intention. It does not reflect the 'give-and-take' of deciding on the target audience, nor does it express a personal view or judgment. It is a factual statement about the campaign's design or goal. Releasing this sentence would not reveal the agency's internal thought process or debate, but rather a descriptive aspect of the campaign.

Therefore, the sentence is not deliberative.",0
390,Challenge grant approach and amount is based on ONDCP campaign.,0,0,,,flawed,"Colleague's reasoning is entirely missing for both predecisional and deliberative steps, making it impossible to assess their thought process. A prediction without supporting reasoning is not a sound assessment.",0,0,early exit: A1 and A2 agree,0
391,They understand TANF funds can also be used to promote formation of two parent families.,1,0,,,flawed,"The analyst provided no reasoning for either the pre-decisional or deliberative steps. A complete analysis requires explicit application of both criteria to demonstrate how the sentence meets or fails to meet the definitions. Without any stated reasoning, the prediction cannot be properly evaluated.",0,0,early exit: A1 and A2 agree,0
392,"4. still don't have exact costs - waiting for scoring on child support pass-through, but envision something in the $2 8 over 5 years ballpark (w/ bulk of funds for pass-through).",0,1,,,flawed,"Analyst 1 failed to provide any reasoning for Step 1 (Pre-decisional) and Step 2 (Deliberative). Without the explicit reasoning, it is impossible to assess whether their application of the criteria was sound or flawed. The provided response only includes a final prediction, which does not allow for a critical assessment of their thought process.",1,1,early exit: A1 and A2 agree,1
393,5. purposefully leaving block grant uses very vague to allow states to try a variety of approaches; have not yet done runs on block grant formula but realize they may need to set a small state floor.,1,1,,,flawed,"The reasoning steps for both the pre-decisional and deliberative criteria are entirely missing. This prevents a critical assessment of the analyst's thought process and whether they correctly applied the criteria. While the final prediction may be accurate, the lack of articulated reasoning makes the assessment of their process flawed.",1,1,early exit: A1 and A2 agree,1
394,6. they've coordinated w/ Kohl on pass through and see the major difference between their approaches as one of cost -- they cap amount of pass-through Feds will participate in at $75 whereas Kohl is open-ended.,0,1,,,flawed,"The analyst failed to provide any reasoning for Step 1 (Pre-decisional) or Step 2 (Deliberative). This omission prevents a critical assessment of their application of the Exemption 5 criteria. A sound classification requires explicit justification for each step of the analysis, detailing how the record meets the predecisional and deliberative requirements.",1,1,early exit: A1 and A2 agree,1
395,They still understand that their propo al to allow state share of child support pass-through to count towards TANF MOE goes beyond what's currently allowed (HHS -TA here could be helpful.,1,1,,,flawed,"Analyst 1 provided no reasoning for Step 1 (Pre-decisional) or Step 2 (Deliberative). Without the underlying rationale, it is impossible to assess the soundness of their application of the criteria. The steps were left blank.",1,1,early exit: A1 and A2 agree,1
396,Charlie is reaching out to Lauren or Mary).,0,0,,,flawed,"The colleague provided no reasoning for Step 1 (Pre-decisional) or Step 2 (Deliberative). Without any explanation of how the criteria were applied, it is impossible to assess the soundness of their reasoning. The absence of reasoning is a fundamental flaw in the classification process.",0,0,early exit: A1 and A2 agree,0
397,7. allowing states who elect child support pass-through to use $50 (this was purposefully less than the $75 to keep costs down) for fatherhood/parenting activities without getting a waiver is seen as a way to supplement the modest block grant funding.,1,1,,,flawed,"The colleague failed to provide any reasoning for their classification in Step 1 (Pre-decisional) and Step 2 (Deliberative). While the ultimate prediction may be correct, the lack of articulated reasoning makes the assessment process flawed and unreviewable. A proper Exemption 5 analysis requires a clear explanation of how the document meets both the predecisional and deliberative criteria.",1,1,early exit: A1 and A2 agree,1
398,They seemed receptive to the concern that there should be some more direct benefit or connection to famllies involved with the child support program (HHS - TA here could be helpful),1,1,,,flawed,"The colleague failed to provide any reasoning for Step 1 (Pre-decisional) or Step 2 (Deliberative). Without the reasoning, it is impossible to assess whether they correctly applied the criteria. A complete analysis requires articulating how the sentence meets both the predecisional and deliberative elements.",1,1,early exit: A1 and A2 agree,1
399,8. reason for explicitly listing family formation as part of the High Performance Bonus: it's not included in current guidance and this will ensure it's included in future rule.,1,1,,,sound,none,1,1,early exit: A1 and A2 agree,1
400,They'll probably revise the bill at least once more befor Thursday.,1,1,,,flawed,"The colleague provided no reasoning for either the predecisional or deliberative criteria. Without any explanation of how the sentence meets these standards, it is impossible to assess their application of the criteria, rendering the reasoning fundamentally flawed.",0,1,"The sentence 'They'll probably revise the bill at least once more befor Thursday' is predecisional because it explicitly refers to a 'bill' that is not yet final and is expected to undergo further revisions. This indicates that the agency's final decision or action regarding the bill's content has not yet been made. It precedes the final agency action. The sentence is deliberative because the phrase 'They'll probably revise' reflects an internal assessment, opinion, or prediction about the ongoing development and shaping of the bill. It represents the internal 'give-and-take' of the decision-making process, reflecting a personal view or an informed expectation about the likely evolution of a policy document, rather than a statement of established policy or a final decision. While Analyst 1 failed to provide reasoning, their prediction aligns with a correct application of the criteria. Analyst 2's critique correctly identified the lack of reasoning from Analyst 1 but did not provide a substantive argument for why the sentence itself is not deliberative. Based on a direct application of the criteria, the sentence meets both the predecisional and deliberative requirements.",1
401,This memo outlines three things: first; the overarching theme we propose for the State of the Union;,0,1,,,flawed,"Colleague failed to provide explicit reasoning for Step 1 (Pre-decisional) and Step 2 (Deliberative). A sound assessment requires articulating how the content meets both criteria, not just providing a prediction. While the prediction is likely correct, the lack of articulated reasoning makes the process flawed.",1,1,early exit: A1 and A2 agree,1
402,"second, the ""big ideas"" initiative that should be the centerpiece of the speech and the budget;",0,1,,,flawed,"The colleague's reasoning steps (Step 1 and Step 2) are entirely missing. Without the articulated application of the predecisional and deliberative criteria, it is impossible to assess whether their reasoning is sound or if they misapplied the criteria. The absence of reasoning itself constitutes a flaw in the assessment process.",1,1,early exit: A1 and A2 agree,1
403,"third, the eight signature policies that comprise the ""big ideas"" package.",0,0,,,flawed,"The colleague failed to provide any reasoning for their prediction, leaving Step 1 (Pre-decisional) and Step 2 (Deliberative) blank. This makes it impossible to assess their application of the criteria.",0,0,early exit: A1 and A2 agree,0
404,I. THEME: RESPONSIBILITY FOR THE FUTURE,0,0,,,flawed,"The analyst provided no reasoning for either the predecisional or deliberative criteria. Without any justification, it's impossible to assess the soundness of their thought process. The prediction of '0 (NOT-DELIB)' is unsupported.",1,1,"Analyst 1 provided no reasoning for their assessment, rendering their prediction unsupported. Analyst 2 correctly identified this flaw. 

Upon independent review, the sentence 'I. THEME: RESPONSIBILITY FOR THE FUTURE' is assessed against the criteria for Exemption 5 (deliberative process privilege).

**Pre-decisional:** This sentence proposes a theme. The selection of a theme for a report, initiative, or communication is a decision-making process. Therefore, a proposed theme is inherently predecisional, as it precedes the final adoption of the theme or the final agency action it is meant to guide. It is not a final decision, nor does it explain or justify a decision already made.

**Deliberative:** The act of proposing a 'THEME' is a recommendation or a suggestion for the direction or focus of an agency's work, communication, or policy. Such a proposal reflects the author's personal views or ideas on what the agency's focus should be, rather than established policy. It is part of the internal 'give-and-take' involved in shaping agency strategy or content. The content is conceptual and recommendatory, indicating it is part of the deliberative process to arrive at a final decision.

Given that the sentence represents a proposed theme, it is both pre-decisional and deliberative. Therefore, it qualifies for Exemption 5.",1
405,"The theme we recommend for the State of the Union is ""Responsibility for the Future.""",1,1,,,flawed,"Colleague failed to provide any reasoning for Step 1 (Pre-decisional) or Step 2 (Deliberative). A proper assessment requires articulating how the document meets the criteria for both predecisional and deliberative elements. Without this reasoning, it's impossible to assess their thought process.",1,1,early exit: A1 and A2 agree,1
406,"This theme brings together all the major elements of your agenda: strengthening Medicare and Social Security, and reducing the debt; investing in and reforming public education; bridging the digital divide; investing in Scientific research; protecting the environment; promoting peace around th world; and closing the opportunity gap.",0,0,,,flawed,"The colleague failed to provide any reasoning for either the pre-decisional or deliberative criteria. Without articulated steps, it is impossible to assess their thought process or identify specific misapplications of the criteria. A complete lack of reasoning is a fundamental flaw in the assessment process.",0,0,early exit: A1 and A2 agree,0
407,"""Responsibility for the Future"" reinforces both liberal convictions about equity (leave no one behind) and Third Way sensibilities about accountability (let no one fail to do his part).",0,0,,,flawed,The colleague failed to provide any reasoning for either the predecisional or deliberative steps. A prediction without supporting analysis of how the criteria apply to the sentence is not a sound assessment.,0,0,early exit: A1 and A2 agree,0
408,"It is consistent with your longstanding theme of ""responsibility, opportunity; and community,"" and sets forth a powerful message that will resound long after we're gone.",0,0,,,flawed,"The colleague provided no reasoning for either the predecisional or deliberative steps, making it impossible to assess the soundness of their logic. A complete lack of reasoning is a fundamental flaw in the classification process. Without any explanation, the basis for their prediction cannot be evaluated. Furthermore, the prediction of '0' (NOT-DELIB) appears incorrect given the content of the sentence.",1,1,"Analyst 1 provided no reasoning for their assessment, rendering their prediction unsubstantiated and unreliable. Analyst 2 correctly identified this fundamental flaw. Upon independent review of the sentence, 'It is consistent with your longstanding theme of ""responsibility, opportunity; and community,"" and sets forth a powerful message that will resound long after we're gone,' it is clear that it is both pre-decisional and deliberative. It is pre-decisional because it offers an evaluation or endorsement of a message/theme, likely as input to a decision-maker before a final decision or public release. It is deliberative because it reflects the author's subjective opinion and assessment of the message's quality, consistency, and potential impact. Phrases like 'It is consistent with...' and 'sets forth a powerful message...' are evaluative and recommendatory in nature, representing the author's personal views and contributing to the 'give-and-take' of the decision-making process. Therefore, Analyst 2's suggestion is correct.",1
409,"The country has come a long way these seven years, enabling us to turn even more to challenges of the next generation.",0,0,,,flawed,"The colleague's reasoning is flawed because it is entirely absent. No steps were provided to explain how they applied the predecisional or deliberative criteria, making it impossible to assess their thought process or the soundness of their application.",0,0,early exit: A1 and A2 agree,0
410,"II. BIG IDEA: CLOSING THE OPPORTUNITY GAP We believe your ""big idea"" for the budget and the State of the Union should be a ""Closing the Opportunity Gap"" initiative.",1,1,,,flawed,"The colleague failed to provide any reasoning for Step 1 (Pre-decisional) and Step 2 (Deliberative). While the ultimate prediction may be correct, the lack of justification for each step makes the reasoning process unsound and incomplete. A proper assessment requires articulating how the criteria are met.",1,1,early exit: A1 and A2 agree,1
411,"It is a package of eight signature proposals described in the next section, and would highlight three or four major budget pieces.",0,1,,,flawed,"Analyst 1's reasoning is flawed because no step-by-step analysis was provided for either the pre-decisional or deliberative criteria. Without this reasoning, it is impossible to assess whether they correctly applied the definitions or misapplied them. The prediction alone is insufficient to demonstrate a sound understanding or application of Exemption 5 principles.",1,1,early exit: A1 and A2 agree,1
412,"We had considered other  labels for this initiative (""Leaving  No One Behind,"" ""Every  Child's  Initiative,"" and  ""Education First"") but advocate ""Closing the Opportunity Gap"" because it shows continuity with your core philosophy and values, suggests a sweeping challenge worthy of a sweeping response, and provides a framework that will energize the entire economic and domestic team, from Summers and Herman to Shalala, Riley; and Cuomo.",1,1,,,flawed,"The colleague failed to articulate the reasoning for both the predecisional and deliberative steps. While the final prediction may be correct, the lack of documented analysis makes the reasoning process unsound. A proper assessment requires explaining how the sentence meets each criterion.",1,1,early exit: A1 and A2 agree,1
413,III. EIGHT SIGNATURE ELEMENTS OF CLOSING THE OPPORTUNITY  GAP,0,0,,,flawed,"The colleague's reasoning is incomplete, with no justification provided for either the pre-decisional or deliberative criteria. A blank reasoning section is insufficient for a proper assessment.",0,0,early exit: A1 and A2 agree,0
414,Your final State of the Union should  be  more than a  laundry  list  of  worthy  ideas (although we provide such a list in three longer memos which are attached).,1,1,,,flawed,"The colleague failed to provide any reasoning for either the predecisional or deliberative steps. While their final prediction might be correct, the absence of supporting explanation makes it impossible to assess the soundness of their analytical process, which is a critical flaw.",1,1,early exit: A1 and A2 agree,1
415,"Here, we outline a package of signature ""Opportunity Gap"" proposals.",1,1,,,flawed,"The colleague failed to provide any reasoning for Step 1 (Pre-decisional) or Step 2 (Deliberative). Without the underlying rationale, it is impossible to assess the soundness of their application of the criteria. A proper analysis requires explicit justification for each step, demonstrating how the sentence meets the definitions of predecisional and deliberative.",1,1,early exit: A1 and A2 agree,1
416,These  proposals  representthe core of your doniestk vision; they are ambitious  ideas  that will  stick  in the  public  mind.,1,1,,,flawed,The colleague failed to provide any reasoning for either the predecisional or deliberative prongs. This indicates a lack of application of the provided criteria and does not demonstrate how the conclusion was reached.,1,1,early exit: A1 and A2 agree,1
417,"They are bold enough to show that  your imperative is  action,  and appealing enough  to stand  a chance of enactment this year.",1,1,,,flawed,"The colleague provided no reasoning for either the predecisional or deliberative criteria. A proper analysis requires explicit justification for how the sentence meets both aspects of Exemption 5, referencing the provided definitions. Without any explanation, the reasoning cannot be assessed as sound.",1,1,early exit: A1 and A2 agree,1
418,"Together, they give purpose and principle to yom final year's agenda.",1,1,,,flawed,"The colleague provided no reasoning for either the predecisional or deliberative steps, which is a fundamental flaw in the assessment process. Without any explanation, it's impossible to understand how they applied the criteria. The sentence itself, 'Together, they give purpose and principle to yom final year's agenda,' is descriptive. While it *could* appear in a deliberative document (e.g., discussing what principles *should* guide the agenda), it could just as easily appear in a final, non-deliberative document explaining the principles that *do* guide an already established agenda. It does not inherently reflect the 'give-and-take' of decision-making, nor is it clearly a recommendation, legal advice, or policy opinion representing personal views without further context.",0,0,"Analyst 1's assessment is critically flawed as it provides no reasoning for either the pre-decisional or deliberative steps, rendering the prediction unsubstantiated. Analyst 2 correctly identifies this deficiency and provides a reasoned analysis of the sentence. The sentence, 'Together, they give purpose and principle to yom final year's agenda,' is descriptive. It states what 'they' (an unspecified antecedent) 'give' to the agenda. This phrasing sounds like a statement of fact or an explanation of an established framework or decision, rather than a recommendation, a personal opinion, or a point of debate in the 'give-and-take' of the decision-making process. While such a statement *could* appear in a deliberative document (e.g., discussing what principles *should* guide the agenda), it could just as easily appear in a final, non-deliberative document explaining the principles that *do* guide an already established agenda. Without further context indicating it is a draft, a recommendation, or reflects internal debate, the sentence itself does not inherently demonstrate the characteristics of deliberative material. Therefore, Analyst 2's argument is stronger and more persuasive.",0
419,"The ""Opportunity Gap"" initiative consists of eight proposals:",0,0,,,flawed,"The colleague failed to provide any reasoning for either the pre-decisional or deliberative steps. This omission makes it impossible to assess whether they correctly applied the criteria or if their reasoning process was sound. While the final prediction may be correct, the lack of documented reasoning constitutes a fundamental flaw in the assessment process.",0,0,early exit: A1 and A2 agree,0
420,1) universal pre-school to give all poor children  a smart start;,0,1,,,flawed,"The colleague provided no reasoning for either the predecisional or deliberative criteria, which is a fundamental flaw in the assessment process. Furthermore, the prediction that this sentence is *always* deliberative is incorrect. The deliberative nature of this sentence is entirely dependent on its context. While it *could* be part of a predecisional recommendation or policy option under consideration (making it deliberative), it could just as easily be a statement of an already adopted policy, a final decision, or an established agency goal, in which case it would not be deliberative. Without context, a definitive 'always deliberative' classification cannot be made.",0,0,"Analyst 1's assessment is fundamentally flawed as it provides no reasoning for either the predecisional or deliberative criteria, making it impossible to evaluate the basis of their prediction. Analyst 2 correctly identifies this critical deficiency. Furthermore, Analyst 2 accurately points out that the deliberative nature of the sentence '1) universal pre-school to give all poor children a smart start;' is entirely dependent on its context. This statement could be a predecisional recommendation, a policy option under consideration, or part of a draft document, which would make it deliberative. However, it could just as easily be a statement of an already adopted policy, a final decision, or an established agency goal, in which case it would not be deliberative. Without the surrounding context, it is impossible to determine if this sentence reflects the 'give-and-take' of the decision-making process or if it represents an established policy or final decision. Since the burden is on the agency to demonstrate that an exemption applies, and this cannot be done without the necessary context to establish its predecisional and deliberative nature, the sentence cannot be definitively classified as deliberative. Therefore, Analyst 2's argument is stronger and more aligned with FOIA principles.",0
421,2) universal  after-school  to help kids meet  high standards;,0,1,,,flawed,The colleague provided no reasoning for either the predecisional or deliberative steps. A prediction without any supporting explanation for how the criteria were applied constitutes a fundamental flaw in the reasoning process.,1,1,early exit: A1 and A2 agree,1
422,3) a plan to turn around every failing school over the next decade;,0,1,,,flawed,The analyst failed to provide any reasoning for applying the predecisional and deliberative criteria in Step 1 and Step 2. This makes it impossible to assess their thought process or the soundness of their application of the criteria.,1,1,early exit: A1 and A2 agree,1
423,4) measures to bridge the digital divide;,0,1,,,flawed,"The colleague provided no reasoning for either the predecisional or deliberative steps, making it impossible to assess their application of the criteria. The sentence itself, '4) measures to bridge the digital divide;', is a generic topic or category. It does not inherently reflect the 'give-and-take' of the decision-making process, express a personal view, or constitute a recommendation or draft policy. It describes a subject matter rather than a specific deliberative thought or action. Without context, it's merely a factual description of a policy area.",0,0,"Analyst 1 provided no reasoning for their prediction, making it impossible to assess their application of the deliberative process criteria. Analyst 2, however, provided a strong and well-reasoned argument. The sentence '4) measures to bridge the digital divide;' is a generic topic or category. It does not inherently reflect the 'give-and-take' of the decision-making process, express a personal view, or constitute a specific recommendation or draft policy. It describes a subject matter rather than a specific deliberative thought or action. To be deliberative, the content must represent the personal views of the author or be recommendatory in nature, which this sentence, in isolation, does not do. Without further context revealing it as a specific proposal, opinion, or recommendation, it functions merely as a factual description of a policy area. Therefore, Analyst 2's assessment is more accurate.",0
424,5) a set of new steps to help low-income students get into college and complete a degree;,0,1,,,flawed,"The colleague's reasoning for both Step 1 (Pre-decisional) and Step 2 (Deliberative) is entirely missing. Without any articulated reasoning, it is impossible to assess the soundness of their logic or how they applied the criteria to the sentence.",1,1,early exit: A1 and A2 agree,1
425,6) proposals to encourage absent fathers to take responsibility for the support and love they owe their children;,0,1,,,flawed,"Colleague provided no reasoning for Step 1 (Pre-decisional) or Step 2 (Deliberative), making it impossible to assess their application of the criteria. A complete analysis requires explicit justification for both steps to demonstrate how the record meets the predecisional and deliberative elements of Exemption 5.",1,1,early exit: A1 and A2 agree,1
426,7) a new bargain of tax cuts and other measures to reward work and family;,0,1,,,sound,"The colleague's reasoning steps were not provided, but based on the sentence and the criteria, the implicit conclusion that it is deliberative is sound.",1,1,early exit: A1 and A2 agree,1
427,and 8) a major expansion of New Markets to help aH communities share in economic prosperityâ€¦,0,1,,,flawed,"The colleague provided no reasoning for either the predecisional or deliberative steps. A prediction without supporting analysis of how the criteria are met is not a sound assessment. To properly classify, the reviewer must articulate how the content of the sentence meets both the predecisional and deliberative prongs of Exemption 5.",1,1,early exit: A1 and A2 agree,1
428,1.. Early Childhood/Universal Pre-School.,0,0,,,flawed,"The colleague provided no reasoning for Step 1 (Pre-decisional) or Step 2 (Deliberative). A proper assessment requires articulating how the criteria apply or do not apply to the sentence. The sentence '1.. Early Childhood/Universal Pre-School.' is a factual topic or heading. It does not express an opinion, recommendation, or reflect the internal 'give-and-take' of the decision-making process. Therefore, it lacks the deliberative content required for Exemption 5, regardless of whether it might appear in a predecisional document.",0,0,early exit: A1 and A2 agree,0
429,"With a significant down payment in the FY2001 budget, you can lay the groundwork for achieving a  goal  that you,  the  Vice  President,  and  the First  Lady  have talked  about for  some time:   universal access to pre-school  for every 4-year-old.",1,1,,,sound,none,1,1,early exit: A1 and A2 agree,1
430,There  are a number  of ways to do this:,0,0,,,flawed,"The analyst provided no reasoning for either the pre-decisional or deliberative criteria, making it impossible to assess their thought process. A prediction without supporting rationale is insufficient.",0,0,early exit: A1 and A2 agree,0
431,â—¦ Dramatic increase in Head Start funding.,0,0,,,flawed,"The colleague's reasoning is entirely absent for both the predecisional and deliberative steps. Without any explanation, it's impossible to assess how they applied the criteria or arrived at their prediction. This constitutes a fundamental flaw in the analysis.",0,0,early exit: A1 and A2 agree,0
432,"'Could expand by $1 billion ver FY'00, to expand Head Start from 880,000 children to 11early 1,000,000 in FY '01.",1,1,,,flawed,"The colleague provided no reasoning for Step 1 (Pre-decisional) or Step 2 (Deliberative). Without any articulated reasoning, it is impossible to assess the soundness of their application of the criteria. A complete analysis requires demonstrating how the specific language of the sentence meets both the predecisional and deliberative tests.",1,1,early exit: A1 and A2 agree,1
433,A path for future fund  increases to make Head Start universal  could also be established.,1,1,,,flawed,"Colleague provided no explicit reasoning for either the predecisional or deliberative steps. While the final prediction is likely correct, the absence of any justification for how the criteria were applied constitutes a significant flaw in the reasoning process itself. It's crucial to articulate how the sentence meets each criterion.",1,1,early exit: A1 and A2 agree,1
434,Early Childhood Learning Fund. A dramatic increase in  the Early Childhood Leaming Fund combined with  a path for  future  increases.,1,1,,,flawed,The colleague failed to provide any reasoning for Step 1 (Pre-decisional) or Step 2 (Deliberative). A prediction without supporting analysis of how the criteria were applied is insufficient and makes it impossible to assess their reasoning process.,1,1,early exit: A1 and A2 agree,1
435,Could expand  to $1  billion  for FY O1 - $400 million increase and aim for $10-$20 billion Over 10 years.,0,1,,,flawed,"The colleague's reasoning steps (Step 1 and Step 2) are entirely missing, making it impossible to assess their application of the predecisional and deliberative criteria. While the final prediction is correct, the absence of any articulated reasoning constitutes a flaw in the assessment process itself.",1,1,early exit: A1 and A2 agree,1
436,2. Universal  After-School.,0,0,,,flawed,"The analyst provided no reasoning for their classification, making it impossible to assess their application of the predecisional or deliberative criteria. This is a fundamental flaw in the assessment process as it lacks any justification for the prediction.",0,0,early exit: A1 and A2 agree,0
437,"By  doubling after-school  funding  in, the FY 2001 budget (from  $453 million in FY 2000 to at least $1 billion in FY 2001), you  can meet an urgent goal, which is to provide after-school and summer schoolto every student in a failing school.",1,1,,,flawed,"Colleague failed to provide any reasoning for Step 1 (Pre-decisional) and Step 2 (Deliberative). Without the articulated reasoning, it is impossible to assess whether the criteria were correctly applied or misapplied.",1,1,early exit: A1 and A2 agree,1
438,You called on states and districts to end social promotion in this year's  State  of  the  Union;  this initiative will enable you to say we're giving them the resources to end social promotion the right way and give every student in our worst schools the extra help they need.,1,1,,,flawed,"The analyst did not provide any reasoning for their classification, making it impossible to assess their application of the predecisional or deliberative criteria. While the prediction is correct, the absence of the analytical steps means the reasoning itself cannot be evaluated as sound.",1,1,early exit: A1 and A2 agree,1
439,"Over an 11, year period, we  can make after school and summer school universal for every Title I school  and with a sliding scale for students above 200% of poverty, we could eventually make  after school available  to every  student.",1,1,,,flawed,"The colleague provided no reasoning for either the predecisional or deliberative prongs. Without any explanation of how the criteria were applied, it is impossible to assess the soundness of their reasoning. A complete lack of justification for the classification is a fundamental flaw.",1,1,early exit: A1 and A2 agree,1
440,(Cost:   $20-30 billion over 10 years).,0,0,,,flawed,"The colleague provided no reasoning for their prediction, failing to apply the predecisional and deliberative criteria. This makes it impossible to assess their thought process.",1,1,"Analyst 1 provided no reasoning, making their prediction impossible to evaluate. Analyst 2 correctly identified this flaw and suggested a deliberative classification. 

Applying the criteria: 
1.  **Predecisional:** A cost estimate like this is inherently predecisional. It is an input generated to assist decision-makers in evaluating potential courses of action or projects, preceding any final agency decision or action. It is not a final opinion or a justification for a decision already made. 
2.  **Deliberative:** While presented as a numerical range, a cost estimate is not a simple, objective fact. It involves projections, assumptions, and judgments, reflecting the internal thinking and analysis of the agency. Providing such an estimate contributes directly to the 'give-and-take' of the decision-making process, allowing decision-makers to weigh the financial implications of various options. Releasing such an estimate prematurely could reveal the agency's internal considerations and potentially chill frank discussions about costs and feasibility during the deliberative phase. Therefore, it reflects the internal deliberative process.",1
441,3. Turning Around Every Failing School.,0,0,,,flawed,"No reasoning was provided for either the predecisional or deliberative steps, making it impossible to assess the application of criteria. The analyst failed to articulate how the sentence meets or fails to meet the specified criteria, which is a fundamental requirement for a sound classification.",0,0,early exit: A1 and A2 agree,0
442,"To close the opportunity gap, we must dose the achievement gap by focusing our efforts on the worst-performing schools.",1,1,,,flawed,"The analyst failed to provide any reasoning for their classification in Step 1 (Pre-decisional) or Step 2 (Deliberative). A prediction without articulated reasoning is not a sound assessment process. The core of the task is to demonstrate understanding and application of the criteria, which was not done.",1,1,early exit: A1 and A2 agree,1
443,"With a series of accountability and performance initiatives in the FY 2001 budget (and the after-school pledge outlined above), you can credibly set forth an ambitious, defining goal for strengthening public education: turning around or shutting down every failing school in America overthe next decade.",1,1,,,flawed,"Colleague provided no reasoning for either the pre-decisional or deliberative steps. Without any explanation of their thought process, it is impossible to assess the soundness of their reasoning or identify specific misapplications of criteria. A prediction without supporting rationale is insufficient for a proper FOIA review.",1,1,early exit: A1 and A2 agree,1
444,"In addition to doubling after-school funding, the key steps include: expanding your accountability fund; reaching your goal of 3,000 charter schools before you leave office; funding a new performance bonus to reward states and school districts for increasing their percentage of qualified teachers, adopting statewide accountability systems and school report card; and requiring universal public school choice for students in failing schools.",1,0,,,flawed,"The colleague provided no reasoning for Step 1 (Pre-decisional) or Step 2 (Deliberative). Without any explanation of how they applied the criteria, it is impossible to assess the soundness of their reasoning. The absence of reasoning is a critical flaw. Based on the content, the sentence appears to be both predecisional and deliberative, making the colleague's prediction of '0' (NOT-DELIB) likely incorrect.",1,1,"Analyst 1 provided no reasoning for their assessment, making it impossible to evaluate their conclusion. Analyst 2 correctly identified this critical flaw and suggested that the sentence appears to be both predecisional and deliberative. 

Upon independent review, the sentence outlines a series of 'key steps' and recommendations ('expanding your accountability fund; reaching your goal...; funding a new performance bonus; and requiring universal public school choice'). The use of 'your' and 'you' indicates these are proposals or advice directed to a specific decision-maker regarding their agenda or goals. This content is clearly predecisional as it precedes any final decision or action by the agency. Furthermore, it is deliberative because it represents policy recommendations and strategic advice, reflecting the internal 'give-and-take' of the decision-making process rather than established agency policy. The recommendatory nature of the 'key steps' strongly supports its deliberative character. Therefore, Analyst 2's suggestion is correct.",1
445,We could also reintroduce a version of education opportunity zones.,1,1,,,sound,"The colleague's prediction is correct, and the sentence clearly meets the criteria for Exemption 5. However, the reasoning steps for pre-decisional and deliberative were not explicitly provided. While the underlying reasoning appears sound given the correct conclusion, articulating these steps is crucial for transparency and a complete assessment of the application of the criteria.",1,1,early exit: A1 and A2 agree,1
446,(Cost: $3-5 billion over IO years).,0,0,,,flawed,"The colleague provided no reasoning for their classification, making it impossible to assess their application of the predecisional or deliberative criteria. A classification without supporting rationale is inherently flawed.",0,0,early exit: A1 and A2 agree,0
447,4. Closing the Digital Divide.,0,0,,,flawed,"The colleague provided no reasoning for their classification, making it impossible to assess their application of the predecisional or deliberative criteria. The sentence itself, '4. Closing the Digital Divide,' is a generic topic heading or objective. It does not inherently contain predecisional or deliberative content (e.g., recommendations, opinions, drafts, or internal 'give-and-take'). It is a factual statement of a goal or area of focus. Without additional context, it cannot be classified as deliberative.",0,0,early exit: A1 and A2 agree,0
448,"If we are to close the opportunity gap in the next century, we must do all we can to address the emerging digital divide.",1,0,,,flawed,"The colleague provided no reasoning for their prediction, which is a critical flaw in the assessment process. Without the steps, it's impossible to understand their application of the predecisional and deliberative criteria. However, their prediction (0 = NOT-DELIB) appears incorrect. The sentence 'If we are to close the opportunity gap in the next century, we must do all we can to address the emerging digital divide' expresses a strong policy opinion and recommendation for future action. The 'if...then we must' structure indicates a proposed course of action or a strategic imperative, which is inherently deliberative. It reflects a viewpoint on what the agency 'should' do, rather than a factual statement or a final, established policy.",1,1,"Analyst 1 provided no reasoning for their prediction, rendering their assessment unsupportable. Analyst 2 correctly identified this flaw and provided a robust justification for classifying the sentence as deliberative. The sentence, 'If we are to close the opportunity gap in the next century, we must do all we can to address the emerging digital divide,' clearly expresses a policy opinion and a recommendation for future action. The 'if...then we must' structure indicates a proposed strategic imperative, reflecting the internal 'give-and-take' of the decision-making process rather than a statement of established policy or a factual observation. It is predecisional because it suggests a course of action to be taken, and deliberative because it represents a viewpoint on what the agency 'should' do. Therefore, Analyst 2's assessment is correct.",1
449,Key elements could include:,0,1,,,flawed,The analyst failed to provide any reasoning for their predecisional and deliberative steps. A sound classification requires a clear articulation of how the criteria are met.,1,1,early exit: A1 and A2 agree,1
450,Community Technology Centers.,0,0,,,flawed,"The analyst provided no reasoning for their prediction. The sentence 'Community Technology Centers.' is a simple noun phrase or label. It does not inherently contain any predecisional or deliberative content such as recommendations, opinions, or policy discussions. Without further context, it cannot be determined to reflect the 'give-and-take' of the decision-making process or represent personal views. A mere label or topic heading, without more, does not meet the criteria for Exemption 5.",0,0,early exit: A1 and A2 agree,0
451,A more than four-fold increase in funding - from $32.5 million in FY 2000 to $132.5 million in FY 2001 as part of a major challenge to have Internet centers in all  poor communities.,0,0,,,flawed,"The colleague provided no reasoning for either the pre-decisional or deliberative steps. A classification without supporting rationale is inherently flawed, as it does not demonstrate how the criteria were applied or considered.",0,0,early exit: A1 and A2 agree,0
452,"We could  challenge  the private sector to contribute hardware, software and man-hours  and possibly give them tax incentives  to donate used equipment.",1,1,,,flawed,"The colleague's reasoning is flawed because they provided no explanation for Step 1 (Pre-decisional) or Step 2 (Deliberative). Without any articulated reasoning, it is impossible to assess whether they correctly applied the criteria. A proper assessment requires a clear explanation of how the sentence meets (or fails to meet) each criterion.",1,1,early exit: A1 and A2 agree,1
453,Develop Universal Internet Access.,0,0,,,flawed,The colleague's reasoning is entirely absent for both the pre-decisional and deliberative steps. Providing a prediction without any supporting analysis or explanation of how the criteria were applied constitutes a fundamental flaw in the assessment process. It is impossible to determine if they misapplied criteria when no application was provided.,0,0,early exit: A1 and A2 agree,0
454,Reserve a 100 million fund for public-private partnerships to bring affordable Internet access to poor families.,0,1,,,flawed,"The colleague failed to provide any reasoning for Step 1 (Pre-decisional) or Step 2 (Deliberative). Without any explanation of their thought process, it is impossible to assess whether they correctly applied the criteria for Exemption 5. Providing a prediction without supporting reasoning is a fundamental flaw in the assessment process.",1,1,early exit: A1 and A2 agree,1
455,â—¦ Teacher Training for the Internet.,0,0,,,flawed,"No reasoning was provided for either the pre-decisional or deliberative steps, making it impossible to assess the colleague's thought process. The absence of any explanation for the classification decision is a critical flaw.",0,0,early exit: A1 and A2 agree,0
456,"We could dedicate $100 million- perhaps from the existing technology literacy challenge initiative - to ensure all new teachers, or all middle-school teachers, receive training in how to use computers as a learning device.",1,1,,,flawed,"The colleague failed to provide any reasoning for Step 1 (Pre-decisional) or Step 2 (Deliberative). Without the explicit application of the criteria to the sentence, it is impossible to assess the soundness of their reasoning process. While the final prediction may be correct, the lack of articulated steps means the reasoning itself is incomplete and cannot be evaluated.",1,1,early exit: A1 and A2 agree,1
457,â—¦ School Internet Modernization Fund.,0,0,,,flawed,"Colleague provided no reasoning for either the pre-decisional or deliberative steps. While the prediction is likely correct, the absence of any analytical steps makes the reasoning unsound.",0,0,early exit: A1 and A2 agree,0
458,A discretionary counterpart to our school construction proposal to modernize schools for new teachers and Internet access.,0,1,,,flawed,"The colleague provided no reasoning for Step 1 (Pre-decisional) or Step 2 (Deliberative). Without the explicit application of the criteria, it is impossible to assess the soundness of their reasoning process. A complete analysis requires demonstrating how the sentence meets both the predecisional and deliberative elements of Exemption 5.",1,1,early exit: A1 and A2 agree,1
459,5. Closing the Opportunity Gap for College.,0,0,,,flawed,"The analyst provided no reasoning for either the pre-decisional or deliberative criteria. Without any explanation of how they applied the criteria to the sentence, it is impossible to assess their thought process or the soundness of their conclusion. A complete analysis requires articulating the application of both steps.",0,0,early exit: A1 and A2 agree,0
460,"This element would focus on different aspects of closing the opportunity gap for college: helping more students aspire to and prepare for college, continuing to make college more affordable, and starting to address America's quiet crisis of dedining college completion rates.",1,1,,,flawed,"The colleague failed to provide any reasoning for either the pre-decisional or deliberative steps. Without any explanation of how the sentence meets these criteria, it is impossible to assess the soundness of their logic. A prediction without supporting analysis is insufficient.",1,1,early exit: A1 and A2 agree,1
461,Keeping Students on Track to College.,0,0,,,flawed,"The colleague provided no reasoning for either the predecisional or deliberative steps. Without any explanation of how the sentence relates to the criteria, it is impossible to assess the soundness of their application. A complete analysis requires articulating how the specific content of the sentence meets or fails to meet each criterion.",0,0,early exit: A1 and A2 agree,0
462,"we could increase access for impoverished young people through Youth Opportunity Grants, TRIO, GEAR UP, and Youth Build, increasing funding to a total of $500 million.",1,1,,,flawed,"Colleague failed to provide any reasoning for applying either the predecisional or deliberative criteria in their steps. While the final prediction may be correct, the lack of explanation for how they arrived at that conclusion makes the reasoning process unsound. A proper assessment requires articulating how the sentence meets both criteria.",1,1,early exit: A1 and A2 agree,1
463,â—¦ AP Courses Online.,0,0,,,flawed,"The analyst provided no reasoning for either the predecisional or deliberative criteria, making it impossible to assess their thought process. Both steps are empty, which is a critical flaw in the assessment.",0,0,early exit: A1 and A2 agree,0
464,Small and poor schools often-lack the resources and teachers to  offer challenging courses.,0,0,,,flawed,"The colleague failed to provide any reasoning for Step 1 (Pre-decisional) and Step 2 (Deliberative). Without the underlying rationale, it is impossible to assess the soundness of their application of the criteria. A proper assessment requires explicit justification for each step, demonstrating how the criteria were considered.",0,0,early exit: A1 and A2 agree,0
465,This distance learning initiative aims to ensure that students in underserved areas get access to Advanced Placement and other highÂ­ quality academic courses and ESL programs online.,0,0,,,flawed,"The colleague's reasoning is flawed because no explanation was provided for either the predecisional or deliberative steps. A prediction was made without any supporting analysis, making it impossible to assess the soundness of their thought process.",0,0,early exit: A1 and A2 agree,0
466,"Total funding for the initiative would be $225 million, including $50 million for grants, $25 million for course development, and.$125 million in increases in existing programs.",1,0,,,flawed,"The colleague provided no reasoning for either the pre-decisional or deliberative steps, making it impossible to assess their application of the criteria. A complete analysis requires explicit justification for each step.",1,1,"The sentence states, 'Total funding for the initiative would be $225 million, including $50 million for grants, $25 million for course development, and.$125 million in increases in existing programs.' The key phrase 'would be' indicates that these figures represent a proposed or potential funding allocation, not a final, decided budget. This makes the information predecisional, as it precedes the agency's final action on funding. Furthermore, the specific breakdown of funds for different components of the initiative ($50 million for grants, $25 million for course development, $125 million for existing programs) reflects a recommendation or a specific policy choice being considered as part of the internal 'give-and-take' of the decision-making process. It represents a proposed plan or a point of discussion rather than a mere statement of fact about an established policy or budget. Therefore, it is deliberative. Analyst 1's prediction of 0 (NOT-DELIB) is not supported by the language, while Analyst 2's suggestion of 1 (DELIBERATIVE) aligns with a proper application of the criteria.",1
467,â—¦ Test Prep for Poor Kids.,0,1,,,flawed,"The colleague provided no reasoning for either the predecisional or deliberative criteria, which is a fundamental flaw in the assessment process. The sentence 'Test Prep for Poor Kids' is highly context-dependent. While it could be deliberative if it represents a proposed idea, a topic for discussion, or a recommendation within the agency's internal decision-making process, it is not inherently or 'always' deliberative. Without context, it could also be a factual reference to an existing program, a public title, or a descriptive label, in which case it would not qualify for Exemption 5.",0,0,"Analyst 1 provided a prediction without any supporting reasoning, which is a fundamental flaw in the assessment process. Analyst 2 correctly identified this issue and highlighted the critical role of context for Exemption 5. The sentence 'â—¦ Test Prep for Poor Kids' is a descriptive phrase or a potential program title. Without context, it is impossible to determine if it represents a proposed idea, a topic for internal discussion, or a recommendation (which would make it deliberative), or if it is a factual reference to an existing program, a public title, or a descriptive label (which would make it non-deliberative). The phrase itself does not inherently reflect the 'give-and-take' of the decision-making process, personal views, or recommendations. As the burden of proof for applying an exemption rests with the agency, and given the ambiguity without context, the deliberative nature cannot be established. Therefore, Analyst 2's argument is stronger and more aligned with FOIA principles requiring clear justification for withholding information.",0
468,"This program would support partnerships among high schools, proven providers of college test  prep courses (like Kaplan,  Princeton Review), and community-based organizations to offer high-need students SAT/ACT preparation arid other services related to college admissions.",0,1,,,flawed,"Colleague failed to provide any reasoning for classifying the sentence as predecisional or deliberative. While the prediction may be correct, the lack of justification makes the reasoning unsound. A proper assessment requires articulating how the sentence meets both the predecisional and deliberative criteria.",1,1,early exit: A1 and A2 agree,1
469,"Grants of $30 million would serve approximately  50,000 students.",0,1,,,flawed,"The colleague provided no reasoning for either the predecisional or deliberative steps, which is a critical omission. A prediction without supporting analysis cannot be considered sound. 

Furthermore, the sentence itself, 'Grants of $30 million would serve approximately 50,000 students,' is a factual projection or an estimate of potential impact. While such information is often *used* in a predecisional and deliberative context to inform decision-making, the sentence itself does not inherently reflect the 'give-and-take' of the decision-making process, offer a recommendation, express a policy opinion, or represent personal views in the manner required for deliberative material. It's an analytical input, not the deliberation itself. Therefore, classifying it as *always* deliberative is incorrect.",0,0,"Analyst 1 provided a prediction without any supporting reasoning, which makes their assessment unreliable and unreviewable. Analyst 2 correctly identified this critical omission.

Regarding the sentence itself, 'Grants of $30 million would serve approximately 50,000 students,' Analyst 2's analysis is sound. This sentence presents a factual projection or an estimate of potential impact. While such information is undoubtedly valuable and often utilized within a predecisional and deliberative context to inform decision-making, the sentence itself does not inherently reflect the 'give-and-take' of the decision-making process. It does not offer a recommendation, express a policy opinion, or represent personal views on what *should* be done. Instead, it functions as an analytical input or a statement of potential consequence, providing data points for consideration rather than constituting the deliberation itself. The deliberative process privilege protects the internal discussions, recommendations, and opinions that lead to a decision, not the factual or statistical information that merely informs those discussions. Therefore, this sentence is best characterized as a factual projection, not deliberative material.",0
470,A couple of announcements that would make real sense to announce at the DLC:     (1) EITC -- new proposal plus victory lap on record,1,1,,,flawed,"The colleague failed to provide any reasoning for Step 1 (Pre-decisional) and Step 2 (Deliberative), which is a critical part of the assessment process. While the prediction may be correct, the lack of articulated reasoning makes the assessment of their process flawed.",1,1,early exit: A1 and A2 agree,1
471,(2) Child support -- new proposals plus new accomplishments data (see below)    .,1,1,,,flawed,"The colleague's reasoning is flawed because both Step 1 (Pre-decisional) and Step 2 (Deliberative) are left blank. Without any articulated reasoning, it is impossible to assess the soundness of their application of the Exemption 5 criteria.",1,1,early exit: A1 and A2 agree,1
472,"(3) Welfare to work success -- new numbers from Welfare to Work Partnership (hiring, retention) plus general accomplishments",1,0,,,flawed,"The colleague provided no reasoning for either the predecisional or deliberative steps, making it impossible to assess their thought process. A prediction without supporting rationale is insufficient for a proper FOIA review.",0,0,early exit: A1 and A2 agree,0
473,And of course we could add our food stamp car and IDA car policies.,1,1,,,flawed,"The analyst failed to provide any reasoning for their classification, leaving Step 1 (Pre-decisional) and Step 2 (Deliberative) blank. While the final prediction is correct, the absence of explicit reasoning prevents a proper assessment of whether the criteria were correctly applied. A complete analysis requires demonstrating how the sentence meets both the predecisional and deliberative elements of Exemption 5.",1,1,early exit: A1 and A2 agree,1
474,These announcements could work either before or after the VP announces the $250 million employment grants for fathers and families.,1,1,,,flawed,The colleague provided no reasoning for either the pre-decisional or deliberative steps. This makes it impossible to assess their application of the criteria. A prediction without supporting analysis is not a sound basis for classification.,1,1,early exit: A1 and A2 agree,1
475,New Child Support Data We will have new data which show i) child support collections have nearly doubled under this Administration (from $8 billion in 1992 to and estimated $15.5 billion in 1999);,0,0,,,flawed,"The colleague provided no reasoning for either the predecisional or deliberative steps. This is a critical omission, as a proper Exemption 5 analysis requires a clear application of both criteria to the specific content of the sentence.",0,0,early exit: A1 and A2 agree,0
476,ii) of that $15.5 billion a record $1.3 billion came from seizing tax returns (up 18 percent over last  year);,0,0,,,flawed,"The reasoning steps for both pre-decisional and deliberative criteria are empty. While the final prediction is correct, the lack of articulated reasoning makes the assessment process flawed. The sentence itself is a factual statement reporting statistics ($1.3 billion from seizing tax returns, up 18 percent). It does not contain recommendations, opinions, or reflect the 'give-and-take' of a decision-making process, nor does it appear to be predecisional in nature. It is simply a statement of fact.",0,0,early exit: A1 and A2 agree,0
477,"iii) the new child support computer system proposed by the Administration in 1994 and enacted in 1996 located nearly 3 million delinquent parents and over 650,000 of their bank accounts last year;",0,0,,,flawed,"The colleague provided no reasoning for either the predecisional or deliberative steps. While the final prediction is correct, the lack of explanation means the reasoning process itself is flawed. The sentence describes the historical enactment of a system and its factual performance results. This is factual information about an already implemented program, not predecisional advice or recommendations leading to a decision. It does not reflect the 'give-and-take' of the decision-making process, nor does it represent personal views or policy opinions; rather, it states established outcomes.",0,0,early exit: A1 and A2 agree,0
478,"and iv) a child support law enforcement initiative launched by the Administration last year has inve tigated nearly 1,000 cases of the worst offenders, making nearly 300 arrests and obtaining $5.3 million in restitution orders.",0,0,,,flawed,"The colleague provided no reasoning for either the predecisional or deliberative steps. While the final prediction is correct, the absence of justification makes the reasoning process flawed. A proper assessment requires articulating how the criteria are applied to the specific text.",0,0,early exit: A1 and A2 agree,0
479,These descriptions are still accurate.,0,0,,,flawed,Colleague's reasoning for Step 1 (Pre-decisional) and Step 2 (Deliberative) is entirely missing. It is impossible to assess the application of the criteria without any stated reasoning. The assessment cannot be evaluated if the steps are blank.,0,0,early exit: A1 and A2 agree,0
480,"The details of the tobacco policy are still being worked out, but you could use this generic language as a placeholder.",1,1,,,flawed,"The colleague failed to provide any reasoning for either the predecisional or deliberative steps. Without any explanation of how the criteria were applied, their reasoning cannot be assessed as sound. A proper analysis requires demonstrating how the sentence meets both criteria.",1,1,early exit: A1 and A2 agree,1
481,"Donâ€™t call it tobacco ""penalty""",1,1,,,flawed,"Colleague provided no reasoning for Step 1 (Pre-decisional) or Step 2 (Deliberative), making it impossible to assess their thought process. While the prediction may be correct, the lack of articulated reasoning is a significant flaw in the assessment process.",1,1,early exit: A1 and A2 agree,1
482,Tobacco - Raising the Price of Cigarettes so Fewer Young People will Smoke.,0,1,,,flawed,"The analyst provided no reasoning for either the predecisional or deliberative criteria, making it impossible to assess their application of the standards. A complete analysis requires explicit justification for each step, demonstrating how the sentence meets or fails to meet the criteria.",0,1,"Analyst 2 correctly identifies that Analyst 1 provided no reasoning, making their assessment impossible to evaluate. However, Analyst 2's suggestion of 'NOT-DELIB' is also presented without any supporting rationale, thus failing to provide a stronger alternative argument. 

Upon independent review, the sentence 'Tobacco - Raising the Price of Cigarettes so Fewer Young People will Smoke' is both pre-decisional and deliberative. It is pre-decisional because it proposes a potential action ('Raising the Price of Cigarettes') linked to a desired outcome ('so Fewer Young People will Smoke'), indicating it is a concept or strategy under consideration before a final decision or policy implementation. It is not a statement of an existing policy or a justification of a past decision. It is deliberative because it reflects a policy option or strategy being weighed. The phrasing suggests a recommendation or a proposed course of action and its intended effect, which is central to the 'give-and-take' of policy formulation. It represents a potential approach rather than a factual statement or established agency policy.",1
483,Public health experts agree that the single most effective way to cut youth smoking is to raise the price of cigarettes.,0,0,,,flawed,"The colleague's reasoning steps for both pre-decisional and deliberative criteria are entirely missing. While their final prediction (0) is correct, the absence of any articulated reasoning makes it impossible to assess their understanding or application of the Exemption 5 criteria. A proper assessment requires a clear explanation of how the criteria were applied to the specific sentence.",0,0,early exit: A1 and A2 agree,0
484,"To reduce youth smoking, the budget will include a combination of excise taxes and assessments on the industry if companies fail to meet youth smoking reduction targets.",0,0,,,flawed,"Colleague provided no reasoning for Step 1 (Pre-decisional) or Step 2 (Deliberative). The absence of any explanation for how the criteria were applied makes it impossible to assess the soundness of their reasoning. While the final prediction may be correct, the lack of supporting analysis is a significant flaw.",0,0,early exit: A1 and A2 agree,0
485,Listed below are the descriptions of the budget initiatives in your area that could be rolled out prior to the SOTU that I have included in the DPC memo regarding rollout.,0,1,,,flawed,"The colleague failed to provide any reasoning for Step 1 (Pre-decisional) or Step 2 (Deliberative). Without any explanation of how the criteria were applied, it is impossible to assess the soundness of their thought process. A prediction without supporting reasoning is not a valid assessment.",1,1,early exit: A1 and A2 agree,1
486,"Please let me know if you have any edits, updates, changes, etc. to these descriptions.",0,1,,,flawed,"The analyst's reasoning for both the predecisional and deliberative steps is entirely missing. Without any stated rationale, it is impossible to assess whether they correctly applied the Exemption 5 criteria. The absence of reasoning is a critical flaw in the assessment process.",1,1,early exit: A1 and A2 agree,1
487,Any additions in blank areas would be greatly appreciated.,0,1,,,flawed,"The colleague's reasoning is fundamentally flawed as they provided no justification for either the predecisional or deliberative criteria. A prediction without any supporting analysis of the criteria cannot be considered sound. The sentence itself, 'Any additions in blank areas would be greatly appreciated,' is a request for input, not the input or deliberation itself. While it suggests a predecisional context (as the document is not final and soliciting additions), the sentence's content is procedural rather than reflecting the 'give-and-take' of the decision-making process, recommendations, or personal views on policy.",0,0,"Analyst 1 provided a prediction without any supporting justification, which is insufficient for a proper assessment. Analyst 2 correctly identified this flaw and provided a more robust analysis. While the sentence 'Any additions in blank areas would be greatly appreciated' clearly indicates a predecisional stage, as it solicits input for a document that is not yet final, the sentence itself is not deliberative. It is a procedural request for input, an invitation for others to contribute, rather than a substantive recommendation, opinion, or policy view from the author. The deliberative process privilege protects the 'give-and-take' of the decision-making process, meaning the actual recommendations, analyses, or opinions. This sentence merely facilitates that process without containing any deliberative content itself. Therefore, it does not meet the deliberative criterion.",0
488,Philanthropy/Faith-Based Initiatives.,0,0,,,flawed,"The colleague provided no reasoning for their classification, failing to articulate how the sentence meets either the predecisional or deliberative criteria. A classification without supporting rationale is inherently flawed. To properly assess Exemption 5, one must explain how the record is both predecisional and deliberative.",0,0,early exit: A1 and A2 agree,0
489,Among the possible announcements we can make are         1) steps to increase involvement of community- and faith-based groups in after-school and other important programs; and 2) new tax incentives to promote increased charitable giving by all taxpayers.,1,1,,,flawed,"Colleague provided no reasoning for Step 1 (Pre-decisional) or Step 2 (Deliberative), making it impossible to assess their application of the criteria. A sound assessment requires explicit reasoning for each step to demonstrate how the criteria were met or not met.",1,1,early exit: A1 and A2 agree,1
490,Responsible Fatherhood Initiative: Promoting responsible fatherhood is the critical next stage of welfare reform and one of the most important things we can do to reduce child poverty.,1,0,,,flawed,The colleague failed to provide any reasoning for Step 1 (Pre-decisional) or Step 2 (Deliberative). This omission makes it impossible to assess their thought process and is a fundamental error in applying the Exemption 5 criteria. A proper analysis requires articulating how the sentence meets or fails to meet both the predecisional and deliberative prongs.,0,0,early exit: A1 and A2 agree,0
491,We could a) announce new data showing the dramatic increases in child support collections made by this Administration and at the same time put forward a package of proposals to,1,1,,,flawed,The analyst failed to provide any reasoning for their pre-decisional and deliberative steps. This omission prevents a critical assessment of whether the criteria were correctly applied. A complete explanation of how the sentence meets each criterion is required for a sound classification.,1,1,early exit: A1 and A2 agree,1
492,b.) ensure every unemployed parent who owes child support goes to work and supports his children;,1,1,,,flawed,"Analyst 1 failed to provide any reasoning for Step 1 (Pre-decisional) or Step 2 (Deliberative), making it impossible to assess their application of the criteria. Without context, the sentence 'b.) ensure every unemployed parent who owes child support goes to work and supports his children;' is not *always* deliberative. This statement of an objective or goal could represent a final agency objective or policy statement in a non-deliberative document, such as a strategic plan or final report, rather than an internal recommendation or draft.",0,0,"Analyst 1 failed to provide any reasoning for their prediction, making it impossible to assess their application of the deliberative process privilege criteria. Analyst 2 correctly identifies this flaw and highlights that, without context, the sentence 'b.) ensure every unemployed parent who owes child support goes to work and supports his children;' could represent either a deliberative recommendation/draft or a final, non-deliberative agency objective or policy statement. The burden is on the agency to demonstrate that the document is both predecisional and deliberative. Without any contextual information to establish that this statement is part of an internal 'give-and-take' process, a draft, or a recommendation preceding a final decision, it cannot be definitively classified as deliberative. The statement, phrased as an objective, is ambiguous on its own. Therefore, Analyst 2's argument is stronger, as the criteria for Exemption 5 have not been met or demonstrated.",0
493,c) collect more child support from parents who can afford to pay;,1,1,,,flawed,"The primary issue is the complete absence of reasoning for both the pre-decisional and deliberative steps. A prediction without any supporting analysis is not a sound assessment. While the final prediction may be correct, the process is flawed due to the lack of explanation.",1,1,early exit: A1 and A2 agree,1
494,d) revise outdated rules to ensure mothers and children receive more of the support the father pays;,1,1,,,flawed,"The analyst provided no reasoning for either the pre-decisional or deliberative steps. Without any explanation of how the criteria were applied, it is impossible to assess the soundness of their reasoning. A prediction was made without any supporting analysis.",1,1,early exit: A1 and A2 agree,1
495,and e) promote efforts to ensure fathers returning from prison become responsible fathers and responsible members of society.,1,0,,,flawed,"The colleague's reasoning is incomplete as Step 1 (Pre-decisional) and Step 2 (Deliberative) are left blank. Without any explanation of how the criteria were applied, it is impossible to assess the soundness of their reasoning.",0,0,early exit: A1 and A2 agree,0
496,Jack said you were asking about the food stamps immigrant proposals.,0,0,,,flawed,"The colleague failed to provide any reasoning for either the predecisional or deliberative steps. While the prediction is correct, the lack of explanation means the reasoning itself is unsound. The sentence is a purely factual statement reporting on an inquiry, not reflecting any predecisional deliberation or opinion.",0,0,early exit: A1 and A2 agree,0
497,Let me know if you need more info.,0,0,,,flawed,The colleague failed to provide any reasoning for either the predecisional or deliberative criteria. This omission makes it impossible to assess their thought process or identify specific misapplications of the criteria. A proper assessment requires explicit justification for each step.,0,0,early exit: A1 and A2 agree,0
498,"The reproposal of last year's food stamps elderly policy will help 10,000 people by FY05.",1,1,,,flawed,The analyst provided no reasoning for either the predecisional or deliberative steps. This complete lack of analysis makes their prediction unsupported and demonstrates a fundamental flaw in their review process. A proper Exemption 5 analysis requires a clear application of both criteria.,1,1,early exit: A1 and A2 agree,1
499,"The new proposal, to restore benefits to pre 8/22/96 adults in families with kids, will help 150,000 people by FY05.",1,1,,,flawed,"The colleague provided no reasoning for either the predecisional or deliberative steps, making it impossible to assess their application of the criteria. A prediction without supporting analysis is insufficient.",1,1,early exit: A1 and A2 agree,1
500,"Apparently our parents of CHIP proposal as currently scored wouldn't give states the option of covering legal immigrant parents, despite the fact that we propose to cover legal immigrant kids under CHIP.",1,1,,,flawed,"The colleague provided no reasoning for either the predecisional or deliberative criteria. A proper Exemption 5 analysis requires a clear, step-by-step explanation of how the document meets both criteria. Without any justification, their prediction cannot be properly assessed.",1,1,early exit: A1 and A2 agree,1
501,"(Under current law legal immigrant children who arrived pre 8/96 can be covered by CHIP or Medicaid at state option, and we have proposed and will re-propose to allow the Medicaid/CHIP state option for immigrant children arriving post-8/96.)",0,0,,,flawed,"Colleague provided no reasoning for Step 1 (Pre-decisional) or Step 2 (Deliberative), making it impossible to assess their application of the criteria. A proper analysis requires articulating how the sentence meets or fails to meet each criterion. Without this, the reasoning is incomplete and cannot be evaluated as sound.",0,0,early exit: A1 and A2 agree,0
502,Mendelson and I realized this yesterday and he's got folks scoring the additional cost.,1,1,,,flawed,"The analyst's reasoning is incomplete as Step 1 (Pre-decisional) and Step 2 (Deliberative) are left blank. Without the specific reasoning provided, it is impossible to assess the soundness of their application of the criteria.",1,1,early exit: A1 and A2 agree,1
503,If the parents proposal flies (and I hope it does) I think it would be embarrassing if we left out legal immigrants.,1,1,,,flawed,The colleague failed to provide any reasoning for either the predecisional or deliberative steps. A prediction without supporting analysis is insufficient and does not demonstrate a proper application of the Exemption 5 criteria.,1,1,early exit: A1 and A2 agree,1
504,We spoke again to Barbara Chow and others at OMB on other legal immigrant matters.,1,0,,,flawed,"Colleague did not provide any reasoning for Step 1 (Pre-decisional) or Step 2 (Deliberative). Without the underlying rationale, it is impossible to assess the soundness of their application of the criteria. The absence of reasoning is a critical flaw in the assessment process, as it prevents a proper evaluation of how the criteria were considered.",0,0,early exit: A1 and A2 agree,0
505,OMB thinks we can pay for re-proposing our proposals from last year plus maybe a small add on which would be helpful but fall short of the advocates wish list.,1,1,,,flawed,"The colleague's reasoning steps for both pre-decisional and deliberative criteria are entirely missing. Without any articulated reasoning, it is impossible to assess the soundness of their thought process, even if the final prediction appears correct. A proper assessment requires documented steps demonstrating how the criteria were applied to the sentence.",1,1,early exit: A1 and A2 agree,1
506,"The attached table has more information, but broadly:",0,0,,,flawed,"The colleague's reasoning is flawed because both the predecisional and deliberative steps are left entirely empty. While the prediction is correct, no justification or analysis was provided to support it. A proper assessment requires articulating why the criteria are or are not met.",0,0,early exit: A1 and A2 agree,0
507,"Re-proposing FY 2000 proposals: $1.9 billion over 5 years, $11.6 billion over 10.",1,1,,,flawed,"Colleague provided no reasoning for Step 1 (Pre-decisional) or Step 2 (Deliberative), making it impossible to assess their thought process. A prediction without supporting reasoning is not a sound assessment.",1,1,early exit: A1 and A2 agree,1
508,"FY 2000 proposals plus small add-on: $2.1-2.4 billion over 5 years, $12.3-$12.6 billion over 10.",1,1,,,flawed,"The analyst provided no reasoning for either the predecisional or deliberative criteria. A prediction was made without any supporting analysis, which is critical for a sound Exemption 5 determination.",1,1,early exit: A1 and A2 agree,1
509,"Advocates wish list: $7.2 billion over 5 years, at least $26 billion over 10",1,0,,,flawed,"The colleague's reasoning for Step 1 (Pre-decisional) and Step 2 (Deliberative) is entirely missing, making it impossible to assess their thought process or identify specific misapplications of criteria. A complete reasoning is necessary for a sound assessment.",0,0,early exit: A1 and A2 agree,0
510,Mary and NEC have been working with DOT to develop a package of '01 tribal transportation proposals.,1,1,,,flawed,"The primary issue is the complete absence of reasoning for both Step 1 (Pre-decisional) and Step 2 (Deliberative). Without any articulated justification, it's impossible to assess the colleague's thought process. 

Furthermore, the sentence itself, 'Mary and NEC have been working with DOT to develop a package of '01 tribal transportation proposals,' is a factual statement describing an ongoing activity. While the *outcome* of this activity (the proposals) might be deliberative, the statement *that* the activity is occurring is purely factual. It does not contain recommendations, opinions, advice, or reflect the 'give-and-take' of the decision-making process. Factual information, even if related to a deliberative process, is generally not protected under Exemption 5 unless its disclosure would reveal the agency's deliberations.",0,0,"Analyst 1 provided a prediction without any supporting reasoning, making it impossible to evaluate their thought process. Analyst 2 correctly identified this flaw and provided a well-reasoned argument. The sentence, 'Mary and NEC have been working with DOT to develop a package of '01 tribal transportation proposals,' is a factual statement describing an ongoing activity. It reports on the status of work being done to create proposals. While the *proposals themselves* might be predecisional and deliberative once they contain recommendations or opinions, the statement *that* this work is occurring is purely factual. It does not contain recommendations, opinions, advice, or reflect the 'give-and-take' of the decision-making process. Disclosing this sentence would not reveal the substance of any agency deliberation, but merely the fact that a process of developing proposals is underway. Therefore, it does not meet the criteria for deliberative process privilege.",0
511,We worked to make sure they gave serious consideration to allowing tribes to apply directly for Access to Jobs grants (as you know we've been going back and forth with FTA about this for a while).,1,1,,,flawed,"The colleague failed to provide any reasoning for Step 1 (Pre-decisional) and Step 2 (Deliberative), making it impossible to assess their thought process. They only provided a prediction without supporting analysis.",1,1,early exit: A1 and A2 agree,1
512,"Yesterday, DOT agreed to propose appropriations language that will allow tribes to apply directly for Access to Jobs grants.",1,1,,,flawed,"The colleague provided no reasoning for either step, which is a fundamental flaw in the assessment process. The sentence states a factual outcome of an internal agreement ('DOT agreed to propose'), rather than reflecting the internal 'give-and-take' of the decision-making process, recommendations, or personal views. While the *process* leading to this agreement was deliberative, the sentence itself is a statement of an internal decision, not the deliberation itself. Therefore, it fails the deliberative criterion.",0,0,"The deliberative process privilege requires a document to be both predecisional and deliberative. While the internal agreement to propose appropriations language could be considered predecisional to the ultimate agency action (the actual proposal and subsequent legislative process), the sentence fails the deliberative criterion.

The sentence states a factual outcome: 'DOT agreed to propose appropriations language'. This is a statement of an internal decision that has already been made, not a reflection of the 'give-and-take' of the decision-making process, recommendations, legal advice, or policy opinions. It reports the *result* of deliberation, rather than being part of the deliberation itself. It does not represent the personal views of the author or offer a recommendation; instead, it reports a collective agency agreement. Analyst 2 correctly identifies that the sentence is a 'statement of an internal decision, not the deliberation itself.' Analyst 1's assessment is unsupported by any reasoning and is contradicted by a careful application of the deliberative criterion.",0
513,"They also plan to set aside $5 M within the $150 M for tribes, but they think this can be done administratively through the application process.",1,1,,,flawed,"The analyst provided no reasoning for Step 1 (Pre-decisional) or Step 2 (Deliberative), making it impossible to assess their application of the criteria. The prediction was made without any stated justification.",1,1,early exit: A1 and A2 agree,1
514,Apparently they also plan to do a similar set-aside for projects in the Delta.,1,1,,,flawed,"The colleague provided no reasoning for either the pre-decisional or deliberative steps, making it impossible to assess their thought process. A prediction without supporting rationale is inherently flawed. 

Regarding the sentence itself: 'Apparently they also plan to do a similar set-aside for projects in the Delta.'

1.  **Pre-decisional:** The phrase 'plan to do' suggests that the action is not yet final, which could indicate a pre-decisional stage. However, without context, it's unclear if 'they' refers to the agency itself or another entity. If it's another entity's plan, it might not be pre-decisional for *this agency's* decision-making process, unless this agency is deliberating its response to that plan.

2.  **Deliberative:** The sentence is an observation or report about a plan, not a recommendation, opinion, or piece of advice. It does not reflect the 'give-and-take' of the decision-making process, nor does it express the author's personal views in a way that contributes to a decision (e.g., 'I recommend X' or 'My opinion is Y'). The word 'Apparently' further suggests it's an unconfirmed piece of information rather than a firm policy position or a direct contribution to deliberation. It's more of a factual update on a developing situation.",0,0,"Analyst 1 provided a prediction without any supporting rationale, making it impossible to assess their reasoning. Analyst 2, however, provided a thorough analysis. While the phrase 'plan to do' might suggest a pre-decisional stage, Analyst 2 correctly identifies that the sentence itself is an observation or report about a potential plan by 'they' (an unspecified entity), rather than a recommendation, opinion, or piece of advice from the author. The word 'Apparently' further indicates that it's an unconfirmed piece of information being relayed, not a direct contribution to the agency's internal 'give-and-take' decision-making process. The sentence does not reflect the author's personal views or recommendations that would shape a decision. It functions more as a factual update on a developing situation rather than a deliberative input. Therefore, it does not meet the criteria for deliberative process privilege.",0
515,Set-aside grants would still have to follow the ATJ program requirements.,1,1,,,flawed,"The reasoning for both Step 1 (Pre-decisional) and Step 2 (Deliberative) is entirely absent. Without any explanation of how the colleague applied the criteria, it is impossible to assess the soundness of their reasoning. A classification cannot be justified without articulated reasoning.",0,1,"Analyst 1 provided a prediction without any supporting reasoning, which Analyst 2 correctly identified as a flaw. Therefore, Analyst 1's prediction cannot be directly relied upon without independent verification. Analyst 2 suggested 'NOT-DELIBERATIVE' but also without providing their own reasoning.

My independent assessment of the sentence, 'Set-aside grants would still have to follow the ATJ program requirements,' is as follows:

1.  **Predecisional:** The phrase 'Set-aside grants' implies a new or proposed category of grants, and the statement 'would still have to follow' suggests a discussion about the parameters or conditions of these grants before a final decision on their structure or implementation has been made. Thus, the statement is likely made in the context of an ongoing decision-making process.

2.  **Deliberative:** The phrasing 'would still have to follow' indicates that the applicability of the 'ATJ program requirements' to 'set-aside grants' is a point of discussion or clarification. It's not merely a neutral statement of an existing, universally understood fact, but rather an assertion or clarification made during the 'give-and-take' of policy formulation. It helps define the constraints or conditions for the proposed 'set-aside grants,' thereby shaping the ultimate decision. This type of clarification or assertion of a necessary condition during policy development is characteristic of the deliberative process, reflecting how existing rules are considered and applied to new initiatives.

Therefore, despite the lack of reasoning from Analyst 1, the sentence itself, when analyzed against the criteria, strongly suggests it is part of a deliberative process.",1
516,Can you call Jennifer Friedman and work with her to figure out how to spend the $15 million?,1,1,,,flawed,"The analyst provided no reasoning for either the predecisional or deliberative steps. Without any explanation, it is impossible to assess whether they correctly applied the criteria or simply made an unsupported prediction. This is a fundamental flaw in the assessment process.",1,1,early exit: A1 and A2 agree,1
517,(Since this is discretionary we would only worry about the year 1 costs.) .,0,1,,,flawed,"Colleague did not provide explicit reasoning for Step 1 (Pre-decisional) or Step 2 (Deliberative). While the prediction may be correct, the lack of articulated reasoning makes the assessment process unsound as it doesn't demonstrate how the criteria were applied.",1,1,early exit: A1 and A2 agree,1
518,I think your summary looks fine but it's essentially a much more articulate version of what we proposed last year and couldn't get the ag appropriators to fund.,1,1,,,flawed,"The colleague provided no reasoning for either the predecisional or deliberative steps, making it impossible to assess their thought process. A complete lack of justification is a fundamental flaw in the analysis.",1,1,early exit: A1 and A2 agree,1
519,Jennifer and Jeff Farkas are trying to figure out if they can squirrel away some of the $15 million elsewhere in a place that will be more likely to get funded.,1,0,,,flawed,"Colleague's reasoning for Step 1 (Pre-decisional) and Step 2 (Deliberative) is entirely missing, making it impossible to assess the soundness of their logic. Without the reasoning, their prediction cannot be validated. The sentence itself strongly indicates predecisional and deliberative content, suggesting the colleague's prediction of '0' (NOT-DELIB) is likely incorrect.",1,1,"The sentence describes an ongoing process of strategic planning and evaluation, indicating that a final decision has not yet been made. The phrase 'trying to figure out if they can squirrel away some of the $15 million elsewhere in a place that will be more likely to get funded' clearly demonstrates that the individuals are exploring options and weighing potential outcomes. This content is pre-decisional because it precedes any final agency action or decision on the funding allocation. It is deliberative because it reflects the internal 'give-and-take' of the decision-making process, showing the consideration of alternatives and strategic thinking rather than a statement of established policy or a final conclusion. Analyst 1's prediction of '0' (NOT-DELIB) is incorrect, as the sentence strongly exhibits both pre-decisional and deliberative characteristics. Analyst 2's assessment that the colleague's prediction is likely incorrect and their suggestion of '1' (DELIBERATIVE) is accurate.",1
520,Attached is my version of FNS's version that was axed by the Secretary's office and;,1,0,,,flawed,"The colleague failed to provide any reasoning for Step 1 (Pre-decisional) and Step 2 (Deliberative), making their assessment incomplete and impossible to fully evaluate. A complete analysis requires articulating how the sentence meets or fails to meet both criteria.",0,0,early exit: A1 and A2 agree,0
521,"therefore, never went to OMB for consideration.",1,0,,,flawed,"Colleague provided no reasoning for Step 1 (Pre-decisional) or Step 2 (Deliberative). The sentence 'therefore, never went to OMB for consideration' is a factual statement describing a procedural outcome or status. It does not offer recommendations, opinions, or advice, nor does it reflect the 'give-and-take' of the decision-making process. It is a statement of fact about what did not occur, rather than an input to a decision or an expression of internal deliberation.",0,0,early exit: A1 and A2 agree,0
522,I made some changes to it adding some language on working poor and playing down some of their nutritional education ideas and playing up on the outreach (education about eligibility) aspects.,1,1,,,flawed,"The analyst did not provide any reasoning for Step 1 (Pre-decisional) or Step 2 (Deliberative). Without the reasoning, it is impossible to assess whether they correctly applied the criteria. A complete analysis requires articulating how the sentence meets both the predecisional and deliberative tests.",1,1,early exit: A1 and A2 agree,1
523,I didn't remember you telling me that you already mentioned bumping it up to $15 million to Barbara.,1,0,,,flawed,"Colleague provided no reasoning for either the predecisional or deliberative criteria. A complete analysis requires justification for each step, explaining how the criteria apply or do not apply to the sentence in question. The absence of any reasoning is a critical flaw in the assessment process, even if the ultimate prediction might be correct.",0,0,early exit: A1 and A2 agree,0
524,Cynthia A. Rice,0,0,,,flawed,"The analyst provided no reasoning for either the predecisional or deliberative criteria. Without any explanation, it's impossible to assess their application of the Exemption 5 principles. The sentence 'Cynthia A. Rice' is a factual identifier and, in isolation, does not meet the criteria for predecisional or deliberative material.",0,0,early exit: A1 and A2 agree,0
525,"As you know I asked Barbara to up the number to $15 million, and at the welfare meeting late this afternoon Jennifer Friedman said OMB is prepared to go to $15 million but is looking for a place to put some of it that will be more likely to get enacted and wanted to know if we have any ideas.",1,1,,,flawed,"Colleague failed to provide any reasoning for Step 1 (Pre-decisional) and Step 2 (Deliberative). Without the articulated reasoning, it is impossible to assess their application of the criteria, making the process unsound. A proper assessment requires a clear explanation of how the sentence meets both the predecisional and deliberative elements of Exemption 5.",1,1,early exit: A1 and A2 agree,1
526,What is the attachment below?,0,0,,,flawed,"Colleague's reasoning for both pre-decisional and deliberative steps is entirely missing. A blank reasoning section is insufficient for a proper FOIA review. The sentence itself is a factual question and does not contain pre-decisional advice, recommendations, or opinions, nor does it reflect the 'give-and-take' of the decision-making process. It is not deliberative.",0,0,early exit: A1 and A2 agree,0
527,Is that FNS's original proposal?,0,1,,,flawed,"Analyst 1 provided no reasoning for Step 1 (Pre-decisional) or Step 2 (Deliberative), making it impossible to assess their application of the criteria. A prediction was made without any supporting analysis, which is a critical flaw in the review process.",1,1,early exit: A1 and A2 agree,1
528,"OMB included in passback $7 million for nutritional education, of which not less than $5 million is for educating food stamp eligibles not currently participating in the program -- including the working poor, welfare leavers, elderly, and ABAWD's of their ability to apply for food stamps.",0,0,,,flawed,"The colleague failed to provide any reasoning for their classification, leaving both the predecisional and deliberative steps blank. While their final prediction is correct, the lack of articulated reasoning makes the assessment process flawed. The sentence describes a final decision made by OMB ('OMB included in passback'), indicating it is a statement of an action already taken, not a predecisional document assisting in a decision. It also states a factual outcome rather than reflecting internal 'give-and-take,' recommendations, or personal views.",0,0,early exit: A1 and A2 agree,0
529,I'm not a big FORK fan - I think it's overly prescriptive but this is what it does:,0,0,,,flawed,"The colleague failed to provide any reasoning for either the predecisional or deliberative steps, making it impossible to assess their application of the criteria. A prediction without supporting analysis is not a sound assessment. The sentence itself contains strong indicators of deliberative content.",1,1,"The sentence 'I'm not a big FORK fan - I think it's overly prescriptive but this is what it does:' clearly expresses the author's personal opinion and critical evaluation of a specific tool or method ('FORK'). Phrases like 'I'm not a big FORK fan' and 'I think it's overly prescriptive' are subjective assessments that reflect the author's personal views and contribute to the internal 'give-and-take' of the decision-making process. This content is not a statement of established agency policy, nor is it a final decision or a justification of one. Instead, it represents an individual's input into a potential decision or discussion, making it both pre-decisional and deliberative. Analyst 1's assessment is unsupported by any reasoning, making it impossible to evaluate its validity. Analyst 2 correctly identifies the presence of strong deliberative indicators within the sentence, which aligns with the criteria for deliberative process privilege.",1
530,Requires FNS to conduct annual on-site inspections of local food stamp offices in every state and authorizes appropriations for this purpose.,0,0,,,flawed,"The colleague's reasoning is entirely missing for both Step 1 (Pre-decisional) and Step 2 (Deliberative). Without any explanation of their thought process, it is impossible to assess whether their application of the criteria was sound or flawed. A proper assessment requires the reasoning to be articulated.",0,0,early exit: A1 and A2 agree,0
531,(current FNS regulations require inspections but they can be desk audits which do not require annual visits.,0,0,,,flawed,"The primary issue is the complete absence of reasoning for both the predecisional and deliberative steps. While the prediction may be correct, the lack of explanation means the process is flawed and does not demonstrate an understanding of the Exemption 5 criteria. The sentence itself is a factual statement about current, established regulations, which is neither predecisional (as it describes existing policy, not a future decision) nor deliberative (as it states established policy, not a personal view, recommendation, or draft).",0,0,early exit: A1 and A2 agree,0
532,Authorizes a demonstration project in which FNS works with state caseworkers to develop caseworker training materials and guidebooks to help state provide clearer information about fs to TANF recipients.,0,0,,,flawed,"The colleague's reasoning is incomplete as Step 1 and Step 2 are blank. While the final prediction is correct, the lack of explanation for why the sentence is not deliberative is a significant flaw in the assessment process. The sentence uses the word 'Authorizes,' which indicates that a decision has already been made and an action has been taken. This makes the record post-decisional, not predecisional, and therefore it does not reflect the internal 'give-and-take' of the decision-making process or represent personal views for a decision yet to be made.",0,0,early exit: A1 and A2 agree,0
533,Authorizes a competitive grant program to be administered by USDA in consultation with HHS to develop local strategies for improving food stamp access and educating working families about their eligibility.,0,0,,,flawed,The colleague provided no reasoning for either the predecisional or deliberative steps. This complete lack of analysis makes it impossible to assess their application of the criteria and is a fundamental flaw in the reasoning process.,0,0,early exit: A1 and A2 agree,0
534,"These grants will go to food banks, schools, WIC clinics etc.",0,0,,,flawed,"The colleague provided no reasoning for either the predecisional or deliberative steps, making it impossible to assess their application of the criteria. The prediction is unsupported.",0,0,early exit: A1 and A2 agree,0
535,(Part of determining the cost is how many of these grants will authroized),0,1,,,flawed,"The colleague failed to provide any reasoning for Step 1 (Pre-decisional) or Step 2 (Deliberative). Without articulated reasoning, it is impossible to assess whether they correctly applied the FOIA Exemption 5 criteria. A prediction without supporting analysis is insufficient.",0,1,"The sentence 'Part of determining the cost is how many of these grants will authroized' is predecisional because it explicitly refers to an ongoing process ('determining the cost') and identifies a variable ('how many of these grants will be authorized') that needs to be settled before a final decision can be made. It is not a final decision, a justification for a decision, or an explanation of a settled matter. It is deliberative because it reflects an internal consideration or factor that needs to be weighed and decided upon as part of the agency's decision-making process regarding the cost and authorization of grants. It represents the 'give-and-take' of figuring out the implications of a potential action, rather than stating an established policy or a factual outcome. It is part of the internal thought process leading to a decision. While Analyst 2 correctly identified the lack of reasoning from Analyst 1, the sentence itself meets both the predecisional and deliberative criteria.",1
536,Requires state TANF programs to provide clear info about ts eligibility  to people being diverted from TANF and people exiting TAIF.,0,0,,,flawed,"The colleague's reasoning steps (Step 1 and Step 2) are blank, providing no explanation for their prediction. This indicates a critical flaw in their analytical process, as the reasoning behind a classification is essential for review and consistency. Without articulated reasoning, it's impossible to assess whether they correctly applied the predecisional or deliberative criteria.",0,0,early exit: A1 and A2 agree,0
537,Authorizes a tax credit for businesses who are designated as information partners by USDA because they contribute substantial goods or services to help expand the toll-free hotline.,0,0,,,flawed,"The colleague failed to provide any reasoning for Step 1 (Pre-decisional) or Step 2 (Deliberative) analysis. Without any explanation of their thought process, it is impossible to assess whether their application of the FOIA Exemption 5 criteria was sound or flawed. The absence of reasoning is a critical flaw in the assessment process.",0,0,early exit: A1 and A2 agree,0
538,How does the FORK act work -- how does it provide outreach funds in a way that needs to be scored?,0,1,,,flawed,"The analyst provided no reasoning for either the pre-decisional or deliberative steps. This is a fundamental procedural error as it offers no basis to understand or evaluate their application of the Exemption 5 criteria. Without any explanation, the prediction is unsubstantiated.",0,1,"Analyst 1 provided a prediction without any supporting reasoning, which is a procedural flaw as noted by Analyst 2. Analyst 2 correctly identified this issue but then offered a counter-suggestion (0 - NOT-DELIB) without providing their own substantive analysis against the Exemption 5 criteria. Therefore, I must conduct the analysis independently.

The sentence, 'How does the FORK act work -- how does it provide outreach funds in a way that needs to be scored?', is a question. Questions posed internally within an agency to understand the mechanics and implications of an act, especially regarding how it 'needs to be scored' (implying a financial or budgetary assessment), are inherently:

1.  **Predecisional:** This question is clearly asked to gather information and clarify understanding *before* a final decision can be made on how to implement, respond to, or officially score the FORK act. It precedes any agency action or final policy determination.
2.  **Deliberative:** The act of asking 'how does it work' and 'how does it need to be scored' is part of the internal 'give-and-take' of the decision-making process. It reflects the agency's internal thought process, its efforts to understand complex legislation, and to determine the appropriate course of action or interpretation. It is not a statement of fact or established policy, but an inquiry that contributes to the formulation of policy or a decision. It represents the agency's internal consideration and evaluation of a matter.

Therefore, the sentence is both predecisional and deliberative. Analyst 1's prediction of 1 (DELIBERATIVE) is correct, despite the lack of supporting rationale. Analyst 2's suggestion of 0 (NOT-DELIB) is unsubstantiated and incorrect based on the criteria.",1
539,They don't ask for a specific amount - CBO and JCT are scoring it.,0,0,,,flawed,"The colleague provided no reasoning for their classification, making it impossible to assess their application of the predecisional and deliberative criteria. While their prediction is correct, the lack of justification is a critical flaw in the review process.",0,0,early exit: A1 and A2 agree,0
540,There rough estimate is $20/ 5 years but Levin's staff admitted that she really doesn't know.,0,1,,,flawed,"Colleague failed to provide any reasoning for Step 1 (Pre-decisional) or Step 2 (Deliberative). Without the articulated steps and application of the criteria, it is impossible to assess whether their reasoning is sound or flawed, or if they misapplied the criteria.",0,1,"The sentence describes a 'rough estimate' and includes an admission from staff that 'she really doesn't know.' This content is both predecisional and deliberative. It is predecisional because a 'rough estimate' implies that a final decision or definitive figure has not yet been established. The admission of uncertainty ('doesn't know') further indicates that the matter is still under consideration and not settled. It is deliberative because it reflects the internal 'give-and-take' of the decision-making process. A 'rough estimate' is a preliminary assessment or input, and the acknowledgment of a lack of definitive knowledge highlights the ongoing internal discussion, evaluation, and potential need for further information or refinement before a final position can be taken. This represents the personal views or current state of knowledge of the staff involved, rather than an established agency policy or a final decision. While Analyst 2 correctly identified the lack of reasoning from Analyst 1, Analyst 1's ultimate prediction aligns with a thorough application of the deliberative process privilege criteria to the sentence's content.",1
541,Cynthia A. Rice,0,0,,,flawed,"The analyst provided no reasoning for their classification in Step 1 (Pre-decisional) or Step 2 (Deliberative). While the ultimate prediction for this specific sentence is correct, the absence of any articulated reasoning makes the assessment process flawed and unreviewable.",0,0,early exit: A1 and A2 agree,0
542,"I see Coyne, Levin et al don't ask for a specific amount for food starnp outreach.",0,1,,,flawed,"The colleague provided no reasoning for either the predecisional or deliberative steps, which is a fundamental flaw in the assessment process. A prediction without supporting analysis is not a sound application of the criteria. 

Furthermore, the sentence itself is a factual observation about what external parties (Coyne, Levin et al) did not request. It does not express a recommendation, opinion, policy advice, or reflect the internal 'give-and-take' of the decision-making process. While it might be predecisional in context (i.e., informing a future decision), it lacks the deliberative content required for Exemption 5.",0,0,"Analyst 1 provided a prediction without any supporting reasoning, which is insufficient for a proper assessment. Analyst 2 correctly identified this flaw and provided a detailed analysis.

Upon review of the sentence, 'I see Coyne, Levin et al don't ask for a specific amount for food stamp outreach,' it is an observation of a fact regarding external parties' actions (or inactions). While this observation could potentially be predecisional in the sense that it might inform future internal discussions or decisions, it lacks the 'deliberative' quality required for Exemption 5. It does not express a recommendation, an opinion, policy advice, or reflect the internal 'give-and-take' of the decision-making process. It is a factual statement, not a subjective view or a part of the agency's internal policy formulation. Therefore, it does not meet the criteria for deliberative process privilege.",0
543,At what level was the funding in the FORK act?,0,0,,,flawed,"The analyst provided no reasoning for either the pre-decisional or deliberative steps. While the prediction is correct, the absence of any justification makes the reasoning unsound. The purpose of this exercise is to demonstrate understanding of the criteria.",0,0,early exit: A1 and A2 agree,0
544,"Short Version Propose $500 million in FY 2001, with $500 million in out-years, for Welfare-to-Work competitive grants.",0,1,,,flawed,"The colleague failed to provide any reasoning for classifying the sentence as pre-decisional or deliberative, leaving both steps blank. This omission means there is no basis to assess the soundness of their application of the criteria. While the final prediction may be correct, the reasoning process itself is entirely absent and thus flawed.",1,1,early exit: A1 and A2 agree,1
545,"These grants could fund projects in three key areas impbrtant to sustaining ,the success of welfare reform: 1) to help the hardest to employ move from welfare to work and succeed in the work force;",0,1,,,flawed,"Colleague failed to provide any reasoning for Step 1 (Pre-decisional) or Step 2 (Deliberative). Without explicit reasoning, it is impossible to assess the soundness of their application of the criteria. A proper analysis requires articulating how the sentence meets the predecisional and deliberative criteria.",1,1,early exit: A1 and A2 agree,1
546,"2) to help low income fathers work, pay child support and reconnect with their children;",0,0,,,flawed,The analyst provided no reasoning for their classification in either Step 1 (Pre-decisional) or Step 2 (Deliberative). This absence of justification makes it impossible to assess their application of the Exemption 5 criteria and is a critical flaw in the analysis.,0,0,early exit: A1 and A2 agree,0
547,"3) to increase job retention, skills upgrading and supports (including outreach on food stamps, Medicaid, child care, and EITC) for low-income working families, including those who have left welfare, through local one-stop employment centers",0,1,,,flawed,"The colleague provided no reasoning for either the predecisional or deliberative criteria. Without any explanation of how the definitions were applied to the sentence, their prediction is entirely unsupported and cannot be assessed for soundness.",0,0,"Analyst 1 provided a prediction without any supporting reasoning for either the pre-decisional or deliberative criteria. Analyst 2 correctly identified this critical flaw, rendering Analyst 1's assessment unsupported and unassessable. 

Independently evaluating the sentence, '3) to increase job retention, skills upgrading and supports (including outreach on food stamps, Medicaid, child care, and EITC) for low-income working families, including those who have left welfare, through local one-stop employment centers,' against the definition of deliberative process privilege: 

The sentence describes a specific objective or goal ('to increase job retention, skills upgrading and supports'). While such an objective might appear in a pre-decisional document (like a draft plan or proposal), the content of the sentence itself does not inherently reflect the 'give-and-take' of the decision-making process, recommendations, legal advice, or policy opinions. It is a declarative statement of an aim, rather than an expression of personal views, a recommendation, or an opinion about whether or how to pursue that aim. It lacks the subjective or argumentative language typically associated with deliberative content. Therefore, it does not meet the criteria for being deliberative.",0
548,"Long Version Propose $500 million in FY 2001, with $500 million in out-years, for Welfare-to-Work competitive grants.",0,1,,,flawed,"The colleague failed to provide any reasoning for their classification in Step 1 (Pre-decisional) and Step 2 (Deliberative), making it impossible to assess their application of the criteria. While the prediction may be correct, the lack of articulated reasoning is a critical flaw in the assessment process.",1,1,early exit: A1 and A2 agree,1
549,These funds could address three key issues related to sustaining the success of welfare reform:,1,1,,,flawed,"The colleague failed to provide any reasoning for Step 1 (Pre-decisional) and Step 2 (Deliberative). Without the explicit application of the criteria, it is impossible to assess the soundness of their reasoning process, even if their ultimate prediction might be correct. A complete analysis requires demonstrating how the sentence meets both the predecisional and deliberative tests.",1,1,early exit: A1 and A2 agree,1
550,1) $250 million for innovative local projects in communities that need the most help to move the hardest to employ from welfare to wolk and succeeding in the workforce.,0,1,,,flawed,"The colleague provided no reasoning for Step 1 (Pre-decisional) or Step 2 (Deliberative). Without any articulated steps or application of the criteria, it is impossible to assess the soundness of their reasoning. A prediction without supporting analysis is insufficient for a proper FOIA review.",1,1,early exit: A1 and A2 agree,1
551,"This would honor the original intent of the Welfare-to-Work program, by focusing on the hardest to employ and getting the funds directly to locals.",1,1,,,flawed,"The colleague provided no reasoning for either the pre-decisional or deliberative prongs. Without any explanation of how the criteria were applied, it is impossible to assess the soundness of their reasoning. A complete lack of justification for the classification is a fundamental flaw.",1,1,early exit: A1 and A2 agree,1
552,"Within this amount, forrimla grants for tribes could be continued at current level of $15 Mor increased to $30 Mas proposed in FY 2000..",0,1,,,flawed,"Colleague did not provide explicit reasoning for Step 1 (Pre-decisional) or Step 2 (Deliberative). A proper assessment requires articulating *why* the sentence meets each criterion. While the final prediction is correct, the lack of articulated reasoning makes the assessment process itself flawed.",1,1,early exit: A1 and A2 agree,1
553,"2) $150 million for responsible fatherhood initiatives that help low income fathers work, pay  child support, and reconnect with their children.",0,0,,,flawed,The primary issue is that Analyst 1 provided no reasoning for either the predecisional or deliberative steps. This makes it impossible to assess their thought process or identify specific misapplications of the criteria. A prediction without supporting reasoning is insufficient for a FOIA classification.,0,0,early exit: A1 and A2 agree,0
554,This is consistent with the President's strong emphasis on fathers in our FY 2000 WtW reauthorization and positions to engage with the Hill as we expect Fatherhood bills to gain momentum next year.,0,1,,,sound,none,1,1,early exit: A1 and A2 agree,1
555,"3) $100 million to increase job retention, skills upgrading and supports (including outreach  on food stamps, Medicaid, child care, and EITC) for low income working families, including those who have left welfare through local one-stop centers.",0,1,,,flawed,"Colleague provided no reasoning for either the predecisional or deliberative criteria. Without any explanation, it is impossible to assess their application of the Exemption 5 standards. The absence of reasoning is a critical flaw.",0,1,"The sentence proposes a specific allocation of funds ('$100 million') for a defined purpose ('to increase job retention, skills upgrading and supports') and target group. The numerical listing ('3)') suggests it is an item within a list of options, recommendations, or proposals being considered by the agency. This content is characteristic of predecisional material, as it precedes a final decision on funding or program design. It is also deliberative because it reflects a specific recommendation or policy opinion, contributing to the internal 'give-and-take' of the decision-making process, rather than stating an established agency policy or a final decision. It represents a point of discussion or a proposed course of action. While Analyst 1 provided no reasoning, their prediction aligns with a proper application of the Exemption 5 criteria to the sentence's content. Analyst 2's critique correctly identified the lack of reasoning from Analyst 1 but did not provide an independent analysis of the sentence's content to support their 'NOT-DELIB' suggestion.",1
556,This would build on the Workforce Investment Act and help address the issues of the non-welfare working poor.,0,1,,,flawed,"The colleague provided no reasoning for Step 1 (Pre-decisional) or Step 2 (Deliberative), making it impossible to assess their application of the criteria. A proper assessment requires articulated reasoning for both steps to determine if the criteria were correctly applied.",1,1,early exit: A1 and A2 agree,1
557,We are  also exploring ways to increase access to employment  services for  individuals  with  disabilities through this proposal.,1,1,,,flawed,"Colleague's reasoning for Step 1 (Pre-decisional) and Step 2 (Deliberative) is entirely missing. Without any articulated reasoning, it is impossible to assess the soundness of their logic or how they applied the criteria. A proper assessment requires a clear explanation of how the sentence meets (or fails to meet) each criterion.",1,1,early exit: A1 and A2 agree,1
558,"OMB staff is currently proposing a total of$750 million for FY '01, all dedicated to the third category, but are also receptive to competitive grants in the other two areas:",1,1,,,flawed,"The colleague's reasoning for both the pre-decisional and deliberative steps is entirely missing. Without any articulated reasoning, it is impossible to assess the soundness of their thought process. A proper assessment requires a clear explanation of how the sentence meets (or fails to meet) each criterion.",1,1,early exit: A1 and A2 agree,1
559,We're  waiting for them to finish Director's review today to find out where they're ending up.,1,0,,,flawed,"The colleague's reasoning for both the pre-decisional and deliberative steps is missing. While the final prediction is correct, the lack of articulated reasoning makes the assessment incomplete and unhelpful for future training or consistency.",0,0,early exit: A1 and A2 agree,0
560,"Based on info Amy provided on the marriage stats,  I'd  replace  the  2nd  graph  of  3d)  in  the 11/24 memo to BR/EL with the following.",1,1,,,flawed,"Colleague provided no step-by-step reasoning for pre-decisional or deliberative criteria. Without the articulated reasoning, it is impossible to assess whether they correctly applied the criteria or misidentified any aspects of the sentence. The assessment cannot be made without the reasoning itself.",1,1,early exit: A1 and A2 agree,1
561,I'm sending you a hard copy of the info from HHS (which is what they'd shared earlier but I'd misplaced).,0,0,,,flawed,"Colleague provided no reasoning for Step 1 (Pre-decisional) or Step 2 (Deliberative). Without the reasoning, it's impossible to assess if they misapplied the criteria. The sentence itself is a purely factual statement about transmitting information that was previously shared and misplaced. It does not contain any recommendations, opinions, advice, or reflect the 'give-and-take' of a decision-making process. It is not predecisional as it doesn't assist in reaching a final conclusion, nor is it deliberative as it lacks any policy or decision-making content.",0,0,early exit: A1 and A2 agree,0
562,Something not proposed by the VP which we could add is funding- for National Center for Health Statistics to improve data on marriage and divorce.,1,1,,,flawed,"The colleague failed to provide any reasoning for their classification in Step 1 (Pre-decisional) and Step 2 (Deliberative). While the ultimate prediction appears correct, the absence of explicit reasoning makes it impossible to assess their understanding and application of the criteria. A proper assessment requires the reasoning to be present for each step.",1,1,early exit: A1 and A2 agree,1
563,In the past several years they have stopped collecting detailed information from states due to budgetary pressures and concerns about the quality  of the data.,0,0,,,flawed,"The colleague's reasoning is flawed because Step 1 (Pre-decisional) and Step 2 (Deliberative) are empty. No justification or analysis was provided for their prediction, making it impossible to assess their application of the criteria.",0,0,early exit: A1 and A2 agree,0
564,"This has received a surprising amount of press attention, some have used this to criticize the Administration for being 'weak on marriage', and House W&M staff have expressed interest in restoring funding.",0,0,,,flawed,"The colleague provided no reasoning for either the pre-decisional or deliberative steps. A complete analysis requires explicit justification for each criterion. While the final prediction may be correct, the lack of reasoning makes the assessment unsound.",0,0,early exit: A1 and A2 agree,0
565,"We could either wait for them to do so, or pre-empt them with a modest funding proposal.",1,1,,,flawed,"The colleague's reasoning is flawed because it is entirely absent. While the final prediction may be correct, no justification was provided for either the predecisional or deliberative criteria, making it impossible to assess their understanding or application of the definitions. A sound assessment requires explicit reasoning for each step.",1,1,early exit: A1 and A2 agree,1
566,"HHS' very preliminary  estimates show  it would cost about $750,000 in the first year to assess states' ability to report these data, with annual costs of $7 - $10 million to implement a high quality reporting system.",0,1,,,flawed,"The colleague failed to provide any reasoning for their pre-decisional or deliberative analysis, making it impossible to assess their application of the criteria. A proper assessment requires explicit justification for each step.",1,1,early exit: A1 and A2 agree,1
567,I assume you'll work on this?,0,0,,,flawed,"Colleague's reasoning is entirely empty for both the predecisional and deliberative steps. While the final prediction aligns with a correct assessment, the absence of any justification makes the reasoning itself unsound.",0,0,early exit: A1 and A2 agree,0
568,Let me know if you'd like us to do anything.,0,0,,,flawed,"The analyst provided no reasoning for either the predecisional or deliberative criteria. While the final prediction is correct, the lack of explanation for the classification decision is a significant flaw in the assessment process. The sentence 'Let me know if you'd like us to do anything' is a generic offer for further communication or action. It does not contain any specific recommendations, opinions, policy views, or reflect the 'give-and-take' of a decision-making process. It is not predecisional as it doesn't contain information specifically created to assist a decision-maker in reaching a final conclusion, nor is it deliberative as it lacks substantive content reflecting internal agency thought processes.",0,0,early exit: A1 and A2 agree,0
569,As a quick cut I would reorganize this to be:,0,1,,,flawed,"The colleague provided no reasoning whatsoever for either the predecisional or deliberative criteria. This makes it impossible to assess their thought process and is a fundamental flaw in the analysis. While the sentence itself strongly suggests deliberative content, the absence of any justification for the classification is a critical error in the reasoning process.",1,1,early exit: A1 and A2 agree,1
570,I am pleased that today the House.,1,0,,,flawed,"The reasoning provided is completely blank for both the pre-decisional and deliberative steps. While the prediction is correct, the absence of any explanation means the reasoning process itself is not sound or transparent.",0,0,early exit: A1 and A2 agree,0
571,"Commerce committee voted [vote # if good] on a bipartisan basis for the Work Incentives Improvement Act, which would remove significant barriers to work for millions of people with disabilities by increasing their access to health care and employment services.",1,0,,,flawed,"The reasoning steps for both pre-decisional and deliberative criteria are entirely missing, making it impossible to assess the specific application of the criteria. While the final prediction is correct, the absence of reasoning constitutes a flaw in the assessment process itself.",0,0,early exit: A1 and A2 agree,0
572,"I strongly support this legislation and the Senate version championed by Senators Jeffords, Kennedy, Roth and Moynihan and which XX members of the Senate have co-sponsored.",1,0,,,flawed,"The colleague failed to provide any reasoning for Step 1 (Pre-decisional) and Step 2 (Deliberative). Without the articulated reasoning, it is impossible to assess whether they correctly applied the criteria for Exemption 5. The core task is to critically assess their reasoning, which is absent.",0,0,early exit: A1 and A2 agree,0
573,I call upon the leadership of the House and Senate to work together to pass this legislation by the Memorial  Day recess.,1,0,,,flawed,"The reasoning steps for both 'Pre-decisional' and 'Deliberative' are completely blank. Without any articulated reasoning, it is impossible to assess whether the colleague correctly applied the FOIA Exemption 5 criteria or misapplied them. While the final prediction may be correct, the lack of transparent reasoning is a significant flaw in the classification process.",0,0,early exit: A1 and A2 agree,0
574,No one should have to make a choice between earning an income and health care access.,1,0,,,flawed,"The analyst provided no reasoning for their classification, making it impossible to assess their application of the predecisional or deliberative criteria. A classification without supporting rationale is insufficient.",0,0,early exit: A1 and A2 agree,0
575,"Obviously we may want to have more on what the bill does, etc.",1,1,,,flawed,"The colleague provided no reasoning for their classification, making it impossible to assess their application of the predecisional or deliberative criteria. A proper assessment requires explicit justification for each step.",1,1,early exit: A1 and A2 agree,1
576,and maybe the plug for no heath weakening amendments too.,1,1,,,flawed,"The colleague provided no reasoning for either the predecisional or deliberative criteria, making it impossible to assess their thought process. A complete analysis requires explicit justification for both steps to determine if the criteria were correctly applied.",1,1,early exit: A1 and A2 agree,1
577,"â€¢ The Administration strongly supports S. 311/H.R. 1180, which would remove significant barriers to work for millions of people with disabilities by increasing their access to health care and employment services.",0,0,,,flawed,"The analyst failed to provide any reasoning for Step 1 (Pre-decisional) or Step 2 (Deliberative). A complete Exemption 5 analysis requires explicit application of both criteria to the specific content of the sentence. Without this reasoning, the assessment is incomplete and cannot be properly evaluated for soundness, even if the final prediction aligns with a correct application of the criteria.",0,0,early exit: A1 and A2 agree,0
578,"In his January 19th State of the Union Address, the President expressed his ongoing commitment to empower people with disabilities and urged the Congress to pass the landmark Work Incentives Improvement Act.",0,0,,,flawed,"The reasoning steps for both the pre-decisional and deliberative criteria are missing. A sound Exemption 5 analysis requires a clear articulation of how the criteria are applied to the specific content of the record. While the final prediction is correct, the absence of supporting reasoning makes the assessment process incomplete and therefore flawed.",0,0,early exit: A1 and A2 agree,0
579,"The President's FY 2000 Budget fully funds the bill's health care options in Medicare and Medicaid as well as the ""Ticket to Work"" provisions for individuals with disabilities.",0,0,,,flawed,"The colleague provided no reasoning for their classification in either Step 1 (Pre-decisional) or Step 2 (Deliberative). Without any explanation of how they applied the criteria, it is impossible to assess the soundness of their reasoning. The absence of reasoning is a fundamental flaw.",0,0,early exit: A1 and A2 agree,0
580,"During the last year, White House staff worked intensely with the disability community and with Congress to develop a proposal that provides the services necessary to enable people with disabilities to work.",0,1,,,flawed,"Colleague provided no reasoning for either the predecisional or deliberative criteria, which is a critical omission. The sentence describes a factual, past event (the development of a proposal) rather than reflecting ongoing predecisional deliberations or the internal 'give-and-take' of policy options. It does not contain recommendations, opinions, or personal views, nor does it appear to be a draft. It is a statement of fact about a completed process of developing a proposal, not the deliberative content of that process itself.",0,0,"Analyst 1 provided no reasoning, making their prediction unsubstantiated. Analyst 2 correctly identifies that the sentence describes a factual, past event: the development of a proposal. While the *proposal itself* would be predecisional and potentially deliberative, this sentence is a statement *about* the work done to create it, not a part of the deliberative process itself. It does not contain recommendations, opinions, personal views, or reflect the internal 'give-and-take' of decision-making. It is a descriptive statement of fact about a completed activity, not a predecisional or deliberative communication.",0
581,"The ""ticket to work"" program helps address this need.",0,0,,,flawed,"The reasoning provided is incomplete. Step 1 (Pre-decisional) and Step 2 (Deliberative) are blank, meaning no justification was given for the classification. While the prediction aligns with a correct assessment, the lack of reasoning makes the process flawed.",0,0,early exit: A1 and A2 agree,0
582,But it is also essential to ensure access to health insurance coverage.,0,1,,,flawed,"The analyst provided no reasoning for either the pre-decisional or deliberative criteria. Without any explanation of how the sentence meets these criteria, the prediction is unsubstantiated and cannot be properly assessed. The core flaw is the complete absence of analysis.",0,1,"Analyst 1 provided a prediction without any supporting reasoning, which Analyst 2 correctly identified as a significant flaw. Analyst 2's suggestion of 'NOT-DELIBERATIVE' was also made without a content-based rationale. Therefore, I must conduct an independent assessment of the sentence.

The sentence, 'But it is also essential to ensure access to health insurance coverage,' expresses a value judgment and a policy objective. The use of the word 'essential' indicates a strong opinion, a recommendation, or a guiding principle that would be considered during the formulation of a policy or decision. This type of statement reflects the internal 'give-and-take' of the decision-making process, where different viewpoints and priorities are discussed and weighed. It represents a personal view or a proposed element of policy rather than a statement of established agency policy or a factual assertion. As such, it is pre-decisional because it contributes to a decision yet to be made, and it is deliberative because it reflects internal policy discussion and recommendations. Therefore, the sentence meets both criteria for deliberative process privilege.",1
583,"Senators Jeffords, Kennedy, Roth, and Moynihan have successfully developed a fully paid-for proposal that accomplishes these policy goals.",0,1,,,flawed,"The primary issue is the complete absence of reasoning for both the pre-decisional and deliberative steps. Without any stated rationale, it is impossible to assess the soundness of the colleague's thought process or how they applied the criteria. 

Furthermore, the sentence itself, 'Senators Jeffords, Kennedy, Roth, and Moynihan have successfully developed a fully paid-for proposal that accomplishes these policy goals,' appears to be a factual statement or an observation about an external legislative development. While it includes an evaluative component ('successfully developed,' 'accomplishes these policy goals'), it describes what *others* have done, rather than reflecting the internal 'give-and-take' of an agency's decision-making process, or serving as a recommendation, legal advice, or policy opinion *from within the agency* intended to assist an agency decision-maker. It reports on an external event, not an internal agency deliberation. Therefore, it is unlikely to meet the deliberative criteria.",0,0,"Analyst 1 provided a prediction without any supporting rationale, making it impossible to assess their reasoning. Analyst 2 correctly identified this flaw and provided a detailed argument against classifying the sentence as deliberative. The sentence, 'Senators Jeffords, Kennedy, Roth, and Moynihan have successfully developed a fully paid-for proposal that accomplishes these policy goals,' is a statement reporting on an external legislative development. While it contains evaluative language ('successfully developed,' 'accomplishes these policy goals'), this evaluation pertains to the external proposal itself, not to the internal 'give-and-take' of the agency's decision-making process. It does not represent an internal agency recommendation, legal advice, or policy opinion intended to assist an agency decision-maker. Therefore, it does not meet the criteria for deliberative process privilege.",0
584,The Administration thus opposes any agiendments that weaken the bill's indispensable health provisions: no one should have to make a choice between earning an income and health care access.,0,0,,,flawed,"The colleague's reasoning for both Step 1 (Pre-decisional) and Step 2 (Deliberative) is entirely missing. Without the articulated reasoning, it is impossible to assess whether they correctly applied the Exemption 5 criteria, even if their final prediction aligns with a correct outcome. A proper assessment requires a clear explanation of how the criteria were considered.",0,0,early exit: A1 and A2 agree,0
585,Most of the offsets that were included in last year's  version of  JK  were dropped.,0,0,,,flawed,"The analyst provided no reasoning for either the predecisional or deliberative steps. Without any explanation of their thought process, it is impossible to assess whether they correctly applied the criteria. A complete lack of reasoning is a fundamental flaw in the classification process.",0,0,early exit: A1 and A2 agree,0
586,The exceptions  were the  prisoner  provision  and the  clergy open season.,0,0,,,flawed,"The colleague failed to provide any reasoning for either the predecisional or deliberative steps. Both steps are empty, which means no criteria were applied or explained to support the prediction. A prediction without supporting reasoning is not a sound assessment.",0,0,early exit: A1 and A2 agree,0
587,When JKRM -introduced the bill this session they included a series of tax provisions (including user  fees and tax  credits)  to  pay for  the bill.,0,0,,,flawed,"The colleague provided no reasoning for either the predecisional or deliberative steps. While the final prediction is correct, the lack of analysis makes the reasoning unsound. The sentence is a factual statement describing a past action by an external entity (JKRM introducing a bill and its provisions). It does not reflect an agency's internal 'give-and-take,' recommendations, legal advice, or policy opinions, nor is it predecisional to an agency's decision-making process.",0,0,early exit: A1 and A2 agree,0
588,"I was wondering about the provisions that save money, whether those offsets were essentially being used in both bills (Jeffords-Kennedy and foster care).",0,1,,,flawed,"The colleague failed to provide any reasoning for Step 1 (Pre-decisional) and Step 2 (Deliberative), making it impossible to assess their application of the criteria. A complete analysis requires explicit justification for both predecisional and deliberative elements. While the final prediction may be correct, the lack of reasoning is a significant flaw in the assessment process.",1,1,early exit: A1 and A2 agree,1
589,"Yes, the ""treatment  of prisoners""  language is included in S. 331  and H.R. 631;  ( I need to  check if the provisions are identical, but in concept, they are the same.",0,1,,,flawed,"The colleague failed to provide any reasoning for classifying the sentence as pre-decisional or deliberative. Without an explanation of how the criteria were applied, it is impossible to assess the soundness of their logic. The mere listing of the steps without elaboration is insufficient for a proper FOIA review.",1,1,early exit: A1 and A2 agree,1
590,"Also, many of the-other H.R. 631 offsets are assumed in the FY 2000 Budget.)",0,0,,,flawed,"The colleague provided no reasoning for Step 1 (Pre-decisional) or Step 2 (Deliberative). Without any articulated reasoning, it is impossible to assess its soundness. This lack of explanation is a critical flaw in the classification process, as it prevents proper review and understanding of the rationale behind the exemption decision.",0,0,early exit: A1 and A2 agree,0
591,"On Friday 3/26, ED staff (Curtis Richards and others) met with W&M staff for about an hour to discuss the Bunning-Kennelly bill & this year's Kennedy-Jeffords bill.",0,0,,,flawed,"The colleague failed to provide any reasoning for their classification, leaving both the pre-decisional and deliberative steps empty. While their final prediction is correct, the lack of articulated reasoning means the criteria were not applied or documented.",0,0,early exit: A1 and A2 agree,0
592,I apologize for the delay in sending this summary out.,0,0,,,flawed,"The colleague's reasoning is flawed because no analysis was provided for either the predecisional or deliberative criteria. While the final prediction is correct, the absence of any step-by-step justification makes the reasoning unsound.",0,0,early exit: A1 and A2 agree,0
593,"One of the main purposes of this meeting was to brief W&M staff on how the State VR programs work (e.g., the fact that priority is given to serving individuals with the most significant disabilities).",0,0,,,flawed,"The colleague's reasoning steps are empty, which is a critical flaw. While the prediction is correct, the lack of articulated reasoning makes it impossible to assess their thought process. The sentence itself describes established facts and how existing programs work, which is neither predecisional nor deliberative. It conveys factual information about an existing policy/process, not internal recommendations, opinions, or options for a future decision.",0,0,early exit: A1 and A2 agree,0
594,Below is a brief summary of the other important items that were discussed.,0,0,,,flawed,"The analyst provided no reasoning for either the predecisional or deliberative criteria, making it impossible to assess their application of the standards. A prediction without supporting analysis is insufficient.",0,0,early exit: A1 and A2 agree,0
595,"Agreement with State Rehab Agency: W&M staff asked ED about the purpose of sec. 1148(c)(3){D) in the Senate bill, which states that no payment can be made to an employment network who either makes referrals to a State agency in violation of their agreement  with the agency, or has not entered into an agreement.",0,1,,,flawed,"The analyst provided no reasoning for Step 1 (Pre-decisional) or Step 2 (Deliberative), making it impossible to assess their thought process. Based on the sentence content, while it appears predecisional (as it relates to an inquiry about a section in a Senate bill, implying a decision is yet to be made or finalized), it is not deliberative. The sentence merely reports a factual inquiry ('W&M staff asked ED about the purpose...'). It does not contain any recommendations, legal advice, policy opinions, or internal 'give-and-take' reflecting the personal views of the author or agency deliberation. It's a factual statement about an interaction, not the substance of the deliberation itself.",0,0,"Analyst 1 provided no reasoning, making their prediction unsubstantiated. Analyst 2 correctly identifies that while the inquiry itself might be part of a predecisional process (as it relates to understanding a Senate bill), the sentence merely reports a factual interaction: 'W&M staff asked ED about the purpose...' This statement is a factual account of an inquiry, not a reflection of internal 'give-and-take,' recommendations, legal advice, or policy opinions. It does not represent the personal views of the author or the agency's deliberation on the matter, but rather describes an action taken. Therefore, the sentence is not deliberative.",0
596,"ED staff noted that this language is intended to prevent employment networks from ""double dipping""  by referring an individual to  a State  VR agency for specific services, and then being reimbursed for the services provided,by the State VR agency.",0,0,,,flawed,"The analyst failed to provide any reasoning for their classification in both Step 1 (Pre-decisional) and Step 2 (Deliberative). Without any explanation of how they applied the criteria, it is impossible to assess the soundness of their reasoning.",0,0,early exit: A1 and A2 agree,0
597,W&M staff was concerned that the bill language would essentially  reassign the  ticket  to the VR agency.,0,1,,,flawed,"The colleague failed to provide any reasoning for their pre-decisional or deliberative assessment steps. Without the underlying rationale, it is impossible to critically assess the soundness of their classification.",1,1,early exit: A1 and A2 agree,1
598,"ED said the language just requires the provider to reimburse the Rehab agency, not give up the ticket, but said that it would look into this issue.",0,1,,,flawed,"Colleague provided no reasoning for either the predecisional or deliberative steps, making it impossible to assess their application of the criteria. The prediction is unsupported by any stated rationale.",1,1,early exit: A1 and A2 agree,1
599,"Mode of Election for Reimbursement: W&M staff asked about Sec. 1148 (c)(1) in the Senate bill, which gives only State agencies the option of  operating  under  the  old or the  new  payment  system, on a case by case basis.",0,1,,,flawed,"The colleague provided no reasoning for either the predecisional or deliberative criteria, which is a critical omission. The sentence itself is a factual statement reporting that W&M staff asked a question about a specific section of a Senate bill and then describes what that section entails. It does not reflect recommendations, legal advice, policy opinions, or the internal 'give-and-take' of the decision-making process. It represents neither the personal views of the author nor is it recommendatory in nature. Therefore, it does not meet the deliberative criterion.",0,0,"Analyst 1 provided a prediction without any supporting reasoning, making their assessment impossible to evaluate. Analyst 2 correctly identifies this critical omission and provides a thorough analysis. The sentence states that 'W&M staff asked about Sec. 1148 (c)(1) in the Senate bill, which gives only State agencies the option of operating under the old or the new payment system, on a case by case basis.' This is a factual statement reporting that a question was asked and then describing the content of a specific section of a Senate bill. It does not reflect recommendations, legal advice, policy opinions, or the internal 'give-and-take' of the decision-making process. It represents neither the personal views of the author nor is it recommendatory in nature. It is purely informational and descriptive. Therefore, it does not meet the deliberative criterion.",0
600,"ED justified this language by  saying that, under  this  bill, the m.ost  difficult and risky cases (e.g., the most severely disabled) will most  likely  wind  up  in  the  State  agencies rather then private providers, and that the reimbursements for  these  individuals  would  usually  be lower under the new payment system.",0,0,,,flawed,"The colleague provided no reasoning for either the predecisional or deliberative criteria, leaving both steps blank. While the final prediction is likely correct, the absence of any analytical steps means the reasoning itself is unsound and cannot be assessed as sound.",0,0,early exit: A1 and A2 agree,0
601,W&M staff said that  they  were  concerned  that  private providers do not have the same option in the Senate bill.,0,1,,,flawed,"Colleague provided no reasoning for either the predecisional or deliberative steps, making it impossible to assess their application of the criteria. A prediction without supporting analysis is insufficient.",1,1,early exit: A1 and A2 agree,1
602,Big Picture -- Competition: W&M staff asked ED if both they and the State rehab agencies are generally concerned that this legislation would increase competition between State rehab agencies and private providers.,1,1,,,flawed,"Analyst 1 failed to provide any reasoning for their pre-decisional or deliberative assessment, which is a critical omission. A proper analysis requires explicit application of the criteria to the sentence in question.",1,1,early exit: A1 and A2 agree,1
603,"ED noted that they support the  Kennedy-Jeffords legislation in its  current form (though they have concerns  with, for instance, the P&A language),  and that competition isn't a major issue with the Department because there are more than enough people for both the State rehab agencies and private providers to serve.",1,1,,,flawed,"The primary issue is the complete absence of reasoning for both Step 1 (Pre-decisional) and Step 2 (Deliberative). Without any explanation of how the criteria were applied, it is impossible to assess the soundness of the colleague's logic. The prediction of '1' (always deliberative) is made without any supporting analysis.",0,1,"The sentence describes an internal agency position ('ED noted that they support...') and expresses specific internal concerns ('though they have concerns with, for instance, the P&A language'). This clearly reflects the 'give-and-take' of the decision-making process, where an agency is forming its stance on legislation and identifying areas of potential disagreement or needed modification. The subsequent statement, 'competition isn't a major issue with the Department because there are more than enough people...', provides an internal policy opinion and rationale. This content is predecisional because it precedes a final, public agency decision or position on the legislation. It is deliberative because it reveals the agency's internal thinking, recommendations, and policy opinions, rather than a final, established policy. It represents the internal agency views being developed. While Analyst 1 provided no reasoning, their prediction aligns with a correct application of the deliberative process privilege. Analyst 2's suggestion of '0' (NOT-DELIB) is not supported by the content of the sentence when applying the definitions.",1
604,"P&A: ED brought up it's concern that the Senate bill only provides a generic reference to providing information on obtaining employment and advocacy, rather than the more specific P&A language included in last year's draft H.R.  3433.",1,1,,,flawed,"Colleague provided no reasoning for Step 1 (Pre-decisional) or Step 2 (Deliberative), making it impossible to assess their application of the criteria. A complete analysis requires articulating how the sentence meets both the predecisional and deliberative prongs of Exemption 5.",1,1,early exit: A1 and A2 agree,1
605,W&M said that they'd take ED's  concern under advisement.,1,0,,,flawed,"The colleague's reasoning is flawed because it is incomplete. No analysis was provided for Step 1 (Pre-decisional) or Step 2 (Deliberative), making it impossible to assess their application of the criteria. While the final prediction is correct, the lack of supporting analysis is a significant flaw in the reasoning process itself.",0,0,early exit: A1 and A2 agree,0
606,I agree with Jonathan's comment.,1,1,,,flawed,"The analyst provided no reasoning for either the pre-decisional or deliberative criteria. This is a critical omission. Without context, the sentence 'I agree with Jonathan's comment' is highly ambiguous. Its pre-decisional and deliberative nature depends entirely on the content of 'Jonathan's comment' and the stage of the decision-making process. It could be pre-decisional and deliberative if Jonathan's comment was a recommendation or policy opinion under consideration. However, it could also be post-decisional or non-deliberative if Jonathan's comment was a factual statement, an established policy, or part of a final decision.",0,0,"Analyst 1 provided no reasoning for their prediction, rendering it unsubstantiated. Analyst 2 correctly identifies the critical issue: the sentence 'I agree with Jonathan's comment' is inherently ambiguous without the context of 'Jonathan's comment' itself and the stage of the decision-making process. To qualify as deliberative under Exemption 5, the content must reflect the internal 'give-and-take' of the decision-making process, such as recommendations or policy opinions, and be predecisional. Without knowing what Jonathan's comment was, it is impossible to determine if it was a recommendation, a factual statement, an established policy, or part of a final decision. Therefore, the criteria for Exemption 5 cannot be met based on the information provided. The burden is on the agency to demonstrate that an exemption applies, and in this case, the necessary context is missing.",0
607,"I also would suggest that the first paragraph be made longer, Jeanne what do you think and what  would  you add?",1,1,,,sound,none,1,1,early exit: A1 and A2 agree,1
608,"so that  the balance  is  right,  e.g.,  there's 99% we absolutely love and 1% we'd amend slightly.",1,1,,,flawed,"Colleague failed to provide any reasoning for Step 1 (Pre-decisional) or Step 2 (Deliberative). A proper assessment of Exemption 5 requires a clear articulation of how the specific criteria were applied to the sentence. Without this reasoning, it is impossible to evaluate the soundness of their application of the predecisional and deliberative tests.",1,1,early exit: A1 and A2 agree,1
609,I would also amend the second graph as follows:,1,1,,,flawed,The analyst provided no reasoning for either the predecisional or deliberative criteria. This makes it impossible to assess their thought process or identify specific misapplications of the criteria. A prediction without supporting reasoning is not a sound assessment.,1,1,early exit: A1 and A2 agree,1
610,"The Administration, AQW urges the Senate to amend the bill to authorize the Work Incentives Assistance Grants proposal included in the President's FY 2000 Budget.",0,0,,,flawed,"The colleague failed to provide any reasoning for Step 1 (Pre-decisional) or Step 2 (Deliberative). Without the underlying rationale for applying the criteria, it is impossible to assess the soundness of their analysis or how they arrived at their prediction. A complete assessment requires explicit justification for each step.",1,1,"The sentence states that 'AQW urges the Senate to amend the bill to authorize the Work Incentives Assistance Grants proposal.' This statement is predecisional because it is a recommendation for a future action (amending a bill) that has not yet been finalized. It precedes a final decision by the Senate on the bill's content and is not a justification or explanation of a decision already made. It is deliberative because the word 'urges' explicitly indicates a recommendation or an opinion on a policy matter. It reflects the 'give-and-take' of the decision-making process by advocating for a specific change ('amend the bill to authorize the... proposal'). This represents the author's (or AQW's) view on how the bill *should* be shaped, rather than a statement of established policy. Therefore, it meets both the predecisional and deliberative criteria for Exemption 5. Analyst 1's prediction of 0 (NOT-DELIB) is incorrect, and Analyst 2's suggestion of 1 (DELIBERATIVE) aligns with a proper application of the criteria.",1
611,"This proposal would authorize grants, for benefits planning and assistaa e counseling to facilitate access to information about work incentives and for state and local partnerships to better imegrate coordinate services for people with disabilities who work or are returning to work.",0,1,,,flawed,"The colleague provided no reasoning for either the predecisional or deliberative steps. Without any explanation of how they applied the criteria, it is impossible to assess the soundness of their reasoning process.",1,1,early exit: A1 and A2 agree,1
612,Looks good.,1,0,,,flawed,The analyst provided a prediction without any reasoning for either the pre-decisional or deliberative criteria. This makes it impossible to assess their application of the Exemption 5 standards. A prediction without supporting analysis is not a sound basis for classification.,0,0,early exit: A1 and A2 agree,0
613,"I suggest you drop the ""however"" in the second paragraph.",1,1,,,flawed,"The colleague's reasoning steps (Step 1 and Step 2) are empty, making it impossible to assess the soundness of their thought process. While the prediction is likely correct, the lack of articulated reasoning is a flaw in the assessment process itself.",1,1,early exit: A1 and A2 agree,1
614,"It has the unintended effect of diminishing our support in the first paragraph (e.g., ""I like you but ... "").",1,1,,,flawed,"Colleague provided no reasoning for Step 1 (Pre-decisional) or Step 2 (Deliberative). Without the articulated steps and rationale, it is impossible to assess whether the criteria were correctly applied or if the prediction is sound. The process for classification is incomplete and unreviewable.",1,1,early exit: A1 and A2 agree,1
615,"It would read fine simply: ""The Administration urges.:.""",1,1,,,flawed,"The colleague provided no reasoning for either the predecisional or deliberative steps. A prediction without supporting analysis of the criteria is not a sound assessment and makes it impossible to evaluate their thought process. The sentence itself, 'It would read fine simply: ""The Administration urges.:."","" is clearly a recommendation on phrasing, indicating an internal discussion about how an official statement should be worded. This is inherently predecisional (as the final wording hasn't been decided) and deliberative (reflecting the author's personal view/recommendation in the 'give-and-take' of drafting).",1,1,early exit: A1 and A2 agree,1
616,"Work Incentives Improvement Act Meeting: Administration and Disability Advocates April 7, 1999",0,0,,,flawed,"The colleague's reasoning is entirely absent for both the predecisional and deliberative steps. Without any explanation, it is impossible to assess their application of the criteria. A prediction without supporting reasoning is not a sound analysis.",0,0,early exit: A1 and A2 agree,0
617,Agenda,0,0,,,flawed,"The reasoning steps for both pre-decisional and deliberative criteria are entirely missing. Without any articulated reasoning, it's impossible to assess the colleague's application of the criteria. While the final prediction is correct, the lack of justification is a significant flaw in the analytical process.",0,0,early exit: A1 and A2 agree,0
618,I. Welcome/Introductions: Jonathan Young (OPL) Attendees expected to include:,0,0,,,flawed,The colleague provided no reasoning for either the predecisional or deliberative steps. A prediction without any supporting analysis of the criteria is not a sound assessment.,0,0,early exit: A1 and A2 agree,0
619,"A. Disability Advocates: Marty Ford{The Arc), Tony Young (UCPA), David Fields (UCPA), Andrew Sperling (NAMI), Suellen Galbraith (ANCOR), Mary Gennaro (NADDC), Sallie Rhodes (NAPAS)",0,0,,,flawed,"The colleague provided no reasoning for their classification, leaving both the predecisional and deliberative steps empty. While their prediction is correct, the absence of any explanation means the reasoning itself is unsound. A proper assessment requires articulating how the sentence does or does not meet the criteria.",0,0,early exit: A1 and A2 agree,0
620,"B. White House: Cynthia Rice (DPC), Jeanne Lambrew (NEC), Eric Gould (DPC), Lisa Brown (OVP), Jonathan Young (OPL)",0,0,,,flawed,The analyst provided no reasoning for either the predecisional or deliberative steps. A prediction without any supporting analysis is fundamentally flawed and does not demonstrate a proper application of Exemption 5 criteria. Each step must be explicitly addressed to justify the classification.,0,0,early exit: A1 and A2 agree,0
621,"C. OMB: Barbara Chow, Joanne Cianci, Melinda Haskins, Larry Matlack, Jeff F rkas:",0,0,,,flawed,"The colleague provided no reasoning for either the predecisional or deliberative criteria. The reasoning steps are empty, which is a critical omission in the assessment process.",0,0,early exit: A1 and A2 agree,0
622,"D. DOL: Becky Ogle, Gary Reed, Bill McKinnon",0,0,,,flawed,"The analyst provided no reasoning for Step 1 (Pre-decisional) or Step 2 (Deliberative). Without the application of the criteria, it is impossible to assess the soundness of their reasoning process. The sentence itself, 'D. DOL: Becky Ogle, Gary Reed, Bill McKinnon,' appears to be a factual list of names. While such a list *could* be part of a deliberative document (e.g., a list of proposed attendees for a meeting where the attendees themselves are being deliberated, or a list of individuals being considered for a role), the sentence alone does not inherently reveal predecisional or deliberative content. It lacks the 'give-and-take' or recommendatory nature typically associated with Exemption 5.",0,0,early exit: A1 and A2 agree,0
623,"E. SSA: Susan Daniels, Judy Chesser, Jim O'Donnell",0,0,,,flawed,"The analyst provided no reasoning for their classification, making it impossible to assess their application of the predecisional and deliberative criteria. Without any explanation, it's impossible to determine if they correctly understood or applied the definitions of predecisional and deliberative.",0,0,early exit: A1 and A2 agree,0
624,F. HHS: Bob Williams,0,0,,,flawed,"Colleague provided no reasoning for their classification, leaving both Step 1 (Pre-decisional) and Step 2 (Deliberative) empty. The sentence 'F. HHS: Bob Williams' is purely factual/identifying information (likely a name and agency abbreviation). It contains no substantive content that could be considered deliberative. It does not reflect recommendations, advice, opinions, or the 'give-and-take' of a decision-making process. It is not inherently pre-decisional or deliberative on its own.",0,0,early exit: A1 and A2 agree,0
625,"IL Work Incentives Planners/DOL Grants: Cynthia (DPC), Barbara (0MB), Becky (DOL), and Susan (SSA)",0,0,,,flawed,"The colleague's reasoning steps for both predecisional and deliberative criteria are empty. While the prediction is correct, the lack of any articulated reasoning means the analytical process itself is flawed, as no criteria were applied or explained.",0,0,early exit: A1 and A2 agree,0
626,III. Overall Strategy: Jonathan (OPL) and Cynthia (DPC)         A. House Update         B. Senate Update         C. Future Meetings:,0,0,,,flawed,"The colleague provided no reasoning for either the predecisional or deliberative steps, making it impossible to assess their application of the criteria. A complete analysis requires justification for both elements.",0,0,early exit: A1 and A2 agree,0
627,This is just 7 lines.,0,0,,,flawed,"The colleague provided no reasoning for their prediction, leaving both the pre-decisional and deliberative steps empty. A sound assessment requires articulating how the criteria were applied, even if the final prediction is correct. The sentence 'This is just 7 lines' is a purely factual statement about length and does not, in itself, contain any deliberative content (e.g., recommendations, opinions, advice, policy views) nor does it inherently indicate a predecisional stage without further context.",0,0,early exit: A1 and A2 agree,0
628,"If Marie and Laura each take one, 0MB takes two, Jeanne takes one, I'll join Cynthia in her office, patch in Connie, leaving one extra line.",0,1,,,flawed,"Colleague's reasoning for Step 1 (Pre-decisional) and Step 2 (Deliberative) is entirely missing. Without the reasoning, it's impossible to assess whether the criteria were correctly applied. A complete analysis requires articulating how the sentence meets both the predecisional and deliberative prongs of Exemption 5.",1,1,early exit: A1 and A2 agree,1
629,Call is at 12:30 pm,0,0,,,flawed,"The analyst provided no reasoning for either the pre-decisional or deliberative steps. While the final prediction is correct, the lack of explicit analysis makes the reasoning process flawed. The sentence 'Call is at 12:30 pm' is a purely factual, administrative statement about a scheduled event. It does not reflect any predecisional deliberation, recommendations, policy opinions, or the 'give-and-take' of a decision-making process. Therefore, it clearly does not meet the criteria for Exemption 5.",0,0,early exit: A1 and A2 agree,0
630,"Cynthia, can you look this over before I circulate it?",0,1,,,flawed,The analyst failed to provide any reasoning for their classification in Step 1 (Pre-decisional) and Step 2 (Deliberative). A prediction without supporting steps is not a sound assessment of the criteria.,1,1,early exit: A1 and A2 agree,1
631,Thanks.,0,0,,,flawed,"The colleague failed to provide any reasoning for either the predecisional or deliberative steps. While the final prediction is correct, the lack of justification means the reasoning process itself is incomplete and unsound. A proper assessment requires articulating how the criteria are applied.",0,0,early exit: A1 and A2 agree,0
632,"I Background: One of the original titles of the JK Legislation concerned setting up ""Work Incentives Planners,"" on a competitive state-by-state grant basis, to inform people on SSI and SSDI about their options for obtaining employment and taking advantage of the JK War Incentives.",0,0,,,flawed,"The colleague provided no reasoning for their classification, making it impossible to assess their application of the criteria. Both Step 1 (Pre-decisional) and Step 2 (Deliberative) were left blank.",0,0,early exit: A1 and A2 agree,0
633,"The Senate bill propsed to fund this program out of SSA 1 for $23 million a year max over five years, starting in year 2.",0,0,,,flawed,"The analyst provided no reasoning for either the pre-decisional or deliberative steps. This indicates a failure to apply the criteria and explain their thought process, making it impossible to assess the soundness of their (unstated) reasoning.",0,0,early exit: A1 and A2 agree,0
634,"During our budget process, we developed a proposal that combined the Planners with one of the Task Force recommendations for Systems Change in DOL, for a total of $50 million a year, beginning year one (roughly $23 million going to the Planners, the rest for Systems Change).",0,1,,,flawed,"The colleague failed to provide any reasoning for Step 1 (Pre-decisional) or Step 2 (Deliberative). Without the explicit application of the criteria, it is impossible to assess whether their reasoning process was sound or if they correctly applied the predecisional and deliberative standards, even if their final prediction aligns with a correct analysis.",1,1,early exit: A1 and A2 agree,1
635,"We proposed this change to the Senate during, but the bill was passed out of Finance Committee without our recommended change, sticking by the $23 million in SSA.",0,0,,,flawed,"The colleague's reasoning for both predecisional and deliberative criteria is missing. The sentence describes a past event where the agency's recommendation was not adopted by an external body (the Senate Finance Committee). This is a factual report of an outcome, not an internal agency deliberation or a decision yet to be made by the agency. It does not reflect the 'give-and-take' of the agency's internal decision-making process. Therefore, it is neither predecisional nor deliberative.",0,0,early exit: A1 and A2 agree,0
636,Reason for Meeting: Senate staff and disability groups are operating under the assumption that the bill language obligates/mandates SSA to fund the program.,0,1,,,flawed,"The colleague's reasoning is incomplete as Step 1 and Step 2 are blank. However, their prediction is flawed. While the sentence might be predecisional (setting the stage for a meeting where decisions could be made), it is not deliberative. The sentence states a factual observation about how external parties (Senate staff and disability groups) are interpreting bill language. It reports an external assumption, rather than reflecting the internal 'give-and-take' of the agency's decision-making process, offering recommendations, legal advice, or policy opinions from the agency's perspective. It lacks the characteristic of representing the personal views of the author or being recommendatory in nature; instead, it provides factual context for a meeting.",0,0,"The sentence, 'Reason for Meeting: Senate staff and disability groups are operating under the assumption that the bill language obligates/mandates SSA to fund the program,' is predecisional as it provides context for an upcoming meeting where agency decisions might be discussed or made. However, to be considered deliberative under Exemption 5, the content must reflect the internal 'give-and-take' of the decision-making process, such as recommendations, legal advice, or policy opinions from the agency's perspective, or represent the personal views of the author within the agency. This sentence merely states a factual observation about how external parties (Senate staff and disability groups) are interpreting bill language. It reports an external assumption rather than reflecting the agency's internal deliberations, recommendations, or policy opinions. It serves as background information for a discussion, not as a part of the agency's internal deliberative process itself. Therefore, Analyst 2's assessment is correct; the sentence is not deliberative.",0
637,They are separately exploring ways to appropriate funds for the Task Force Systems Change component.,1,1,,,flawed,"The colleague provided no reasoning for either the predecisional or deliberative steps, making it impossible to assess their application of the criteria. A prediction without supporting rationale is insufficient.",1,1,early exit: A1 and A2 agree,1
638,"But, as we have discussed in recent meetings, the language would require SSA to fund the Planners out of its discretionary Administrative account, and SSA cannot therefore guarantee it will have the resources  to  operate the program.",1,1,,,sound,"Colleague's step-by-step reasoning was not provided, so its soundness cannot be directly assessed. However, the prediction that the sentence is deliberative is correct, as the sentence clearly meets both the predecisional and deliberative criteria for Exemption 5.",1,1,early exit: A1 and A2 agree,1
639,We want to inform the Congress and the advocates about our concern so that we do not run into greater problems down the road.,1,1,,,flawed,"The colleague failed to provide any reasoning for Step 1 (Pre-decisional) or Step 2 (Deliberative). Without an explanation of how the criteria were applied to the sentence, it is impossible to assess the soundness of their analytical process. The absence of reasoning is a critical flaw.",1,1,early exit: A1 and A2 agree,1
640,Proposed Agenda for Meeting: 1) Introductions; 2) Review history and content of our DOL combined proposal; 3) Review concerns about current Senate language; 4) Q & A.,0,1,,,flawed,"The colleague's reasoning steps (Step 1 and Step 2) are empty, which is a critical flaw as it provides no basis to assess their application of the predecisional and deliberative criteria. Without the reasoning, it's impossible to determine if they misapplied the criteria, only that their process was incomplete.",1,1,early exit: A1 and A2 agree,1
641,"Attendance at Meeting: 1) Administration Representatives from DPC/NEC, 0MB (health and income maintenance divisions), W.H. Legislative Affairs, SSA, DOL, OVP, OPL; 2) Leading disability community advocates (4-6).",0,0,,,flawed,"The analyst provided no reasoning for either the pre-decisional or deliberative criteria. Without any explanation of how the criteria were applied, it is impossible to assess the soundness of their reasoning process.",0,0,early exit: A1 and A2 agree,0
642,"Administration offices not  mentioned  above, but  wishing  to  attend, may do so.",0,0,,,flawed,"The analyst provided no reasoning for either the predecisional or deliberative criteria. While the final prediction may be correct, the lack of explanation means the criteria were not applied or documented, which is a critical flaw in the assessment process.",0,0,early exit: A1 and A2 agree,0
643,Just let me know.,0,0,,,flawed,"The colleague's reasoning for both Step 1 (Pre-decisional) and Step 2 (Deliberative) is entirely missing. Without any articulated reasoning, it is impossible to assess whether they correctly applied the Exemption 5 criteria or misapplied them. A classification cannot be made without a clear explanation of how the sentence meets the predecisional and deliberative tests.",0,0,early exit: A1 and A2 agree,0
644,"From the response I've heard so far, this appears to be the best (and perhaps only) workable time.",0,1,,,flawed,"Colleague failed to provide explicit reasoning for both the pre-decisional and deliberative steps, which is crucial for a sound Exemption 5 analysis. The prediction, while likely correct, lacks the necessary supporting justification.",1,1,early exit: A1 and A2 agree,1
645,"Please let me know if this does NOT work for representation from OMB (Health and Ed), DPC/NEC, SSA, DOL, and Leg. Affairs.",0,1,,,flawed,"The colleague provided no reasoning for either the predecisional or deliberative criteria. Without any analysis of how the sentence meets (or doesn't meet) these definitions, their prediction is unsubstantiated and cannot be properly assessed. This is a fundamental flaw in their reasoning process.",1,1,early exit: A1 and A2 agree,1
646,"In the meantime, interested parties please hold date/time for meeting with disability representatives.",0,0,,,flawed,"The colleague provided no reasoning for either the pre-decisional or deliberative steps. This omission makes it impossible to assess their application of the criteria or identify specific misapplications. While the final prediction is correct, the lack of supporting analysis is a significant flaw in the reasoning process.",0,0,early exit: A1 and A2 agree,0
647,"There will probably be no perfect time, so I'd like to hold this one unless it poses a major problem.",0,1,,,flawed,"The colleague failed to provide explicit reasoning for both the pre-decisional and deliberative steps, making it impossible to assess their application of the criteria. Only a final prediction was given.",1,1,early exit: A1 and A2 agree,1
648,Thanks.,0,0,,,flawed,"The colleague provided no reasoning for either the predecisional or deliberative steps. To properly classify under Exemption 5, a clear articulation of how the record meets both criteria is required. Without any analysis, the classification cannot be justified. The sentence 'Thanks.' on its own does not inherently meet either the predecisional or deliberative criteria. It is a simple acknowledgement and does not reflect the 'give-and-take' of the decision-making process, nor does it offer recommendations, legal advice, or policy opinions.",0,0,early exit: A1 and A2 agree,0
649,"[This message doesn't apply to all of you, but I thought it easier to send it to everyone, rather than risk leaving someone out.]",0,0,,,flawed,"The colleague provided no reasoning for either the predecisional or deliberative steps. A blank reasoning section indicates a failure to apply the criteria and articulate the basis for the prediction, which is a fundamental flaw in the assessment process.",0,0,early exit: A1 and A2 agree,0
650,RE: Setting up meeting with groups,0,0,,,flawed,"The colleague's reasoning is entirely absent for both the predecisional and deliberative steps. While the prediction is correct, the lack of any justification makes the reasoning process unsound. The sentence 'RE: Setting up meeting with groups' is a purely administrative subject line. It does not contain any substantive content that reflects recommendations, opinions, or the 'give-and-take' of the decision-making process. It merely states the topic of an email thread and does not reveal any predecisional or deliberative thought process.",0,0,early exit: A1 and A2 agree,0
651,"We discussed meeting with the groups Tuesday or Wednesday, April 6-7.",0,1,,,flawed,"Colleague provided no reasoning for either pre-decisional or deliberative criteria, making it impossible to assess their thought process. A complete analysis requires explicit justification for each step. While the prediction may be correct, the lack of reasoning is a critical flaw.",1,1,early exit: A1 and A2 agree,1
652,"I'd like to suggest two windows of time: 11 :00 AM to 2:00 PM gn Tuesday, and 10:00 AM to 4:00 PM on Wednesday.",0,1,,,flawed,"The analyst's reasoning for Step 1 (Pre-decisional) and Step 2 (Deliberative) is entirely missing. Without the specific rationale provided by the analyst for how they applied the predecisional and deliberative criteria to the sentence, it is impossible to assess whether their reasoning was sound or flawed, or if they misapplied the criteria. The assessment cannot be made on absent information.",1,1,early exit: A1 and A2 agree,1
653,"We need representatives from the following: OMB (including Barbara Chow and Dan Mendelson, if possible), SSA, DOL (that includes PTFEAD), Leg Affairs, and OPD.",0,1,,,flawed,"The colleague provided no reasoning for either the predecisional or deliberative steps, which is a fundamental flaw in the assessment process. Without any justification, it's impossible to understand their application of the criteria.

Critically assessing the sentence: 'We need representatives from the following: OMB (including Barbara Chow and Dan Mendelson, if possible), SSA, DOL (that includes PTFEAD), Leg Affairs, and OPD.'

1.  **Predecisional:** This sentence, on its own, sounds like a statement of a requirement or a decision that has already been made regarding who is needed, rather than a discussion or recommendation *leading up to* that decision. It's a declarative statement of a 'need,' which could be a final conclusion or an administrative instruction, not necessarily preceding an agency action.

2.  **Deliberative:** The sentence does not reflect the 'give-and-take' of the decision-making process. It's not a recommendation, legal advice, or a policy opinion. It states a requirement or a directive ('We need...'), which is more akin to a factual statement of a requirement or an administrative instruction than a personal view or an opinion being weighed in a deliberative process. It lacks the characteristics of a draft or a recommendatory nature.",0,0,"Analyst 1 provided a prediction without any supporting reasoning, which makes their assessment unhelpful and unsupportable. Analyst 2, however, provided a detailed critical review, arguing that the sentence is neither predecisional nor deliberative. 

Upon review of the sentence, 'We need representatives from the following: OMB (including Barbara Chow and Dan Mendelson, if possible), SSA, DOL (that includes PTFEAD), Leg Affairs, and OPD,' I concur with Analyst 2's assessment. The statement 'We need representatives from the following' is a declarative statement of a requirement or a conclusion, rather than a recommendation, an opinion being weighed, or a proposal in the 'give-and-take' of decision-making. While the phrase 'if possible' regarding specific individuals from OMB introduces a minor element of flexibility, the core message is a firm statement of a decided need for representation from the listed entities. It does not reflect the internal debate or the personal views of the author in a way that would qualify it as deliberative. It appears to be an administrative instruction or a statement of a decision already made regarding the composition of a group or meeting, rather than a document preceding or contributing to that decision.",0
654,We'd like to keep this meeting manageable by keeping numbers small.,0,1,,,flawed,The colleague's reasoning is flawed because they provided no explanation or application of the predecisional or deliberative criteria in Step 1 or Step 2. It is impossible to assess their understanding or application of the criteria without any stated reasoning. A prediction without supporting analysis is insufficient for a FOIA review.,1,1,early exit: A1 and A2 agree,1
655,"But if  you're not from one of  these offices and really  want to attend, let me know.",0,0,,,flawed,"The colleague provided no reasoning for either the predecisional or deliberative steps. While the prediction is correct, the lack of documented reasoning makes the assessment process unsound.",0,0,early exit: A1 and A2 agree,0
656,I suggest the following approach to identify a time.,0,1,,,flawed,"The colleague provided no reasoning for their classification, making it impossible to assess their application of the predecisional or deliberative criteria. A proper assessment requires explicit justification for each step.",1,1,early exit: A1 and A2 agree,1
657,"I've listed below nine hour-long blocks, with numbers.",0,0,,,flawed,"The colleague's reasoning steps for both predecisional and deliberative criteria are empty. No justification or analysis was provided for their prediction, making it impossible to assess the soundness of their application of the criteria. While the prediction itself may be correct, the lack of reasoning is a critical flaw.",0,0,early exit: A1 and A2 agree,0
658,Just email me back with the numbers of the times that do NOT work for you (and your office).,0,0,,,flawed,"The reasoning for both Step 1 (Pre-decisional) and Step 2 (Deliberative) is missing. While the sentence is predecisional as it solicits factual input (availability) to assist in making a future scheduling decision, it is not deliberative. It is a straightforward request for logistical information, not an opinion, recommendation, policy discussion, or a reflection of the 'give-and-take' of ideas. For Exemption 5 to apply, a record must be both predecisional and deliberative. Since it lacks the deliberative quality, Exemption 5 does not apply.",0,0,early exit: A1 and A2 agree,0
659,I hope that there will be at least one hour that works.,0,0,,,flawed,"Colleague failed to provide any reasoning for Step 1 (Pre-decisional) and Step 2 (Deliberative). Without the articulated reasoning, it is impossible to assess whether the criteria were correctly applied or misapplied. The absence of reasoning is a critical flaw in the assessment process, as it prevents a proper review of the analytical steps.",0,0,early exit: A1 and A2 agree,0
660,"[Cynthia, please coordinate OPD/Leg Affairs representation]",0,0,,,flawed,"The colleague provided no reasoning for either the predecisional or deliberative steps, which is a critical omission in a FOIA review. While their final prediction is correct, the lack of justification makes the assessment unsound. 

Regarding the content: The sentence is an administrative instruction or directive ('please coordinate'). While it might be predecisional in the sense that it initiates an action leading to a decision, it is not deliberative. It does not reflect the 'give-and-take' of the decision-making process, offer recommendations, legal advice, policy opinions, or represent personal views on a policy matter. It is a command to perform a task, not a discussion or exploration of options.",0,0,early exit: A1 and A2 agree,0
661,"[Joanne, please coordinate 0MB representation]",0,0,,,flawed,"The primary issue is the complete absence of reasoning for both the predecisional and deliberative steps. Without any explanation, it's impossible to assess how your colleague applied the criteria. While their final prediction aligns with a correct application, the lack of documented reasoning makes the process unsound.",0,0,early exit: A1 and A2 agree,0
662,"[Marie, please coordinate SSA representation]",0,0,,,flawed,"The colleague provided no reasoning for Step 1 (Pre-decisional) or Step 2 (Deliberative). Without any articulated reasoning, it is impossible to assess the soundness of their classification process. A complete analysis requires demonstrating how the criteria were applied to the specific sentence.",0,0,early exit: A1 and A2 agree,0
663,"[Becky, please coordinate DOL representation]",0,0,,,flawed,"Colleague provided no reasoning for their prediction, making it impossible to assess their thought process. The lack of any justification for applying the predecisional and deliberative criteria is a fundamental flaw.",0,0,early exit: A1 and A2 agree,0
664,"#1: Tuesday, April 6, 11:00 AM - 12:00 PM",0,0,,,flawed,"The colleague provided no reasoning for either the predecisional or deliberative criteria, making it impossible to assess their application of the criteria. A classification requires justification.",0,0,early exit: A1 and A2 agree,0
665,"#2: Tuesday, April 6, 12:00 PM - 1 :00 PM",0,0,,,flawed,The analyst provided no reasoning for their prediction in either the pre-decisional or deliberative steps. A prediction without supporting analysis is not a sound assessment.,0,0,early exit: A1 and A2 agree,0
666,"#3: Tuesday, April 6, 1:00 PM - 2:00 PM",0,0,,,flawed,"The colleague provided no reasoning for either the predecisional or deliberative steps, making it impossible to assess their thought process. While the final prediction is likely correct, the lack of explanation is a significant flaw in the reasoning process.",0,0,early exit: A1 and A2 agree,0
667,"#4: Wednesday, April 7, 10:00 AM - 11:00 AM",0,0,,,flawed,"The colleague provided no reasoning for their classification, making it impossible to assess their application of the predecisional or deliberative criteria. A classification without supporting rationale is inherently flawed.",1,1,"Analyst 1 provided no reasoning, making their prediction impossible to evaluate. Analyst 2 correctly identified this flaw. The sentence '#4: Wednesday, April 7, 10:00 AM - 11:00 AM' represents a proposed meeting time or an option within a scheduling discussion. It is **pre-decisional** because it is an input to the decision-making process of scheduling a meeting, preceding the final decision. It is **deliberative** because it reflects a specific recommendation or option being considered as part of the internal 'give-and-take' of the scheduling process, rather than a factual statement about an already scheduled event or an established policy. It represents a point for discussion or a suggestion, fitting the criteria for deliberative content. Therefore, the sentence is deliberative.",1
668,"#5: Wednesday, April 7, 11:00 AM - 12:00 PM",0,0,,,flawed,"The colleague provided no reasoning for either the predecisional or deliberative steps. While the ultimate prediction for this specific sentence is correct, the absence of any explanation means the reasoning process itself is unsound as it doesn't demonstrate how the criteria were applied or considered. A proper assessment requires articulating why the sentence does or does not meet each criterion.",0,0,early exit: A1 and A2 agree,0
669,"#6: Wednesday, April 7, 12:00 PM - 1:00 PM",0,0,,,flawed,"The analyst provided no reasoning for their classification, which is a critical omission. While the sentence could be deliberative if it represents a proposed meeting time or option (making it predecisional and recommendatory), it could also be a factual record of a past event (e.g., in meeting minutes), in which case it would not be predecisional or deliberative. Since there are plausible contexts where it is not deliberative, it cannot be classified as 'always deliberative'.",0,0,early exit: A1 and A2 agree,0
670,"#7: Wednesday,  April 7,  1 :00   PM - 2:00 PM",0,0,,,flawed,"The colleague's reasoning steps for both pre-decisional and deliberative criteria are entirely missing. Without any articulated reasoning, it is impossible to assess the soundness of their logic or how they arrived at their conclusion. The sentence itself, '#7: Wednesday, April 7, 1:00 PM - 2:00 PM', is a factual statement of a date and time. While such a statement *could* be part of a deliberative process (e.g., proposing a meeting time among options, making it predecisional and deliberative), it is not inherently or always deliberative. It could also be a simple statement of a confirmed event, which would be purely factual and not deliberative. Therefore, the prediction that it is 'not always deliberative' (0) is a reasonable conclusion given the ambiguity and potential for it to be purely factual, but the lack of supporting analysis renders the submission flawed.",0,0,early exit: A1 and A2 agree,0
671,"#8: Wednesday, April 7,  2:00 PM - 3:00 PM",0,0,,,flawed,"The colleague provided no reasoning for either the predecisional or deliberative criteria. While the final prediction is correct, the absence of any justification for that prediction indicates a flawed reasoning process.",0,0,early exit: A1 and A2 agree,0
672,"#9: Wednesday, April 7, 3:00 PM - 4:00 PM",0,0,,,flawed,"The analyst failed to provide any reasoning for their assessment of the predecisional and deliberative criteria. Without any articulated steps or justification, their reasoning cannot be evaluated for soundness.",0,0,early exit: A1 and A2 agree,0
673,"Once we get a time that works internally, I'll take care of notifying the groups and setting up room arrangements, clearance, etc.",0,0,,,flawed,"The colleague provided no reasoning whatsoever for either the pre-decisional or deliberative steps. This indicates a complete lack of application of the Exemption 5 criteria, making their assessment process unsound, even if their ultimate prediction might align with a correct analysis.",0,0,early exit: A1 and A2 agree,0
674,Feel free to give me a call if you have any questions.,0,0,,,flawed,"The analyst provided no reasoning for their classification. While the prediction is correct, the absence of any justification for applying (or not applying) the predecisional and deliberative criteria makes the reasoning unsound.",0,0,early exit: A1 and A2 agree,0
675,Thanks everyone for your commitment to this bill.,0,0,,,flawed,"The colleague provided no reasoning for either the predecisional or deliberative steps. A sound assessment requires a clear explanation of how the criteria were applied to the sentence, even if the final prediction is correct. The absence of any justification makes the reasoning unsound.",0,0,early exit: A1 and A2 agree,0
676,It would be a tremendous victory to get this signed by the President this year.,0,1,,,flawed,"The colleague's reasoning is incomplete. No explanation was provided for Step 1 (Pre-decisional) or Step 2 (Deliberative), making it impossible to assess their application of the criteria. A sound analysis requires explicit reasoning for both steps.",1,1,early exit: A1 and A2 agree,1
677,Keep up the good work.,0,0,,,flawed,"Colleague provided no reasoning for their prediction. The absence of any justification for classifying the sentence as not deliberative is a significant flaw in the assessment process, as it does not demonstrate an application of the predecisional or deliberative criteria.",0,0,early exit: A1 and A2 agree,0
678,"Today SSA met with W&M staff (led by  Kim Hildred 'and  Sandy  Wise), plus  a  cast  of  thousands from the Hill, to discuss changes made since the Bunning-Kennelly bill passed  the House last  year.",0,0,,,flawed,"The primary issue is the complete absence of reasoning for both the pre-decisional and deliberative steps. While the final prediction is correct, the lack of any explanation for how that conclusion was reached makes the reasoning unsound and unreviewable. A proper assessment requires articulating how the criteria were applied.",0,0,early exit: A1 and A2 agree,0
679,We worked from a copy of the  8-K  bill that  was  marked  up  to  reflect  changes.,0,1,,,flawed,"Colleague provided no reasoning for either the predecisional or deliberative steps, making it impossible to assess their thought process. A prediction without supporting rationale is insufficient for a FOIA classification.",1,1,early exit: A1 and A2 agree,1
680,"Although  HCFA sent a representative, no one from ED or DOL was present.",0,0,,,flawed,"The colleague provided no reasoning for either the predecisional or deliberative steps. While their final prediction is correct, the absence of any justification for their classification is a critical flaw in the review process, as it doesn't demonstrate an understanding or application of the Exemption 5 criteria.",0,0,early exit: A1 and A2 agree,0
681,Here is a  summary  of  some  of  the issues discussed (Medicaid and offsets were not discussed):,0,0,,,flawed,"Colleague provided no reasoning for either predecisional or deliberative criteria, making it impossible to assess their application of the standards. A proper assessment requires explicit justification for each step.",0,0,early exit: A1 and A2 agree,0
682,Scoring.,0,0,,,flawed,"The colleague provided no reasoning for either the predecisional or deliberative criteria. Without any explanation of how the criteria were applied, their assessment cannot be evaluated. The sentence 'Scoring.' is too vague to be classified as either predecisional or deliberative without additional context (e.g., the surrounding text, the document type, the sender/recipient, and the purpose of the communication).",0,0,early exit: A1 and A2 agree,0
683,"Kim and Sandy noted that while the 8-K bill produced savings over five years, the changes made to these provisions by the Senate now result in costs.",0,0,,,flawed,"The analyst provided no reasoning for either the pre-decisional or deliberative steps, making it impossible to assess their application of the criteria. A complete lack of reasoning is a fundamental flaw in the assessment process. To properly classify, the analyst must articulate how the sentence meets (or fails to meet) both the pre-decisional and deliberative criteria.",0,0,early exit: A1 and A2 agree,0
684,Work Incentive Grants.,0,0,,,flawed,"The colleague's reasoning is entirely absent for both the predecisional and deliberative steps. A prediction without any supporting analysis or explanation of how the sentence meets (or fails to meet) the Exemption 5 criteria is fundamentally flawed. The sentence 'Work Incentive Grants' is a descriptive phrase or a topic. In isolation, it does not inherently reflect predecisional deliberation, recommendations, or personal views. It could refer to an existing program, a subject line, or a topic of discussion, but without context, it cannot be determined to be deliberative.",0,0,early exit: A1 and A2 agree,0
685,"W&M staff noted the specialists proposed in 8-K were no longer in the bill, and asked SSA to explain the new grants.",1,0,,,flawed,"The colleague's reasoning for both the pre-decisional and deliberative steps is entirely missing. Without any explanation of how they applied the criteria, it is impossible to assess the soundness of their reasoning process, even if the final prediction aligns with a correct outcome.",0,0,early exit: A1 and A2 agree,0
686,"I added that the budget did not include the JKRM grants, but rather included an alternative grant program based in DOL.",1,0,,,flawed,"The colleague failed to provide any reasoning for Step 1 (Pre-decisional) or Step 2 (Deliberative). Without applying the specified criteria, their prediction is unsubstantiated and does not demonstrate an understanding of the Exemption 5 analysis.",0,0,early exit: A1 and A2 agree,0
687,Kim and Sandy requested to see any paper/legislative language the Administration developed on these grants.,1,0,,,flawed,"The colleague provided no reasoning for Step 1 (Pre-decisional) or Step 2 (Deliberative). Without any articulated reasoning, it is impossible to assess whether they correctly applied the criteria. The sentence itself is a factual statement about a request made by individuals and does not contain predecisional recommendations, opinions, or advice, nor does it reflect the internal 'give-and-take' of the decision-making process.",0,0,early exit: A1 and A2 agree,0
688,Prisoner Provision -- Privacy Act Exemption.,0,0,,,flawed,"Colleague provided no reasoning for either the predecisional or deliberative criteria. The prediction is unsubstantiated. The sentence 'Prisoner Provision -- Privacy Act Exemption' is a descriptive label or topic heading. Standing alone, it does not inherently express an opinion, recommendation, or advice, nor does it reflect the 'give-and-take' of a decision-making process. Its deliberative nature would be entirely dependent on the surrounding context, which is not provided.",0,0,early exit: A1 and A2 agree,0
689,Sandy noted that the prisoner provision language was changed and she asked for the rationale.,1,1,,,flawed,"The analyst provided no reasoning for either the pre-decisional or deliberative steps, making it impossible to assess their application of the criteria. A complete lack of reasoning is a fundamental flaw. 

Furthermore, the sentence itself, 'Sandy noted that the prisoner provision language was changed and she asked for the rationale,' is a factual statement describing an observation and a request for information. It does not inherently reflect the internal 'give-and-take' of the decision-making process, recommendations, legal advice, or policy opinions. While the 'rationale' Sandy asked for *could* contain deliberative content, the act of noting a change and asking for a rationale is not, in itself, deliberative.",0,0,"Analyst 1 provided no reasoning, making their prediction impossible to evaluate. Analyst 2 correctly identified this fundamental flaw. Furthermore, Analyst 2's substantive analysis of the sentence is accurate. The sentence 'Sandy noted that the prisoner provision language was changed and she asked for the rationale' is a factual statement describing an observation ('noted that... was changed') and a request for information ('asked for the rationale'). Neither an observation nor a request for information, in itself, constitutes deliberative content under Exemption 5. While the 'rationale' Sandy requested might contain deliberative material, the act of noting a change and asking for the reasoning behind it is not deliberative. It does not reflect the internal 'give-and-take' of the decision-making process, recommendations, legal advice, or policy opinions. Therefore, the sentence is not deliberative.",0
690,We explained that  SSA  did not  need to  be exempt  from the entire Privacy Act in order to collect and  share  the  information  under  this  provision.,1,1,,,flawed,"The colleague's prediction that this sentence is *always* deliberative is flawed because the context is crucial for determining if it meets the Exemption 5 criteria. The phrase 'We explained that...' could refer to an explanation given during a predecisional, deliberative phase (e.g., internal legal advice or policy recommendation), or it could refer to an explanation of a final decision or established agency position that has already been made or settled. If it's the latter, it would not be predecisional or deliberative. Without knowing the document's purpose, audience, and timing relative to a final decision, it's impossible to definitively classify this sentence as always falling under Exemption 5.",0,0,"Analyst 2's assessment is stronger and more accurate. The phrase 'We explained that...' is inherently ambiguous regarding its predecisional and deliberative nature. It could indeed refer to an explanation provided during an internal, predecisional discussion or as part of legal advice or a policy recommendation aimed at informing a decision. In such a context, it would likely be deliberative. However, as Analyst 2 correctly identifies, it could just as easily refer to an explanation of a final decision or an established agency position that has already been made or settled. In that scenario, it would constitute a 'final opinion' or an explanation of settled policy, which falls outside the scope of Exemption 5. Without the crucial context of the document's purpose, audience, and timing relative to a final decision, it is impossible to definitively determine if this sentence meets the criteria for Exemption 5. The burden is on the agency to demonstrate that an exemption applies. Given the ambiguity, the sentence cannot be definitively classified as deliberative based solely on the provided text.",0
691,The substitute language is meant to  only exempt  SSA  from the necessary  provisions.,1,1,,,flawed,"The colleague failed to provide any reasoning for their predecisional and deliberative steps. Without this crucial information, it is impossible to assess whether their application of the Exemption 5 criteria was sound or flawed. The steps are merely placeholders without content.",1,1,early exit: A1 and A2 agree,1
692,We  also  noted that OMB-OGC and SSA-OGC continue to discuss this issue.,1,0,,,flawed,"The colleague provided no reasoning for their prediction in either Step 1 or Step 2. While the prediction is correct, the lack of justification is a significant flaw in the assessment process.",0,0,early exit: A1 and A2 agree,0
693,"W&M seems to be  fine  with  the change as long as the data sharing can still occur, and requested that we share any future changes with them.",1,1,,,flawed,"The colleague provided no reasoning for either the predecisional or deliberative criteria, which is a critical omission. The sentence itself appears to be a factual report of an external entity's position and request regarding a 'change.' It does not reflect the agency's internal 'give-and-take,' recommendations, legal advice, or policy opinions. It reports an external stakeholder's view, not the personal views of the author on agency policy or decision-making. Therefore, it does not meet the criteria for being deliberative. Without further context, it's also unclear if the 'change' is predecisional or already implemented.",0,0,"Analyst 1 provided a prediction without any supporting reasoning, making it impossible to assess their logic. Analyst 2, however, provided a comprehensive and accurate assessment. The sentence in question is a factual report of an external entity's (W&M) position and request regarding a 'change' and 'future changes.' It describes an external stakeholder's input, not the internal 'give-and-take,' recommendations, legal advice, or policy opinions of the agency itself. While this information might be considered during an agency's decision-making process, the sentence itself does not reflect the agency's own deliberations or the personal views of the author on agency policy. Therefore, it does not meet the criteria for being deliberative under Exemption 5.",0
694,Funding.,0,0,,,flawed,"The analyst provided no reasoning for either the pre-decisional or deliberative criteria. Without any explanation or context, it is impossible to assess their application of the Exemption 5 standards. A single word like 'Funding' is inherently ambiguous and requires surrounding context to determine if it is predecisional and deliberative.",0,0,early exit: A1 and A2 agree,0
695,In several places the Senate changed authorization language to language that looks  more like appropriations language.,0,0,,,flawed,"The colleague did not provide any reasoning for Step 1 (Pre-decisional) or Step 2 (Deliberative). Without the reasoning, it's impossible to assess their application of the criteria, even if the final prediction is correct. A complete analysis requires articulating how the sentence does or does not meet both the predecisional and deliberative prongs.",0,0,early exit: A1 and A2 agree,0
696,House staff hypothesized this  may  have  been  to  avoid  offsetting certain provisions.,0,1,,,flawed,The colleague's reasoning is entirely missing for both the pre-decisional and deliberative criteria. A complete lack of justification makes it impossible to assess their thought process.,0,1,"The sentence states that 'House staff hypothesized this may have been to avoid offsetting certain provisions.' The key word here is 'hypothesized.' This term explicitly indicates an unproven theory, a speculation, or an internal thought process rather than a statement of fact, a final decision, or an established policy. Such hypotheses are inherently predecisional, as they represent ideas or potential explanations being considered *before* a final conclusion is reached or an action is taken. They are also deliberative because they reflect the 'give-and-take' of internal discussions, representing the personal views or theories of staff members as they try to understand or shape policy, rather than a settled agency position. The purpose of Exemption 5 is to protect this type of candid internal discussion and speculation. Therefore, the sentence is both predecisional and deliberative. Analyst 1's prediction aligns with this assessment. Analyst 2's suggestion to classify it as NOT-DELIB is incorrect, as the 'hypothesized' nature clearly places it within the deliberative process.",1
697,"However, they  also  noted  that  the  funds  should  not  be  appropriated  through this bill, and would be supject to the discretionary caps.",0,1,,,flawed,"The analyst's reasoning for Step 1 (Pre-decisional) and Step 2 (Deliberative) is entirely missing. Without any stated reasoning, it is impossible to assess the soundness of their application of the Exemption 5 criteria.",1,1,early exit: A1 and A2 agree,1
698,Someone on House staff volunteered  to raise the issue with the appropriators.,0,1,,,flawed,"The colleague provided no reasoning for either the pre-decisional or deliberative criteria, making it impossible to assess their thought process. A prediction without any supporting analysis is fundamentally flawed.",0,0,"Analyst 2 correctly identifies the fundamental flaw in Analyst 1's submission: a prediction without any supporting reasoning is unassessable and therefore unreliable. 

Upon independent review of the sentence, 'Someone on House staff volunteered to raise the issue with the appropriators,' it is determined not to be deliberative. The sentence is a factual statement reporting an action or a commitment made by an individual ('volunteered'). It does not reflect the internal 'give-and-take' of a decision-making process, nor does it contain recommendations, opinions, or advice. It is not a draft, nor does it represent personal views on policy or strategy; it merely reports an event. While the *act* of raising an issue with appropriators might be part of a larger deliberative process, the statement that someone *volunteered* to do so is a factual report of that commitment, not a deliberation itself. Therefore, it does not meet the criteria for deliberative process privilege.",0
699,He felt it was unlikely the House would pass the language.,0,1,,,flawed,Colleague failed to provide any reasoning for Step 1 (Pre-decisional) or Step 2 (Deliberative). A proper assessment requires articulating how the criteria are met to justify the classification.,1,1,early exit: A1 and A2 agree,1
700,Reauthorization of the Ticket.,0,0,,,flawed,"The analyst provided no reasoning for either the predecisional or deliberative steps. This omission makes it impossible to assess whether they correctly applied the FOIA Exemption 5 criteria. Without any articulated thought process, the classification lacks justification.",0,0,early exit: A1 and A2 agree,0
701,"W&M is unhappy with the reauthorization language {staff referred to it as a ""five year sunset provision with a grandfather clause"").",0,1,,,flawed,"The colleague's reasoning for Step 1 (Pre-decisional) and Step 2 (Deliberative) is entirely missing. Without any articulated reasoning, it is impossible to assess whether their application of the criteria was sound or flawed. The core requirement of this task is to critically assess their reasoning, which cannot be done when no reasoning is provided.",0,0,"Analyst 2 correctly identified that Analyst 1 provided no reasoning for their prediction, making it impossible to assess their methodology. Therefore, I must conduct an independent assessment of the sentence against the criteria for deliberative process privilege.

The sentence states: 'W&M is unhappy with the reauthorization language {staff referred to it as a ""five year sunset provision with a grandfather clause"").'

To be considered deliberative, the content must reflect the internal 'give-and-take' of the decision-making process, such as recommendations, legal advice, or policy opinions, and represent the personal views of the author rather than established policy. This sentence, however, is a factual report. It conveys an observation about an external entity's (W&M's) sentiment regarding specific language and how internal staff characterized that language. It does not express the author's own recommendations, opinions, or advice, nor does it contribute to the 'give-and-take' of policy formulation in a deliberative manner. While the information itself might be *used* in a deliberative process, the sentence itself is a factual statement, not a deliberative one.

Therefore, the sentence is not deliberative.",0
702,"CBO noted that the change has little effect on 5 year numbers, but virtually all of the program's savings are lost over the 10 year period.",0,0,,,flawed,"The colleague failed to provide any reasoning for Step 1 (Pre-decisional) or Step 2 (Deliberative). Without the reasoning, it is impossible to assess whether they correctly applied the Exemption 5 criteria to reach their prediction.",0,0,early exit: A1 and A2 agree,0
703,CLARIFICATION POINTS Continuing Disability Reviews.,0,0,,,flawed,"The colleague provided no reasoning for either the pre-decisional or deliberative criteria. Without any explanation or application of the definitions, it is impossible to assess the soundness of their thought process, rendering their prediction unsubstantiated.",0,0,early exit: A1 and A2 agree,0
704,There is some  confusion in  W&M  (as  in  SSA  and EXOP)  about  how the  two  provisions  that  eliminate   work  activity  as  a  trigger  for  a  disability  review  relate  to  each other.,1,0,,,flawed,"The colleague's reasoning is flawed because it is entirely missing. No explanation was provided for why the sentence is not predecisional or deliberative. The sentence is a factual observation about an existing state of confusion regarding how two provisions relate to each other. It does not offer recommendations, legal advice, or policy opinions, nor does it reflect the 'give-and-take' of the decision-making process. It describes a situation rather than proposing or analyzing a decision.",0,0,early exit: A1 and A2 agree,0
705,SSA volunteered to provide a written rationale for the changes it would like to make.,1,1,,,flawed,"The colleague provided no reasoning for either the predecisional or deliberative steps, making it impossible to assess their thought process. A complete lack of reasoning is a fundamental flaw.",0,1,"Analyst 1 predicted 'DELIBERATIVE' but provided no reasoning, which Analyst 2 correctly identified as a fundamental flaw. However, independently assessing the sentence, I find that it describes an action that is both predecisional and deliberative. The phrase 'changes it would like to make' clearly indicates that these changes are proposed and not yet final, making any rationale for them predecisional. Furthermore, a 'written rationale' for proposed changes inherently reflects the agency's internal thinking, analysis, and recommendations regarding those changes. It represents the 'give-and-take' of the decision-making process, explaining the 'why' behind the proposals before a final decision is reached. Therefore, the sentence describes an offer to provide content that would be deliberative in nature.",1
706,Advisory Panel.,0,0,,,flawed,"The analyst provided no reasoning for their prediction, making it impossible to assess their application of the predecisional or deliberative criteria. A prediction without supporting analysis is not a sound assessment.",0,0,early exit: A1 and A2 agree,0
707,"W&M staff wanted to know if the Administration opposed the panel proposed in the Senate -- twice the size of the House panel and broader scope (SSA-based panel advises HHS, DOL, ED).",1,1,,,flawed,"The sentence is a factual statement reporting an external inquiry from W&M staff to the Administration. It describes what an external party 'wanted to know,' rather than reflecting the internal 'give-and-take' of the agency's decision-making process, such as recommendations, legal advice, or policy opinions. While the subject matter (the proposed panel) is predecisional for the Administration, the content of this specific sentence is not deliberative.",0,0,"The sentence states, 'W&M staff wanted to know if the Administration opposed the panel proposed in the Senate -- twice the size of the House panel and broader scope (SSA-based panel advises HHS, DOL, ED).' 

To be considered deliberative under Exemption 5, a record must be both predecisional and deliberative. While the subject matter of the inquiry (the Administration's stance on a proposed panel) is likely predecisional for the Administration, the content of this specific sentence does not reflect the internal 'give-and-take' of the agency's decision-making process. Instead, it is a factual statement reporting an external inquiry from W&M staff to the Administration. It describes what an external party 'wanted to know,' rather than offering recommendations, legal advice, policy opinions, or personal views of the author within the agency's internal deliberations. Therefore, the sentence itself is not deliberative.",0
708,"SSA and I stated that while we preferred to build off of an  existing  interagency  panel  focused on employment for individuals with disabilities, we would not oppose the Senate panel.",1,1,,,flawed,"The colleague failed to provide any reasoning for their classification in Step 1 (Pre-decisional) or Step 2 (Deliberative). A proper assessment requires articulating how the criteria are met, demonstrating how the sentence meets both the predecisional and deliberative elements of Exemption 5.",1,1,early exit: A1 and A2 agree,1
709,State Agency Participation in the Ticket Program.,0,0,,,flawed,"The colleague's reasoning steps for both predecisional and deliberative criteria are missing. While the prediction is likely correct for this specific sentence, the lack of articulated reasoning is a significant flaw in the assessment process. The sentence itself, 'State Agency Participation in the Ticket Program,' is a factual statement or a topic heading. It does not inherently reflect any predecisional stage, nor does it contain any deliberative content such as recommendations, opinions, advice, or drafts. It merely names a subject.",0,0,early exit: A1 and A2 agree,0
710,The Senate version enables State VR agencies to select payment methods on a case by case basis and to develop contracts with other participating providers/managers.,0,0,,,flawed,"The colleague failed to provide any reasoning for either the predecisional or deliberative steps. This omission makes it impossible to assess their thought process and is a fundamental flaw in the reasoning. While the final prediction may be correct, the lack of justification means the reasoning itself is unsound.",0,0,early exit: A1 and A2 agree,0
711,Kim Hildred wants to speak to someone from ED about these changes.,0,0,,,flawed,"The colleague provided no reasoning for their classification, making it impossible to assess their application of the predecisional or deliberative criteria. A proper assessment requires explicit justification for each step, explaining how the sentence meets or fails to meet the criteria.",0,0,early exit: A1 and A2 agree,0
712,Medicare.,0,0,,,flawed,"The colleague provided no reasoning for their classification. A single word like ""Medicare"" lacks sufficient context to determine if it is predecisional or deliberative. Without any supporting context, it is impossible to assess whether it reflects the internal ""give-and-take"" of the decision-making process, personal views, or a recommendation, which are key indicators for deliberative material. The absence of any analysis against the criteria makes the reasoning unsound.",0,0,early exit: A1 and A2 agree,0
713,W&M staff asked several questions to get a better understanding of the provision.,0,0,,,flawed,"The analyst provided no reasoning for either the predecisional or deliberative steps, making it impossible to assess their thought process. A prediction was made without any supporting justification.",0,0,early exit: A1 and A2 agree,0
714,"Specifically, they asked about the 10 year window, whether  disability  reviews  would be  conducted after an individual stops receiving DI cash benefits (they read it as ""no""), and costs.",0,1,,,flawed,"The analyst did not provide any reasoning for their predecisional or deliberative assessment. Without the step-by-step application of the criteria, it is impossible to assess the soundness of their reasoning. The absence of reasoning is a critical flaw in the classification process.",0,0,"Analyst 1 failed to provide any reasoning for their assessment, which Analyst 2 correctly identified as a critical flaw. Therefore, Analyst 1's prediction is unsupported. 

Upon independent review, the sentence 'Specifically, they asked about the 10 year window, whether disability reviews would be conducted after an individual stops receiving DI cash benefits (they read it as 'no'), and costs' describes questions that were posed. The act of asking questions about policy parameters, implications, and costs is inherently predecisional, as it indicates that a decision or policy is still being formulated or clarified, and information is being gathered to assist a decision-maker. It precedes a final agency action or settled matter.

However, the sentence itself is a factual report of *what was asked*. It does not reflect the internal 'give-and-take' of the decision-making process, nor does it contain recommendations, policy opinions, or personal views of the author of the email. The parenthetical '(they read it as 'no')' represents an interpretation by the questioners, not a deliberative thought or recommendation from the author. While the *topics* of the questions might be part of a deliberative discussion, the sentence *reporting* those questions is merely a factual summary of inquiries and does not contain deliberative content itself. Therefore, it is predecisional but not deliberative.",0
715,Expedited Eligibility Provision.,0,0,,,flawed,"Colleague provided no reasoning for either the predecisional or deliberative criteria. Without any explanation or context, it is impossible to assess their application of the Exemption 5 standards. The absence of reasoning makes the prediction unsubstantiated.",0,0,early exit: A1 and A2 agree,0
716,"This was not discussed in detail, though Kathy Ruffing (CBO) did note that she scored it as a small caster instead of a small saver.",1,1,,,flawed,"Colleague's reasoning for Step 1 (Pre-decisional) and Step 2 (Deliberative) was left blank. A sound assessment requires explicit articulation of how the criteria are met. While the ultimate prediction may be correct, the lack of documented reasoning makes the process unsound.",1,1,early exit: A1 and A2 agree,1
717,SSA will provide a  written rationale for this provision.,1,0,,,flawed,"The analyst provided no reasoning for either the pre-decisional or deliberative criteria, making it impossible to assess their thought process. A complete analysis requires explicit justification for each step.",0,0,early exit: A1 and A2 agree,0
718,ADDITIONAL ISSUES,0,0,,,flawed,"Colleague provided no reasoning for Step 1 (Pre-decisional) or Step 2 (Deliberative), making it impossible to assess their application of the criteria. A prediction was made without any supporting rationale.",0,0,early exit: A1 and A2 agree,0
719,Milestone Payments.,0,0,,,flawed,"The reasoning for Step 1 (Pre-decisional) and Step 2 (Deliberative) is entirely missing. Without the articulated reasoning, it is impossible to assess the soundness of the colleague's application of the Exemption 5 criteria. A proper assessment requires a clear explanation of how the criteria were applied to the specific sentence.",0,0,early exit: A1 and A2 agree,0
720,SSA again requested that more specific language be adopted regarding milestones only being paid after an individual starts a job.,1,1,,,flawed,"The analyst failed to provide any reasoning for Step 1 (Pre-decisional) or Step 2 (Deliberative). While the final prediction aligns with a correct application of Exemption 5, the absence of the step-by-step analysis means the reasoning itself cannot be assessed for soundness or misapplication of criteria. A complete analysis requires demonstrating how the sentence meets both the predecisional and deliberative elements.",1,1,early exit: A1 and A2 agree,1
721,Kim and Sandy believe the language that enables the Commissioner to determine the timing and amount ofpayments is sufficient.,1,1,,,flawed,"The colleague did not provide any reasoning for Step 1 (Pre-decisional) or Step 2 (Deliberative). Without the reasoning, it is impossible to assess its soundness. The prompt requires evaluating the colleague's reasoning, which is absent here.",1,1,early exit: A1 and A2 agree,1
722,Individual Work Plans.,0,0,,,flawed,"The analyst provided no reasoning for either the predecisional or deliberative criteria, making it impossible to assess their thought process. A prediction without supporting rationale is insufficient for a FOIA exemption determination.",0,0,early exit: A1 and A2 agree,0
723,Senate language provides detailed requirements of what the plans must include and takes away the Commissioner ability to waive  the plans in  certain cases.,0,0,,,flawed,"The colleague provided no reasoning for either the pre-decisional or deliberative steps. A proper analysis requires explicit justification for each step, demonstrating how the criteria were applied to the specific sentence. Without any explanation, it is impossible to assess the soundness of their reasoning process.",0,0,early exit: A1 and A2 agree,0
724,W&M  and SSA both prefer the House language.,1,1,,,flawed,"The colleague provided no reasoning for either the predecisional or deliberative steps, making it impossible to assess their application of the criteria. While the prediction might be correct, the lack of articulated reasoning is a significant flaw in the process as it doesn't demonstrate an understanding or application of the Exemption 5 principles.",1,1,early exit: A1 and A2 agree,1
725,Qualification for Employment Networks.,0,0,,,flawed,Colleague provided no reasoning for either pre-decisional or deliberative criteria. It is impossible to assess the soundness of their reasoning without any explanation of how they applied the criteria to the sentence.,0,0,early exit: A1 and A2 agree,0
726,W&M staff are concerned that the flexibility built into the Senate language may allow McDonalds or other large employers to qualify for payments.,0,1,,,flawed,"The colleague failed to provide any reasoning for either the predecisional or deliberative criteria, making it impossible to assess their thought process. Both steps were left blank, which is a critical omission in a FOIA exemption analysis.",1,1,early exit: A1 and A2 agree,1
727,SSA does not believe the language would do this.,1,1,,,flawed,"The colleague failed to provide any reasoning for Step 1 (Pre-decisional) or Step 2 (Deliberative). Without the underlying rationale, it is impossible to assess the soundness of their classification process. A prediction alone is insufficient for a proper FOIA review.",1,1,early exit: A1 and A2 agree,1
