row,sentence,y_true,agent1_pred,agent1_step1,agent1_step2,agent2_assessment,agent2_issues,agent2_suggestion,agent3_pred,agent3_rationale,y_pred
0,"Issue Given opposition to the provision in the President's budget to intercept gambling winnings from parents who owe child support, should we: (1) Officially amend the proposal to make it a small scale demonstration, with voluntary participation on the part of gambling establishments, submitting a budget amendment with substitute pay-fors; or (2) Agree to not push the proposal.",0,1.0,The sentence explicitly presents a choice between two alternative courses of action ('should we: (1) Officially amend the proposal... or (2) Agree to not push the proposal'). This clearly indicates that a final decision on the provision in the President's budget has not yet been made and is still under active consideration. It is designed to assist a decision-maker in reaching a conclusion and precedes any final agency action.,"The sentence is framed as a question presenting options for action, which are inherently recommendations or proposals for internal deliberation. It reflects the 'give-and-take' of the decision-making process, weighing different strategies in response to opposition. It is not a statement of fact but rather an expression of policy options and strategic choices, representing the personal views or internal considerations of the agency rather than established policy.",,,,,,1.0
1,Background on the Proposal The responsible fatherhood initiative in the President's budget includes new measures to:     1) collect child support from parents who can afford to pay;,0,0.0,"The sentence describes a component of an initiative that is already included in the President's budget. This indicates that a decision has already been made to include these measures. Therefore, the sentence is not predecisional.","The sentence provides factual background information about an existing initiative and its measures. It does not express an opinion, recommendation, or internal deliberation. It states what the initiative 'includes,' which is a factual description of its components.",,,,,,0.0
2,2) ensure that more child support goes directly to families; and,0,1.0,"This sentence is a fragment that appears to be part of a list of objectives or goals. As an objective, it inherently concerns an issue where a final decision on how to achieve it, or whether to adopt it as a policy, has not yet been made. It points to a future desired outcome, thus preceding any final agency action or policy implementation. Therefore, it is predecisional.","As an objective or goal, this sentence expresses a desired outcome or a policy aim. It reflects an internal decision or recommendation about what the agency should strive to achieve. It is not a statement of fact, but rather a policy opinion or a recommendation for action. Therefore, it is deliberative.",,,,,,1.0
3,"3) provide funds to help more ""deadbroke"" fathers who owe child support go to work.",0,1.0,"The sentence is a recommendation or a proposed action ('provide funds to help...'). This type of statement inherently precedes a final decision on whether to implement such a program or allocate such funds. Therefore, it is predecisional.","The sentence is a specific recommendation for action ('provide funds to help...'). It reflects a policy opinion or a proposed course of action, representing the internal 'give-and-take' of the decision-making process rather than a statement of fact or established policy. Thus, it is deliberative.",,,,,,1.0
4,"The package of child support collection initiatives includes intercepting gambling winnings from parents who owe support, which will collect about $350 million for families and raise nearly $190 million in federal revenues over five years.",0,0.0,"The sentence describes a 'package of child support collection initiatives' and details one of its components, along with its projected financial impact. The use of 'includes' suggests that the initiatives are already defined or implemented, or at least are presented as a concrete plan rather than a proposal still under discussion. It describes what the package 'will collect' and 'raise,' indicating a settled plan or an established program. Therefore, it does not concern an issue where a final decision has not yet been made; rather, it describes the details of a decision that has already been made or a matter that has been officially settled.","The sentence presents factual information about a specific initiative: its nature (intercepting gambling winnings) and its projected financial outcomes ($350 million for families, $190 million in federal revenues). It does not express an opinion, recommendation, or internal deliberation. It states what the initiative 'includes' and what it 'will collect' and 'raise,' which are presented as factual projections or outcomes of an established plan, not subjective views or policy options.",,,,,,0.0
5,Gaming establishments currently must report to the IRS certain gambling winnings,0,0.0,"The sentence describes an existing regulatory requirement ('Gaming establishments currently must report to the IRS certain gambling winnings'). This is a statement of current law or policy, not an issue where a final decision has not yet been made. It does not precede an agency's action or decision-making process.","The sentence states a fact about an existing legal obligation. It does not express an opinion, recommendation, or internal deliberation. It is a straightforward factual statement about current reporting requirements.",,,,,,0.0
6,"under this proposal, they would also check to see if these individuals owe child support, and if so, retain winnings for the gamblers' children",0,0.0,"The sentence describes a feature of 'this proposal.' The use of 'proposal' indicates that the described action is not yet a final decision or established policy, but rather something under consideration. Therefore, it is predecisional.","The sentence describes a specific mechanism 'under this proposal.' While it states what 'they would also check' and 'retain winnings,' it is merely outlining a component of a proposed plan. It does not express an opinion, recommendation, or internal deliberation about the merits or feasibility of the proposal itself, nor does it reflect the 'give-and-take' of the decision-making process. It is a factual description of a proposed action, not a subjective view or recommendation. Therefore, it is not deliberative.",,,,,,0.0
7,"1 Under current law, tribal and nontribal gambling establishments must complete and send to the IRS form W2G, reporting the name, social security number and amount of winnings for patrons with keno winnings above $1,500, bingo and slot machine winnings above $1,200, and winnings above $600 when the winnings are at least 300 times the amount of the wager.",0,0.0,"The sentence describes existing legal requirements ('Under current law, tribal and nontribal gambling establishments must complete and send to the IRS form W2G'). It states established facts about current regulations and does not concern an issue where a final decision has not yet been made. It describes a decision (the law) that has already been made and is in effect. Therefore, it is not predecisional.","The sentence is a factual statement about current law and reporting requirements. It does not express an opinion, recommendation, or internal deliberation. It simply describes what is mandated by law, rather than reflecting the 'give-and-take' of the decision-making process or the personal views of the author regarding policy options. Therefore, it is not deliberative.",,,,,,0.0
8,"2 For all gambling winners exceeding the thresholds listed above, the gambling establishment would transmit the individual's name, social security number and amount of winnings via computer to a secure internet site where it would be matched against information on parents who owe at least $500 in child support.",0,0.0,"The sentence describes a proposed process ('the gambling establishment would transmit...'). The use of 'would transmit' indicates a hypothetical or future action, suggesting that this is part of a proposal or plan that has not yet been finalized or implemented. Therefore, it concerns an issue where a final decision has not yet been made, making it predecisional.","The sentence describes a specific operational mechanism within a proposal. While it outlines a process, it does not express an opinion, recommendation, or internal deliberation in the sense of subjective judgment or policy choice. It describes a factual component of a proposed system. It is a technical description of how a proposed system would function, rather than a reflection of the 'give-and-take' of policy formulation or a personal view. It is more akin to a factual description of a proposed mechanism.",,,,,,0.0
9,The match inquiry would report back: 1) there is no match and the individual does not owe past due child support;,0,0.0,"The sentence describes a potential outcome or report from a 'match inquiry.' It outlines a factual finding that would be reported. This is a description of a potential result or a procedural step, not a statement that precedes a decision-maker reaching a final conclusion. It describes a factual output of a process, not a predecisional input to a decision.","The sentence states a factual condition ('there is no match and the individual does not owe past due child support') that would be reported by an inquiry. It does not express an opinion, recommendation, or internal deliberation. It is a factual statement about a potential finding.",,,,,,0.0
10,"2) the individual owes past due child support which exceeds the amount of the individual's winnings, therefore, the entire amount of winnings should be retained;",0,1.0,"The sentence presents a condition ('the individual owes past due child support') and a proposed consequence ('therefore, the entire amount of winnings should be retained'). This structure suggests a recommendation or a proposed course of action that precedes a final decision on how to handle the winnings. It is not a statement about a decision that has already been made or a matter that has been officially settled. Therefore, it is predecisional.","The phrase 'therefore, the entire amount of winnings should be retained' is a clear recommendation or a policy opinion on how to proceed in a specific scenario. It reflects an internal deliberation about the appropriate action to take, rather than a statement of fact or established policy. It represents the personal view or advice of the author regarding the disposition of funds. Therefore, it is deliberative.",,,,,,1.0
11,"or 3) the individual owes child support but the amount does not exceed the amount of winnings; therefore, only the amount of child support owed should be retained.",0,1.0,"The sentence presents a hypothetical scenario and a proposed action ('only the amount of child support owed should be retained'). This suggests it is part of a discussion or recommendation about how to handle specific situations, indicating that a final decision or policy on this matter has not yet been made. It is clearly predecisional as it outlines a potential course of action.","The phrase 'therefore, only the amount of child support owed should be retained' is a recommendation or a proposed policy outcome for a specific scenario. It reflects an internal opinion on how a situation should be handled, rather than a statement of fact or an established policy. This content represents the personal views of the author regarding a policy or procedural choice, making it deliberative.",,,,,,1.0
12,Reaction to the Proposal Opposition to.,0,1.0,"The sentence fragment 'Reaction to the Proposal Opposition to' indicates that a proposal exists and there is a reaction to it, specifically opposition. This implies that the proposal is still under consideration and a final decision has not yet been made regarding it. Therefore, it is predecisional.","The phrase 'Opposition to' clearly expresses an opinion or a stance regarding the proposal. It reflects internal 'give-and-take' and represents a view on the proposal, rather than a statement of fact or established policy. Thus, it is deliberative.",,,,,,1.0
13,the child support gambling proposal has come from several sources.,0,0.0,"The sentence states a fact: that a proposal has originated from multiple sources. It does not concern an issue where a final decision has not yet been made, nor does it precede an agency's action. It is a factual observation about the origin of a proposal, not a step in the decision-making process itself.","The sentence is a factual statement about the origin of a proposal. It does not express an opinion, recommendation, or internal deliberation. It simply states where the proposal has come from, which is a matter of fact.",,,,,,0.0
14,"Trtbal organizations have numerous concerns, including  that the proposal  was  made without consultation, violates their sovereignty by requiring them to enforce federal and state laws, and requires their gambling establishments to dedicate  staff time  and  other resources  to  collecting child support.",0,0.0,"The sentence describes concerns raised by tribal organizations regarding a proposal. While these concerns might be part of a broader discussion leading to a decision, the sentence itself is a factual report of existing concerns. It does not directly precede an agency's action or decision, nor is it created specifically to assist a decision-maker in reaching a final conclusion. It could be part of a summary of feedback after a decision has been made, or a general informational update. Therefore, it is not always predecisional.","The sentence reports on the concerns of tribal organizations. While these concerns are opinions, the sentence itself is a factual statement *about* those opinions. It does not express the author's own opinion, recommendation, or internal deliberation. It is a factual summary of external views, not an internal 'give-and-take' of the agency's decision-making process. Therefore, it is not deliberative.",,,,,,0.0
15,"The National Indian Gaming Commission, the federal agency  with  oversight  of tribal gaming, opposes the proposal.",0,1.0,"The sentence states that a federal agency 'opposes the proposal.' This opposition is a stance taken on a proposal, which implies that a final decision on the proposal itself has not yet been made. The agency's opposition is a position taken *before* a final resolution or decision on the proposal, making it predecisional.","The statement 'opposes the proposal' is a clear expression of an opinion or a recommendation from the National Indian Gaming Commission. It reflects the agency's internal 'give-and-take' and its policy position on a matter, rather than a purely factual statement or an established, settled policy. It represents the agency's view on a pending matter.",,,,,,1.0
16,"Democratic members of Congress, in particular Rep. Shelley Berkley (D-NV), have also called for us to abandon the proposal because of the burden it would  impose on the industry.",0,0.0,"The sentence describes external calls from members of Congress to abandon a proposal. While these calls might influence a future decision, the sentence itself is a factual report of external input, not an internal predecisional step by the agency. It does not concern an issue where a final decision has not yet been made by the agency itself, but rather reports on external pressure regarding a proposal. It is not created specifically to assist a decision-maker in reaching a final conclusion within the agency, but rather reports on external facts.","The sentence reports a factual statement about what external parties (Democratic members of Congress) have called for. It does not express an opinion, recommendation, or internal deliberation of the agency itself. It is a factual report of external communication, not an internal 'give-and-take' of the agency's decision-making process.",,,,,,0.0
17,Child support legislation is likely to move through the Ways and Means Committee this Spring.,0,0.0,"The sentence makes a prediction about the legislative process ('is likely to move through'). While this prediction concerns a future event, it does not directly relate to an internal agency decision that has not yet been made. It is an observation about external legislative activity, not an internal agency deliberation preceding an agency's action. Therefore, it is not predecisional.","The sentence expresses a prediction or an assessment of likelihood ('is likely to move through'). This is an opinion or an internal assessment rather than a purely factual statement. It reflects the author's judgment about future events. Thus, it is deliberative.",,,,,,0.0
18,Human Resources Subcommittee  staff are planning  a hearing in late March  and  a markÂ­ up in April.,0,0.0,"The sentence describes future plans for a hearing and a markup. These are procedural steps that precede any final legislative or policy decision. Therefore, the sentence concerns an issue where a final decision has not yet been made, making it predecisional.","The sentence states that staff 'are planning' a hearing and a markup. This is a factual statement about scheduled events or intentions, not an opinion, recommendation, or internal deliberation about the substance of a policy or decision. It describes an administrative action rather than expressing a viewpoint or engaging in policy debate. Therefore, it is not deliberative.",,,,,,0.0
19,"There is bipartisan consensus on the need to simplify the current child support  distribution rules, to ensure more child support goes directly to families, and the committee will need child support collection proposals to help offset the costs.",0,0.0,"The sentence describes an existing 'bipartisan consensus' and identifies a future need for 'child support collection proposals.' While it points to future actions (the committee needing proposals), the core of the sentence is a statement about an existing consensus and a general requirement. It doesn't describe a specific, pending decision or a document created to assist a decision-maker in reaching a final conclusion on a particular policy. It's more of a background statement or an observation about the current legislative landscape. Therefore, it is not clearly predecisional.","The sentence states that there 'is bipartisan consensus' and that the committee 'will need child support collection proposals.' These are presented as factual observations about the political landscape and future requirements, rather than opinions, recommendations, or internal deliberations. While the underlying issues involve policy, the sentence itself is descriptive of the situation and future needs, not an expression of a specific opinion or recommendation from the author.",,,,,,0.0
20,"Currently, the committee staff have the gambling proposal, as well our other child support budget proposals, on their proposed list, which is not yet public.",0,0.0,"The sentence states that certain proposals are on a 'proposed list, which is not yet public.' This clearly indicates that a final decision on these proposals has not been made, and they are still in a preliminary stage of consideration. Therefore, the sentence concerns an issue where a final decision has not yet been made, making it predecisional.","The sentence describes the status of 'proposals' on a 'proposed list.' While it is a factual statement about the existence and status of these proposals, the content itself (the proposals) represents internal deliberations, recommendations, and policy opinions. The sentence is reporting on the existence of these deliberative documents within a non-public, predecisional context. However, the sentence itself is a factual statement about the *location* of deliberative documents, not an expression of an opinion, recommendation, or internal deliberation *within* the sentence itself. It states a fact about the deliberative process, rather than being part of the 'give-and-take' itself. It does not express the personal views of the author regarding the merits of the proposals or the committee's actions, but rather reports on their current status.",,,,,,0.0
21,"However, Democratic staff think that because CBO has scored the gambling provision as raising only $36 miilion (compared to our nearly $190 millionscore), that  they will drop the gambling proposal if they receive protests.",0,1.0,"The sentence describes what 'Democratic staff think' regarding a potential future action ('they will drop the gambling proposal if they receive protests'). This thinking is clearly predecisional, as it concerns a potential future decision that has not yet been made and is contingent on external factors (protests). It reflects an assessment of a potential future outcome and strategy.","The sentence explicitly states what 'Democratic staff think' about a situation and a potential future response. This constitutes an opinion, an assessment, and an internal deliberation about strategy and likely outcomes, rather than a statement of fact. It reflects the 'give-and-take' of the decision-making process and the personal views of the staff regarding a policy proposal.",,,,,,1.0
22,"Pay-for Options Â· If we submit a budget amendment officially changing our proposal in a way that lowers the savings, OMB believes we should propose substitute pay-fors.",1,1.0,"The sentence discusses a hypothetical scenario ('If we submit a budget amendment...') and the Office of Management and Budget's (OMB) belief regarding a potential action ('OMB believes we should propose substitute pay-fors'). This clearly indicates that a final decision on submitting a budget amendment or proposing substitute pay-fors has not yet been made. It is part of an ongoing discussion about potential future actions and their implications, making it predecisional.","The sentence conveys OMB's belief and recommendation ('OMB believes we should propose substitute pay-fors') in response to a hypothetical situation. This reflects an internal opinion, advice, or policy recommendation within the decision-making process, rather than a statement of fact or established policy. It is a clear example of internal 'give-and-take' regarding policy options.",,,,,,1.0
23,Several child support options are currently being examined;,1,0.0,"The sentence states that 'several child support options are currently being examined.' This clearly indicates that a final decision on these options has not yet been made and that the agency is in the process of evaluating potential courses of action. Therefore, it is predecisional.","The sentence is a factual statement about the current status of an examination process. It does not express an opinion, recommendation, or internal deliberation about the merits of the options, nor does it reflect the 'give-and-take' of the decision-making process. It simply states that an examination is underway, which is a factual observation.",,,,,,0.0
24,early estimates show they likely will raise only about $50 million of the cost.,1,0.0,"The sentence refers to 'early estimates' and what they 'likely will raise.' This indicates that the information is preliminary and relates to a future outcome, suggesting that a final decision or action based on these estimates has not yet been made. Therefore, it is predecisional.","The sentence presents 'early estimates' and a 'likely' outcome. While estimates are based on data, the term 'early estimates' implies a degree of uncertainty and projection, which can be part of internal deliberation and assessment rather than a definitive statement of fact. However, an estimate, even an early one, is often presented as a factual projection based on available data, rather than an opinion, recommendation, or internal 'give-and-take' in the same way that policy advice or a strategic choice would be. It's a projection of a fact, not an opinion about policy. Therefore, it is not deliberative.",,,,,,0.0
25,"The remaining costs could be made up by proposing a pay-for that HHS vigorously protested during the development of the budget, which would moderately reduce the amount of performance-based child support funds made available to states at the same time we make other changes that are advantageous to states.",1,1.0,The sentence discusses a potential solution ('could be made up by proposing a pay-for') for remaining costs and describes a specific 'pay-for' mechanism that was previously protested by HHS. This clearly indicates that a final decision on how to cover these costs has not yet been made and is still under consideration. The proposal of a 'pay-for' is a predecisional step in the budget development process.,"The sentence describes a proposed course of action ('proposing a pay-for') and highlights an internal disagreement or protest from HHS during the budget development. This reflects the internal 'give-and-take' of the decision-making process, including recommendations and differing opinions on policy options. It represents the personal views and strategic considerations of the author regarding how to address budget shortfalls, rather than a statement of fact or established policy. The mention of HHS's protest further underscores the deliberative nature of the content.",,,,,,1.0
26,"If they really want to go ahead with this meeting, I would think we should talk about the tribal and nontribal parts of this proposal at the same time, which would lead me to think Leg Affairs should be invited.",1,1.0,"The sentence discusses conditions for a future meeting ('If they really want to go ahead with this meeting') and makes recommendations about its scope and attendees. This clearly precedes any final decision about the meeting itself or the proposal it concerns, making it predecisional.","The sentence contains several expressions of opinion and recommendation: 'I would think we should talk about...', 'which would lead me to think Leg Affairs should be invited.' These phrases reflect the author's personal views, strategic considerations, and internal 'give-and-take' regarding how to proceed with a proposal and a meeting. This is highly deliberative content, not a statement of fact or established policy.",,,,,,1.0
27,Should we suggest?,1,1.0,"The sentence is a question about whether to make a suggestion. The act of making a suggestion, or deciding whether to make one, inherently precedes any final decision that might be influenced by that suggestion. Therefore, it concerns an issue where a final decision has not yet been made, making it predecisional.",The sentence 'Should we suggest?' is a direct reflection of internal 'give-and-take' and contemplation about a potential course of action. It is not a statement of fact but an inquiry into whether to offer an opinion or recommendation. This clearly falls under the definition of deliberative content.,,,,,,1.0
28,"John will have a deadbeat dads/indian gaming meeting on Thursday, March 9th at 11:00am.",0,0.0,"The sentence states that a meeting will occur. While meetings often precede decisions, the sentence itself does not indicate that a final decision has not yet been made on a specific issue. It merely reports a scheduled event. It does not describe the content of the meeting as predecisional, nor does it suggest that the meeting is specifically to assist a decision-maker in reaching a final conclusion. It is a factual statement about a future event.","The sentence is a factual statement about a scheduled meeting, including the participants, topic, date, and time. It does not express an opinion, recommendation, or internal deliberation. It does not reflect the 'give-and-take' of the decision-making process, nor does it represent the personal views of the author beyond the factual reporting of a schedule.",,,,,,0.0
29,The meeting will be in John's office.,0,0.0,"The sentence states a factual logistical detail about a future event (the location of a meeting). It does not concern an issue where a final decision has not yet been made regarding an agency action or policy. It is a statement of fact about a planned arrangement, not a step in a decision-making process.","The sentence 'The meeting will be in John's office' is a purely factual statement. It does not express an opinion, recommendation, legal advice, or policy opinion. It does not reflect the internal 'give-and-take' of the decision-making process.",,,,,,0.0
30,Please call me with any questions/problems.,0,0.0,"The sentence is a general request for communication regarding any questions or problems. It does not inherently relate to a specific, pending decision or assist a decision-maker in reaching a final conclusion. It is a procedural instruction for follow-up, not a statement that precedes an agency's action or a final conclusion on a substantive issue. Therefore, it is not predecisional.","The sentence is a directive or a request for action ('Please call me'). It does not express an opinion, recommendation, legal advice, or policy opinion. It is a factual instruction for communication, not a reflection of internal 'give-and-take' or personal views on a policy matter. Therefore, it is not deliberative.",,,,,,0.0
31,Manifest is:,0,0.0,"The sentence 'Manifest is:' is an incomplete phrase that serves as an introduction. On its own, it provides no context to determine if it precedes a final decision. It could be introducing a manifest that is part of a final decision, or one that is still under development. Therefore, it is not always predecisional.","The sentence 'Manifest is:' is a purely factual, albeit incomplete, statement. It does not express an opinion, recommendation, or internal deliberation. It simply introduces a concept or a list, rather than reflecting the 'give-and-take' of the decision-making process. Therefore, it is not deliberative.",,,,,,0.0
32,"John will have a deadbeat dads/indian gaming meeting on Thursday, March 9th at 11:00am.",0,0.0,"The sentence states that a meeting 'will have' occurred, indicating a future event. Meetings are typically held to discuss issues, formulate strategies, or make decisions. Therefore, the scheduling of a meeting on specific topics ('deadbeat dads/indian gaming') implies that decisions on these matters are still pending or under discussion, making the information predecisional.","The sentence is a factual statement about a scheduled event (a meeting, including its participants, topic, date, and time). It does not express an opinion, a recommendation, a policy stance, or any internal 'give-and-take' of the decision-making process. It is an administrative detail rather than a reflection of internal deliberation.",,,,,,0.0
33,The meeting will be in John's office.,0,0.0,"The sentence states a factual logistical detail about a future event (a meeting location). It does not concern an issue where a final policy decision has not yet been made, nor does it precede an agency's action in the sense of policy formulation or implementation. It is a simple statement of fact about an arrangement.","The sentence is a purely factual statement about the location of a meeting. It does not express an opinion, recommendation, or reflect any internal 'give-and-take' of the decision-making process. It is not subjective or evaluative.",,,,,,0.0
34,Please call me with any questions/problems.,0,0.0,"The sentence is a general request for communication regarding any questions or problems. It does not inherently relate to a specific, pending decision or assist a decision-maker in reaching a final conclusion. It is a procedural instruction for follow-up, not a statement that precedes an agency's action or a final conclusion on a substantive issue. Therefore, it is not predecisional.","The sentence is a directive or a request for action ('Please call me'). It does not express an opinion, recommendation, legal advice, or policy opinion. It is a factual instruction for communication, not a reflection of internal 'give-and-take' or personal views on a policy matter. Therefore, it is not deliberative.",,,,,,0.0
35,Manifest is:,0,0.0,"The sentence 'Manifest is:' is an incomplete phrase that serves as an introduction. On its own, it provides no context to determine if it precedes a final decision. It could be introducing a manifest that is part of a final decision, or one that is still under development. Therefore, it is not always predecisional.","The sentence 'Manifest is:' is a purely factual, albeit incomplete, statement. It does not express an opinion, recommendation, or internal deliberation. It simply introduces a concept or a list, rather than reflecting the 'give-and-take' of the decision-making process. Therefore, it is not deliberative.",,,,,,0.0
36,Maria -- you asked where we were in setting up an internal meeting to discuss next steps on child support and gaming.,0,0.0,"The sentence refers to the process of 'setting up an internal meeting to discuss next steps.' This indicates that a final decision on 'next steps' has not yet been made and is the subject of an upcoming discussion. Therefore, the sentence concerns an issue where a final decision has not yet been made, making it predecisional.","The sentence is a factual statement about a question asked and the status of setting up a meeting. It does not express an opinion, recommendation, or internal deliberation itself. While the *purpose* of the meeting is deliberative, the sentence describing the inquiry about the meeting's status is not. It is a factual update or query.",,,,,,0.0
37,"As I have discussed with Lynn, Broderick, and Barbara, we are prepared to scale this proposal back to a demonstration, with voluntary participation on the part of a select number of gaming establishments.",1,1.0,"The sentence describes a preparedness to scale back a proposal. This indicates that the proposal is still under consideration and a final decision on its scope or implementation has not yet been made. The agency is still in the process of formulating its approach, making the sentence predecisional.","The sentence expresses a strategic decision or a recommendation ('we are prepared to scale this proposal back') that has been discussed internally. It reflects the internal 'give-and-take' of the decision-making process, outlining a potential course of action and the conditions for it ('with voluntary participation on the part of a select number of gaming establishments'). This content represents the personal views and strategic thinking of the authors rather than a factual statement or established agency policy. Thus, it is deliberative.",,,,,,1.0
38,"Thus, our legislative proposal would be to test this  idea, and we would seek gaming  establishments willing to participate voluntarily.",1,1.0,"The sentence explicitly states 'our legislative proposal would be to test this idea' and 'we would seek gaming establishments willing to participate voluntarily.' This clearly indicates that a final decision on the legislative proposal has not yet been made, and the agency is still in the process of formulating or proposing a course of action. It directly precedes any final agency action or policy implementation.","The sentence presents a 'legislative proposal' and outlines a recommended approach ('to test this idea,' 'seek gaming establishments willing to participate voluntarily'). This content reflects the internal 'give-and-take' of the decision-making process, representing a recommendation or policy opinion rather than a statement of fact or established agency policy. It is clearly recommendatory in nature.",,,,,,1.0
39,This should satisfy all concerns. .,1,1.0,"The sentence 'This should satisfy all concerns' implies that a proposed action or solution is being considered or has just been implemented, and its effectiveness in addressing concerns is being assessed. This assessment is typically made before a final decision is reached on whether the concerns are indeed satisfied, or as part of the process of reaching a final decision. Therefore, it is predecisional.","The phrase 'This should satisfy all concerns' is an opinion or a judgment about the potential outcome or effectiveness of something. It reflects an internal assessment and a recommendation or prediction, rather than a statement of fact. It represents the personal view of the author regarding the adequacy of a proposed solution. Thus, it is deliberative.",,,,,,1.0
40,"Since changing our proposal will result in losing budget revenue, we need substitute pay-fors.",1,1.0,"The sentence discusses the implications of changing a proposal and identifies a need for 'substitute pay-fors.' This clearly indicates that a final decision on the proposal, or its revised form, has not yet been made. The agency is still in the process of formulating or adjusting its plan, making the sentence predecisional.","The sentence contains an assessment of a situation ('changing our proposal will result in losing budget revenue') and a recommendation or statement of need ('we need substitute pay-fors'). This reflects the internal 'give-and-take' of the decision-making process, where options are being weighed and solutions are being sought. It represents the personal views and strategic thinking of the author regarding how to proceed, rather than a factual statement or established agency policy. Thus, it is deliberative.",,,,,,1.0
41,OMB folks have been working diligently on this effort (we've been helping where we can).,1,0.0,"The sentence describes ongoing work and assistance related to an effort. While this work might contribute to a future decision, the sentence itself does not directly concern an issue where a final decision has not yet been made. It is a factual statement about current activities, not a predecisional input to a specific decision. It could be part of a status update or a general report, not necessarily preceding a final agency action.","The sentence is a factual statement about the activities of OMB personnel and the author's team ('OMB folks have been working diligently on this effort (we've been helping where we can)'). It does not express an opinion, recommendation, or internal deliberation. It describes what has been happening, not what should happen or a subjective assessment of policy.",,,,,,0.0
42,"As you know, uncontroversial pay-fors are h_ard to find, but we have several good things inÂ·development.",1,1.0,"The sentence refers to 'several good things in development,' which implies that these 'things' are still being worked on and have not yet resulted in a final decision or action. The search for 'uncontroversial pay-fors' also suggests an ongoing process of identifying and evaluating options before a final decision is made on funding mechanisms. Therefore, it is predecisional.","The sentence contains an opinion ('uncontroversial pay-fors are hard to find') and a recommendation/assessment ('we have several good things in development'). These statements reflect internal deliberation, strategic thinking, and the personal views of the author regarding the viability and progress of certain options. They are not purely factual statements but rather part of the 'give-and-take' of the decision-making process. Therefore, it is deliberative.",,,,,,1.0
43,"Once we've crossed this hurdle, we should be ready to go.",1,1.0,The sentence describes a condition ('Once we've crossed this hurdle') that must be met before a subsequent action or state ('we should be ready to go') can occur. This clearly indicates that a final decision or action has not yet been taken and is contingent on overcoming an obstacle. It precedes the agency's final action or decision.,"The sentence expresses an internal assessment, a projection of readiness, and a conditional plan. The phrase 'we should be ready to go' is an opinion or a recommendation about the state of preparedness, reflecting internal thinking about the sequence of events and the conditions for proceeding. It is not a statement of objective fact but rather an internal deliberation about future steps.",,,,,,1.0
44,"I think we all agree that we all have an interest in making sure this doesn't get out prematurely, because we a) don't want to get hopes up too early given the complications of the budget pay-for issues and",1,1.0,"The sentence discusses the timing of information release and potential complications related to 'budget pay-for issues.' This indicates that a final decision on the budget or the initiative it supports has not yet been made, and the agency is still navigating the complexities. The concern about information getting out 'prematurely' directly relates to the predecisional nature of the underlying issues. Therefore, it is predecisional.","The sentence expresses a shared opinion and strategic concern ('I think we all agree that we all have an interest in making sure this doesn't get out prematurely'). It outlines internal reasoning and potential negative consequences ('don't want to get hopes up too early given the complications'). This content reflects the internal 'give-and-take' of the decision-making process, representing the personal views and strategic thinking of the authors regarding how to manage information related to an ongoing policy or budget discussion. It is clearly opinion-based and deliberative.",,,,,,1.0
45,b) we want to have a coordinated roll-out to make sure all our friends get alerted properly and can take proper credit.,1,1.0,"The sentence expresses a desire or plan for a 'coordinated roll-out.' This indicates that a final decision on how to implement or announce something has not yet been made, and the agency is still in the process of planning its action. Therefore, it is predecisional.","The phrase 'we want to have a coordinated roll-out' expresses an internal preference, a strategic goal, and a recommendation for how to proceed. It reflects the 'give-and-take' of the decision-making process, specifically concerning the strategy for announcing or implementing a program. It represents the personal views or internal planning of the authors rather than a statement of fact or established agency policy. Thus, it is deliberative.",,,,,,1.0
46,"Thus, we tried to the extent possible to make our meeting today with the National Indian Gaming Association into a listening session.",1,0.0,"The sentence describes the agency's past intent and action regarding a meeting that occurred 'today.' While the meeting itself might have been part of a predecisional process, the sentence itself is a factual statement about how the meeting was conducted and the agency's intent for that specific meeting. It does not concern an issue where a final decision has not yet been made, nor does it precede an agency's action. It describes an action that has already taken place or is currently taking place, rather than a future decision.","The sentence states a factual action ('we tried to the extent possible to make our meeting... into a listening session') and the intent behind it. While the intent ('to make our meeting... into a listening session') might reflect a strategic choice, the sentence itself is a factual description of how a meeting was conducted. It does not express an opinion, recommendation, or internal deliberation about a policy or decision itself, but rather a description of a past event. It is not expressing a personal view or recommendation about a policy, but rather describing a past action.",,,,,,0.0
47,They raised many good points.,1,0.0,"The sentence states that 'They raised many good points.' This is a factual observation about a discussion or presentation. It does not inherently indicate whether a final decision has been made or is still pending. It could be a comment on a discussion that led to a decision, or a discussion where a decision is still pending, or even a retrospective analysis of a past discussion. Therefore, it is not always predecisional.","The phrase 'many good points' is an evaluative statement, reflecting the author's subjective judgment or opinion about the quality of the points raised. It is not a purely factual statement (e.g., 'They raised 10 points'). This indicates it is deliberative in nature.",,,,,,0.0
48,"I was planning that we could all meet again once we had vetted budget pay-fors, but I am happy to meet earlier  if others so desire.",0,1.0,"The sentence discusses a plan for a future meeting and expresses flexibility regarding its timing, contingent on vetting budget pay-fors. This clearly indicates that a final decision on the meeting schedule, and by extension, the issues to be discussed at that meeting, has not yet been made. It precedes the agency's action of scheduling and conducting the meeting, and any decisions that might arise from it. Therefore, it is predecisional.","The sentence expresses a plan ('I was planning that we could all meet again') and a willingness to adjust that plan based on others' desires ('but I am happy to meet earlier if others so desire'). This reflects internal 'give-and-take' regarding scheduling and coordination, which is part of the decision-making process. It represents the personal views and preferences of the author regarding how to proceed, rather than a statement of fact or established policy. Thus, it is deliberative.",,,,,,1.0
49,"I believe we should stick to the same plan we worked out before -- we start off by saying we understand there are problems with our original proposal, and we'd like to hear from them about their concerns, and proceed to have mainly a listening session.",0,1.0,"The sentence proposes a specific plan for an upcoming interaction ('we start off by saying... and proceed to have mainly a listening session'). This plan is clearly intended to assist in reaching a final conclusion or shaping a future agency action (the meeting itself and its outcome). Therefore, it is predecisional.","The sentence begins with 'I believe we should stick to the same plan...' which is a direct expression of the author's opinion and recommendation for how to proceed. It outlines a strategy for an upcoming meeting, reflecting internal 'give-and-take' and policy opinions rather than established policy or a factual statement. Therefore, it is deliberative.",,,,,,1.0
50,Lynn has forwarded to us a copy of NIGA's recent resolution on the subject.,0,0.0,"The sentence states that a copy of a resolution has been forwarded. This is a factual statement about an administrative action (forwarding a document). It does not inherently concern an issue where a final decision has not yet been made, nor does it directly precede an agency's action. It simply describes the transmission of information.","The sentence is a factual statement about the transmission of a document. It does not express an opinion, recommendation, or internal deliberation. It merely reports an event.",,,,,,0.0
51,Barbara I'll fax you a copy.,0,0.0,"The sentence describes an action that will be taken (faxing a copy). This action is a logistical step and does not concern an issue where a final decision has not yet been made. It is a statement about an administrative task, not a substantive policy or operational decision. Therefore, it is not predecisional.","The sentence is a factual statement about an upcoming administrative action. It does not express an opinion, recommendation, or internal deliberation. It is a direct communication of an intent to perform a task. Therefore, it is not deliberative.",,,,,,0.0
52,Eric -- some additional information from IRS's gambling industry experts.,0,0.0,"The sentence is an introductory statement indicating that additional information is being provided. It does not inherently concern an issue where a final decision has not yet been made. It could be providing information for a decision, or it could be providing information for a report, a historical record, or a general update on a settled matter. Without further context, it is not always predecisional.","The sentence is a factual statement about the source and nature of the information being provided ('additional information from IRS's gambling industry experts'). It does not express an opinion, recommendation, or internal deliberation. It simply states what is being shared. Therefore, it is not deliberative.",,,,,,0.0
53,Hope this is helpful.,0,0.0,"The sentence 'Hope this is helpful' is a common closing remark in an email. It does not inherently concern an issue where a final decision has not yet been made. It could be appended to a document that is predecisional, or to one that is a final opinion, or a factual report. It does not, by itself, precede an agency's action or decision. Therefore, it is not always predecisional.","The sentence expresses a sentiment or an expectation from the author ('Hope this is helpful'). While it reflects the author's personal view, it does not express an opinion, recommendation, legal advice, or policy opinion that contributes to the substance of a decision or reflects the 'give-and-take' of the decision-making process. It is a social nicety rather than a substantive deliberation. Therefore, it is not deliberative in the context of FOIA Exemption 5.",,,,,,0.0
54,Please confirm receipt.,0,0.0,"The sentence is a request for confirmation of receipt. This action does not concern an issue where a final decision has not yet been made. It is a procedural request, not related to a substantive policy or operational decision.","The sentence 'Please confirm receipt' is a direct, factual request for an action. It does not express an opinion, recommendation, or internal deliberation. It is a simple administrative instruction.",,,,,,0.0
55,Thanks.,0,0.0,"The sentence 'Thanks.' is a simple expression of gratitude or acknowledgment. It does not inherently concern an issue where a final decision has not yet been made. It could be in response to a final decision, a factual update, or a completed task. It does not precede an agency's action or decision in a substantive way.","The sentence 'Thanks.' is an expression of social courtesy or acknowledgment. It does not express an opinion, recommendation, legal advice, or policy opinion. It does not reflect the internal 'give-and-take' of the decision-making process. It is not deliberative in content.",,,,,,0.0
56,-- Liz ',0,0.0,"The sentence is a signature. A signature itself does not concern an issue where a final decision has not yet been made. It is merely an identifier of the sender, not a statement preceding an agency action or decision.","The sentence is a signature. It is a factual identifier of the sender and does not express an opinion, recommendation, or internal deliberation. It does not reflect the 'give-and-take' of the decision-making process.",,,,,,0.0
57,"Good moring sorry I missed you  last week as I was on the road, and came home to quite a mess.",0,0.0,"This sentence is a personal greeting and an explanation for the author's absence and personal circumstances. It does not concern any agency decision, policy, or action that is pending or under consideration. It is administrative or social in nature and does not precede any final agency action.","The sentence states facts about the author's travel and personal situation ('I was on the road, and came home to quite a mess') and offers an apology. It does not express an opinion, recommendation, legal advice, or policy position related to agency decision-making. It is a factual statement about personal events.",,,,,,0.0
58,In certain circumstances District Directors have authorized the internal control environment.,0,0.0,"The sentence describes a past action or established practice ('District Directors have authorized'). It does not concern an issue where a final decision has not yet been made. It states a fact about existing authority or past occurrences, rather than preceding an agency's action or decision. Therefore, it is not predecisional.","The sentence states a fact about what District Directors have done or are authorized to do. It does not express an opinion, recommendation, or internal deliberation. It describes an existing state of affairs or a historical action, not a subjective view or a proposal. Therefore, it is not deliberative.",,,,,,0.0
59,"This has been approved because slot machines in denominations of $25 dollars and above ""lock-up"" at every win under the $1200 rule:",0,0.0,"The sentence states 'This has been approved,' indicating that a final decision has already been made. The information provided serves to explain or justify a decision that has already occurred, rather than to assist in reaching a future conclusion. Therefore, it is not predecisional.","The sentence provides a factual explanation for an approval, citing a specific rule ('the $1200 rule') and a technical characteristic of slot machines ('lock-up at every win'). It does not express an opinion, recommendation, or internal deliberation. It is a statement of fact and the reason for a past decision, not part of the 'give-and-take' of the decision-making process.",,,,,,0.0
60,"Under the aggregation permission, the IRS gets one report which reflects the total of all reportable transactions  audit  trails are  in place to ensure compliance.",0,0.0,"The sentence describes an existing process or system ('the IRS gets one report,' 'audit trails are in place'). It does not concern an issue where a final decision has not yet been made. It describes an established operational fact, not a pending decision or a proposal for future action. Therefore, it is not predecisional.","The sentence states facts about how the aggregation permission works and the compliance measures in place. It does not express an opinion, recommendation, or internal deliberation. It describes an existing state of affairs. Therefore, it is not deliberative.",,,,,,0.0
61,"This eases taxpayer burden, I would be happy to brief your office as to the details.",0,0.0,"The first part of the sentence, 'This eases taxpayer burden,' is a statement of effect or benefit, which could be part of a final justification or explanation of a decision already made. The second part, 'I would be happy to brief your office as to the details,' is an offer to provide information, which could precede a decision, but the sentence as a whole does not exclusively concern an issue where a final decision has not yet been made. It could be a statement in a final report or a communication after a decision has been made, offering further details. Therefore, it is not always predecisional.","The first part of the sentence, 'This eases taxpayer burden,' is presented as a factual claim about the effect of something, though it could also be seen as a persuasive argument. The second part, 'I would be happy to brief your office as to the details,' is an offer of service, not an opinion, recommendation, or internal deliberation. While the underlying 'details' might be deliberative, the sentence itself is not expressing an opinion, recommendation, or internal deliberation. Therefore, it is not deliberative.",,,,,,0.0
62,"2:    W-2G's as they apply to Keno, Bingo and slots have been required since the mid?",0,0.0,"The sentence is a question about the historical requirement of W-2G forms for certain gambling activities. It seeks factual information about when a specific regulation or requirement came into effect. It does not concern an issue where a final decision has not yet been made; rather, it seeks to clarify an existing or past requirement. Therefore, it is not predecisional.","The sentence is a question seeking a factual answer about the historical application of a regulation. It does not express an opinion, recommendation, or internal deliberation. It is a request for information, not a reflection of the 'give-and-take' of the decision-making process. Therefore, it is not deliberative.",,,,,,0.0
63,The dollar thresholds as they apply to these games  were written  at  a time when a $1200 dollar  jackpot was relatively  uncommon,0,0.0,"The sentence describes a historical context for existing dollar thresholds. It does not concern an issue where a final decision has not yet been made. It is a statement about past conditions and the rationale behind existing rules, not a step in a current decision-making process. Therefore, it is not predecisional.","The sentence states a historical fact about the conditions under which the dollar thresholds were written. While this fact might be used in a deliberative process (e.g., to argue for changing the thresholds), the sentence itself is a factual observation about the past, not an opinion, recommendation, or internal deliberation. Therefore, it is not deliberative.",,,,,,0.0
64,Things have changed.,0,0.0,"The sentence 'Things have changed' is a general statement of fact. It does not inherently indicate that a final decision has not yet been made or that it is created specifically to assist a decision-maker in reaching a final conclusion. It could be a preamble to a discussion about a pending decision, or it could be an observation in a document that justifies a decision already made or a matter that has been officially settled. Without context, it is not always predecisional.","The sentence 'Things have changed' is a factual observation. It states that circumstances are different. It does not express an opinion, recommendation, legal advice, or policy opinion. It does not reflect the internal 'give-and-take' of the decision-making process or represent the personal views of the author in a deliberative sense. Therefore, it is not deliberative.",,,,,,0.0
65,As you may recall laat year we began a study on raising the threshold to $500.0 and eliminate 85% of W-2G filings: Taxpayers argued that winners just itemized the losses against the wins and the Treasury was not really getting any revenue.,0,0.0,"The sentence refers to a study that 'began last year' and describes arguments made by taxpayers. This information pertains to past events and discussions, not necessarily to an ongoing or future decision-making process. While the study itself might have been predecisional at the time, the sentence merely recalls its initiation and the arguments made, without indicating that a final decision on raising the threshold or eliminating filings is still pending. It could be part of a historical account or background information, not directly preceding a current agency action. Therefore, it is not always predecisional.","The sentence describes arguments made by taxpayers ('Taxpayers argued that winners just itemized the losses against the wins and the Treasury was not really getting any revenue'). While these arguments might have been part of a deliberative process at the time they were made, the sentence itself is a factual report of those arguments, not an expression of the author's own opinion, recommendation, or internal deliberation. It states what others argued, rather than reflecting the agency's internal 'give-and-take.' Therefore, it is not deliberative.",,,,,,0.0
66,Early results indicated that this would be to costly.,0,1.0,"The sentence states that 'early results indicated that this would be too costly.' This implies that a decision regarding the cost-effectiveness or feasibility of a particular action or proposal is still pending or under review. The 'early results' are inputs to a future decision, making the sentence predecisional.","The sentence presents an assessment or conclusion drawn from 'early results' regarding cost. While it states a finding, the finding itself ('would be too costly') is an evaluative judgment that contributes to internal deliberation about a course of action. It reflects an opinion or recommendation based on preliminary data, rather than a purely factual statement or established policy. It is part of the 'give-and-take' of the decision-making process.",,,,,,1.0
67,We are currently working to find a revenue  neutral number.,0,1.0,"The sentence states that the agency is 'currently working to find a revenue neutral number.' This indicates that a final number has not yet been determined or decided upon. The activity described is part of the process leading up to a final decision or policy, making it predecisional.","The sentence describes an ongoing internal process of calculation or negotiation to arrive at a specific number. While it describes an action, the action itself is part of the internal 'give-and-take' to formulate a policy or recommendation. It implies an exploration of options and calculations to meet a specific goal ('revenue neutral'), which is a deliberative activity rather than a mere statement of fact. It reflects the agency's internal efforts to shape a policy or proposal.",,,,,,1.0
68,"Indian gaming offers some.unique challenges due to the sovereignty issue: that being said, Indian casinos have the same requirements as commercial casinos.",0,0.0,"The sentence presents an observation about Indian gaming and its requirements. It does not concern an issue where a final decision has not yet been made. It states existing conditions or established facts/policies rather than preceding a specific agency action or decision. Therefore, it is not predecisional.","The sentence states observations and facts about Indian gaming and commercial casinos ('Indian gaming offers some unique challenges,' 'Indian casinos have the same requirements as commercial casinos'). While it involves an assessment of 'challenges,' this is presented as an existing characteristic rather than an opinion or recommendation for a future course of action. It does not reflect internal 'give-and-take' or personal views on policy options, but rather describes existing conditions or established regulatory frameworks. Therefore, it is not deliberative.",,,,,,0.0
69,For the most part the Indian casinos are in compliance.,0,0.0,"The sentence states a general observation about the compliance of Indian casinos. This is a factual assessment of a current state, not a statement that precedes a specific, identifiable agency decision or action. It does not indicate that a final decision has not yet been made on an issue, but rather describes an existing situation. Therefore, it is not predecisional.","The sentence 'For the most part the Indian casinos are in compliance' is a factual statement or an assessment of a situation. While it might be based on analysis, it presents a conclusion about compliance rather than expressing an opinion, recommendation, or internal deliberation about a future course of action or policy. It does not reflect the 'give-and-take' of the decision-making process but rather a finding.",,,,,,0.0
70,"In rare circumstances where they refuse to permit an audit, we cannot attest to any compliance in any area.",0,0.0,"The sentence describes a hypothetical consequence ('we cannot attest to any compliance') under specific, rare circumstances ('where they refuse to permit an audit'). This statement outlines a potential outcome or a policy position that would apply if certain conditions are met. It does not directly precede a specific, identifiable agency decision or action. It is a general statement about a policy or operational principle, not a step in a particular decision-making process. Therefore, it is not always predecisional.","The sentence expresses a policy opinion or a professional judgment regarding the agency's ability to attest to compliance under certain conditions. The phrase 'we cannot attest to any compliance' reflects an internal assessment and a conclusion based on a hypothetical scenario, rather than a purely factual statement. It represents the agency's internal view on a matter of policy or operational standards. Thus, it is deliberative.",,,,,,0.0
71,"""E/GE will soon be responsible for this issue.",0,0.0,"The sentence states that 'E/GE will soon be responsible for this issue.' This is a statement about an upcoming organizational assignment or a future event. While such an assignment is the result of a decision, this sentence itself is a factual statement communicating that outcome or an impending outcome, rather than a document created to assist in making the decision. It does not necessarily precede the agency's action of making the decision, but rather describes a consequence or a plan that has been decided. Therefore, it is not always predecisional.","The sentence 'E/GE will soon be responsible for this issue' is a declarative statement of fact about an organizational assignment or a future event. It does not express an opinion, a recommendation, a personal view, or reflect the internal 'give-and-take' of the decision-making process. It is not legal advice, a policy opinion, or a draft. Thus, it is not deliberative.",,,,,,0.0
72,To assist them we have develpped an Indian Gaming text and outreach publication.,0,0.0,"The sentence describes an action that has already been completed ('we have developed'). It does not concern an issue where a final decision has not yet been made. The development of the text and publication is presented as a completed action, not as a proposal or a step towards a future decision. Therefore, it is not predecisional.","The sentence states a factual action: the development of a text and publication. It does not express an opinion, recommendation, or internal deliberation. It describes an output or a resource created, which is a factual statement.",,,,,,0.0
73,"Backup withholding from reportable gaming transactions is, a difficult number as all backup witholding is lumped together.",0,0.0,"The sentence describes a current state of affairs regarding data aggregation for backup withholding from gaming transactions. It is a statement about an existing condition or challenge, not a proposal, recommendation, or a step leading to a future decision. It does not precede an agency's action or a final conclusion on a specific issue. Therefore, it is not predecisional.","The sentence presents an observation or assessment about the difficulty of obtaining a specific number due to data aggregation. While it describes a problem, it does so in a factual manner ('is a difficult number as all backup withholding is lumped together') rather than expressing an opinion, recommendation, or internal deliberation about how to address that problem. It states a fact about data availability and its implications, not a subjective view or policy option. Therefore, it is not deliberative.",,,,,,0.0
74,We could attempt to study this issue shhuld you require a better number.,0,1.0,"The sentence proposes a potential future action ('We could attempt to study this issue') contingent on a requirement ('should you require a better number'). This clearly indicates that a decision on whether to undertake this study has not yet been made, and the study itself would precede any final decision that might rely on its findings. Therefore, it is predecisional.","The sentence offers a recommendation or a suggestion for a course of action ('We could attempt to study this issue'). It reflects an internal discussion about potential steps to take, contingent on a specific need. This is an expression of opinion or a proposed approach, rather than a statement of fact or established policy. Thus, it is deliberative.",,,,,,1.0
75,"That being said, if people stood to lose all their winnings, to child support or just 31% if they refused identification;",0,1.0,"The sentence presents a hypothetical scenario ('if people stood to lose all their winnings...'). It does not describe an existing policy, a past decision, or a current state of affairs. Instead, it sets up a condition for a potential future discussion or analysis, indicating that a final decision on the implications of such a scenario has not yet been made. Therefore, it is predecisional.","The sentence describes a hypothetical situation and its potential consequences. While it doesn't explicitly state an opinion or recommendation, it is clearly part of an internal 'what if' discussion, exploring potential policy implications or scenarios. This type of exploration is a fundamental aspect of the deliberative process, where options and their outcomes are weighed. It reflects the internal 'give-and-take' of decision-making rather than a factual statement. Therefore, it is deliberative.",,,,,,1.0
76,I think it would be fair to say backup withholding would increase.,0,1.0,"The sentence expresses a prediction or an assessment about a potential future outcome ('backup withholding would increase'). This prediction is inherently predecisional because it relates to an issue where a final decision or outcome has not yet occurred. It contributes to the understanding of potential impacts, which is a common input to decision-making.","The phrase 'I think it would be fair to say' explicitly indicates that the statement is an opinion, an assessment, or a judgment by the author, rather than a verifiable fact or established agency policy. It reflects the author's personal view or analysis, making it deliberative.",,,,,,1.0
77,"The children however, would not get the  money the treasury would.",0,0.0,"The sentence states a consequence or outcome regarding who would receive money. It describes a factual aspect of a proposed or existing financial arrangement. It does not inherently precede a decision, as it could be a statement of fact about an existing policy, a proposed policy, or a consequence of a past decision. It does not, by itself, indicate that a final decision has not yet been made on the underlying issue.","The sentence 'The children however, would not get the money the treasury would' is a factual statement about the distribution of funds. It does not express an opinion, recommendation, or internal deliberation. It describes a specific outcome or condition, rather than reflecting the 'give-and-take' of the decision-making process or the personal views of the author.",,,,,,0.0
78,I have some questions that I'm sure you can answer.,0,0.0,"The sentence states that the author has questions. This statement, by itself, does not indicate whether those questions relate to an issue where a final decision has not yet been made. It could be questions about a past decision, a current process, or general information. It does not inherently precede an agency's action or decision. Therefore, it is not always predecisional.","The sentence is a factual statement about the author's state of mind (having questions) and an assumption about the recipient's ability to answer them. It does not express an opinion, recommendation, legal advice, or policy opinion. It is not part of the 'give-and-take' of the decision-making process. Therefore, it is not deliberative.",,,,,,0.0
79,Please give  me a call 202-622-5563,0,0.0,"The sentence is a request for a phone call. It does not concern an issue where a final decision has not yet been made. It is a logistical request, not a substantive part of a decision-making process.","The sentence 'Please give me a call 202-622-5563' is a direct instruction or request for communication. It does not express an opinion, recommendation, or internal deliberation. It is a factual request for contact information.",,,,,,0.0
80,Are there any situations where a casino does not stop operations to secure a W-2G?,0,1.0,"The sentence asks a question about specific situations regarding casino operations and W-2G forms. This question implies that the agency might be seeking information to inform a future decision, policy clarification, or enforcement action. Therefore, it is predecisional as it seeks input for potential future agency action.","The sentence is a question seeking information or clarification. While it doesn't express an opinion or recommendation directly, it is part of the internal 'give-and-take' of the decision-making process, as it seeks to gather information that would inform policy or operational decisions. It reflects an inquiry into the nuances of a situation, which is a form of deliberation. It is not a statement of fact or established policy.",,,,,,1.0
81,"I.e., do they continue operations if a card holder  exceeds the $1200.00 dollar limit because they have the individuals TIN?",0,1.0,"The sentence poses a question about a hypothetical scenario related to operations and a specific financial limit. This question is clearly aimed at exploring potential policy or operational implications, indicating that a final decision or established procedure on this specific scenario has not yet been made or clarified. It is designed to assist in reaching a conclusion or formulating a policy, making it predecisional.","The sentence is a question that probes a specific operational or policy scenario. By asking 'do they continue operations if...', it reflects an internal inquiry, a seeking of clarification, or a discussion point within the decision-making process. It is not a statement of fact, but rather an attempt to understand or shape a future course of action or policy. This constitutes internal deliberation.",,,,,,1.0
82,How long has the W-2G filing requirement been in place?,0,0.0,"The sentence is a question seeking a specific piece of factual information about an existing requirement. It does not concern an issue where a final decision has not yet been made, nor does it precede an agency's action or decision. It is a request for information about an established rule, not a step in making a new decision.","The sentence is a direct question asking for a fact ('How long has the W-2G filing requirement been in place?'). It does not express an opinion, recommendation, or internal deliberation. It is a request for factual information, not a reflection of the 'give-and-take' of the decision-making process.",,,,,,0.0
83,Do we have any idea how often a casino has to backup withhold because the winner fails to provide a TIN #?,0,0.0,"The sentence is a question seeking information. While the answer to this question might inform a future decision, the question itself does not directly precede a specific, identifiable agency decision. It is a request for factual data, which could be used in various contexts, not all of which are predecisional. Therefore, it is not always predecisional.","The sentence is a question seeking factual information ('how often a casino has to backup withhold'). It does not express an opinion, recommendation, or internal deliberation. It is a request for data, not a reflection of the 'give-and-take' of the decision-making process. Thus, it is not deliberative.",,,,,,0.0
84,The student loan offset was enacted in the 2000 appropriations a t.,0,0.0,"The sentence states that the student loan offset 'was enacted in the 2000 appropriations.' This describes a past event and a final legislative action. It does not concern an issue where a final decision has not yet been made; rather, it reports on a decision that has already been made and codified into law. Therefore, it is not predecisional.","The sentence presents a factual statement about when a specific legislative action occurred. It does not express an opinion, recommendation, or internal deliberation. It is a straightforward report of an established fact. Therefore, it is not deliberative.",,,,,,0.0
85,"We have another idea about using NDNH for other kinds of Federal debt collection, implemented through Treasury/FMS.",1,1.0,"The sentence presents 'another idea' about a potential future use of a system for federal debt collection. This clearly indicates that a final decision on this specific idea has not yet been made, and it is still in the conceptual or proposal stage. Therefore, it is predecisional.","The sentence expresses an 'idea' or a concept, which is inherently an opinion, recommendation, or internal deliberation. It reflects a potential course of action being considered, rather than a statement of fact or established policy. It represents the 'give-and-take' of the decision-making process.",,,,,,1.0
86,"It came up late in the budget process, so we didn't have time to develop it for the 01 budget, ie we don't have a savings estimate.",1,0.0,"The sentence explains why a proposal was not developed for a specific budget cycle ('01 budget'). This explanation refers to a past budget process and a past decision (or lack thereof) regarding that budget. It does not concern an issue where a final decision has not yet been made, but rather explains a past outcome. Therefore, it is not predecisional.","The sentence provides an explanation and a reason ('so we didn't have time to develop it,' 'ie we don't have a savings estimate'). While it explains a past decision or lack of action, it is a factual statement about the constraints and outcomes of a past process, rather than an opinion, recommendation, or internal deliberation about a future decision. It states facts about why something did not happen.",,,,,,0.0
87,"We're getting that process going again with our Treasury branch colleagues now, too.",1,1.0,"The sentence indicates that a process is being initiated or restarted. This action precedes any final decision or outcome of that process, making it predecisional as it relates to future agency action.","The phrase 'We're getting that process going again' describes an internal action or plan. While it states a fact about an ongoing activity, the nature of 'getting a process going' implies internal coordination, planning, and decision-making about how to proceed. It reflects the 'give-and-take' of initiating an internal process rather than a purely factual statement about an external event or an established policy. It represents an internal operational decision.",,,,,,1.0
88,Did we use all of the student loan offset to pay for SDUs last year?,0,0.0,"The sentence is a question about past actions ('Did we use all of the student loan offset to pay for SDUs last year?'). It seeks to ascertain a fact about a completed event. It does not concern an issue where a final decision has not yet been made; rather, it seeks information about a decision that has already been implemented. Therefore, it is not predecisional.","The sentence is a direct question seeking factual information. It does not express an opinion, recommendation, or internal deliberation. It is a request for a specific piece of data about past expenditures. Therefore, it is not deliberative.",,,,,,0.0
89,"If not, that may be a possibility",0,1.0,"The sentence 'If not, that may be a possibility' inherently refers to a potential future scenario or course of action. It implies that a decision or outcome is still uncertain and that an alternative is being considered. Therefore, it concerns an issue where a final decision has not yet been made, making it predecisional.","The phrase 'that may be a possibility' expresses a speculative opinion or a potential recommendation for a future course of action. It reflects internal 'give-and-take' and the exploration of options, rather than a statement of fact or established policy. It represents the personal views of the author regarding a potential outcome or strategy. Thus, it is deliberative.",,,,,,1.0
90,Barbara  Chow spoke  to Jack  about child support and  gambling.,1,0.0,"The sentence states that a conversation occurred between two individuals about specific topics. It does not indicate that this conversation is directly related to a pending decision or that it precedes a specific agency action. It is a factual report of an event, not a step in a decision-making process.","The sentence is a factual statement reporting that a conversation took place and identifying the participants and topics. It does not express an opinion, recommendation, or internal deliberation. It does not reflect the 'give-and-take' of the decision-making process, nor does it represent the personal views of the author on the substance of child support or gambling. It is purely descriptive.",,,,,,0.0
91,His first reaction  was  'do we really need to drop this?',1,1.0,"The sentence describes a reaction to a potential action ('drop this'). This reaction implies that a decision about whether or not to 'drop this' is still pending or under consideration. Therefore, the sentence concerns an issue where a final decision has not yet been made, making it predecisional.","The sentence quotes a question ('do we really need to drop this?') which reflects an internal thought process, a questioning of a proposed course of action, and a preliminary opinion or concern. This is a clear example of the 'give-and-take' of the decision-making process, representing a personal view or a point of deliberation rather than a factual statement or established policy. Thus, it is deliberative.",,,,,,1.0
92,but once he got beyond  that his only  issue is that he insists  we need to have another  pay-for to make up the savings.,1,1.0,"The sentence describes a specific individual's insistence on a particular condition ('another pay-for to make up the savings'). This condition is presented as an ongoing issue or requirement that needs to be met, implying that a final decision or agreement has not yet been reached and is contingent upon addressing this issue. Therefore, it concerns an issue where a final decision has not yet been made, making it predecisional.","The sentence reports an individual's specific demand or condition ('he insists we need to have another pay-for'). This reflects a position taken during internal negotiations or discussions, representing a personal view or recommendation on how to proceed. It is not a statement of fact about an established policy but rather an expression of a requirement that is part of the decision-making process. Thus, it is deliberative.",,,,,,1.0
93,OMB  will work on this with our help.,1,0.0,"The sentence describes a future action: 'OMB will work on this with our help.' This indicates that a process or project is ongoing or about to begin, and a final decision or outcome has not yet been reached. Therefore, it is predecisional.","The sentence states a factual plan or arrangement for future work. It does not express an opinion, recommendation, or internal deliberation about policy or strategy. It describes an operational agreement rather than a subjective view or a 'give-and-take' of decision-making. Therefore, it is not deliberative.",,,,,,0.0
94,"I impressed  upon Barbara  the need to move quickly, to give it less time to leak out and 'to allow us to put it out sufficiently in advance of the President's trip.",1,1.0,"The sentence describes an action taken to influence the timing of a future event ('move quickly,' 'put it out sufficiently in advance'). This action is clearly aimed at assisting a decision-maker (Barbara, and ultimately the President) in reaching a final conclusion regarding the timing and release of information. It precedes the agency's action of 'putting it out' and the President's trip, making it predecisional.","The sentence describes the author's attempt to 'impress upon Barbara the need to move quickly' and provides reasons for this recommendation ('to give it less time to leak out and to allow us to put it out sufficiently in advance of the President's trip'). This reflects the internal 'give-and-take' of the decision-making process, offering recommendations and strategic advice. It represents the personal views and strategic thinking of the author rather than a statement of fact or established agency policy. Thus, it is deliberative.",,,,,,1.0
95,"Barbara thought one way we could pitch the voluntary option.is to talk about it as a pilot, saying we've realized there are some implementation questions and we want to test how it would work before we go national.",1,1.0,"The sentence describes a suggestion or idea ('one way we could pitch the voluntary option') for how to present a particular approach. This suggestion is clearly made in anticipation of a future decision or action (how to 'pitch' the option and whether to 'go national'). Therefore, it is predecisional.","The sentence expresses an opinion, a recommendation, and a strategic idea ('Barbara thought one way we could pitch...'). It reflects internal 'give-and-take' regarding how to frame a policy option and address potential implementation questions. This content represents the personal views and strategic thinking of an individual involved in the decision-making process, rather than a statement of fact or established agency policy. Thus, it is deliberative.",,,,,,1.0
96,"Participation in the pilot would of course be voluntary, and we might throw in some financial incentives to cover paperwork and computer costs for those who participate.",1,1.0,"The sentence discusses potential features of a 'pilot' program, including its voluntary nature and possible financial incentives. The use of 'would of course be' and 'might throw in' indicates that these are ideas or proposals under consideration, not final decisions. Therefore, the sentence concerns an issue where a final decision has not yet been made, making it predecisional.","The sentence expresses recommendations and ideas for the structure and incentives of a pilot program. Phrases like 'would of course be voluntary' and 'might throw in some financial incentives' clearly reflect internal 'give-and-take' and policy opinions rather than established facts or final agency policy. It represents the personal views of the author on how the program could be designed. Thus, it is deliberative.",,,,,,1.0
97,I think this makes some sense.,1,1.0,"The sentence 'I think this makes some sense' is an evaluation of an idea, proposal, or course of action. Such an evaluation typically occurs before a final decision is reached, as part of the process of weighing options and forming a conclusion. It does not state a final decision, nor does it justify a decision that has already been made or a matter that has been officially settled. Therefore, it is predecisional.","The phrase 'I think' explicitly indicates a personal opinion or assessment. 'This makes some sense' is a subjective judgment, not a verifiable fact. It reflects the internal 'give-and-take' of the decision-making process, where individuals are evaluating ideas and expressing their personal views. Therefore, it is deliberative.",,,,,,1.0
98,There's a commission relating to child support medical support issues (e.g. doing more to ensure the father's health plan covers the child as part of the child support order) that has just reported to HHS.,1,0.0,"The sentence states that a commission 'has just reported to HHS.' This indicates that the reporting action has already occurred. While the report itself might contain predecisional material for HHS, the sentence describing the fact of the report is not predecisional in itself. It describes a past event, not an ongoing or future decision-making process of the agency.","The sentence is a factual statement about the existence of a commission and its recent action of reporting to HHS. It does not express an opinion, recommendation, or internal deliberation. It simply conveys information about an external event.",,,,,,0.0
99,HHS is apparently reviewing the recommendations,1,0.0,"The sentence states that HHS is reviewing recommendations. This action clearly precedes any final decision that HHS might make based on those recommendations. Therefore, it is predecisional.","The sentence is a factual statement about an ongoing activity (reviewing recommendations). It does not express an opinion, recommendation, or internal deliberation itself. While the recommendations being reviewed are likely deliberative, the sentence describing the review process is not. It is a factual observation about an agency's activity.",,,,,,0.0
100,"I don't really know what's in them, but there may be some savings associated with some of them (perhaps reduced Medicaid costs by ensuring kids get on their father's private insurance) that we could use to replace the gambling savings.",1,1.0,"The sentence discusses potential savings and how they 'could use' them to replace other savings. This clearly indicates that a final decision on how to achieve savings or replace existing savings has not yet been made. It is exploring options and possibilities, which is inherently predecisional.","The sentence contains speculative language ('I don't really know what's in them, but there may be some savings,' 'perhaps reduced Medicaid costs,' 'that we could use'). It expresses an opinion, a hypothesis, and a recommendation for a potential course of action. This reflects the internal 'give-and-take' of the decision-making process, exploring ideas and options rather than stating a fact or established policy. It represents the personal views and suggestions of the author.",,,,,,1.0
101,"In general I think these recommendations could have potential, and I told Olivia several weeks ago I'd like  them to move quickly in their review and to come over and give us  a briefing.",1,1.0,"The sentence discusses 'recommendations' and the desire for a 'review' and a 'briefing.' This clearly indicates that a final decision on these recommendations has not yet been made. The actions described (review, briefing) are steps taken to assist a decision-maker in reaching a final conclusion, thus making the sentence predecisional.","The sentence contains several elements that are deliberative: 'In general I think these recommendations could have potential' is an opinion and an assessment. 'I told Olivia several weeks ago I'd like them to move quickly in their review and to come over and give us a briefing' is a recommendation or an instruction reflecting internal 'give-and-take' about how to proceed with the review of the recommendations. These are not factual statements but rather expressions of personal views, preferences, and strategic guidance within the decision-making process.",,,,,,1.0
102,Barbara Pryor says Sen. Rockefeller would like to introduce a bill shortly (I think he and Sen Snowe were responsible for the legislation creating the commission).,0,0.0,"The sentence states that Senator Rockefeller 'would like to introduce a bill shortly.' This indicates a future action that has not yet occurred and is therefore predecisional in nature, as it precedes any legislative action or agency response to potential legislation.","The sentence contains a factual statement about Senator Rockefeller's intent ('would like to introduce a bill shortly') and a parenthetical comment that is also a factual statement or an educated guess ('I think he and Sen Snowe were responsible for the legislation creating the commission'). Neither part expresses an opinion, recommendation, or internal deliberation of the agency itself. It reports external information, not internal agency 'give-and-take.'",,,,,,0.0
103,"We need to accelerate work on the independent contractor option, which Barbara thinks would pick up about half the savings needed.",1,1.0,"The sentence contains a directive ('We need to accelerate work') and a statement about potential outcomes ('which Barbara thinks would pick up about half the savings needed'). This indicates that a decision on the independent contractor option is still pending, and further work is required before a final conclusion can be reached. Therefore, it is predecisional.","The sentence expresses a recommendation or a directive ('We need to accelerate work') and includes an opinion or assessment ('which Barbara thinks would pick up about half the savings needed'). This reflects internal 'give-and-take' and the personal views of an individual involved in the decision-making process, rather than a statement of fact or established policy. Thus, it is deliberative.",,,,,,1.0
104,"She will get Smalligan and Ahern working on this, but you guys should work closely with them.",1,1.0,"The sentence describes an action that will be taken ('She will get Smalligan and Ahern working on this') and provides a recommendation for collaboration ('you guys should work closely with them'). These actions and recommendations are clearly aimed at moving forward on an issue, indicating that a final decision or course of action has not yet been fully determined or implemented. It precedes the agency's action.","The sentence contains a recommendation ('you guys should work closely with them') and describes an internal plan of action ('She will get Smalligan and Ahern working on this'). These elements reflect the internal 'give-and-take' of the decision-making process, outlining how a task will be approached and suggesting a collaborative strategy. It represents the personal views of the author on how to proceed rather than a statement of fact or established policy.",,,,,,1.0
105,"As I recall, we've asked Treasury for some information, but have not yet reached out to DOL and SBA?",1,1.0,"The sentence asks a question about whether certain agencies have been contacted for information, implying that a decision about who to contact or what information is needed is still pending or being clarified. This directly precedes the agency's action of reaching out to other departments, making it predecisional.","The sentence is phrased as a question ('As I recall, we've asked Treasury for some information, but have not yet reached out to DOL and SBA?'). This question reflects an internal inquiry, a check on the status of an ongoing process, and potentially a recommendation for future action (i.e., to reach out to DOL and SBA). It is part of the internal 'give-and-take' of decision-making, rather than a statement of fact or established policy. It represents the author's personal view or query within the deliberative process.",,,,,,1.0
106,"And, though it is more OMB's responsibility than ours, we should try to think of any other possible pay-fors in our area (defined broadly).",1,1.0,"The sentence contains a recommendation for future action: 'we should try to think of any other possible pay-fors'. This recommendation is clearly aimed at assisting in a future decision-making process regarding funding, making it predecisional.","The sentence expresses a recommendation ('we should try to think of...') and an opinion regarding responsibility ('though it is more OMB's responsibility than ours'). This reflects internal 'give-and-take' and strategic thinking, representing the personal views of the author rather than a statement of fact or established agency policy. Thus, it is deliberative.",,,,,,1.0
107,One possibly promising area are the recommendations on child support medical support made by the commission to HHS,1,1.0,"The sentence identifies 'recommendations' as a 'possibly promising area.' This indicates that the recommendations are still under consideration and that a final decision on whether to adopt or act upon them has not yet been made. It precedes any agency action or final conclusion regarding these recommendations, making it predecisional.","The phrase 'possibly promising area' is an evaluative statement, expressing an opinion or assessment about the potential value of the recommendations. It reflects internal deliberation and judgment rather than a statement of fact or established policy. It represents the personal views of the author regarding the potential of these recommendations.",,,,,,1.0
108,perhaps one of those have some savings (perhaps reduced Medicaid costs by ensuring kids get on their father's private insurance) that we could use to replace the gambling savings.,1,1.0,"The sentence uses the word 'perhaps' and discusses potential 'savings' that 'we could use to replace' other savings. This clearly indicates that a final decision on how to achieve savings or replace funds has not yet been made. It is exploring options and possibilities, which is inherently predecisional.","The sentence is highly speculative and recommendatory, using phrases like 'perhaps one of those have some savings' and 'that we could use to replace.' It proposes a potential strategy or idea for achieving financial goals, reflecting internal 'give-and-take' and the personal views of the author rather than a statement of fact or established policy. It is a clear example of an opinion or recommendation.",,,,,,1.0
109,Eric -- I know you got an (unofficial?) update from Legler on this can you fill the rest of us in?,1,0.0,"The sentence is a request for information about an 'update' on an unspecified matter. While the information requested might be predecisional, the request itself is a procedural communication, not directly preceding a final decision on the underlying issue. It's a request for an update, not a statement about a decision yet to be made.","The sentence is a question and a request for information ('can you fill the rest of us in?'). It does not express an opinion, recommendation, or internal deliberation on a policy matter. It is a factual request for an update, even if that update might contain deliberative content. The sentence itself is not deliberative.",,,,,,0.0
110,And we should also think more broadly than child support.,1,1.0,The sentence is a recommendation or suggestion for future consideration ('we should also think more broadly'). This clearly indicates that a final decision on the scope of thinking or policy has not yet been made and is still open for discussion. It precedes any agency action or final policy determination.,"The sentence expresses a recommendation or opinion ('we should also think more broadly'). It reflects the internal 'give-and-take' of the decision-making process, suggesting a particular approach or scope for future deliberation. It represents the personal view of the author rather than an established policy or a factual statement. Thus, it is deliberative.",,,,,,1.0
111,Genie -- can you check to see if any of the bills introduced so far in Congress that have been referred to Ways and Means or Finance had any little pay-fors that weren't horrendous?,1,0.0,"The sentence is a request for information to inform a future decision or action. The search for 'pay-fors that weren't horrendous' implies an ongoing process of evaluating legislative options or funding mechanisms, which precedes any final agency position or decision on those bills. Therefore, it is predecisional.","The sentence is a request for specific information, which in itself is a factual request. However, the *purpose* of the request is to inform an internal deliberation about legislative strategy or budget implications, specifically looking for 'pay-fors that weren't horrendous.' This implies an evaluative and opinion-based assessment is being sought to guide future recommendations or decisions. While the request itself is a fact, the underlying intent and the nature of the information sought are deliberative, as it's part of the 'give-and-take' of policy formulation. However, the sentence *itself* is a factual request for information, not an opinion, recommendation, or internal deliberation. It asks for a check, not an opinion.",,,,,,0.0
112,Can anyone think of anything else?,1,1.0,"The sentence is a question soliciting further input or ideas, which inherently implies that a final decision or course of action has not yet been determined. It is part of an ongoing discussion or brainstorming process that precedes a final agency action or conclusion.","The sentence 'Can anyone think of anything else?' is a direct invitation for internal 'give-and-take.' It prompts opinions, recommendations, or additional considerations from others involved in the decision-making process. It is not a statement of fact but rather a tool to facilitate deliberation and the development of ideas.",,,,,,1.0
113,We're hoping to be able to seriously restructure our proposal to satisfy both tribal and non-tribal concerns.,1,1.0,"The sentence expresses a hope or intention to 'seriously restructure our proposal.' This clearly indicates that a final decision on the proposal's structure has not yet been made and that the agency is still in the process of developing or refining it. It directly precedes the agency's final action on the proposal, making it predecisional.","The phrase 'We're hoping to be able to seriously restructure our proposal to satisfy both tribal and non-tribal concerns' expresses an internal goal, a strategic intent, and a recommendation for future action. It reflects the 'give-and-take' of the decision-making process, showing the agency's internal thinking about how to address various concerns and shape its policy. It represents the personal views and strategic planning of the author rather than a statement of fact or established agency policy. Thus, it is deliberative.",,,,,,1.0
114,Barbara Chow is talking to Jack and Sylvia about how to handle the budget implications.,1,1.0,"The sentence describes a discussion about 'how to handle the budget implications.' This indicates that decisions regarding the budget implications have not yet been finalized and are still being worked out. The discussion is occurring specifically to assist in reaching a final conclusion on these implications, making it predecisional.","The phrase 'how to handle the budget implications' implies that options are being explored, strategies are being developed, and recommendations are being considered. This reflects the internal 'give-and-take' of the decision-making process, where different approaches are being discussed and evaluated. It is not a statement of fact about an established budget or a final decision, but rather an ongoing deliberation.",,,,,,1.0
115,"If we revise our plan, we want to make sure our friends get credit, so we need to keep this under wraps until we're ready to roll it out.",1,1.0,"The sentence explicitly discusses the potential revision of a plan ('If we revise our plan') and the strategic timing of its announcement ('until we're ready to roll it out'). This clearly indicates that a final decision on the plan, its revision, and its public release has not yet been made. It directly precedes agency action.","The sentence expresses internal strategic considerations, recommendations, and opinions regarding how to manage a potential plan revision and its public presentation ('we want to make sure our friends get credit,' 'we need to keep this under wraps'). This reflects the 'give-and-take' of the decision-making process and represents the personal views and strategic thinking of the authors, rather than a statement of fact or established agency policy.",,,,,,1.0
116,We're going to go ahead and have the already-scheduled meeting With tribal gaming folks on Tuesday and tell them we recognize our current proposal won't work and seek their advice.,1,1.0,"The sentence describes a plan for a future meeting where the agency intends to acknowledge that its 'current proposal won't work' and will 'seek their advice.' This clearly indicates that a final decision on the proposal's viability or an alternative approach has not yet been made. The meeting is designed to gather input to assist in reaching a final conclusion, making the sentence predecisional.","The sentence expresses an internal plan and strategy for an upcoming meeting, including the intention to admit a proposal's inadequacy and to 'seek their advice.' This reflects the internal 'give-and-take' of the decision-making process, where the agency is evaluating its position and seeking input to formulate a new approach. It represents the personal views and strategic thinking of the author regarding how to proceed, rather than a statement of fact or established policy. Thus, it is deliberative.",,,,,,1.0
117,Cynthia--I know you've had a couple of meetings on this issue including one recently with doj,1,0.0,"The sentence states that meetings have occurred on an issue. While meetings often precede decisions, this sentence itself does not indicate that a final decision has not yet been made. It is a factual statement about past events, not a statement that is created specifically to assist a decision-maker in reaching a final conclusion. It could be part of a document discussing a settled matter or providing background information. Therefore, it is not always predecisional.","The sentence is a factual statement about past meetings ('I know you've had a couple of meetings'). It does not express an opinion, recommendation, or internal deliberation. It simply conveys information about events that have taken place. Therefore, it is not deliberative.",,,,,,0.0
118,"Can you send me an email detailing the, issues as you see them and your plans for how  we're  going to resolve some of the outstanding issues, not limited to the Indian sovereignty but also how we're going to get the industry to cooperate?",1,1.0,"The sentence is a request for information and plans regarding 'issues as you see them' and 'plans for how we're going to resolve some of the outstanding issues.' This clearly indicates that final decisions on these issues have not yet been made and that the agency is in the process of formulating strategies and solutions. The requested information is intended to assist in reaching a final conclusion, making it predecisional.","The request asks for 'issues as you see them' and 'your plans for how we're going to resolve' them. This explicitly solicits opinions, assessments, recommendations, and strategic proposals from the recipient. It reflects the internal 'give-and-take' of the decision-making process, seeking personal views and potential solutions rather than established facts or policies. Therefore, it is deliberative.",,,,,,1.0
119,"â€¢ I've looked into the option of having gaming establishments collect and report to the federal child support database tie gambling winner's name, social security number, home address and possibly his employer's name and address.",1,1.0,"The sentence describes an investigation into a potential option ('I've looked into the option of having gaming establishments collect and report...'). This investigation is clearly a step taken *before* any decision is made about whether to implement such a policy. Therefore, it is predecisional.","The sentence describes the author's personal action of exploring a potential policy option. While it states a fact about the author's activity, the activity itself is part of the internal 'give-and-take' of policy formulation. It reflects the exploration of ideas and potential recommendations, which is a deliberative function. It is not a statement of established policy or a purely factual observation unrelated to decision-making.",,,,,,1.0
120,"In my view, the option would do little.to collect child support and we would still need to exempt tribes (lest we renege on our long standing support for tribal sovereignity).",1,1.0,"The sentence presents an assessment of an 'option' and discusses the implications of that option, including the need to 'exempt tribes.' This clearly indicates that a decision regarding this option, and potentially the broader policy on child support collection and tribal exemptions, has not yet been made. The discussion of potential outcomes and necessary exemptions directly precedes a final conclusion or agency action on the matter. Therefore, it is predecisional.","The sentence begins with 'In my view,' explicitly stating that it is an opinion. It then offers an assessment of the effectiveness of an option ('would do little to collect child support') and provides a recommendation or justification for a specific policy stance ('we would still need to exempt tribes lest we renege on our long standing support for tribal sovereignity'). This content reflects the internal 'give-and-take' of the decision-making process, representing the personal views and policy opinions of the author rather than established agency policy or a factual statement. Therefore, it is deliberative.",,,,,,1.0
121,"The only advantage would be that it gives us a quasi-face-saving way to minimize opposition without abandoning our proposal altogether, which may be the best we can hope for at this point.",1,1.0,"The sentence discusses potential advantages of a strategy ('quasi-face-saving way to minimize opposition') in relation to 'our proposal.' This indicates that the agency is still considering how to proceed with a proposal, suggesting that a final decision on the proposal's implementation or modification has not yet been made. It is part of the internal process of weighing options before a final agency action.","The sentence expresses an opinion and a strategic assessment ('The only advantage would be that it gives us a quasi-face-saving way to minimize opposition,' 'which may be the best we can hope for at this point'). It reflects internal 'give-and-take' regarding potential outcomes and preferred approaches, representing the personal views and strategic thinking of the author rather than a factual statement or established agency policy. It is clearly recommendatory and opinion-based.",,,,,,1.0
122,Please advise on how I should proceed.,1,1.0,"The sentence 'Please advise on how I should proceed' explicitly indicates that the author is seeking guidance on a future course of action. This means a final decision on how to proceed has not yet been made, and the request is intended to assist in reaching that conclusion. Therefore, it is predecisional.","The sentence is a direct request for advice or a recommendation. Such a request is an integral part of the internal 'give-and-take' of the decision-making process, where an individual seeks input to formulate a plan or make a choice. It reflects an internal deliberation rather than a statement of fact or established policy. Therefore, it is deliberative.",,,,,,1.0
123,We need to resolve this by Monday (before a scheduled meeting with tribes on Tuesday) and OMB may need to come up with another pay-for.,1,1.0,The sentence explicitly states a need to resolve an issue by a specific deadline and suggests a potential action for OMB ('OMB may need to come up with another pay-for'). This clearly indicates that a final decision on the issue has not yet been made and that the agency is actively engaged in the process of reaching a conclusion. It precedes the agency's action of resolving the issue and any subsequent meeting.,"The sentence contains recommendations and suggestions for action ('We need to resolve this,' 'OMB may need to come up with another pay-for'). These phrases reflect internal discussions, strategic planning, and the 'give-and-take' of the decision-making process. They represent the personal views of the author regarding necessary steps to address a pending issue, rather than a statement of fact or established policy.",,,,,,1.0
124,"Should I begin selling .this reporting only option, with a tribal exemption, to 0MB,HHS, Leg Affairs, etc.?",1,1.0,"The sentence is a direct question about whether to begin a specific course of action ('begin selling .this reporting only option'). This clearly indicates that a decision on this action has not yet been made and the author is seeking guidance or approval before proceeding. Therefore, it is predecisional.","The sentence is a question seeking advice or a recommendation on a proposed course of action. It reflects an internal 'give-and-take' and the author's personal view on a potential strategy, rather than a statement of fact or established policy. It is inherently recommendatory and deliberative.",,,,,,1.0
125,Keep in mind Lynn Cutler specifically requested a meeting where she and others would be at the table to weigh in (but she should like this option).,1,1.0,"The sentence refers to a request for a meeting 'to weigh in' on an issue, implying that a decision has not yet been made and input is still being gathered. The phrase 'she should like this option' also suggests that options are still being considered or presented, preceding a final decision. Therefore, it is predecisional.","The sentence contains a recommendation or an opinion ('she should like this option') and describes an internal process of gathering input ('to weigh in'). This reflects the 'give-and-take' of the decision-making process and the personal views of the author regarding a potential outcome or strategy. Thus, it is deliberative.",,,,,,1.0
126,"See below for more on the pros and cons of this option, and see the attached document for the wide range of unsavory options available to us..",1,1.0,"The sentence refers to 'pros and cons of this option' and 'unsavory options available to us.' This language clearly indicates that a decision has not yet been made and that various options are still under consideration. Therefore, the sentence is predecisional.","The sentence explicitly refers to 'pros and cons' and 'unsavory options,' which are inherently evaluative and recommendatory in nature. It points to an internal analysis of different courses of action, reflecting the 'give-and-take' of the decision-making process. This content represents the personal views and strategic thinking involved in weighing alternatives, rather than a factual statement or established agency policy. Thus, it is deliberative.",,,,,,1.0
127,Require only reporting from tribes and nontribal gaming establishments,0,1.0,"The sentence is a directive or a proposed requirement. It does not describe a decision that has already been made or a matter that has been officially settled. Instead, it suggests an action to be taken, indicating it precedes a final decision or implementation. Therefore, it is predecisional.","The sentence 'Require only reporting from tribes and nontribal gaming establishments' is a recommendation or a proposed policy action. It reflects a specific choice or approach being considered, representing the internal 'give-and-take' of the decision-making process rather than a statement of fact or established policy. It is clearly recommendatory in nature.",,,,,,1.0
128,"Pros: Likely to generate less opposition from gambling establishments, because it would require them only to report winnings, not collect child support.",1,1.0,"The sentence presents a 'Pro' for a particular course of action, indicating that a decision on this action is still pending. The purpose of listing pros and cons is to inform and assist in making a future decision, thus it is predecisional.","The sentence offers an assessment of a potential outcome ('Likely to generate less opposition') and provides a reason for that assessment, which is a form of recommendation or policy opinion. It reflects the internal 'give-and-take' of evaluating options before a final decision is made. This is clearly an opinion or analysis intended to influence a decision, not a statement of fact or established policy.",,,,,,1.0
129,Allows us to minimize opposition without abandoning the proposal altogether .,1,1.0,"The sentence describes a potential benefit or outcome of a particular approach ('Allows us to minimize opposition without abandoning the proposal altogether'). This implies that a decision is being considered or is in the process of being made regarding how to proceed with a proposal, and this statement is part of the internal evaluation of options. It clearly precedes a final decision on the proposal's implementation or modification, making it predecisional.","The sentence expresses a strategic assessment and a recommendation for a course of action ('Allows us to minimize opposition without abandoning the proposal altogether'). It reflects an internal 'give-and-take' about how to manage a proposal, weighing potential outcomes and suggesting a preferred approach. This is an opinion or a policy recommendation, not a statement of fact or established policy. Therefore, it is deliberative.",,,,,,1.0
130,"Cons: Unlikely to generate information the child support.office doesn't already have, and thus is unlikely to result in more child support collections or federal revenues.",1,1.0,"The sentence presents 'cons' related to a potential action or proposal. This indicates that a decision regarding that action or proposal has not yet been made, and the agency is still weighing options. Therefore, it is predecisional.","The sentence expresses an opinion and an assessment ('Unlikely to generate information,' 'unlikely to result in more child support collections'). These are subjective judgments and predictions about the potential outcomes of a course of action, reflecting internal deliberation and analysis rather than a statement of fact or established policy. Thus, it is deliberative.",,,,,,1.0
131,"For examnple, the child support office will already have access to the home address on the individual's drivers license, and in this process will only get a more up-to-date address if the individual volunteers it to the gambling establishment",1,0.0,"The sentence describes a current or hypothetical process and its implications regarding data access. It presents a factual observation about how information is obtained and shared in a specific scenario. It does not concern an issue where a final decision has not yet been made, nor does it precede an agency's action. It describes an existing or proposed operational detail, not a pending policy choice.","The sentence provides a factual description of how information is accessed and updated in a specific process. It states what 'will already have access to' and 'will only get' under certain conditions. It does not express an opinion, recommendation, or internal deliberation. It is a statement of fact about a process.",,,,,,0.0
132,"lf employer's name and address are also collected, this will require gambling establishments to collect more information than they generally do for the W2G and will increase opposition tb the proposal.",1,1.0,"The sentence discusses the potential consequences of a proposed action ('if employer's name and address are also collected'). It analyzes the impact of a potential policy change, indicating that a final decision on whether to collect this information has not yet been made. Therefore, it is predecisional.","The sentence expresses an opinion and a prediction about the likely effects of a proposed policy ('this will require gambling establishments to collect more information... and will increase opposition tb the proposal'). This content reflects an internal assessment, a recommendation, or a policy opinion, rather than a statement of fact or established policy. It is part of the 'give-and-take' of the decision-making process.",,,,,,1.0
133,"ln addition, this impinges on tribal sovereignty by having the federal government impose a requirement on tribes",1,1.0,"The sentence describes a potential negative consequence of an action ('this impinges on tribal sovereignty'). This type of analysis or warning is typically part of an internal discussion *before* a final decision is made on the action in question. It is designed to inform decision-makers about potential impacts, thus preceding the agency's final action. Therefore, it is predecisional.","The sentence expresses an opinion or assessment about the impact of a potential action. The phrase 'this impinges on tribal sovereignty' is an evaluative statement, not a simple fact. It reflects an internal deliberation about the implications of a policy or requirement, representing the personal views of the author rather than established agency policy. Therefore, it is deliberative.",,,,,,1.0
134,"(the proposal builds on current law, requiring tribes to report and in some cases withhold funds for federal income taxes, which also impinges on tribal sovereignty.)",1,1.0,"The sentence describes a characteristic of a proposal and its potential impact ('impinges on tribal sovereignty'). This description is part of an analysis or evaluation of a proposal, which typically occurs before a final decision is made on whether to adopt or reject the proposal. Therefore, it is predecisional.","The phrase 'which also impinges on tribal sovereignty' is an evaluative statement, expressing an opinion or assessment of the proposal's effect. It reflects an internal deliberation about the implications of the proposal, rather than a purely factual statement about current law. This content represents the personal views of the author regarding the proposal's impact, making it deliberative.",,,,,,1.0
135,"We could therefore exempt tribes from this reporting requirement, generating more concerns from nontribal establishments.",1,1.0,"The sentence presents a potential course of action ('We could therefore exempt tribes') and its potential consequence ('generating more concerns'). This clearly indicates that a final decision on whether to exempt tribes from the reporting requirement has not yet been made. It is a statement exploring an option prior to a final conclusion, making it predecisional.","The sentence proposes a hypothetical action ('We could therefore exempt tribes') and predicts its outcome. This reflects an internal discussion, an exploration of options, and an assessment of potential impacts, which are all hallmarks of the deliberative process. It represents a recommendation or a policy opinion rather than a statement of fact or established policy.",,,,,,1.0
136,"Following up from our meeting on Child Support last Tuesday; we plan to meet with NIGA (the nongovernmental group)  on Tues, 2/15 at 2 pm in 472  in OEOB.",0,0.0,"The sentence describes a plan to hold a future meeting. This meeting is intended to discuss an issue (Child Support) and involves a non-governmental group. The act of planning a meeting to discuss an issue indicates that a final decision on that issue has not yet been made and that further deliberation is anticipated. Therefore, it is predecisional.","The sentence states a plan to meet, which is a factual statement about a scheduled event. While the meeting itself might involve deliberation, the sentence itself does not express an opinion, recommendation, or internal deliberation about the substance of the Child Support issue or the agency's policy. It is a logistical arrangement rather than a reflection of the 'give-and-take' of the decision-making process regarding policy content. Therefore, it is not deliberative.",,,,,,0.0
137,Attendees from HHS and Treasury should send me your DOB and SSN..,0,0.0,"The sentence is a request for personal information from attendees. This request is an administrative action, not a step in a policy or program decision-making process. It does not precede a final decision on a substantive issue, but rather facilitates an administrative task. Therefore, it is not predecisional.","The sentence is a direct instruction or request for factual information (DOB and SSN). It does not express an opinion, recommendation, or internal deliberation. It is a factual request for data, not a reflection of policy formulation or strategic thinking. Therefore, it is not deliberative.",,,,,,0.0
138,I am really sorry I missed the meeting this afternoon.,0,0.0,The sentence expresses regret about missing a past meeting. It does not concern an issue where a final decision has not yet been made. It is a statement about a past event and does not precede any agency action or decision.,"The sentence 'I am really sorry I missed the meeting this afternoon' expresses a personal feeling or sentiment. While it is an opinion, it does not reflect the internal 'give-and-take' of the decision-making process, nor does it offer recommendations, legal advice, or policy opinions. It is a personal apology, not a deliberative thought related to agency policy or decisions.",,,,,,0.0
139,I got completely  swamped  with some other  work.,0,0.0,"The sentence is a personal statement about the author's workload. It does not concern an issue where a final agency decision has not yet been made, nor does it precede any specific agency action or policy formulation. It is unrelated to the decision-making process of the agency.","The sentence is a factual statement about the author's personal situation ('I got completely swamped'). It does not express an opinion, recommendation, legal advice, or policy view related to agency business or decision-making. It is not part of the internal 'give-and-take' of the decision-making process.",,,,,,0.0
140,will try to catch up with one of you tomorrow afternoon to hear how things went.,0,0.0,"The sentence indicates an intent to learn about a past event ('how things went'). While the information gathered might inform future decisions, the act of 'catching up' to hear about a past event is not inherently predecisional regarding a specific, pending agency action. It is a statement about a future communication, not a communication that directly precedes a decision.","The sentence is a statement of intent to communicate and gather information. It does not express an opinion, recommendation, or internal deliberation about policy or strategy. It is a factual statement about a planned interaction.",,,,,,0.0
141,"Here are the numbers you asked for: Although, please let me know before you intend to use these in any public documents.",1,1.0,"The sentence provides numbers, which could be factual data. However, the second part of the sentence, 'please let me know before you intend to use these in any public documents,' indicates that the numbers are being provided for internal use and that their public release or use in official documents is subject to further review or decision. This suggests that the information is part of an ongoing internal process that precedes a final public statement or decision, making it predecisional.","The first part of the sentence ('Here are the numbers you asked for') is a factual statement. However, the second part ('please let me know before you intend to use these in any public documents') is a recommendation or an instruction regarding the handling of the information. It reflects an internal deliberation about how information should be managed and potentially used in future public communications, indicating a 'give-and-take' within the decision-making process. This part of the sentence expresses a personal view or a cautionary note from the author, rather than a statement of established policy or a pure fact.",,,,,,1.0
142,"We try not to lay out all of the underlying assumptions in our estimates since, needless to say, developing these estimates is not an exact science.",1,0.0,"The sentence describes a general practice or approach ('We try not to lay out all of the underlying assumptions') related to developing estimates. While this practice might influence future decisions, the sentence itself is a statement about an ongoing methodology rather than a specific input to a particular pending decision. It does not directly precede a specific agency action or final conclusion. Therefore, it is not always predecisional.","The sentence expresses an opinion and a strategic choice regarding the presentation of estimates ('We try not to lay out all of the underlying assumptions'). It also includes a subjective assessment ('developing these estimates is not an exact science'). This reflects internal 'give-and-take' and the personal views of the author regarding methodology and transparency, rather than a statement of fact or established agency policy. Thus, it is deliberative.",,,,,,0.0
143,"I would want to be careful about how they are used, particularly in light of some of the new information we got from Treasury.",1,1.0,"The sentence expresses a cautionary stance regarding the future use of something, implying that a decision about their use is pending or being considered. The phrase 'I would want to be careful about how they are used' clearly indicates that a final decision on their application has not yet been made and is still subject to internal consideration, especially in light of new information. This makes it predecisional.","The sentence 'I would want to be careful about how they are used' is an expression of opinion, a recommendation, or a cautionary piece of advice. It reflects the author's personal view and internal deliberation on a course of action, particularly in light of new information. It is not a statement of fact or established policy, but rather an input into the decision-making process. Thus, it is deliberative.",,,,,,1.0
144,"The first year is an anomaly, since we assume an implementation lag.",0,1.0,"The sentence provides a reason or assumption ('since we assume an implementation lag') for why the first year is considered an 'anomaly.' This type of statement often appears in analyses, reports, or projections that are used to inform future decisions or policy formulations. It is a foundational assumption that would precede any final decision based on such analysis. Therefore, it is predecisional.","The sentence contains an assumption ('we assume an implementation lag') and an interpretation ('the first year is an anomaly') that are part of an internal analytical process. These are not objective facts but rather internal judgments or methodologies used in planning or evaluation. This reflects the 'give-and-take' of the decision-making process, where assumptions are made and discussed to arrive at conclusions or recommendations. Thus, it is deliberative.",,,,,,1.0
145,"In the second through fifth years, we assume 54,000, 52,000, 49,000, and 46,000 intercepts.",0,1.0,"The sentence states an assumption about future numbers of intercepts. This assumption is clearly made in anticipation of a future decision or planning process, such as budget allocation, resource deployment, or policy formulation. It is a foundational element for future decisions, not a final decision itself or a justification for a past one. Therefore, it is predecisional.","The sentence presents an 'assumption' about future numbers. An assumption is a belief or premise taken for granted or accepted as true without proof for the purpose of argument or action. It is not a statement of fact, but rather a projection or estimate used in internal planning and deliberation. It reflects the internal 'give-and-take' of the decision-making process, as it represents a judgment or estimate made by the author for planning purposes, rather than an established fact or agency policy. Thus, it is deliberative.",,,,,,1.0
146,â€¢ Michelle - how many people did HHS estimate they would capture a year (over five years) who would actually have their gambling winnings interepted because they owed child support? ',0,0.0,"The sentence is a question asking for an estimate of future captures over a five-year period. This information would be used to inform a decision or policy regarding the program. Therefore, it precedes any final agency action or decision based on these estimates, making it predecisional.","The sentence is a question seeking specific data (an estimate) that would contribute to internal deliberation and decision-making. While a question itself is not an opinion or recommendation, the *nature* of the question here is to elicit information that is inherently part of the deliberative process—forecasting outcomes to inform policy. It's not asking for a simple, established fact, but rather a projection or estimate that would be subject to internal discussion and analysis. However, the sentence itself is a request for information, not an expression of an opinion, recommendation, or internal deliberation. It's a factual query, even if the answer would be deliberative. The sentence itself is not the deliberation.",,,,,,0.0
147,"I previously provided some or all of this information orally {by voicemail), but I neglected to  forward this email.",0,0.0,"The sentence describes a past action (providing information orally) and an oversight (neglecting to forward an email). It does not concern an issue where a final decision has not yet been made. It is a statement about past communication, not a step in a decision-making process.","The sentence is a factual statement about the author's past communication actions and an oversight. It does not express an opinion, recommendation, or internal deliberation. It simply states what happened.",,,,,,0.0
148,"If  Cynthia needs more information, just let me know.",0,0.0,"The sentence is a conditional offer for further assistance. It does not concern an issue where a final decision has not yet been made, nor does it precede an agency's action. It is a logistical statement about information exchange.","The sentence is a straightforward offer of help and does not express an opinion, recommendation, or internal deliberation. It is a factual statement about communication and information availability.",,,,,,0.0
149,"Otherwise, I think I've closed the DoC loop.",0,0.0,"The sentence 'I think I've closed the DoC loop' suggests that a particular task or communication cycle related to the Department of Commerce (DoC) has been completed. This implies that any decision or action associated with that 'loop' has already been made or finalized. Therefore, it is not predecisional.","The phrase 'I think I've closed the DoC loop' expresses the author's personal assessment or opinion about the status of a task. It reflects an internal thought process or a subjective judgment rather than a purely factual statement or established agency policy. Thus, it is deliberative.",,,,,,0.0
150,I spoke with Monica.,0,0.0,"The sentence states a past action: 'I spoke with Monica.' This is a factual statement about an event that has already occurred. It does not concern an issue where a final decision has not yet been made, nor does it precede an agency's action in a predecisional sense. It is a statement of fact about a completed communication.","The sentence 'I spoke with Monica' is a purely factual statement. It does not express an opinion, recommendation, or internal deliberation. It simply reports an action taken.",,,,,,0.0
151,"This statute, and another relating to deep sea  mining which was not covered in the  White House memo, are ahead of  their  time as the benefits of working in and around the deep sea vents are not  yet  known  and the  costs are substantial.",0,0.0,"The sentence offers an assessment of statutes in relation to future knowledge and costs. While it provides an analytical observation, it does not explicitly concern an issue where a final decision has not yet been made. It could be part of a retrospective analysis or a general policy discussion, not necessarily preceding a specific agency action or decision. Therefore, it is not always predecisional.","The sentence expresses an opinion and assessment ('are ahead of their time,' 'benefits...are not yet known and the costs are substantial'). This reflects the author's subjective judgment and interpretation rather than a purely factual statement. It represents internal deliberation or policy opinion. Thus, it is deliberative.",,,,,,0.0
152,Monica tells me t_hat  these licenses can theoretic ally be given to individuals but the investment to carry out the work is so great that licenses will almost always be sought by companies and institutions.,0,0.0,"The sentence provides information about the practical realities of obtaining and utilizing licenses. While this information might inform future decisions, the sentence itself is a statement of fact and observation about the current state of affairs regarding licenses and investment requirements. It does not directly concern an issue where a final decision has not yet been made, nor does it explicitly precede an agency's action. It describes existing conditions rather than a pending decision.","The sentence conveys factual information and an observation about the practicalities of licenses and investment, attributed to 'Monica.' The phrase 'can theoretically be given' and 'will almost always be sought' are descriptive statements about the nature of the licenses and the market, not an opinion, recommendation, or internal deliberation from the author. It is a factual report of information, not a subjective view or policy opinion.",,,,,,0.0
153,Kit and Jim - I am re-sending the message that Craig sent out last week.,0,0.0,"The sentence describes the action of re-sending a message. This action is purely administrative and does not concern an issue where a final decision has not yet been made. It is a factual statement about an email's transmission, not about a policy or operational decision.","The sentence is a factual statement about an administrative action (re-sending a message). It does not express an opinion, recommendation, or internal deliberation. It simply states what the sender is doing.",,,,,,0.0
154,Apparently you  did not  receive it.,0,0.0,"The sentence is a statement about whether something was received. It describes a past event or lack thereof and does not concern an issue where a final decision has not yet been made. It does not precede an agency's action or assist in reaching a final conclusion. Therefore, it is not predecisional.","The sentence states an observation or an inference about a fact (the non-receipt of an item). While 'apparently' suggests an inference, the core content is a factual assertion. It does not express an opinion, recommendation, legal advice, or reflect the internal 'give-and-take' of the decision-making process. Therefore, it is not deliberative.",,,,,,0.0
155,I hope this answers the mail.,0,0.0,"The sentence is a common closing remark indicating the sender's hope that their communication has been sufficient. It does not concern an issue where a final decision has not yet been made regarding agency policy or action. It is a meta-comment about the communication itself, not a substantive input to a decision-making process. Therefore, it is not predecisional.","The sentence expresses a personal hope or sentiment of the author regarding the adequacy of their communication. While it is an opinion, it does not reflect the internal 'give-and-take' of the decision-making process concerning policy, recommendations, or legal advice. It is not a substantive deliberation on an agency matter. Therefore, it is not deliberative in the context of Exemption 5.",,,,,,0.0
156,Sorry for  the confusion.,0,0.0,"The sentence is an apology for past confusion. It does not concern an issue where a final decision has not yet been made, nor does it assist a decision-maker in reaching a final conclusion. It is a statement about a past communication issue, not a future agency action or policy. Therefore, it is not pre-decisional.","The sentence expresses an apology, which is a statement of regret or acknowledgment of a communication issue. It does not express an opinion, recommendation, or internal deliberation regarding policy, strategy, or a decision-making process. It is a social grace or a factual statement about the author's sentiment, not a reflection of the 'give-and-take' of policy formulation. Therefore, it is not deliberative.",,,,,,0.0
157,Monica,0,0.0,"The sentence 'Monica' is a proper noun, a name. It provides no information about whether a final decision has been made or is pending. Therefore, it cannot be determined to be predecisional.","The sentence 'Monica' is a factual identifier (a name). It does not express an opinion, recommendation, or reflect internal deliberation. It is not deliberative in content.",,,,,,0.0
158,Kit - to close the loop re child support matter.,0,0.0,"The sentence is a brief, informal note indicating the purpose of a communication: 'to close the loop re child support matter.' This phrase suggests that a matter is nearing resolution or has recently been resolved, and the communication is intended to finalize or summarize it. It does not clearly indicate that a final decision has not yet been made; rather, it implies the opposite, that a decision or process is being concluded. Therefore, it is not always predecisional.","The sentence is a functional, administrative note rather than an expression of opinion, recommendation, or internal deliberation. It states the intent of a communication, which is a factual statement about the communication's purpose, not a subjective view or policy discussion. Therefore, it is not deliberative.",,,,,,0.0
159,"Of the licenses noted, NoAA only issues those re Ocean Thermal Energy Conversion (42 USC 9111).",0,0.0,"The sentence states a fact about which licenses NOAA issues. It does not concern an issue where a final decision has not yet been made. It describes an existing operational fact or established jurisdiction, not a pending decision or a matter under deliberation. Therefore, it is not predecisional.","The sentence is a factual statement about NOAA's licensing authority. It does not express an opinion, recommendation, or internal deliberation. It simply states what NOAA does regarding specific licenses. Therefore, it is not deliberative.",,,,,,0.0
160,"We have never issued such a license, however.",0,0.0,"The sentence states a historical fact about the agency's past actions ('We have never issued such a license'). It does not concern an issue where a final decision has not yet been made. It describes a settled matter or an established practice, not a pending decision. Therefore, it is not predecisional.","The sentence is a factual statement about the agency's past licensing practices. It does not express an opinion, recommendation, or internal deliberation. It simply states what has or has not occurred. Therefore, it is not deliberative.",,,,,,0.0
161,"With regard to the other statutes: 43 (actually46) use 7101, 46 use 7103, 46 use 7104, 46 use 7112, 46 USC 7316, 46 USC 7317 and 46 USC ap1718, all of these statutes are administered by the US Coast Guard (actually, the Secretary of the department with the Coast Guard in it,  i.e. the DApartment  of Transportation).",0,0.0,"The sentence provides factual information about statutes and their administration. It does not concern an issue where a final decision has not yet been made. It is a statement of existing facts, not a precursor to a decision.","The sentence presents factual information about specific statutes and the agency responsible for their administration. While there are parenthetical clarifications ('actually 46', 'actually, the Secretary...'), these are corrections or elaborations of factual details, not expressions of opinion, recommendations, or internal deliberations about policy or strategy. The content is purely informational and descriptive.",,,,,,0.0
162,This should finalize NOAA's input into this project.,0,1.0,"The sentence states that an action ('This') should finalize NOAA's input into a project. This implies that NOAA's input is not yet finalized and that the project itself is ongoing, with decisions still to be made. Therefore, the sentence concerns an issue where a final decision (regarding NOAA's input and likely the project itself) has not yet been made, making it predecisional.","The phrase 'This should finalize' expresses an expectation, a recommendation, or a proposed outcome regarding the agency's contribution. It reflects an internal assessment or plan for concluding a phase of work, rather than a statement of fact about a completed action or an established policy. It represents the author's view on how to proceed, making it deliberative.",,,,,,1.0
163,"On another note, could you please have some advise us on what criterion your office uses for promotion of attorney from GS 14 to 15.",0,0.0,"The sentence is a request for information about existing criteria for promotion. It does not concern an issue where a final decision has not yet been made, but rather seeks to understand established procedures. It is not predecisional.","The sentence is a request for factual information about existing criteria. It does not express an opinion, recommendation, or internal deliberation. It is a straightforward query for established policy or guidelines. Thus, it is not deliberative.",,,,,,0.0
164,thanks.,0,0.0,"The sentence 'thanks' is a common social courtesy. It does not concern an issue where a final decision has not yet been made. It is not created to assist a decision-maker in reaching a final conclusion. Therefore, it is not predecisional.","The sentence 'thanks' does not express an opinion, recommendation, or internal deliberation. It is a simple acknowledgment or expression of gratitude, which is a factual communication rather than a deliberative one. Therefore, it is not deliberative.",,,,,,0.0
165,Craig,0,0.0,"The sentence 'Craig' is a proper noun, likely a name or a signature. It does not convey any information about an issue where a final decision has not yet been made. It does not precede an agency's action or relate to a decision-making process. Therefore, it is not predecisional.","The sentence 'Craig' is a factual identifier (a name). It does not express an opinion, recommendation, legal advice, or policy opinion. It does not reflect the internal 'give-and-take' of the decision-making process. Therefore, it is not deliberative in content.",,,,,,0.0
166,Federal Agency Welfare Hiring Update,0,0.0,"The sentence is a title or subject line indicating the topic of a document or discussion. An 'update' can provide factual information on an ongoing program or policy, which may or may not be directly related to a pending decision. It does not inherently indicate that a final decision has not yet been made; it could be a report on the implementation of a decided policy. Therefore, it is not always predecisional.","The sentence is a descriptive title. It states the subject matter ('Federal Agency Welfare Hiring Update') without expressing any opinion, recommendation, personal view, or internal deliberation. It is a factual label rather than an expression of thought or judgment. Therefore, it is not deliberative.",,,,,,0.0
167,"Attached are not-yet-released numbers from OPM showing that federal agencies have hired 2,834 welfare recipients since the President's March 8th, 1997 executive order and the April 10th Cabinet meeting  where agencies  made hiring commitments.",0,0.0,"The sentence describes 'not-yet-released numbers' from OPM, indicating that the information is current but not yet public. It refers to past events (hiring since an executive order and cabinet meeting) and presents factual data. It does not concern an issue where a final decision has not yet been made; rather, it reports on the results of past decisions and commitments. Therefore, it is not predecisional.","The sentence presents factual data ('2,834 welfare recipients hired') and refers to specific past events (President's executive order, Cabinet meeting, hiring commitments). It does not express an opinion, recommendation, or internal deliberation. It is a statement of fact.",,,,,,0.0
168,"We are planning to have an event in March or April to commemorate the one year anniversary of this initiative and to publicly share our progress toward the goal of hiring 10,000 welfare recipients by the year 2000.",0,0.0,"The sentence describes a plan for a future event ('planning to have an event in March or April'). This plan is a decision that has been made or is in the process of being made, but the event itself is in the future. The sentence is about the *decision to hold an event*, not about the *substance of the initiative* or *progress toward the goal*. The decision to hold the event is a final decision in itself, and the sentence describes that decision. Therefore, it is not predecisional regarding the event.","The sentence states a plan ('We are planning to have an event'). This is a statement of fact about an agency's intention or a decision that has been made regarding an event. It does not express an opinion, recommendation, or internal deliberation about whether to hold the event, or what the content of the event should be. It is a factual statement about a planned action.",,,,,,0.0
169,The event may focus on federal agencies' efforts to encourage contrators to hire from the welfare rolls.,0,1.0,"The sentence uses the word 'may focus,' indicating uncertainty about the final content or direction of a future event. This suggests that decisions about the event's focus are still pending or being discussed, making it predecisional.","The phrase 'may focus on' expresses a potential or proposed direction for the event, reflecting an internal discussion or idea rather than a definitive statement of fact or established policy. It represents a recommendation or an opinion about the event's content. Thus, it is deliberative.",,,,,,1.0
170,"Key contacts: myself or Susan Valaskovic, National Performance Review, 632-0354.",0,0.0,"The sentence provides factual contact information. It does not concern an issue where a final decision has not yet been made, nor does it precede an agency's action or decision. It is simply administrative information.","The sentence states factual information (names and a phone number). It does not express an opinion, recommendation, or internal deliberation. It is a straightforward factual statement.",,,,,,0.0
171,Child Support Enforcement Request,0,0.0,This sentence is a title or a label. It does not describe an issue where a final decision has not yet been made. It simply identifies the subject matter as a 'request' related to 'Child Support Enforcement.' It does not provide enough context to determine if it precedes a specific agency action or decision.,"This sentence is a label or a topic identifier. It does not express an opinion, recommendation, or internal deliberation. It is a factual description of the subject matter, not a reflection of the 'give-and-take' of the decision-making process.",,,,,,0.0
172,"Currently, we require states to deny drivers and professional licenses to parents who owe child support, but we allow such parents to obtain federal licenses.",0,0.0,"The sentence describes the current state of affairs regarding licensing requirements for parents who owe child support. It states existing policies and practices. It does not concern an issue where a final decision has not yet been made; rather, it describes decisions that have already been made and are currently in effect. Therefore, it is not predecisional.","The sentence presents factual information about current requirements and allowances regarding licenses. It does not express an opinion, recommendation, or internal deliberation. It is a statement of existing policy and practice, not a reflection of internal 'give-and-take' or personal views.",,,,,,0.0
173,We are considering talkng action to remedy this situation.,1,1.0,"The sentence explicitly states 'We are considering taking action,' which directly indicates that a final decision on whether or not to take action, and what specific action to take, has not yet been made. This clearly precedes any agency action or final conclusion.","The phrase 'We are considering taking action' reflects an internal thought process and the exploration of potential responses to a situation. It is not a statement of fact about an existing policy or a completed action, but rather an indication of ongoing deliberation and potential future recommendations or decisions. It represents the internal 'give-and-take' of the decision-making process.",,,,,,1.0
174,Will you please respond to the following questions by Friday February 17,0,0.0,"The sentence is a request for information by a specific deadline. While the information requested might be used to make a decision, the request itself does not concern an issue where a final decision has not yet been made. It is an administrative instruction, not a substantive part of the decision-making process itself. It precedes the *receipt* of information, not necessarily a final decision.","The sentence is a directive or an administrative request. It does not express an opinion, recommendation, or internal deliberation. It is a factual instruction or command, not a reflection of the 'give-and-take' of the decision-making process.",,,,,,0.0
175,"In your February 17, l 998 memorandum you discussed child support enforcement.",0,0.0,"The sentence refers to a past memorandum and its topic. It does not concern an issue where a final decision has not yet been made. It is a factual statement about a previous communication, not a step in a current decision-making process. Therefore, it is not predecisional.","The sentence states a fact: that a memorandum discussed a certain topic. It does not express an opinion, recommendation, or internal deliberation. It is a purely factual statement about the content of a past document. Therefore, it is not deliberative.",,,,,,0.0
176,You pointed out that states are required to deny drivers and professional licenses to parents who owe child support and that the Administratton is considering taking action to deny federal licenses to such parents.,0,0.0,"The sentence states that the Administration 'is considering taking action.' This clearly indicates that a final decision has not yet been made regarding denying federal licenses. Therefore, the information concerns an issue where a final decision is pending, making it predecisional.","The sentence reports a fact: that the Administration 'is considering taking action.' While the subject of this consideration (denying federal licenses) is a policy matter, the sentence itself is a factual report about the Administration's current state of deliberation, not an opinion, recommendation, or internal deliberation from the author. It describes what the Administration is doing (considering), rather than expressing the author's own view or recommendation on the matter. Therefore, it is not deliberative.",,,,,,0.0
177,You provided a preliminary list of federal licenses and asked EPA to identify any that are missing from the list and to answer several questions about those licenses.,0,0.0,"The sentence describes a past action (you provided a list and asked EPA to identify missing items and answer questions). This action has already occurred. While the *response* from EPA might be predecisional, the act of *asking* for information is a completed event and does not, in itself, precede a final agency decision. It is a factual description of a request.","The sentence is a factual description of a request made to EPA. It does not express an opinion, recommendation, or internal deliberation. It simply states what was asked of EPA. Therefore, it is not deliberative.",,,,,,0.0
178,The information you requested is attached.,0,0.0,"The sentence is a factual statement about the delivery of information. It does not concern an issue where a final decision has not yet been made, nor does it precede any agency action or decision-making process. It simply states that requested information is attached.","The sentence is a purely factual statement. It does not express an opinion, recommendation, or internal deliberation. It describes an action (attaching information) rather than reflecting any 'give-and-take' of the decision-making process.",,,,,,0.0
179,"As you can see from the attachment, very few of the ""licenses"" granted by EPA go to individuals, as opposed to business entities.",0,0.0,"The sentence presents an observation or factual statement derived from an attachment, describing the recipients of EPA 'licenses.' It does not concern an issue where a final decision has not yet been made; rather, it describes an existing state of affairs or a pattern of past actions. It is not created to assist a decision-maker in reaching a final conclusion on a pending matter.","The sentence conveys a factual observation or statistical summary ('very few of the 'licenses' granted by EPA go to individuals, as opposed to business entities'). It is presented as something that 'you can see from the attachment,' implying it is an objective piece of information rather than an opinion, recommendation, or internal deliberation. It does not reflect the 'give-and-take' of the decision-making process or represent the personal views of the author on policy or strategy.",,,,,,0.0
180,Accordingly we believe that few benefits and potentially significant costs could result from any effort to amend the various environmental licensing programs to include child support enforcement provisions.,1,1.0,"The sentence expresses a belief about the potential outcomes (benefits and costs) of a proposed action ('any effort to amend the various environmental licensing programs'). This belief is clearly an input to a decision-making process regarding whether or not to pursue such an amendment. Therefore, it precedes any final agency action or decision on amending the programs, making it predecisional.","The phrase 'we believe that few benefits and potentially significant costs could result' is a clear expression of opinion, assessment, and recommendation. It reflects the internal 'give-and-take' of the decision-making process by weighing potential consequences. It represents the personal views of the author regarding a policy option rather than a statement of fact or established agency policy. Thus, it is deliberative.",,,,,,1.0
181,"For purposes of this exercise considered the term ""license"" broadly to include licenses, permits, certification accreditations, and approvals that allow persons  to  undertake  activities within EPA's jurisdiction.",0,1.0,"The sentence refers to 'this exercise' and defines a term 'for purposes of this exercise.' This indicates that the definition is being used in an ongoing internal process or analysis, and not as part of a final, established agency policy or decision. The 'exercise' itself is likely predecisional, as it is a step in reaching a conclusion or formulating a policy. Therefore, the definition used within it is predecisional.","The sentence provides a specific definition of the term 'license' as it is being considered for an internal 'exercise.' While it defines a term, this definition is not a statement of established agency policy but rather a working definition adopted for the purpose of internal analysis or deliberation. It reflects an internal choice or interpretation made to facilitate the 'give-and-take' of the decision-making process within that specific exercise, rather than a mere statement of fact. It's a conceptual tool for internal discussion.",,,,,,1.0
182,"The following is a list of licenses, permits, certifications,  accreditations and approvals issue (hereinafter licenses) by EPA",0,0.0,"The sentence introduces a list of licenses issued by the EPA. This is a factual statement about existing agency functions and outputs. It does not concern an issue where a final decision has not yet been made; rather, it describes established agency activities. Therefore, it is not predecisional.","The sentence is a purely factual statement introducing a list of items. It does not express an opinion, recommendation, or internal deliberation. It simply describes what follows. Therefore, it is not deliberative.",,,,,,0.0
183,In many cases the licenses are available both to individuals (mcluding those acting in a business capacity as a sole proprietor) to  ness entities such as partnerships and corporations.,0,0.0,"The sentence describes the availability of licenses to different types of entities. This is a statement of existing fact or policy regarding who can obtain licenses. It does not concern an issue where a final decision has not yet been made; rather, it describes an established condition. Therefore, it is not predecisional.","The sentence states a fact about the availability of licenses. It does not express an opinion, recommendation, or internal deliberation. It describes an existing state of affairs or an established policy. Therefore, it is not deliberative.",,,,,,0.0
184,"It is probable that most of them are held by businesses rather than individuals, but we have included any license that might be granted to an individual",0,0.0,"The sentence discusses the probable holders of licenses and the scope of inclusion for licenses granted to individuals. This statement appears to be an analytical observation or a description of a methodology or assumption, rather than directly preceding a specific, identifiable agency decision. It does not concern an issue where a final decision has not yet been made in the sense of a policy choice or action. It could be part of a report or analysis that is itself a final product, or it could be a factual background statement for a decision that has already been made. Therefore, it is not always predecisional.","The phrase 'It is probable that most of them are held by businesses rather than individuals' expresses an opinion or an assessment of likelihood, not a definitive fact. The subsequent clause 'but we have included any license that might be granted to an individual' describes a methodological choice or an internal decision about scope. Both elements reflect internal reasoning and judgment rather than purely factual information. Thus, it is deliberative.",,,,,,0.0
185,(including those acting in an individual business capacity or as an employee required to have a specific  to do his or her job).,0,0.0,"This sentence is a parenthetical phrase that appears to be defining or clarifying a category of individuals. It does not concern an issue where a final decision has not yet been made. It is a descriptive statement, not one that precedes an agency action or decision. Therefore, it is not predecisional.","The sentence provides a definition or clarification of a category of individuals. It is a factual or descriptive statement, not an opinion, recommendation, or internal deliberation. It does not reflect the 'give-and-take' of the decision-making process. Therefore, it is not deliberative.",,,,,,0.0
186,"You should also note that the authority to issue most of these licenses can be, and in most cases is, delegated to states (and in some cases tribes) under EPAs various statutes.",0,0.0,"The sentence provides factual information about the delegation of authority for issuing licenses. It describes an existing legal or administrative framework ('can be, and in most cases is, delegated'). It does not concern an issue where a final decision has not yet been made; rather, it describes an established process. Therefore, it is not predecisional.","The sentence states a fact about the delegation of authority. It does not express an opinion, recommendation, or internal deliberation. It describes an existing state of affairs regarding legal authority and its implementation. Therefore, it is not deliberative.",,,,,,0.0
187,If a state or tribe has been d egated or authorized to issue the license EPA generally does not perform that function for that jurisdiction.,0,0.0,"The sentence describes a general operating principle or established practice of the EPA regarding license issuance. It states what the EPA 'generally does not perform' under certain conditions. This is a statement about existing policy or practice, not a discussion or consideration of a future decision. Therefore, it is not predecisional.","The sentence states a general rule or established practice ('EPA generally does not perform that function'). It is a factual description of how the agency operates under specific circumstances, rather than an opinion, recommendation, or internal deliberation. It does not reflect the 'give-and-take' of the decision-making process or the personal views of the author on a policy matter.",,,,,,0.0
188,"Where the state or tribe is not delegated or authorized to perform this function, EPA would perform the function.",0,0.0,"The sentence describes a hypothetical scenario and the agency's role within it ('Where the state or tribe is not delegated or authorized... EPA would perform the function'). This statement outlines a potential operational procedure or policy condition. While it might be part of a larger policy document, the sentence itself does not directly concern an issue where a final decision has not yet been made. It describes a standing operational rule or a condition under which EPA would act, rather than a specific, pending decision. It could be a statement from a final policy document, not necessarily preceding a specific agency action. Therefore, it is not always predecisional.","The sentence states a conditional operational fact or a rule of engagement for the EPA. It describes what the EPA 'would perform' under specific circumstances. It does not express an opinion, recommendation, or internal deliberation. It is a statement of how the agency operates or would operate under certain conditions, which is factual in nature, rather than reflecting subjective views or policy options. Thus, it is not deliberative.",,,,,,0.0
189,"Thus, to be complete, any approach to child support enforcement in this area would have to deny these types of licenses whether they are issued by EPA, by the states, or by tribes..",0,1.0,The sentence proposes a necessary component ('would have to deny these types of licenses') for any complete approach to child support enforcement in a specific area. This clearly indicates that a final decision on the approach to child support enforcement has not yet been made and that the agency is still considering or developing its policy. It precedes the agency's final action or policy implementation.,"The sentence offers a recommendation or an opinion on what a complete approach 'would have to' entail. It reflects the internal 'give-and-take' of the decision-making process, suggesting a specific policy requirement. This content represents the personal views or analytical conclusions of the author regarding policy formulation rather than a statement of fact or established agency policy. It is clearly recommendatory and expresses a policy opinion.",,,,,,1.0
190,"We do not have readily available information that would allow us to determine how many individual as opposed to business entities, have each of these kinds of licenses, but we  try to indicate below relative proportions of individuals as opposed to business entities receiving each kind of license.",0,0.0,"The sentence describes a current lack of information and an intention to provide relative proportions. It does not concern an issue where a final decision has not yet been made. It is a statement about data availability and a plan for presenting existing data, not a step in a decision-making process.","The sentence is a factual statement about the availability of information and a description of an analytical approach ('we try to indicate below relative proportions'). It does not express an opinion, recommendation, or internal deliberation. It is a statement of fact about data and methodology.",,,,,,0.0
191,"As you will see, we believe that only a few individuals receive these kinds of licenses from EPA, or from states and tnbes under EPA-delegated or authorized programs.",0,0.0,"The sentence states a belief about the number of individuals receiving certain licenses. This statement, while potentially part of a larger deliberative document, is presented as an observation or an assessment of an existing situation, not as a direct input to a specific, pending decision. It describes a current state of affairs or an understanding of a program's scope, rather than preceding an agency's action or a final conclusion. Therefore, it is not always predecisional.","The phrase 'we believe that only a few individuals receive these kinds of licenses' expresses an opinion or an assessment rather than a purely factual statement. It reflects the agency's internal understanding or interpretation of a situation, which is a form of internal deliberation. Thus, it is deliberative.",,,,,,0.0
192,"Thus, there would not be much benefit from attempting to deny these kinds of licenses for people who have not paid child support, and dojng so may add considerable burden and complexity to federal, state, and tribal administration of these programs.",1,1.0,"The sentence discusses the potential benefits and burdens of a specific policy action ('attempting to deny these kinds of licenses'). It analyzes the implications of a proposed course of action, indicating that a final decision on this policy has not yet been made. Therefore, it is predecisional.","The sentence expresses an opinion and a recommendation regarding a policy choice ('there would not be much benefit from attempting to deny these kinds of licenses' and 'doing so may add considerable burden and complexity'). This reflects the internal 'give-and-take' of the decision-making process, offering an assessment and advice rather than a statement of fact or established policy. It represents the personal views of the author on the merits of a particular approach.",,,,,,1.0
193,"Finally we do not believe we would have the authority under current law to be able to deny these licenses to individuals because they owe child support, accordingly ""legislation would Be neededâ€",1,1.0,"The sentence expresses an internal legal assessment regarding the agency's authority and concludes with a recommendation for future action ('legislation would Be needed'). This indicates that a final decision on denying licenses based on child support cannot be made under current law, and a new decision regarding legislative action is being considered or recommended. Therefore, it precedes any final agency action or policy decision on this matter, making it predecisional.","The phrase 'we do not believe we would have the authority' is an internal legal opinion or assessment, not a simple statement of fact. The subsequent conclusion, 'accordingly 'legislation would Be needed'', is a clear recommendation for a course of action. This content reflects the internal 'give-and-take' of the decision-making process, involving legal advice and policy recommendations, rather than established agency policy or a purely factual statement. Thus, it is deliberative.",,,,,,1.0
194,"Given the low potential payoff from using environmental licensing as a tool for child support enforcement, we are concerned that such legislation might become a vehicle for other, unwarranted changes in the environmental laws.",1,1.0,The sentence expresses a concern about potential future legislation and its implications. This concern is clearly predecisional because it relates to a legislative proposal that has not yet been enacted and whose final form or impact is still uncertain. It precedes any final agency action or decision regarding the legislation.,"The sentence expresses an opinion and a concern ('we are concerned that such legislation might become a vehicle for other, unwarranted changes'). This reflects the internal 'give-and-take' of the decision-making process, specifically regarding policy analysis and potential risks associated with proposed legislation. It represents the personal views and strategic thinking of the authors rather than a factual statement or established agency policy. It is clearly deliberative.",,,,,,1.0
195,The EPA contact with whom you should coordinate as you develop possible policy on this issue is Mark Badalamente at (202)260-4724.,0,0.0,"The sentence refers to the development of 'possible policy on this issue,' indicating that a final policy decision has not yet been made. It is providing guidance for an ongoing process of policy formulation, which is inherently predecisional.","The sentence provides a factual piece of information (a contact person and number) for coordination. While the coordination itself is part of a deliberative process (developing policy), the sentence itself does not express an opinion, recommendation, or internal deliberation. It is a directive or an informational statement, not a reflection of the 'give-and-take' of decision-making. It states a fact about who to contact, not an opinion about the policy itself.",,,,,,0.0
196,Please find below the first installment from the Department of Commerce on this issue.,0,0.0,"The sentence introduces an 'installment' of information on an issue. While this information might be used in a decision-making process, the sentence itself is merely an administrative statement about the delivery of a document. It does not concern an issue where a final decision has not yet been made; rather, it concerns the transmission of information that may or may not be predecisional itself. The sentence itself is not predecisional.","The sentence 'Please find below the first installment from the Department of Commerce on this issue' is a purely factual and administrative statement. It does not express an opinion, recommendation, or internal deliberation. It simply informs the recipient about the content that follows. Therefore, it is not deliberative.",,,,,,0.0
197,"(It's in the form of a memo from Kit Lunney, Deputy General Counsel here, to me.)",0,0.0,"The sentence describes the form and sender/recipient of a document. This information is purely descriptive and does not concern an issue where a final decision has not yet been made. It provides factual context about a record, not content that precedes an agency's action or decision. Therefore, it is not predecisional.","The sentence states a fact about the origin and format of a memo. It does not express an opinion, recommendation, or internal deliberation. It is a factual description.",,,,,,0.0
198,"As I advised you in my telephone message, more is due from NOAA early next week.",0,0.0,"The sentence states that more information is 'due from NOAA early next week.' This is a factual statement about an upcoming event or deliverable. It does not concern an issue where a final decision has not yet been made, nor does it precede an agency's action in a decision-making context. It simply reports on a scheduled submission.","The sentence is a factual statement about a communication and an upcoming deliverable. It does not express an opinion, recommendation, or internal deliberation. It merely conveys information about a schedule.",,,,,,0.0
199,I appreciate  your patience; please feel free to  call me with any questions or comments on the information.,0,0.0,"This sentence is a polite closing to an email. It does not concern an issue where a final decision has not yet been made. It is a standard conversational closing, not related to a specific predecisional matter.","This sentence is a polite closing and an invitation for further communication. It does not express an opinion, recommendation, or internal deliberation. It is a factual statement about the author's availability and an offer for assistance, not a reflection of policy or decision-making content.",,,,,,0.0
200,"If you need it in a more formal format, I can arrange that, too.",0,0.0,"The sentence offers to provide something in a more formal format, implying that a decision about the format is still pending or that the recipient might need a different format for a future decision or action. This indicates that the sentence precedes a final decision on the document's presentation or use, making it predecisional.","The sentence is an offer or a statement of capability ('I can arrange that, too'). It does not express an opinion, recommendation, or internal deliberation about policy or strategy. It is a factual statement about what the author can do, not a reflection of the 'give-and-take' of the decision-making process.",,,,,,0.0
201,"Per your request, I have canvassed OGC to obtain ahswers to the questions raised in the Child Support Enforcement inquiry from the White House.",0,0.0,"The sentence describes an action taken in response to a request: canvassing OGC to obtain answers to questions. This action is a preparatory step, gathering information that will likely be used to inform a future decision or response to the White House inquiry. Therefore, it precedes the final agency action or decision related to the inquiry, making it predecisional.","The sentence is a factual statement about an action taken ('I have canvassed OGC to obtain answers'). It does not express an opinion, recommendation, or internal deliberation. It simply reports on a task completed. While the *purpose* of the task (answering questions for an inquiry) might be part of a deliberative process, the sentence itself is a factual report of that action, not the deliberation itself.",,,,,,0.0
202,"I provided copies of the memo to those agencies that on the face  of  the statutes noted appeared to  be  responsible  for  administering  them, specifically ITA, NOAA, PTO and BXA.",0,0.0,"The sentence describes an action that has already occurred: the distribution of a memo. It does not concern an issue where a final decision has not yet been made. The act of providing copies is a completed administrative step, not a step in a decision-making process itself. Therefore, it is not predecisional.","The sentence is a factual statement about an administrative action (providing copies of a memo to specific agencies). It does not express an opinion, recommendation, or internal deliberation. It simply states what was done and to whom. Therefore, it is not deliberative.",,,,,,0.0
203,"Their answers are detailed below, also posed the  questions  raised at  a Senior  Staff  meeting this  week to  see if any other Commerce bureaus had licenses of the type discussed.",0,0.0,"The sentence describes an action that has already occurred: questions were posed and answers are detailed. It does not indicate that a final decision is pending based on these questions or answers. Instead, it reports on an information-gathering step that has concluded, making it not predecisional.","The sentence describes a factual action (posing questions) and the existence of answers. It does not express an opinion, recommendation, or internal deliberation. It is a factual report of an inquiry.",,,,,,0.0
204,The answer from around the table was no.,0,0.0,"The sentence states that 'the answer... was no.' This indicates that a question was posed and a decision or consensus was reached on that specific question. If this 'no' represents the final conclusion on the matter discussed, then the decision has already been made, and the sentence would not be predecisional. While it could be a step in a larger process, the phrasing suggests a conclusion to a specific inquiry. Therefore, it is not always predecisional.","The sentence 'The answer from around the table was no' is a factual statement reporting the outcome of a discussion or deliberation. It describes what happened (a 'no' was the answer) rather than expressing an opinion, recommendation, or internal deliberation itself. It reports a fact about a decision, not the 'give-and-take' of the decision-making process or the personal views of the author.",,,,,,0.0
205,"In addition, I spoke to my Assistant General Counsels and members of their staff  to  see if  they  were aware of any additional licenses of this type and again the answer was no..",0,0.0,"The sentence describes an action taken to gather information ('spoke to my Assistant General Counsels and members of their staff to see if they were aware of any additional licenses'). This information gathering is typically a step that precedes a decision, as the knowledge gained would inform future actions or policy. Therefore, it is predecisional.","The sentence is a factual statement describing an action taken (speaking to staff) and the factual outcome of that action (the answer was no). It does not express an opinion, recommendation, or internal deliberation. It reports on a fact-finding effort, not the 'give-and-take' of decision-making or personal views.",,,,,,0.0
206,Questions Presented and Answered:,0,0.0,"The sentence is a heading that introduces a section. It does not inherently indicate whether the questions and answers that follow pertain to an issue where a final decision has not yet been made. It could introduce a discussion of pending issues or a review of settled matters. Therefore, the heading itself is not always predecisional.","The sentence 'Questions Presented and Answered:' is a factual description of the content that follows. It does not express an opinion, recommendation, or internal deliberation. It is a neutral structural element, not a reflection of the 'give-and-take' of the decision-making process. The content *under* this heading might be deliberative, but the heading itself is not.",,,,,,0.0
207,1. How many people currently have these licenses?,0,0.0,"This sentence is a question, indicating that information is being sought. The act of seeking information often precedes a decision, as agencies gather facts to inform their choices. Therefore, it is predecisional.","This sentence is a direct question seeking a factual quantity. It does not express an opinion, recommendation, or internal deliberation. It is a request for information, not a reflection of the 'give-and-take' of the decision-making process itself. Therefore, it is not deliberative.",,,,,,0.0
208,The Department of Commerce does not currently issue licenses or certificates for foreign traveling salesmen.,0,0.0,"The sentence states a current fact about the Department of Commerce's practices. It does not concern an issue where a final decision has not yet been made; rather, it describes an existing state of affairs. Therefore, it is not predecisional.","The sentence is a factual statement about the Department of Commerce's current licensing practices. It does not express an opinion, recommendation, or internal deliberation. It simply states what the department does or does not do. Therefore, it is not deliberative.",,,,,,0.0
209,No person currently holds such a license or certificate.,0,0.0,"The sentence states a current condition or fact: 'No person currently holds such a license or certificate.' This is a statement about the present state of affairs, not a proposal, recommendation, or a step leading to a future decision. It does not precede an agency's action or decision-making process; rather, it describes a factual outcome or status. Therefore, it is not predecisional.","The sentence is a factual statement. It does not express an opinion, recommendation, or internal deliberation. It simply conveys information about the absence of individuals holding a specific type of license or certificate. Therefore, it is not deliberative.",,,,,,0.0
210,"2. Would we, through regulation, be able to deny these licenses to people who owe child support, or would a legislative change be required?",0,1.0,"The sentence poses a question about the agency's authority to deny licenses based on child support obligations, specifically asking whether regulation or legislative change would be required. This question clearly indicates that a decision on how to proceed (i.e., whether to deny licenses and by what legal mechanism) has not yet been made. It is a question posed to assist in reaching a final conclusion on a policy or operational matter, making it predecisional.","The sentence is a question seeking legal advice or policy guidance regarding the implementation of a potential policy. It reflects the internal 'give-and-take' of the decision-making process, exploring options and potential legal avenues. It is not a statement of fact or established policy, but rather an inquiry that contributes to internal deliberation. Therefore, it is deliberative.",,,,,,1.0
211,"The Department of Commerce cannot deny a license through regulation, which it currently does not issue.",0,0.0,"The sentence states a current factual situation and a legal constraint: the Department of Commerce cannot deny a license through regulation, and it currently does not issue such licenses. This is a statement about existing conditions and legal limitations, not about a future decision or an ongoing decision-making process. It does not precede an agency's action or a final conclusion. Therefore, it is not predecisional.","The sentence presents a factual statement about the Department of Commerce's current regulatory authority and practice. It does not express an opinion, recommendation, or internal deliberation. It describes an existing state of affairs rather than reflecting the 'give-and-take' of a decision-making process. Therefore, it is not deliberative.",,,,,,0.0
212,3. Who is the agency contact with whom we should coordinate as we develop possible policy on this issue?,0,1.0,"The sentence explicitly refers to 'develop[ing] possible policy on this issue,' indicating that a final decision on the policy has not yet been made. The question is posed to facilitate the ongoing policy development process, making it predecisional.","The sentence is a question seeking information to facilitate the development of policy. While a question itself is not an opinion or recommendation, in this context, it is an integral part of the deliberative process. It reflects the internal 'give-and-take' of identifying resources and coordination points necessary to formulate policy. It is a step in the internal process of developing policy, rather than a statement of fact or established policy.",,,,,,1.0
213,No agency contact is available because the Department of Commerce does not issue such licenses or certificates ..,0,0.0,"The sentence states a reason why no agency contact is available, based on the Department of Commerce's policy regarding licenses or certificates. This is a statement of an existing fact or established agency policy, not a statement that precedes a decision or assists a decision-maker in reaching a final conclusion. It describes an existing state of affairs, not a pending decision.","The sentence provides a factual explanation for the unavailability of an agency contact, based on the Department of Commerce's established practice. It does not express an opinion, recommendation, or internal deliberation. It is a statement of fact about agency function and policy.",,,,,,0.0
214,Background: The purpose of 22 USC 6503 was to enforce the provisions of certain conventions entered into with foreign governments that permit commercial travelers (foreign traveling salesmen) of Contracting Parties to operate in the United States.,0,0.0,"The sentence provides background information by stating the purpose of a specific U.S. Code section. This is a statement of existing law and its intent, not a discussion of a pending decision or a future action. It describes an established legal framework, which is not predecisional.","The sentence states a factual purpose of a U.S. Code section. It does not express an opinion, recommendation, or internal deliberation. It is a statement of fact about the law.",,,,,,0.0
215,"Enacted in 1922, this Act authorized the Department of Commerce to 1) issue licenses to manufacturers, merchants and traders domiciled in the other Contracting Party to operate as commercial travelers in the United States, and",0,0.0,"The sentence describes a historical fact about an Act enacted in 1922 and its authorizations. It does not concern an issue where a final decision has not yet been made. It is a statement about a past, settled legislative action.","The sentence provides factual information about an Act, its enactment date, and its provisions. It does not express an opinion, recommendation, or internal deliberation. It is a purely descriptive statement of historical fact and legal authorization.",,,,,,0.0
216,"2) issue certificates  attesting  that  a manufacturer, merchant or trader domiciled in the United States was a commercial traveler.",0,0.0,"This sentence describes a specific action or function ('issue certificates'). It is presented as a discrete task or responsibility, not as part of a discussion about whether to undertake this action, how to do it, or what policy it supports. It could be a description of an existing procedure, a requirement, or a task in a list of duties. Without further context indicating it's part of a proposal, recommendation, or an ongoing decision-making process, it is not inherently predecisional. It could be a statement of fact about an agency's function.","The sentence describes a specific action ('issue certificates') and its purpose ('attesting that a manufacturer...was a commercial traveler'). It does not express an opinion, recommendation, or internal deliberation. It is a factual description of a task or a function, not a subjective view or a policy choice. Therefore, it is not deliberative.",,,,,,0.0
217,"This Act has apparently not  been enforced in the last twenty years, if ever.",0,0.0,"The sentence states a historical observation about the enforcement of an Act. It does not concern an issue where a final decision has not yet been made. It is a statement about past events, not a precursor to a future agency action or decision. Therefore, it is not predecisional.","The sentence presents a factual observation or an assessment of past enforcement, qualified by 'apparently' and 'if ever.' While it involves an assessment, its primary nature is to convey information about the historical application of a law rather than to express an opinion, recommendation, or internal deliberation about a future policy or decision. It is more of a factual finding or an observation than a subjective policy opinion.",,,,,,0.0
218,A search of the Federal Register back to 1980 indicates that no regulations have been passed to implement this licensing and certification process.,0,0.0,"The sentence presents a factual finding from a search of the Federal Register. It describes an existing state of affairs (the absence of regulations) rather than an issue where a final decision has not yet been made. While this information might be *used* in a predecisional context, the sentence itself is not predecisional. It does not precede an agency's action or assist a decision-maker in reaching a final conclusion; it simply states a fact.","The sentence states a verifiable fact: 'A search of the Federal Register back to 1980 indicates that no regulations have been passed to implement this licensing and certification process.' It does not express an opinion, recommendation, or internal deliberation. It is a factual observation based on a search, not a subjective view or a policy position.",,,,,,0.0
219,The Department of Commerce currently does not issue licenses or certificates for foreign traveling salesmen (commercial travelers).,0,0.0,"The sentence describes a current state of affairs regarding the Department of Commerce's licensing practices. It is a statement of existing policy or fact, not a discussion or consideration of a future decision. Therefore, it is not predecisional.","The sentence states a fact about the Department of Commerce's current practices. It does not express an opinion, recommendation, or internal deliberation. It is a factual description of an established policy.",,,,,,0.0
220,The State Department was contacted to determine if they administer a similar process.,0,0.0,"The sentence describes an action taken to gather information ('The State Department was contacted to determine...'). This information gathering is typically a step that precedes a decision, as the agency would likely use the gathered information to inform a future choice or policy. Therefore, it is predecisional.","The sentence states a factual action that occurred ('The State Department was contacted'). It does not express an opinion, recommendation, or internal deliberation. It describes an objective step in a process, not the 'give-and-take' of decision-making or a personal view. Therefore, it is not deliberative.",,,,,,0.0
221,The State Department does not issue licenses or certificates for foreign traveling salesmen (commercial travelers).,0,0.0,"The sentence states a current policy or practice of the State Department. It describes an existing state of affairs rather than an issue where a final decision has not yet been made. It does not precede an agency's action or decision; rather, it describes an established policy. Therefore, it is not predecisional.","The sentence is a factual statement about the State Department's policy or practice. It does not express an opinion, recommendation, or internal deliberation. It simply states what the department does not do. Therefore, it is not deliberative.",,,,,,0.0
222,b) How many people currently have these licenses?,0,0.0,"This sentence is a question seeking factual information. It does not concern an issue where a final decision has not yet been made, nor does it precede an agency's action. It is a request for existing data.","This sentence is a direct question seeking a factual count ('How many people currently have these licenses?'). It does not express an opinion, recommendation, or internal deliberation. It is a request for information, not a reflection of the 'give-and-take' of the decision-making process.",,,,,,0.0
223,"The PTO issues over 100,000 patents per year.",0,0.0,"The sentence states a factual statistic about the PTO's annual patent issuance. This is a statement of an ongoing, established activity and does not concern an issue where a final decision has not yet been made. It describes an existing state of affairs, not a pending decision or action.","The sentence presents a verifiable fact ('The PTO issues over 100,000 patents per year'). It does not express an opinion, recommendation, or internal deliberation. It is a straightforward factual statement.",,,,,,0.0
224,"Most patent applications are owned by legal entities, such as corporations and universities, to whom the inventor has assigned his or her rights (usually in accordance with an employment contract).",0,0.0,"The sentence describes a general characteristic of patent applications and ownership. It is a statement of fact about how patent rights are typically handled. It does not concern an issue where a final decision has not yet been made, nor does it precede any specific agency action or decision. It is a descriptive statement about an existing state of affairs.","The sentence presents factual information about patent ownership and assignment practices. It does not express an opinion, recommendation, or internal deliberation. It describes a common legal and contractual arrangement, which is a factual observation rather than a subjective view or policy suggestion.",,,,,,0.0
225,"â€¢ c) Would we, through regulation, be able to deny these licenses to people who owe child support, or would a legislative change be required?",0,1.0,"The sentence poses a question about the agency's authority to deny licenses based on child support obligations, specifically asking whether regulation or legislative change would be required. This question directly concerns an issue where a final decision on the agency's approach or policy has not yet been made. It is clearly aimed at assisting a decision-maker in reaching a conclusion about how to proceed, thus making it predecisional.","The sentence is a question that seeks legal advice or policy guidance regarding the agency's regulatory authority. It reflects an internal inquiry into the feasibility and method of implementing a potential policy, which is a core aspect of the 'give-and-take' of the decision-making process. It is not a statement of fact but rather an exploration of options and legal interpretations, making it deliberative.",,,,,,1.0
226,Patents issue when the PTO determines that the applicant has complied with the requirements of the Patent Act.,0,0.0,"This sentence describes a general process or condition under which patents are issued by the PTO. It states a rule or a factual condition for patent issuance, rather than concerning a specific issue where a final decision has not yet been made. It does not precede a particular agency action or decision, but rather describes a standing operational principle. Therefore, it is not predecisional.","The sentence states a factual condition for patent issuance, which is a procedural rule or an established policy of the PTO. It does not express an opinion, recommendation, or internal deliberation. It is a statement of fact about how the PTO operates according to the Patent Act. Therefore, it is not deliberative.",,,,,,0.0
227,The PTO would need statutory authority to deny a patent grant because an applicant owes child support.,0,0.0,"The sentence states a legal requirement for the PTO to deny a patent grant based on child support obligations. This is a statement about existing legal constraints or requirements, not a statement that precedes a specific agency decision or action. It describes a current state of affairs or a legal interpretation, which could be part of a final opinion or a document explaining a decision that has already been made. Therefore, it is not always predecisional.","The sentence states a legal fact or interpretation regarding the statutory authority required for the PTO to take a specific action. It does not express an opinion, recommendation, or internal deliberation. It is a statement about what the law requires, not a subjective view or a policy choice. Thus, it is not deliberative.",,,,,,0.0
228,"In addition, since most patent applications are owned by legal entities such as corporations and universities, it is not clear how this provision would be applicable.",0,1.0,"The sentence raises a question about the applicability of a provision. This implies that a decision regarding the provision's implementation or interpretation has not yet been finalized, making it predecisional.","The sentence expresses an opinion or an analytical assessment ('it is not clear how this provision would be applicable'). It reflects an internal thought process or a point of discussion regarding the practical implications of a policy or rule, rather than a statement of fact or established policy. This content represents the personal views of the author or an internal deliberation.",,,,,,1.0
229,d) Who is the agency contact with whom we should coordinate as we develop possible policy on this issue?,0,1.0,"The sentence explicitly refers to 'as we develop possible policy on this issue,' indicating that policy development is ongoing and a final decision has not yet been made. This clearly places the sentence in a predecisional context, as it is part of the process of formulating future agency action.","The sentence is a question seeking information to facilitate the development of policy. While a question itself might seem factual, in this context, it is an integral part of the internal 'give-and-take' of the decision-making process. It reflects the agency's internal efforts to coordinate and gather input for policy formulation, which is a deliberative activity. It is not a statement of fact about an existing policy or a settled matter, but rather a step in the deliberative process.",,,,,,1.0
230,Are there are licenses missing from the list?,0,0.0,"The sentence is a question asking for information. While the answer to this question might inform a future decision, the question itself does not directly precede a specific, identifiable agency decision. It is a request for factual verification, which could be part of an ongoing process but doesn't inherently mark a predecisional stage for a specific policy or action. It is not always predecisional.","The sentence is a direct question seeking factual information ('Are there are licenses missing from the list?'). It does not express an opinion, recommendation, or internal deliberation. It is a request for a factual check, not a subjective view or policy discussion. Therefore, it is not deliberative.",,,,,,0.0
231,The PTO issues licenses to individuals to practice before the PTO in patent matters.,0,0.0,The sentence describes a standing function or established process of the PTO (Patent and Trademark Office). It states a general fact about the agency's operations rather than concerning an issue where a final decision has not yet been made. It does not precede a specific agency action or decision.,"The sentence is a factual statement describing an established function of the PTO. It does not express an opinion, recommendation, or internal deliberation. It simply states what the PTO does as a matter of course.",,,,,,0.0
232,"Currently, there are approximately 20,000 registered patent practitioners.",0,0.0,"The sentence states a current numerical fact about registered patent practitioners. It does not concern an issue where a final decision has not yet been made. It is a statement of existing conditions, not a precursor to a decision.","The sentence presents a specific numerical fact ('approximately 20,000 registered patent practitioners'). It does not express an opinion, recommendation, or internal deliberation. It is a straightforward factual statement.",,,,,,0.0
233,"However, most of these practitioners are attorneys, and therefore already subject to denial of their state license.",0,0.0,"The sentence presents a factual observation about the professional status of practitioners and a consequence of that status (subject to denial of state license). It does not concern an issue where a final decision has not yet been made. It describes an existing condition or legal reality, not a pending decision or a step in a decision-making process. Therefore, it is not predecisional.","The sentence states a fact about the professional background of practitioners ('most of these practitioners are attorneys') and a legal consequence ('therefore already subject to denial of their state license'). It does not express an opinion, recommendation, or internal deliberation. It is a factual statement.",,,,,,0.0
234,The denial of their state license would ordinarily result in the denial of their license to practice before the PTO in patent and trademark matters.,0,0.0,"The sentence describes a general consequence or rule ('would ordinarily result in'). It states a typical outcome based on existing regulations or established practice, rather than discussing a specific pending decision or a future course of action for a particular case. It is a statement about how a process generally works, not a step in a specific decision-making process. Therefore, it is not predecisional.","The sentence states a general rule or consequence based on established practice ('would ordinarily result in'). It is a factual statement about the typical operation of a regulatory process, not an opinion, recommendation, or internal deliberation. It describes an expected outcome rather than reflecting the 'give-and-take' of decision-making. Thus, it is not deliberative.",,,,,,0.0
235,The PTO believes that th Commissioner has authority to promulgate substantive regulations regarding patent practitioners.,0,0.0,"The sentence states a belief held by the PTO regarding the Commissioner's authority. This belief, while potentially influencing future actions, does not inherently concern an issue where a final decision has not yet been made. It could be a statement of an established legal interpretation or a foundational principle guiding agency operations, rather than a predecisional input for a specific, pending decision. It is not always predecisional.","The sentence 'The PTO believes that the Commissioner has authority...' expresses an opinion or legal interpretation held by the PTO. This reflects an internal view or legal advice, which is a form of deliberation, rather than a purely factual statement. It represents the agency's internal understanding or position on a matter of authority.",,,,,,0.0
236,"See 35 U.S.C. 6  31 (""The Commissioner, subject to the approval of the Secretary of  Commerce, may prescribe regulations governing the recognition and conduct of agents, attorneys, or other persons representing  applicants  or  other  parties  before the Patent and Trademark Office ... "").",0,0.0,"The sentence is a direct citation and quote of a statute (35 U.S.C. 6 31). It states an existing legal authority granted to the Commissioner. It does not describe an ongoing decision-making process, a proposal, or a recommendation for a future action. It is a statement of established law, which is a factual basis, not a predecisional step in an agency's action. Therefore, it is not predecisional.","The sentence is a direct quote of a statute. It is a statement of legal fact, not an opinion, recommendation, or internal deliberation. It does not reflect the 'give-and-take' of the decision-making process or the personal views of the author. It is an objective reference to a legal text. Therefore, it is not deliberative.",,,,,,0.0
237,NOAA is still working on an answer regarding the  nine  statutes  listed in the memo.,0,1.0,"The sentence states that NOAA is 'still working on an answer' regarding specific statutes. This clearly indicates that a final decision, position, or response has not yet been made or finalized. Therefore, it is predecisional.","The phrase 'still working on an answer' implies an ongoing internal process of analysis, discussion, and formulation of a response or position. This reflects the internal 'give-and-take' of the decision-making process, where an agency is developing its stance or interpretation, rather than stating a fact or established policy. It suggests deliberation is underway.",,,,,,1.0
238,I hope to get an answer back from them soon.,0,0.0,"The sentence indicates that the author is awaiting an 'answer' from others. This implies that a question has been posed or information is being sought, and a response is pending. The receipt of this answer would likely inform or precede a subsequent decision or action by the agency. Therefore, it concerns an issue where a final decision has not yet been made, making it predecisional.","The sentence 'I hope to get an answer back from them soon' expresses a personal hope or expectation regarding the timing of receiving information. While it relates to the process of gathering information for a decision, it does not express an opinion, recommendation, legal advice, or policy view. It is a factual statement about the author's current state of expectation or a logistical update, rather than reflecting the internal 'give-and-take' of the decision-making process itself. Therefore, it is not deliberative.",,,,,,0.0
239,The following relates to statutes not listed in the memo.,0,0.0,"The sentence is a factual statement introducing a topic. It does not concern an issue where a final decision has not yet been made. It simply points to information that will follow, which could be part of a final opinion or a document justifying a decision that has already been made. Therefore, it is not predecisional.","The sentence is a purely factual statement. It does not express an opinion, recommendation, or internal deliberation. It serves as a navigational or organizational statement within a document.",,,,,,0.0
240,(a) The National Marine Fisheries Service (NMFS) issues licenses and permits under a number of statutes that conserve and manage living marine resources.,0,0.0,"The sentence describes an established function and responsibility of the National Marine Fisheries Service (NMFS), stating what the agency does (issues licenses and permits) and under what authority. It is a factual statement about an existing agency operation and its legal basis, not a discussion about a future decision, a proposed action, or an issue where a final decision has not yet been made. Therefore, it is not predecisional.","The sentence is a factual description of the NMFS's activities and statutory authority. It does not express an opinion, a recommendation, a policy preference, or reflect internal 'give-and-take' in the decision-making process. It is a straightforward statement of fact. Therefore, it is not deliberative.",,,,,,0.0
241,"Some licenses are issued to vessels, others to individuals.",0,0.0,"The sentence states a general fact about how licenses are issued. It does not concern an issue where a final decision has not yet been made. It describes an existing process or state of affairs, not a pending decision.","The sentence presents factual information about the recipients of licenses. It does not express an opinion, recommendation, or internal deliberation. It is a straightforward statement of fact.",,,,,,0.0
242,These statutes include:,0,0.0,"This sentence is an introductory phrase that indicates a list of statutes will follow. It does not, by itself, concern an issue where a final decision has not yet been made. It is a factual lead-in and does not describe a pending decision or future agency action. Therefore, it is not predecisional.","This sentence is a purely factual, descriptive phrase. It does not express an opinion, recommendation, or internal deliberation. It simply introduces a list of items and does not reflect any 'give-and-take' or personal views of the author. Therefore, it is not deliberative.",,,,,,0.0
243,"Northern Pacific Halibut Act, 16 USC 773 et seq.",0,0.0,"The sentence is a citation to a legal act. It does not concern an issue where a final decision has not yet been made. It is a reference to existing law, which is a settled matter.","The sentence is a factual citation to a legal act. It does not express an opinion, recommendation, or internal deliberation. It is a statement of fact.",,,,,,0.0
244,"Tuna Conventions Act, 16 USC 951 et seq.",0,0.0,"The sentence is a factual citation to a specific law. It does not describe an ongoing decision-making process, a proposal, or an action that precedes a final decision. It is a statement of existing law, not something created to assist a decision-maker in reaching a final conclusion on a pending issue. Therefore, it is not predecisional.","The sentence is a factual citation to a statute. It does not express an opinion, recommendation, or internal deliberation. It is a statement of fact. Therefore, it is not deliberative.",,,,,,0.0
245,"Atlantic Tunas ConÂ·vention Act, 16 USC 971 et seq.",0,0.0,"This sentence is a citation to a legal act. It does not concern an issue where a final decision has not yet been made. It is a reference to existing law, which is a settled matter.","This sentence is a factual citation to a legal act. It does not express an opinion, recommendation, or internal deliberation. It is a statement of fact.",,,,,,0.0
246,"South Pacific Tuna Act, 16 USC 973 et seq.",0,0.0,"The sentence is a citation to a statute. It does not concern an issue where a final decision has not yet been made. It is a reference to existing law, which is a settled matter.","The sentence is a factual citation to a legal statute. It does not express an opinion, recommendation, or internal deliberation. It is a statement of fact.",,,,,,0.0
247,"Marine Mammal Protection Act, 16 USC 1361 et seq.",0,0.0,"The sentence is a factual citation to a specific law. It does not concern an issue where a final decision has not yet been made, nor does it precede an agency's action or decision. It is a statement of existing fact.","The sentence is a factual citation to a law. It does not express an opinion, recommendation, or internal deliberation. It is a straightforward statement of fact.",,,,,,0.0
248,"Endangered Species Act, 16 USC 1531 et seq.",0,0.0,"This sentence is a citation to a statute. It does not concern an issue where a final decision has not yet been made. It is a reference to existing law, which is a settled matter.","This sentence is a factual citation to a legal statute. It does not express an opinion, recommendation, or internal deliberation. It is a statement of fact.",,,,,,0.0
249,Magnuson-Stevens.,0,0.0,"The sentence 'Magnuson-Stevens' is a proper noun, likely referring to the Magnuson-Stevens Fishery Conservation and Management Act. Standing alone, it does not provide any context to determine if it concerns an issue where a final decision has not yet been made. It could be a reference in a predecisional document, or it could be a reference in a final decision document, or simply a factual reference in any type of document. Therefore, it is not always predecisional.","The sentence 'Magnuson-Stevens' is a proper noun and a factual reference to a specific Act. It does not express an opinion, recommendation, or internal deliberation. It is a statement of fact.",,,,,,0.0
250,"Fishery Conservation  and Management  Act, 16 USC  1801..et seq.",0,0.0,"The sentence is a citation to a specific law. It states an existing fact (the name and citation of a statute) and does not concern an issue where a final decision has not yet been made. It does not precede an agency's action or assist a decision-maker in reaching a final conclusion; rather, it refers to an established legal framework. Therefore, it is not predecisional.","The sentence is a factual reference to a statute. It does not express an opinion, recommendation, or internal deliberation. It simply provides information about an existing law. Therefore, it is not deliberative.",,,,,,0.0
251,"Antarctic Marine Living Resources Convention Act, 16 USC 2431 et seq.",0,0.0,"The sentence is a citation to an existing law. It does not concern an issue where a final decision has not yet been made; rather, it refers to established legal authority. It does not precede an agency's action or decision, but rather states a fact about the legal landscape. Therefore, it is not pre-decisional.","The sentence is a factual citation to a statute. It does not express an opinion, recommendation, or internal deliberation. It is a statement of fact. Therefore, it is not deliberative.",,,,,,0.0
252,"High Seas Fishing Compliance Act, 16 USC 5501 et seq.",0,0.0,"The sentence is a factual citation to an existing law. It does not concern an issue where a final decision has not yet been made; rather, it refers to a decision (the enactment of the law) that has already been made and is settled. Therefore, it is not predecisional.","The sentence is a purely factual statement providing the name and citation of a statute. It does not express an opinion, recommendation, or reflect any internal deliberation or 'give-and-take' of the decision-making process. Therefore, it is not deliberative.",,,,,,0.0
253,(b) The number of licenses and permits issued by NMFS numbers in the several  thousands.,0,0.0,"The sentence states a numerical fact about the number of licenses and permits issued by NMFS. This is a descriptive statement of an existing condition or statistic, not a statement that precedes a specific agency decision or action. It does not concern an issue where a final decision has not yet been made.","The sentence presents a factual statistic: 'The number of licenses and permits issued by NMFS numbers in the several thousands.' It does not express an opinion, recommendation, or internal deliberation. It is a straightforward statement of fact.",,,,,,0.0
254,(c) None of the statutes NMFS administers explicitly authorizes NMFS to deny licenses and permits to people who owe child support.,0,0.0,"The sentence states a legal fact about the statutes NMFS administers. It does not concern an issue where a final decision has not yet been made. It is a statement about the current state of legal authority, not a step in a decision-making process. Therefore, it is not predecisional.","The sentence presents a factual statement about the explicit authorization (or lack thereof) within statutes. It does not express an opinion, recommendation, or internal deliberation. It is a statement of legal fact, not a subjective view or a policy opinion. Therefore, it is not deliberative.",,,,,,0.0
255,Our initial reaction is that legislative change would be required.,0,1.0,The sentence states an 'initial reaction' regarding a requirement for legislative change. This clearly indicates that a final decision on the matter has not been made and that the agency is still in the early stages of considering the implications or necessary steps. It precedes any final agency action or policy determination.,"The phrase 'Our initial reaction is that legislative change would be required' expresses an opinion, an assessment, and a preliminary conclusion drawn from internal deliberation. It reflects the internal 'give-and-take' of the decision-making process, representing the personal views of the author or group rather than an established policy or a factual statement. It is clearly recommendatory or advisory in nature, suggesting a path forward.",,,,,,1.0
256,"BXA's export licenses are granted primarily to corporate entities as , opposed to individuals.",0,0.0,"The sentence describes a general characteristic of BXA's export license granting process. It states a current or past operational fact about who receives licenses. It does not concern an issue where a final decision has not yet been made; rather, it describes an existing practice. Therefore, it is not predecisional.","The sentence states a factual observation about the recipients of BXA's export licenses. It does not express an opinion, recommendation, or internal deliberation. It is a descriptive statement of an existing practice. Therefore, it is not deliberative.",,,,,,0.0
257,The Bureau grants no other licenses.,0,0.0,"The sentence states a current policy or factual condition of the Bureau. It describes an existing state of affairs rather than an issue where a final decision has not yet been made. It does not precede an agency's action or decision; rather, it describes an established practice. Therefore, it is not predecisional.","The sentence 'The Bureau grants no other licenses' is a factual statement about the Bureau's current licensing practices. It does not express an opinion, recommendation, or internal deliberation. It is a statement of fact regarding an established policy or operational reality.",,,,,,0.0
258,"Thank you, Judge.",0,0.0,"The sentence 'Thank you, Judge' is a polite closing or acknowledgment. It does not discuss an issue where a final decision has not yet been made, nor does it precede an agency's action or contribute to a decision-making process. It is a social grace, not a substantive part of a predecisional deliberation.","The sentence does not express an opinion, recommendation, or internal deliberation. It is a simple statement of gratitude or acknowledgment, which is a factual communication of politeness rather than a reflection of the 'give-and-take' of the decision-making process. It does not represent personal views on policy or strategy.",,,,,,0.0
259,Can you get me something in writing re: what Virginia has done and what results they have had -- or give me a name and number to call?,1,0.0,"The sentence is a request for information. While the information requested might be used to inform a future decision, the request itself does not directly precede an agency's action or decision. It is a preparatory step, but not the predecisional content itself. Therefore, it is not always predecisional.","The sentence is a direct request for factual information or a contact. It does not express an opinion, recommendation, or internal deliberation. It is a request for facts, not a reflection of the 'give-and-take' of the decision-making process. Thus, it is not deliberative.",,,,,,0.0
260,"I want to know, can we credible say this has ""worked"" in Virginia?",1,1.0,"The sentence poses a question about the credibility of claiming success for something in Virginia. This question implies that a determination or assessment of whether something 'worked' has not yet been finalized, and the agency is still in the process of evaluating or formulating its position on the matter. Therefore, it is predecisional.","The sentence is a direct question seeking an assessment or opinion ('can we credible say this has 'worked''). This question is part of the internal 'give-and-take' of the decision-making process, as it seeks to inform a potential future statement or decision about the effectiveness of a program. It reflects an internal inquiry and a need for an evaluative judgment, which is a form of deliberation.",,,,,,1.0
261,"We have talked about it and decided that, absent legislation - similar to what we have in the law regarding state license revocation, booting cannot be mandated by regulation.",1,0.0,"The sentence describes a decision that has already been made ('decided that... booting cannot be mandated by regulation'). It states a conclusion reached by the agency regarding the feasibility of mandating booting by regulation. This is a final determination on a specific issue, not a discussion preceding a decision. Therefore, it is not predecisional.","The sentence states a conclusion or a determination ('booting cannot be mandated by regulation') based on prior discussions and legal analysis ('absent legislation - similar to what we have in the law regarding state license revocation'). While the underlying discussions were deliberative, the sentence itself presents the outcome of those deliberations as a settled matter, a final internal legal or policy determination. It is a statement of what the agency has concluded, rather than an ongoing opinion, recommendation, or internal 'give-and-take.'",,,,,,0.0
262,"As you may know, the State of Virginia has begun a very aggressive program of booting and the State Director there tells me that i has been very successful.",0,0.0,"The sentence provides information about a program in the State of Virginia and its reported success. This is a factual observation about an existing program and its outcome, not a statement that precedes a specific agency decision or action. It does not concern an issue where a final decision has not yet been made by the agency.","The sentence conveys factual information about a program ('the State of Virginia has begun a very aggressive program of booting') and a reported outcome ('it has been very successful'). While the success is an assessment, it is presented as a reported fact from the State Director, not as an opinion, recommendation, or internal deliberation of the author regarding agency policy or action. It is an informational update.",,,,,,0.0
263,"I have asked the editor of our Child- Support Report that goes to  employees  across  the nation, to  feature  the Virginia I project in an article ..",1,0.0,"The sentence describes an action that has already been taken ('I have asked the editor... to feature...'). It is a statement of a completed administrative request, not a discussion or consideration of a future decision. Therefore, it is not predecisional.","The sentence states a factual action taken by the author (asking the editor to feature a project). It does not express an opinion, recommendation, or internal deliberation about whether to feature the project, but rather reports that the request has been made. Therefore, it is not deliberative.",,,,,,0.0
264,We also do a best practices manual.,0,0.0,"The sentence states a current or ongoing activity: 'We also do a best practices manual.' This is a factual statement about an existing or regular agency function. It does not concern an issue where a final decision has not yet been made; rather, it describes an established practice or output. Therefore, it is not predecisional.","The sentence is a factual statement about an agency's activity ('We also do a best practices manual'). It does not express an opinion, recommendation, or internal deliberation. It simply describes what the agency does. Therefore, it is not deliberative.",,,,,,0.0
265,"If the resuits continue to be beneficial, we will include it in a future edition.",1,0.0,"The sentence describes a condition for a future action ('If the results continue to be beneficial, we will include it in a future edition'). This indicates that a final decision on inclusion has not yet been made and is contingent on future outcomes. Therefore, it is predecisional.","The sentence expresses a conditional plan or intention regarding a future action. While it states a potential course of action, it does not express an opinion, recommendation, or internal deliberation in the sense of 'give-and-take' about policy or strategy. It's more of a factual statement about a future contingency plan rather than a subjective assessment or recommendation. It describes a decision rule, not the deliberation leading to that rule or a specific application of it.",,,,,,0.0
266,"It might b e worthwhile, however, for the President to mention it in some future child support radio address.",1,1.0,"The sentence suggests a future action for the President ('for the President to mention it in some future child support radio address'). This suggestion is clearly predecisional, as it precedes any decision by the President to act on this recommendation.","The phrase 'It might be worthwhile' introduces a recommendation or a suggestion. It reflects an opinion about a potential course of action, representing the author's personal view rather than a statement of fact or established policy. This is a clear example of internal deliberation.",,,,,,1.0
267,Hope this helps.,0,0.0,"The sentence 'Hope this helps' is a general closing remark. It does not inherently concern an issue where a final decision has not yet been made, nor does it assist a decision-maker in reaching a final conclusion. It is not predecisional in the context of agency decision-making.","The sentence expresses a sentiment or a wish from the author. It is not an opinion, recommendation, legal advice, or policy opinion. It does not reflect the internal 'give-and-take' of the decision-making process or represent the personal views of the author regarding policy or strategy. Therefore, it is not deliberative.",,,,,,0.0
268,David Ross.,0,0.0,"The sentence is a proper noun, a name. It does not inherently concern an issue where a final decision has not yet been made. It could be a signature, a reference, or part of a list, none of which are necessarily predecisional. Without context, it cannot be determined to be predecisional.","The sentence 'David Ross' is a proper noun, a name. It is a factual identifier and does not express an opinion, recommendation, or internal deliberation. It is not deliberative in content.",,,,,,0.0
269,"Yes   -- we  require states to have the authority to suspend licenses, but they decide when to  apply,  which is  what I think  we should do for booting cars.",1,1.0,"The sentence contains a recommendation for future action: 'which is what I think we should do for booting cars.' This recommendation clearly precedes any final decision or agency action regarding the policy for booting cars, making it predecisional.","The sentence explicitly states 'which is what I think we should do for booting cars,' which is a direct expression of an opinion and a recommendation for policy. It reflects the internal 'give-and-take' of the decision-making process and represents the personal view of the author rather than an established policy or a factual statement. Thus, it is deliberative.",,,,,,1.0
270,"Generally, as you know, states report that they get funds by threatening to revoke licenses",0,0.0,"The sentence describes a general practice or observation about how states report obtaining funds. It does not concern an issue where a final decision has not yet been made by the agency. It is a statement about existing conditions or practices, not a step in a decision-making process.","The sentence presents a factual observation about how states report getting funds. While it includes the phrase 'as you know,' which implies shared understanding, the core content is a report of a practice, not an opinion, recommendation, or internal deliberation. It describes a reported fact rather than reflecting the internal 'give-and-take' of the decision-making process.",,,,,,0.0
271,they rarely actually have to follow through and actually suspend them but requiring the state to have the procedure gives the child support .,0,0.0,"The sentence discusses the practical implications and effects of a certain procedure ('requiring the state to have the procedure gives the child support'). It describes how a procedure functions and its consequences, rather than directly preceding a specific, identifiable agency decision. While the existence of such a procedure is a result of past decisions, this sentence itself is an observation about its operation, not a step in making a new decision. Therefore, it is not clearly predecisional.","The sentence contains an assessment of the effectiveness and impact of a procedure ('they rarely actually have to follow through and actually suspend them but requiring the state to have the procedure gives the child support'). This reflects an opinion or an internal analysis of policy implementation rather than a purely factual statement. It represents the author's view on the practical outcomes of a policy. Thus, it is deliberative.",,,,,,0.0
272,agency a new tool to collect overdue funds.,0,0.0,"The sentence is a fragment and lacks context. It describes a 'new tool to collect overdue funds' but does not indicate whether a decision about this tool has been made, is pending, or is being discussed. Without further context, it is impossible to determine if it precedes an agency's action or decision. Therefore, it is not always predecisional.","The sentence is a descriptive phrase about a 'tool.' It does not express an opinion, recommendation, or internal deliberation. It states what the tool is for, which is a factual description rather than a subjective view or a part of the 'give-and-take' of decision-making. Therefore, it is not deliberative.",,,,,,0.0
273,"Let me get more information on Virginia's car booting program to make sure we can credibly say ""'this works."" '.",1,1.0,"The sentence indicates that the speaker needs to gather more information 'to make sure we can credibly say 'this works.'' This clearly shows that a final decision or statement about the effectiveness of Virginia's car booting program has not yet been made. The action of gathering information is a preparatory step for a future determination or public statement, making it predecisional.","The sentence expresses an internal thought process and a preparatory action ('Let me get more information... to make sure we can credibly say...') aimed at formulating a credible position or statement. This reflects the internal 'give-and-take' of deciding what the agency can or should say, and how to support that position. It's about developing an agency's stance, which is inherently deliberative.",,,,,,1.0
274,"Current law re: licenses reads as follows: states must have ""procedures under which the State has (and uses in appropriate cases) authority to withhold or suspend, or to restrict the use of  driver's licenses, professional and occupational licenses, and recreational  licenses  of  individuals  owing overdue support or failing, after receiving appropriate notice, to comply with subpoenas or warrants relating to paternity or child support proceedings""",0,0.0,"The sentence quotes current law. This is a statement of existing fact, not something that precedes a decision. It is not predecisional.","The sentence is a direct quotation of current law. It presents established facts and legal text, not an opinion, recommendation, or internal deliberation. It does not reflect the personal views of the author or the 'give-and-take' of the decision-making process.",,,,,,0.0
275,"On drivers licenses, we mandate that they have legislation to give themselves the option to do it, right?",0,1.0,"The sentence is a question about a policy or legal requirement ('we mandate that they have legislation to give themselves the option to do it, right?'). This question implies that the policy or legal interpretation is still being discussed or clarified, indicating that a final decision or understanding has not yet been reached. It precedes a definitive agency position or action on the matter.","The sentence is phrased as a question, seeking confirmation or clarification on a policy or legal interpretation. This reflects an internal 'give-and-take' and a discussion about the agency's stance or understanding of a mandate. It represents an internal deliberation rather than a statement of fact or established policy. The 'right?' at the end further emphasizes its nature as an internal query or seeking of consensus.",,,,,,1.0
276,Is that what we'd do here?,1,1.0,The sentence is a question about a potential future action ('what we'd do here'). This clearly indicates that a final decision on the course of action has not yet been made and is still under consideration. It precedes any agency action or final conclusion.,"The sentence is a question seeking an opinion, a recommendation, or a confirmation of a proposed approach. It reflects the internal 'give-and-take' of the decision-making process, where options are being explored or clarified. It is not a statement of fact or established policy, but rather an inquiry into a potential deliberative choice.",,,,,,1.0
277,Sure. He is a lawyer named Stephen Grant.,0,0.0,"The sentence provides a direct answer to a question, identifying an individual. It does not concern an issue where a final decision has not yet been made. It is a factual statement, not a step in a decision-making process.","The sentence states a fact: the name and profession of an individual. It does not express an opinion, recommendation, or internal deliberation. It is purely informational.",,,,,,0.0
278,He is our International Officer  and his telephone number is 202 260 5943.,0,0.0,"The sentence provides factual information about an individual's title and contact number. It does not concern an issue where a final decision has not yet been made, nor does it precede any agency action. It is a statement of existing facts.","The sentence states objective facts (an individual's role and telephone number). It does not express an opinion, recommendation, or reflect any internal 'give-and-take' of the decision-making process. It is purely factual in nature.",,,,,,0.0
279,IRS - I am working on the other two issues.,0,0.0,"The sentence states that the author is 'working on the other two issues.' This implies that these issues are unresolved and that work is ongoing, preceding any final decision or action related to them. Therefore, it is predecisional.","The sentence is a factual statement about the author's current work status. It does not express an opinion, recommendation, or internal deliberation about the substance of the issues, nor does it reflect the 'give-and-take' of the decision-making process. It simply states an activity. Therefore, it is not deliberative.",,,,,,0.0
280,"Also, I have been asked whether it be possible for the federal government, through regulation, to require states to ""boot"" the cars of owners who owe child support, the way state and local governments boot cars of people who owe traffic tickets?",1,0.0,The sentence describes a question that has been posed regarding the possibility of the federal government requiring states to 'boot' cars for child support. This question is clearly predecisional because it concerns exploring a potential new regulatory action or policy. A decision on whether such a regulation is possible or desirable has not yet been made.,"The sentence itself is a factual statement about a question being asked. It does not express an opinion, recommendation, or internal deliberation from the author. It merely reports that a question has been raised for consideration. While the *subject* of the question is deliberative (exploring a potential policy), the sentence *itself* is a factual report of that question being asked, not an opinion or recommendation.",,,,,,0.0
281,I wonder if there's a way to interpret section 368 of PL 104-193 regarding liens or section 369 regarding licenses to do this?,1,1.0,"The sentence poses a question about interpreting specific legal sections to achieve a certain outcome ('to do this'). This indicates that a decision on how to proceed or whether a particular action is legally permissible has not yet been made. The question is clearly aimed at assisting a decision-maker in reaching a final conclusion, making it predecisional.","The sentence expresses a thought, a question, and an exploration of legal interpretations ('I wonder if there's a way to interpret...'). This reflects internal 'give-and-take' and the search for legal advice or policy options. It represents the personal views and analytical process of the author rather than a statement of fact or established agency policy. It is clearly deliberative in nature.",,,,,,1.0
282,"This was suggested at a high level meeting, and we will be expected to report back.",1,1.0,"The sentence states that something 'was suggested' at a meeting and that a report back 'will be expected.' This indicates that a suggestion has been made, implying that a decision on that suggestion is pending or that further action (the report back) is required before a final decision can be reached. Therefore, it concerns an issue where a final decision has not yet been made, making it predecisional.","The phrase 'This was suggested' refers to a recommendation or idea put forth during a meeting, which is a core element of internal deliberation. The expectation to 'report back' further implies an ongoing process of evaluation and discussion, reflecting the 'give-and-take' of decision-making rather than a statement of fact or established policy. It represents an internal discussion point or a proposed course of action.",,,,,,1.0
283,"As you requested, attached is a list of federal licenses that might be subject to either  suspension or denial.",0,0.0,"The sentence states that a list of federal licenses is attached, which was requested. This list might be used to inform a future decision regarding suspension or denial, making it predecisional in that context. However, the sentence itself is merely a transmittal of information, not a direct input to a decision. The information itself might be predecisional, but the act of transmitting it is not inherently so. It could also be a list compiled for informational purposes after a decision has been made, or for a general review, not necessarily preceding a specific agency action. Therefore, it is not always predecisional.","The sentence is a factual statement about the attachment of a list. It does not express an opinion, recommendation, or internal deliberation. It simply conveys information about the content of the email. Therefore, it is not deliberative.",,,,,,0.0
284,Much more  work needs  to  be done by the legal staff of the  various  agencies  and  departments  before  we could actually ask the President to promulgate an executive order.,1,1.0,"The sentence explicitly states that 'much more work needs to be done... before we could actually ask the President to promulgate an executive order.' This clearly indicates that a final decision (promulgating an executive order) has not yet been made and that preparatory steps are still required. It directly precedes the potential agency action of asking the President to issue an order, making it predecisional.","The sentence expresses an opinion and a recommendation regarding the necessary steps and readiness for a significant agency action. The phrase 'much more work needs to be done' is an assessment and a recommendation for future action by the legal staff. This reflects the internal 'give-and-take' of the decision-making process, indicating what is required before a policy can be advanced. It represents the personal views of the author regarding the state of readiness and necessary steps, rather than a factual statement or established policy.",,,,,,1.0
285,"The listing if a result of searches of the U.S. Code, Code of Federal Regulations, and other resources.",0,0.0,"The sentence describes the source or method by which a listing was created. It does not concern an issue where a final decision has not yet been made. It is a factual statement about how something was compiled, not a step in a decision-making process. Therefore, it is not predecisional.","The sentence states a fact about the origin of a listing. It does not express an opinion, recommendation, or internal deliberation. It is a straightforward description of a process. Therefore, it is not deliberative.",,,,,,0.0
286,"While many of the ninety-two licenses listed are arcnane and unlikely to prove effective as enforcement tools, this is at least an appropriate starting point for discussions with other federal agencies to identify federal powers which might be used to encourage compliance with child support orders.",1,1.0,"The sentence discusses a 'starting point for discussions' to 'identify federal powers which might be used.' This clearly indicates that a final decision on which powers to use, or even the strategy for encouraging compliance, has not yet been made. The discussions are aimed at reaching a future conclusion, making the sentence predecisional.","The sentence contains several opinions and recommendations: 'many of the ninety-two licenses listed are arcane and unlikely to prove effective,' and 'this is at least an appropriate starting point for discussions.' These are subjective assessments and suggestions for future action, reflecting internal deliberation and the author's views on policy options rather than established facts or agency policy. Therefore, it is deliberative.",,,,,,1.0
287,Here is more information about what I'd like you to get from the law library:,0,0.0,"The sentence is an instruction or request for information. While the information requested might be used in a future decision, the sentence itself is not about an issue where a final decision has not yet been made. It is a directive for an action (getting information) that precedes any potential decision, but it doesn't directly concern the substance of a decision. It is not inherently predecisional in the sense of reflecting a pending policy choice.","The sentence is a directive or an instruction ('Here is more information about what I'd like you to get'). It states a request for a factual action (obtaining information from the law library) rather than expressing an opinion, recommendation, or internal deliberation about policy or strategy. It is a factual statement about a request.",,,,,,0.0
288,1) Attached is a list of licenses granted by the federal government to individuals.,0,0.0,"The sentence states that a list of licenses is attached. This is a factual statement about the content of an attachment and does not concern an issue where a final decision has not yet been made. It does not precede an agency's action or decision; rather, it describes an existing document.","The sentence is a purely factual statement about the attachment of a list. It does not express an opinion, recommendation, or internal deliberation. It simply describes what is included in the email.",,,,,,0.0
289,a) Are there licenses missing from this list?,0,0.0,"This sentence is a question asking for information about missing licenses. It is a request for factual data that would likely be used to inform a future decision or action (e.g., whether to pursue missing licenses, update records, or make a policy change). Therefore, it is predecisional.","This sentence is a direct question seeking factual information ('Are there licenses missing from this list?'). It does not express an opinion, recommendation, or internal deliberation. It is a request for a factual determination, not a subjective view or policy stance. Therefore, it is not deliberative.",,,,,,0.0
290,b) How many people have these licenses?,0,0.0,"This sentence is a question. A question, by its nature, seeks information that would typically be used to inform a decision. It precedes the receipt of an answer and any subsequent decision based on that answer. Therefore, it is predecisional.","This sentence is a direct question seeking a specific factual quantity ('How many people have these licenses?'). It does not express an opinion, recommendation, or internal deliberation. It is a request for factual information, not a reflection of the 'give-and-take' of the decision-making process itself. Therefore, it is not deliberative.",,,,,,0.0
291,"c) Would we, through regulation, be able to deny these licenses to people who owe i.  child support, or would a legislativeÂ·change be required?",0,1.0,"The sentence poses a question about the agency's regulatory authority and the potential need for legislative change regarding denying licenses. This question directly concerns an issue where a final decision has not yet been made, as it explores the legal and policy options available to the agency. It is clearly predecisional, as it seeks to inform a future decision on how to proceed with license denials.","The sentence is a question that reflects an internal deliberation about legal and policy options. It is not a statement of fact but rather an inquiry into the scope of agency power and the potential need for legislative action. This type of question is a classic example of the 'give-and-take' of the decision-making process, exploring different approaches and their implications. It represents an internal thought process or legal advice being sought, which is inherently deliberative.",,,,,,1.0
292,"2) Would it be possible for the federal government, through regulation, to require states to ""boot"" bars of owners who owe child support, perhaps through an interpretation of section 368 of PL :104-193 regarding liens or section 369 regarding licenses?",0,1.0,"The sentence poses a question about the possibility of the federal government requiring states to 'boot' bars through regulation, specifically referencing potential interpretations of sections of public law. This question is clearly aimed at exploring options and potential legal avenues for a future action or policy. It directly precedes any decision on whether or how to implement such a requirement, making it predecisional.","The sentence is a question that explores a potential policy action and its legal basis. It reflects an internal inquiry into the feasibility and methods of implementing a policy, which is a core aspect of the 'give-and-take' of the decision-making process. It is not a statement of fact or established policy, but rather an exploration of options and legal interpretations, making it deliberative.",,,,,,1.0
293,(See attached for statutory language.),0,0.0,"The sentence is a directive to 'See attached for statutory language.' This instruction itself does not indicate whether a final decision has or has not been made. It could appear in a predecisional document (e.g., discussing a proposed action in light of existing law) or a post-decisional document (e.g., explaining a decision based on existing law). Therefore, it is not inherently predecisional.","The sentence is a factual instruction or reference to an attachment containing factual information (statutory language). It does not express an opinion, recommendation, legal advice, policy opinion, or any internal 'give-and-take' of the decision-making process. It does not reflect the personal views of the author or represent a draft or recommendatory nature. Thus, it is not deliberative.",,,,,,0.0
294,I spoke to Kohl's staff today.,0,0.0,"The sentence states a past action (speaking to staff). It does not concern an issue where a final decision has not yet been made. It is a factual statement about an event that has already occurred, not a step in a decision-making process.","The sentence is a factual statement about a communication event. It does not express an opinion, recommendation, or internal deliberation. It simply states that a conversation took place.",,,,,,0.0
295,"After very preliminary conversations with CBO, they think the bill will cost ""a few hundred million dollars.""",0,1.0,"The sentence explicitly states 'very preliminary conversations' and refers to a bill that presumably has not yet been finalized or enacted. The cost estimate is still in an early, unconfirmed stage, indicating that a final decision on the bill's financial implications or its passage has not been made. Therefore, it is predecisional.","The sentence conveys an early, informal cost estimate from CBO, which is a form of expert input or advice that would inform the decision-making process regarding the bill. The phrase 'they think' indicates an opinion or assessment, not a definitive fact or final agency position. This type of preliminary assessment is part of the internal 'give-and-take' as the agency evaluates the bill, making it deliberative.",,,,,,1.0
296,Somewhere in the $200-$300 range.,0,1.0,"The sentence provides an estimated range for a value, which typically occurs during the process of formulating a budget, setting a price, or making a financial allocation. This estimation precedes a final decision on the exact figure or the approval of a specific financial plan. Therefore, it concerns an issue where a final decision has not yet been made.","The phrase 'Somewhere in the $200-$300 range' is an estimate or a suggestion, not a definitive statement of fact or an established policy. It reflects an internal assessment, a proposal, or a preliminary figure being considered, which are all elements of the 'give-and-take' of the decision-making process. It represents the personal views or working figures of the author rather than a final, settled number.",,,,,,1.0
297,"Still, a very preliminary estimate.",0,0.0,"The sentence describes an estimate as 'very preliminary.' This indicates that the estimate is not final and is part of an ongoing process that will lead to a final decision or action. Therefore, it is predecisional.","The sentence itself is a factual statement about the nature of an estimate. It does not express an opinion, recommendation, or internal deliberation. It describes a characteristic of a piece of information, rather than being the information itself or a judgment about it. While the *estimate* itself might be deliberative, the sentence *describing* it as preliminary is a factual observation.",,,,,,0.0
298,"I. Background: Under current law, states generally retain child support collected on behalf of TANF-assisted families as one of several sources of program financing.",0,0.0,"This sentence provides factual background information about current law. It does not concern an issue where a final decision has not yet been made; rather, it describes an existing legal framework. Therefore, it is not predecisional.","This sentence states a fact about current law ('states generally retain child support collected...'). It does not express an opinion, recommendation, or internal deliberation. It is a factual description of an existing policy or legal provision.",,,,,,0.0
299,This .support is split between the State and Federal Government  as  reimbursement  for  welfare  services.,0,0.0,"The sentence describes how support is split between the State and Federal Government as reimbursement for welfare services. This is a factual description of an existing arrangement or policy. It does not concern an issue where a final decision has not yet been made; rather, it describes a settled matter or an established process. Therefore, it is not predecisional.","The sentence states a fact about the allocation of support and reimbursement. It does not express an opinion, recommendation, or internal deliberation. It describes an existing state of affairs or an established policy, rather than reflecting the 'give-and-take' of the decision-making process. Therefore, it is not deliberative.",,,,,,0.0
300,"Under welfare reform, states were given the option of continuing  the  previous  $50 pass-through,  but most states have opted not to do so.",0,0.0,"The sentence describes a past policy decision (states were given an option) and the subsequent actions taken by states (most states have opted not to do so). This information pertains to decisions that have already been made and implemented, and it does not concern an issue where a final decision has not yet been made by the agency. Therefore, it is not predecisional.","The sentence presents factual information about a policy option under welfare reform and the observed behavior of states. It does not express an opinion, recommendation, or internal deliberation of the agency. It is a statement of fact.",,,,,,0.0
301,"However, some pass-through a portion (typically $50) and disregard this amount in calculating the family's  TANF  benefits.",0,0.0,"The sentence describes a current practice ('some pass-through a portion... and disregard this amount'). It is a factual observation about how certain entities handle funds and calculate benefits. It does not concern an issue where a final decision has not yet been made; rather, it describes an existing operational method. Therefore, it is not predecisional.","The sentence states a fact about how some entities operate regarding pass-through amounts and TANF benefit calculations. It does not express an opinion, recommendation, or internal deliberation. It is a descriptive statement of an existing practice.",,,,,,0.0
302,A  few  (including  Wisconsin and Vermont) have federal waivers which allow them  to pass-through  all of the support collected to the family.,0,0.0,"The sentence provides factual information about specific states (Wisconsin and Vermont) having federal waivers that allow them to pass through support collected to families. This is a statement of existing fact or policy, not a discussion or consideration of a future decision. Therefore, it is not predecisional.","The sentence states a fact about existing federal waivers and their implications for specific states. It does not express an opinion, recommendation, or internal deliberation. It is a descriptive statement of current policy or status. Therefore, it is not deliberative.",,,,,,0.0
303,Wisconsin disregards the support in calculating assistance -- Vermont does not.,0,0.0,"The sentence states a factual difference in how two states (Wisconsin and Vermont) handle the calculation of assistance. It describes existing policies or practices, not an issue where a final decision has not yet been made by the agency. It is a statement of current fact, not a precursor to an agency decision.","The sentence presents a factual comparison of policies in two different states. It does not express an opinion, recommendation, or internal deliberation of the agency. It is a straightforward statement of fact about how different states operate, rather than reflecting the agency's internal 'give-and-take' or personal views of the author.",,,,,,0.0
304,II. Issues: 1) Disincentives: Non-custodial parents of TANF assisted children are discouraged from paying support because their money goes to the government and does not benefit their children directly.,0,0.0,"This sentence identifies an 'issue' related to a program (TANF). While identifying issues is often a precursor to making decisions, this sentence itself is a factual description of a perceived problem or disincentive. It does not propose a solution, recommend a policy, or directly precede a specific, identifiable agency decision. It could be part of a background document, a report, or an analysis that is not necessarily predecisional in the context of a specific, pending agency action. Therefore, it is not always predecisional.","The sentence describes a perceived disincentive as a factual observation ('Non-custodial parents... are discouraged from paying support because...'). While the identification of an 'issue' can be part of a deliberative process, the sentence itself states a condition or a consequence rather than expressing an opinion, recommendation, or internal deliberation. It presents a statement of fact about how the system operates and its perceived effect, rather than a subjective view or a policy option. Thus, it is not deliberative.",,,,,,0.0
305,Custodial parents also have less incentive to cooperate with the CSE agency since payments are generally not forwarded to them.,0,0.0,"The sentence describes a current state of affairs and its perceived consequence ('Custodial parents also have less incentive to cooperate... since payments are generally not forwarded to them'). It presents an observation or analysis of an existing situation rather than directly preceding a specific, identifiable agency decision or action. While this observation might inform future policy discussions, the sentence itself is not inherently predecisional in the sense of being created specifically to assist a decision-maker in reaching a final conclusion on a pending matter. It could be part of a report, an analysis, or a background document that describes existing conditions, which may or may not be directly tied to an immediate, pending decision.","The sentence expresses an opinion or an analytical conclusion about the incentives of custodial parents. The phrase 'have less incentive' is an interpretation or assessment of behavior, not a purely factual statement. It reflects the author's view or analysis of a situation, which is a form of internal deliberation or policy opinion. Thus, it is deliberative.",,,,,,0.0
306,"2) Burdens: Support is distributed according to when it accrues, whether a family is or ever was on public assistance and by which method it is collected.",0,0.0,"The sentence describes how support is distributed based on specific criteria. This is a factual description of an existing process or policy. It does not concern an issue where a final decision has not yet been made; rather, it describes a settled procedure. Therefore, it is not predecisional.","The sentence provides a factual description of the criteria for distributing support. It does not express an opinion, recommendation, or internal deliberation. It states how something 'is distributed,' which is a statement of fact about an established process.",,,,,,0.0
307,This distribution system has proven burdensome and costly both in terms of programming and personnel.,0,0.0,"The sentence describes a characteristic of a distribution system ('proven burdensome and costly'). While this information might be used in a future decision-making process, the sentence itself is a statement of observation or assessment about an existing system, not a direct input to a pending decision. It does not inherently precede an agency's action or decision, as it could be part of a retrospective report or a general assessment. Therefore, it is not always predecisional.","The sentence contains an evaluative assessment ('proven burdensome and costly'). This is an opinion or judgment about the system's performance, reflecting an internal analysis rather than a purely factual statement. It represents the personal views of the author regarding the system's effectiveness. Thus, it is deliberative.",,,,,,0.0
308,"3)Unstable Financing: CSE caseloads have increased 44 percent since 1991, but TANF caseloads are decreasing.",0,0.0,"The sentence presents factual data about caseload changes. It does not concern an issue where a final decision has not yet been made, nor does it precede an agency's action. It is a statement of existing conditions.","The sentence presents factual data regarding caseload increases and decreases. It does not express an opinion, recommendation, or internal deliberation. It is a statement of fact.",,,,,,0.0
309,"As discussed, states retain TANF collections, but distribute non-TANF collections directly to the families.",0,0.0,"The sentence describes an existing policy or procedure regarding the distribution of TANF and non-TANF collections. The phrase 'As discussed' refers to a prior conversation, but the content itself states an established rule or fact about how collections are handled. It does not concern an issue where a final decision has not yet been made; rather, it describes a settled operational detail. Therefore, it is not predecisional.","The sentence states a factual description of how collections are retained and distributed. It does not express an opinion, recommendation, or internal deliberation. It describes an established process or rule. Therefore, it is not deliberative.",,,,,,0.0
310,"Thus, increasing caseloads are generating a need for more resources, but the revenue-making portion of the caseloads is in flux.",0,0.0,"The sentence describes current conditions and challenges ('increasing caseloads are generating a need for more resources,' 'revenue-making portion...is in flux'). While this information might inform future decisions, the sentence itself does not directly concern an issue where a final decision has not yet been made. It is a factual observation about the current state of affairs, not a proposal, recommendation, or part of a specific decision-making process. It could be part of a report or analysis that is not predecisional.","The sentence presents factual observations about caseloads, resource needs, and revenue. It does not express an opinion, recommendation, or internal deliberation. The phrases 'generating a need' and 'is in flux' describe objective conditions, not subjective views or policy choices. Therefore, it is not deliberative.",,,,,,0.0
311,III. Kohl Pass-Through Option Legislation,0,0.0,"This sentence is a heading or a title. It identifies a topic, 'Kohl Pass-Through Option Legislation,' but does not provide any information about whether a decision has been made or is pending regarding this legislation. It could be a heading in a document discussing past legislation, current legislation, or proposed legislation. Therefore, it is not always predecisional.","This sentence is a heading or a title. It does not express an opinion, recommendation, or internal deliberation. It merely identifies a subject matter. Therefore, it is not deliberative.",,,,,,0.0
312,"Option to Pass-Through for TANF: States  are given  the option  to  pass-through  all  child support collections, including arrears, made on behalf of TANF families.",0,0.0,"The sentence describes an existing option available to states regarding child support collections for TANF families. The phrasing 'States are given the option' indicates that this is an established policy or rule, not an issue where a final decision has yet to be made by the agency. It describes a current state of affairs or an existing program feature, rather than preceding an agency's action or decision. Therefore, it is not predecisional.","The sentence presents a factual description of a policy option. It does not express an opinion, recommendation, or internal deliberation. It states what the policy is, not what it should be or what the agency is considering. Therefore, it is not deliberative.",,,,,,0.0
313,"If a state adopts a passÂ­ through policy, the state  can claim TANF MOE  for passed-through support,  even  if  that  support is not disregarded.",0,0.0,"The sentence describes a hypothetical scenario ('If a state adopts...') and explains the potential consequences or rules associated with it. It outlines a condition and its outcome, which could be part of a policy discussion, a legal interpretation, or a training document. However, it does not inherently concern an issue where a final decision has not yet been made. It could be a statement of existing policy, a clarification of rules, or a hypothetical example within a settled framework. It does not necessarily precede an agency's action or a specific decision.","The sentence presents a factual statement about the implications of a specific policy choice ('If a state adopts a pass-through policy, the state can claim TANF MOE...'). It describes a rule or a consequence, rather than expressing an opinion, recommendation, or internal deliberation. It is an objective statement of how a policy or regulation would operate under certain conditions, not a subjective view or a proposal for action.",,,,,,0.0
314,(Current law only allows states to claim TANF MOE credit for disregarded support.),0,0.0,"The sentence states a fact about current law. It does not concern an issue where a final decision has not yet been made. It describes an existing condition, not a pending decision or a step in a decision-making process. Therefore, it is not predecisional.","The sentence presents a factual statement about current law. It does not express an opinion, recommendation, or internal deliberation. It is a statement of objective information.",,,,,,0.0
315,Family Income Protection: States that adopt a pass-through policy must have budget   mechanisms in place so that child support income is not counted against TANF eligibility or benefits until the family has the child support in hand.,0,0.0,"The sentence describes a requirement for states that adopt a specific policy ('pass-through policy'). It outlines a condition that 'must have budget mechanisms in place.' This is a statement of a policy requirement or a rule, not a discussion or consideration of a future decision. It describes an existing or proposed policy condition, rather than preceding a decision on that policy. Therefore, it is not predecisional.","The sentence states a policy requirement or a rule ('States that adopt... must have budget mechanisms...'). It is a factual statement about a policy condition, not an opinion, recommendation, or internal deliberation. It does not reflect the 'give-and-take' of the decision-making process but rather a description of a policy's operational aspect. Therefore, it is not deliberative.",,,,,,0.0
316,Income Treatment Options: State has options to:,0,1.0,"The sentence introduces a list of 'Income Treatment Options' that the 'State has options to'. This clearly indicates that a decision regarding how to treat income has not yet been made and that various possibilities are being considered. Therefore, it is predecisional.","The sentence itself is an introductory phrase to a list of options. While it doesn't express an opinion or recommendation directly, it sets the stage for a discussion of different approaches or choices. The very act of presenting 'options' implies an internal deliberation about which path to take. It reflects the 'give-and-take' of the decision-making process by outlining potential courses of action, which is a key characteristic of deliberative material. It is not a statement of fact or established policy.",,,,,,1.0
317,(1) include child support as income when calculating eligibility for TANF;,0,0.0,"This sentence is a directive or a proposed action. It describes a specific policy change or rule to be implemented. Without further context, it is difficult to definitively say if a final decision has not yet been made. It could be a recommendation for a future action (predecisional) or a statement of an already decided policy (not predecisional). Therefore, it is not always predecisional.","This sentence states a specific action or policy to be included. It does not express an opinion, recommendation, or internal deliberation. It is a factual statement of a proposed or existing policy element. It does not reflect the 'give-and-take' of the decision-making process but rather a concrete item to be considered or implemented. Therefore, it is not deliberative.",,,,,,0.0
318,"(2) disregard child support in whole or in part when calculating the amount of a welfare benefit  for a family, but if the state disregards 50 percent or more of the total child support payments, determined either on a case by case basis or in an annual aggregate, that state is no longer required to repay or calculate the Federal share of the payment",0,0.0,"This sentence describes a specific regulatory or policy condition related to calculating welfare benefits and child support. It outlines a rule or a consequence of a state's action. It does not concern an issue where a final decision has not yet been made; rather, it describes an existing or proposed rule. It is not predecisional.","This sentence states a condition or a rule ('if the state disregards... that state is no longer required to repay...'). It is a factual description of a policy mechanism or a legal requirement, not an opinion, recommendation, or internal deliberation. It does not reflect the 'give-and-take' of the decision-making process but rather the outcome or a component of a policy. Thus, it is not deliberative.",,,,,,0.0
319,"Maintenance of Effort: Requires states that adopt a pass-through policy to fund child support program at highest of 1995-1998 level to ensure that program is not defunded simply because more resources are going to families, excluding aufomated systems costs and enhancements.",0,0.0,"The sentence describes a requirement related to 'Maintenance of Effort' for states. This description appears to be a statement of an existing or proposed policy requirement, not a discussion or recommendation leading to a decision. It presents a rule or condition, which is typically part of a final policy or regulation, or a factual description of one. It does not inherently precede an agency's action or decision-making process; rather, it describes a component of a policy that would be the *result* of a decision. Therefore, it is not predecisional.","The sentence states a requirement ('Requires states that adopt a pass-through policy to fund child support program at highest of 1995-1998 level...'). This is a factual description of a policy or a proposed policy's terms, not an opinion, recommendation, or internal deliberation. It outlines a specific condition or rule, which is a statement of fact about the policy itself, not a reflection of the 'give-and-take' of the decision-making process. Therefore, it is not deliberative.",,,,,,0.0
320,Child Support Pass-through,0,0.0,"This sentence is a noun phrase, likely a topic or a label. It does not provide any information about whether a final decision has been made or is pending. It could refer to an existing program, a topic for discussion, or a policy concept. Without further context, it is impossible to determine if it is predecisional.","The sentence 'Child Support Pass-through' is a factual label or a topic. It does not express an opinion, recommendation, or internal deliberation. It is not subjective content reflecting the 'give-and-take' of decision-making.",,,,,,0.0
321,"Under AFDC, families applying for assistance assigned their child support rights to the state.",0,0.0,"The sentence describes a past policy or legal requirement under the AFDC program. It states a historical fact about how the program operated. It does not concern an issue where a final decision has not yet been made; rather, it describes a settled aspect of a past program. Therefore, it is not predecisional.","The sentence presents a factual statement about a past program's operational rule ('families applying for assistance assigned their child support rights to the state'). It does not express an opinion, recommendation, or internal deliberation. It is a statement of fact.",,,,,,0.0
322,Child support payments made by a noncustodial parent were thus paid to the child support agency rather than the AFDC family.,0,0.0,"The sentence describes a past factual process or outcome regarding child support payments. It does not concern an issue where a final decision has not yet been made. It describes an existing or past state of affairs, not a pending decision or a recommendation for future action. Therefore, it is not predecisional.","The sentence states a fact about how child support payments were handled. It does not express an opinion, recommendation, or internal deliberation. It is a descriptive statement of a process or policy, not a subjective view or a part of internal 'give-and-take.' Therefore, it is not deliberative.",,,,,,0.0
323,"If the child support payment was not large enough to disqualify the family from AFDC, the first fifty dollars of the child support payment  was paid to  the AFDC family each month as a ""pass-through.''.",0,0.0,"The sentence describes a past or existing policy or rule regarding child support payments and AFDC. It does not concern an issue where a final decision has not yet been made; rather, it explains an established procedure. Therefore, it is not predecisional.","The sentence states a factual rule or procedure of a program ('the first fifty dollars... was paid to the AFDC family'). It does not express an opinion, recommendation, or internal deliberation. It is a statement of fact about how the program operates.",,,,,,0.0
324,"In addition, the pass-through was disregarded in the families' benefit computation.",0,0.0,"The sentence describes a past action or event: 'the pass-through was disregarded.' This is a statement about something that has already occurred and is not presented as preceding a future decision or action. It does not indicate that a final decision has not yet been made; rather, it describes the outcome of a past process. Therefore, it is not predecisional.","The sentence states a factual observation about how a computation was performed. It does not express an opinion, recommendation, or internal deliberation. It is a descriptive statement of fact.",,,,,,0.0
325,The remaining portion of the child support payment that was not paid to the AFDC family was split between the state and federal government as reimbursement for monthly cash assistance payments.,0,0.0,"The sentence describes a past or ongoing process of how child support payments were split. It explains an existing procedure or outcome rather than discussing an issue where a final decision has not yet been made. It does not precede an agency's action but rather describes an established practice or a factual outcome. Therefore, it is not predecisional.","The sentence states a factual description of how child support payments were allocated. It does not express an opinion, recommendation, or internal deliberation. It describes an established process or a factual outcome, not a personal view or a policy opinion. Therefore, it is not deliberative.",,,,,,0.0
326,"Under waivers, some states changed the pass-through amount and other states treated child support payments as unearned income, disregarding some portion of the payment for the purposes of benefit computation.",0,0.0,"The sentence describes past actions taken by states under waivers. It details how states 'changed' or 'treated' certain payments. This is a description of existing or past practices, not an issue where a final decision has yet to be made by the agency. It does not precede an agency's action but rather reports on actions already taken by other entities. Therefore, it is not predecisional.","The sentence presents factual information about how states handled child support payments under waivers. It describes specific actions and their consequences ('changed the pass-through amount,' 'treated child support payments as unearned income,' 'disregarding some portion'). It does not express an opinion, recommendation, or internal deliberation of the agency. It is a statement of fact.",,,,,,0.0
327,PRWORA repealed  the federal law requiring  the fifty dollar pass-through.,0,0.0,"The sentence states a historical fact: a specific law (PRWORA) repealed another federal law. This is a statement about a past, completed legislative action. It does not concern an issue where a final decision has not yet been made by the agency. Therefore, it is not predecisional.","The sentence presents a factual statement about a legislative repeal. It does not express an opinion, recommendation, or internal deliberation. It is a straightforward statement of what happened, not a reflection of the agency's internal 'give-and-take' or personal views of the author.",,,,,,0.0
328,"Under  PRWORA, a portion of the child support payment is paid to the federal government based on the Medicaid match rate in effect September 1996.",0,0.0,"The sentence describes a statutory requirement under PRWORA regarding child support payments and the Medicaid match rate. This is a statement of existing law and policy, not an issue where a final decision has not yet been made. It describes an established rule, not a pending decision.","The sentence states a fact about a statutory provision and its implementation. It does not express an opinion, recommendation, or internal deliberation. It is a factual description of how a portion of child support payment is handled according to existing law.",,,,,,0.0
329,The remaining portion of the payment is kept by the states.,0,0.0,"The sentence describes an existing state of affairs or a current policy regarding the remaining portion of a payment. It does not concern an issue where a final decision has not yet been made; rather, it describes a settled aspect of a payment process. Therefore, it is not predecisional.","The sentence states a fact about how payments are handled ('The remaining portion of the payment is kept by the states'). It does not express an opinion, recommendation, or internal deliberation. It describes an established process or outcome.",,,,,,0.0
330,States may choose to discontinue the pass-through or maintain the pass-through at their own expense.,0,0.0,"The sentence describes options available to states regarding a 'pass-through' mechanism. It presents factual information about choices states *may* make, rather than reflecting an internal agency decision-making process that is still pending. It does not concern an issue where a final decision has not yet been made *by the agency itself*. It describes existing policy or potential actions by external entities (states), not internal agency deliberations about a future agency decision. Therefore, it is not predecisional.","The sentence states a fact about the choices available to states. It does not express an opinion, recommendation, or internal deliberation of the agency. It describes a policy or a set of options, which is factual in nature, rather than reflecting the personal views of the author or internal 'give-and-take' of the decision-making process.",,,,,,0.0
331,"Table VI.6 shows that 18 states have maintained the fifty qollar pass-through that originated under AFDC, but 4 of those states have maintained the pass-through on a temporary basis.",0,0.0,"The sentence presents factual data from a table. It describes existing conditions (states maintaining a pass-through) rather than discussing an issue where a final decision has not yet been made. It does not precede an agency's action or decision; it reports on existing facts. Therefore, it is not predecisional.","The sentence presents factual information and statistics ('Table VI.6 shows that 18 states have maintained...'). It does not express an opinion, recommendation, or internal deliberation. It is a statement of fact.",,,,,,0.0
332,Thirty-three states have changed the pass-through amount significantly.,0,0.0,"The sentence states a fact about the actions of thirty-three states. It does not concern an issue where a final decision has not yet been made by the agency. It is a historical observation, not a step in a decision-making process.","The sentence presents a verifiable fact: 'Thirty-three states have changed the pass-through amount significantly.' It does not express an opinion, recommendation, or internal deliberation. It is a factual statement.",,,,,,0.0
333,"Of those, 29 states discontinued the child support pass-through completely and one state (Kansas) maintains the child support pass-through at a reduced level, passing through forty dollars of the child support payment to the families.",0,0.0,"The sentence presents factual information about the actions taken by various states regarding child support pass-through policies. It describes existing conditions and past actions, not an issue where a final decision has yet to be made by the agency. It is a statement of current or historical fact, not a precursor to an agency decision.","The sentence provides specific, verifiable data about state policies ('29 states discontinued,' 'one state (Kansas) maintains,' 'passing through forty dollars'). It does not express an opinion, recommendation, or internal deliberation. It is a factual report.",,,,,,0.0
334,"Two states increased the pass-through amount (Connecticut, Nevada), and one state (Wisconsin)  passes through the entire child support payment, allowing families to keep a larger portion of the child support payment each month without lowering the families' cash assistance benefits.",0,0.0,"The sentence provides factual information about actions taken by specific states regarding child support payments. It describes existing policies and their effects, rather than discussing an issue where a final decision has not yet been made by the agency. It is a statement of fact about current state practices, not a precursor to an agency decision.","The sentence presents verifiable facts about state policies and their outcomes. It does not express an opinion, recommendation, or internal deliberation. It is a descriptive statement of what certain states are doing, not a reflection of the author's personal views or policy opinions.",,,,,,0.0
335,"very strange -- i just asked Michele for paper on CS distribution rules, when this popped up.",0,0.0,"The sentence describes a personal observation and a past action (asking for paper). It does not concern an issue where a final decision has not yet been made. It is a factual account of an event that occurred, not a step in a decision-making process.","The sentence 'very strange' expresses a personal opinion or reaction. However, the core of the sentence is a factual description of an event: the author asked for a document, and something else 'popped up.' While 'very strange' is an opinion, the overall sentence is primarily a factual recounting of an event rather than an opinion, recommendation, or internal deliberation about policy or a decision. It does not reflect the 'give-and-take' of the decision-making process.",,,,,,0.0
336,"Michele will look into getting paper, but this is a start.",0,0.0,"The sentence describes an action that will be taken ('Michele will look into getting paper') and characterizes the current state as 'a start.' This implies that a larger process or project is underway, and the action described is a preliminary step. Therefore, it precedes the final completion or decision regarding that larger process, making it predecisional.","The sentence is a factual statement about an action that will be taken and an assessment of the current status ('this is a start'). It does not express an opinion, recommendation, or internal deliberation about policy or strategy. It is a logistical update rather than a reflection of the 'give-and-take' of decision-making.",,,,,,0.0
337,"For those interested in an overall understanding of the federal rules that affect how child support collections are assigned and distributed, I recommend reading the Child Support enforcement section of the Green Book (http://www.access.gpo.gov/congress/wm001.htm1).",0,0.0,"The sentence provides a recommendation for reading a document to gain an understanding of federal rules. This is an informational recommendation, not a step in a specific decision-making process where a final decision is pending. It does not precede an agency's action or a specific policy decision. Therefore, it is not predecisional.","The sentence contains a recommendation ('I recommend reading...'). While recommendations can be deliberative, in this context, it is a recommendation for informational purposes, not a recommendation regarding policy, strategy, or a specific agency action. It is akin to providing a helpful resource rather than expressing an opinion or internal deliberation on a policy matter. Therefore, it is not deliberative in the sense required for Exemption 5.",,,,,,0.0
338,For a more focused description of how child support distributions affect,0,0.0,"The sentence is incomplete. It is a fragment that does not convey a full thought or proposition. Without a complete sentence, it is impossible to determine if it concerns an issue where a final decision has not yet been made. It could be part of a predecisional document, but the fragment itself does not provide enough context to confirm this.","The sentence is incomplete. It is a fragment that does not convey a full thought or proposition. Without a complete sentence, it is impossible to determine if it expresses an opinion, recommendation, or internal deliberation rather than a fact. It could be part of a deliberative discussion, but the fragment itself does not provide enough context to confirm this.",,,,,,0.0
339,Here's what these reports basically say: For families that are currently on welfare the rules for distribution of child support collections are generally straightforward,0,0.0,"The sentence introduces a summary of reports. It describes existing rules ('rules for distribution of child support collections are generally straightforward'). This is a description of current state or established policy, not a discussion about a future decision or a proposal for change. Therefore, it is not predecisional.","The sentence presents a summary of what reports 'basically say,' which is a factual description of existing rules. While it involves interpretation of reports, the content itself is presented as a factual summary of established procedures, not an opinion, recommendation, or internal deliberation about policy changes or future actions. Therefore, it is not deliberative.",,,,,,0.0
340,(distribution rules for families that are not longer on welfare are  a little more complicated).,0,0.0,"The sentence provides a factual observation about the complexity of distribution rules. It does not concern an issue where a final decision has not yet been made, nor does it directly precede an agency's action. It is a statement of existing conditions or facts, not a step in a decision-making process.","The sentence states a fact about the complexity of rules. It does not express an opinion, recommendation, or internal deliberation. It is a descriptive statement rather than a subjective assessment or policy suggestion.",,,,,,0.0
341,"Under AFDC, the first fifty dollars of child support collected on behalf of a family was ""passed-through"" to the family currently on welfare.",0,0.0,"The sentence describes a past policy or rule ('Under AFDC, the first fifty dollars...was 'passed-through''). It states a historical fact about how a program operated, rather than discussing an issue where a final decision has not yet been made. Therefore, it is not predecisional.","The sentence presents a factual description of a past policy. It does not express an opinion, recommendation, or internal deliberation. It is a statement of how a program functioned, not a reflection of the 'give-and-take' of the decision-making process. Therefore, it is not deliberative.",,,,,,0.0
342,The remaining child support collections were split between the state and federal government (according to state medicaid match rates).,0,0.0,"The sentence describes a past action or an established process ('were split'). It does not concern an issue where a final decision has not yet been made. It describes a settled matter or an existing operational procedure. Therefore, it is not predecisional.","The sentence states a fact about how child support collections were divided. It does not express an opinion, recommendation, or internal deliberation. It describes an existing process or outcome. Therefore, it is not deliberative.",,,,,,0.0
343,"Since the $50 ""pass-through"" was not counted as income, it increased the amount of the welfare grant by  $50.",0,0.0,"The sentence describes a factual consequence of a specific policy or rule ('Since the $50 'pass-through' was not counted as income, it increased the amount of the welfare grant by $50'). It explains an outcome based on an existing condition, rather than discussing a future decision or policy under consideration. Therefore, it is not predecisional.","The sentence presents a factual statement about the effect of a particular accounting method on welfare grants. It does not express an opinion, recommendation, or internal deliberation. It describes an objective outcome based on a given premise, which is characteristic of factual information, not deliberative content.",,,,,,0.0
344,The idea behind this was to give mothers a financial incentive to cooperate with child support enforcement.,0,0.0,"The sentence describes the 'idea behind' a past action or policy. It explains the rationale or intent of something that has already been implemented or decided. It does not concern an issue where a final decision has not yet been made; rather, it explains the basis for a decision that has already been made. Therefore, it is not predecisional.","The sentence explains the conceptual basis or reasoning ('the idea behind this was to give mothers a financial incentive'). This reflects the internal thinking and policy rationale that led to a particular action. While it explains a past decision, the content itself is an expression of the underlying policy opinion or strategic thinking, making it deliberative in nature.",,,,,,0.0
345,"Under TANF, the fifty dollar ""pass-through"" was repealed and states must first pay the federal government its share of the child support collections (again, according to the state medicaid match rates).",0,0.0,"The sentence describes a change in policy under TANF (Temporary Assistance for Needy Families), specifically the repeal of the 'fifty dollar pass-through' and the new requirement for states to pay the federal government its share of child support collections. This describes an existing policy or a past legislative change that has already been decided and implemented. It does not concern an issue where a final decision has not yet been made; rather, it explains a decision that has already been made and is now established policy. Therefore, it is not predecisional.","The sentence states facts about an existing policy under TANF. It describes what 'was repealed' and what 'states must first pay.' It does not express an opinion, recommendation, or internal deliberation. It is a factual description of a legal or programmatic requirement. Therefore, it is not deliberative.",,,,,,0.0
346,The rest of the child support collected on behalf of a family currently on welfare is distributed at the discretion of the state.,0,0.0,"The sentence describes an existing policy or rule regarding the distribution of child support. It states a current operational fact about how funds are handled, rather than discussing an issue where a final decision has not yet been made. It does not precede an agency's action or decision-making process; instead, it describes an established process. Therefore, it is not predecisional.","The sentence states a factual description of how child support is distributed according to existing policy ('is distributed at the discretion of the state'). It does not express an opinion, recommendation, or internal deliberation. It is a statement of fact about an established process.",,,,,,0.0
347,"If the state wants to continue distributing $ 50  of the child support collected on behalf of a family to that family, it may do so (although the  $50  will come from the state's share of the child support  collection,  not  off  the top as under AFDC rules).",0,1.0,"The sentence describes a hypothetical scenario ('If the state wants to continue distributing...') and explains the implications of such a choice. It outlines a potential policy option and its consequences, indicating that a final decision on this specific distribution method has not yet been made by the state. It provides information that would assist a decision-maker in reaching a conclusion about whether to pursue this option. Therefore, it is predecisional.","The sentence provides an explanation of a policy mechanism and its financial implications, framed as an option available to the state. While it presents information, the framing 'it may do so (although the $50 will come from...)' offers an interpretation and clarification of policy choices, which can be seen as providing advice or analysis to guide a decision. It reflects an internal understanding of policy options and their consequences, which is part of the 'give-and-take' of the decision-making process. It is not merely a statement of fact but an explanation of a policy choice and its operational details, intended to inform a decision. Therefore, it is deliberative.",,,,,,1.0
348,"In this case, the welfare check again increases by $50.",0,0.0,"The sentence states a specific outcome: 'the welfare check again increases by $50.' This phrasing suggests that the decision for this increase has already been made and is being reported as a fact. It does not indicate that a decision is pending or that the sentence is created to assist in reaching a final conclusion. Therefore, it is not predecisional.","The sentence presents a factual statement about a specific increase in a welfare check. It does not express an opinion, recommendation, or internal deliberation. It reports an outcome rather than reflecting the 'give-and-take' of the decision-making process. Therefore, it is not deliberative.",,,,,,0.0
349,"Unfortunately, most states (29 according to the ""One Year After"" paper) have decided not to pass-through any amount of the child support collected on behalf of a family with the result that  child support  collections  have no affect on the size of the ' welfare grant in these states",0,0.0,"The sentence describes a current situation regarding state decisions on child support pass-throughs and their effect on welfare grants. It presents an observation about existing policies and their consequences, rather than discussing an issue where a final decision has not yet been made by the agency. It is a factual description of the current landscape, not a step in a decision-making process.","The sentence presents factual information and an observation about the current state of affairs ('most states...have decided not to pass-through any amount...with the result that child support collections have no affect...'). While the information might be used in future deliberations, the sentence itself is a statement of fact and an analysis of existing policy outcomes, not an opinion, recommendation, or internal deliberation. It describes what *is*, not what *should be* or *might be*.",,,,,,0.0
350,"(unless, of course, the amount of child support collected is greater than the welfare  grant  at  which point the welfare grant is reduced to 0 and the family gets the full child support payment).",0,0.0,"The sentence describes a specific condition and its consequence within a welfare grant system. It outlines a rule or a scenario that is part of an existing or proposed policy framework. It does not concern an issue where a final decision has not yet been made; rather, it describes a component of a decision or policy that has already been made or is being proposed as a settled rule. Therefore, it is not predecisional.","The sentence states a factual condition and its outcome within a defined system. It describes how a welfare grant is handled under specific circumstances. It does not express an opinion, recommendation, or internal deliberation. It is a statement of fact about a policy mechanism.",,,,,,0.0
351,"In the 22 states with a child support  pass through, the size of the welfare grant is affected by child support collections, equal to the amount of the pass-through  (in most of these states, it is still $50.)",0,0.0,"The sentence describes a factual characteristic of child support programs in 22 states. It provides information about how welfare grants are affected by child support collections and the typical amount of the pass-through. This is a statement of existing conditions and facts, not a discussion or consideration of a future decision. Therefore, it is not predecisional.","The sentence presents factual information about the current state of child support pass-through policies in various states. It does not express an opinion, recommendation, or internal deliberation. It is a descriptive statement of fact.",,,,,,0.0
352,I hope this clears  things up.,0,0.0,"The sentence 'I hope this clears things up' is a general closing remark often used after providing information or clarification. It does not inherently relate to an issue where a final decision has not yet been made. It could be part of a communication that explains a decision already made, clarifies a settled matter, or simply provides factual information. It does not necessarily precede an agency's action or decision-making process. Therefore, it is not always predecisional.","The sentence expresses the author's personal hope or intent regarding the clarity of their communication. It reflects a subjective sentiment rather than a purely factual statement, an established policy, or a recommendation for action. In this sense, it is deliberative as it conveys the author's personal view.",,,,,,0.0
353,"As far as the child support not affecting the cash grant, I just  interviewed a whole slew of women in sunflower county MS who said they  refused to stay on TANF because the cash grant was less than their child  support benefit so they chose to take the child support because they cannot  get both.",0,0.0,"The sentence presents anecdotal evidence from interviews. While this information might be used to inform a future decision, the sentence itself is a factual report of what was said by interviewees. It does not directly concern an issue where a final decision has not yet been made, nor is it created specifically to assist a decision-maker in reaching a final conclusion. It is a report of observations, which could be part of a final report or a factual background document.","The sentence reports factual statements made by individuals during interviews. It describes their experiences and choices ('they refused to stay on TANF because...', 'they chose to take the child support because...'). It does not express an opinion, recommendation, or internal deliberation of the agency. It is a factual account of what was heard, not the agency's own view or policy position.",,,,,,0.0
354,This is a different point.,0,0.0,"The sentence 'This is a different point' is a statement that distinguishes one topic or argument from another. It does not inherently indicate whether a final decision has been made or is pending. It could be used in various contexts, including discussions about settled matters or factual clarifications, not necessarily preceding an agency's action or assisting a decision-maker in reaching a final conclusion. Therefore, it is not always predecisional.","The sentence 'This is a different point' is a factual observation about the nature of a discussion or argument, stating that one point is distinct from another. It does not express an opinion, recommendation, legal advice, or policy view. It does not reflect the internal 'give-and-take' of the decision-making process in terms of its content. It is a descriptive statement rather than a subjective or evaluative one.",,,,,,0.0
355,The issue of whether receiving child support   makes the family better off than being on welfare is different than whether   receiving child support *changes* the size of the grant.,0,0.0,"The sentence presents a distinction between two different issues related to child support and welfare. It is an analytical observation or a conceptual clarification. While such a clarification might inform future decisions, the sentence itself does not directly concern an issue where a final decision has not yet been made. It is a general statement about the nature of two distinct questions, not a specific input to a pending agency action. Therefore, it is not always predecisional.","The sentence is an analytical statement that distinguishes between two concepts. It does not express an opinion, recommendation, or internal deliberation in the sense of advocating for a particular policy or course of action. It is more akin to a factual or definitional clarification, even if it relates to policy matters. It does not represent the personal views of the author in the context of a 'give-and-take' decision-making process, but rather an objective distinction between two questions. Thus, it is not deliberative.",,,,,,0.0
356,"Now that this bill has actually been introduced (or will be shortly), it would be very helpful to go through it and identify key issues/concerns/implications/things we would like to see changed and things we like.",0,1.0,"The sentence explicitly states that a bill 'has actually been introduced (or will be shortly)' and then proposes a future action: 'it would be very helpful to go through it and identify key issues/concerns/implications/things we would like to see changed and things we like.' This proposed action is clearly aimed at assisting in the decision-making process regarding the agency's stance on the bill, which is an issue where a final decision has not yet been made. It precedes any agency action or formal position on the bill.","The sentence expresses a recommendation ('it would be very helpful to go through it') and outlines a process for internal deliberation ('identify key issues/concerns/implications/things we would like to see changed and things we like'). This content reflects the internal 'give-and-take' of the decision-making process, involving the formulation of opinions, recommendations, and policy positions regarding the bill. It represents the personal views of the author on how the agency should approach the bill, rather than a statement of fact or established policy.",,,,,,1.0
357,We'd like to have a conference call late next week to discuss this list of issues.,0,1.0,"The sentence proposes a future conference call to discuss a list of issues. This discussion is clearly intended to precede any final decision or action related to those issues, making it predecisional.","The phrase 'We'd like to have a conference call' expresses a desire, a plan, or a recommendation for an internal meeting. The purpose of the meeting is 'to discuss this list of issues,' which implies internal deliberation, exchange of opinions, and exploration of options. This reflects the 'give-and-take' of the decision-making process rather than a statement of fact or established policy.",,,,,,1.0
358,The version I have still has hand written changes so -- I assume we'll be able to pull the real thing off the web tomorrow.,0,0.0,"The sentence refers to a document that 'still has hand written changes' and anticipates pulling 'the real thing off the web tomorrow.' This clearly indicates that the document in question is not yet final and is still in a draft or evolving stage. Therefore, it concerns an issue where a final decision (the final version of the document) has not yet been made, making it predecisional.","The sentence contains a factual observation ('The version I have still has hand written changes') and an assumption or expectation ('I assume we'll be able to pull the real thing off the web tomorrow'). While an assumption is an internal thought, it is a logistical expectation about a document's availability rather than an opinion, recommendation, or policy deliberation. It does not reflect the 'give-and-take' of policy formulation, legal advice, or strategic choices. It is more of a factual update and a logistical plan.",,,,,,0.0
359,"Also, has anyone seen an up to date section by section summary from Bayh?",0,0.0,"The sentence is a question asking if anyone has seen a summary. It does not concern an issue where a final decision has not yet been made. It is a request for information, not a step in a decision-making process.","The sentence is a factual question, not an opinion, recommendation, or internal deliberation. It seeks information, it does not express a viewpoint or contribute to the 'give-and-take' of policy formulation.",,,,,,0.0
360,A few specific questions I have include:,0,0.0,"The sentence introduces a list of questions. The act of asking questions implies that information is being sought or clarification is needed, which typically precedes a final decision. Therefore, it concerns an issue where a final decision has not yet been made, making it predecisional.","The sentence 'A few specific questions I have include:' is a factual statement about the author's current state of having questions. It does not express an opinion, recommendation, or internal deliberation itself. While the *answers* to the questions or the *questions themselves* might be deliberative, this introductory phrase is merely a factual lead-in. It does not reflect the 'give-and-take' of the decision-making process or represent personal views or policy opinions.",,,,,,0.0
361,"1. looks like block grants are added to end of WtW section, so does this mean Secretary of Labor awards them?",0,1.0,"The sentence poses a question about the interpretation and implications of a proposed change ('block grants are added to end of WtW section'). This question directly relates to an issue where a final decision on the implementation or awarding authority of these grants has not yet been made. It is clearly seeking clarification or input that would assist in reaching a final conclusion, thus making it predecisional.","The sentence is a question that seeks to understand the implications of a proposed change and to clarify who would be responsible for awarding grants. This reflects an internal 'give-and-take' and an exploration of policy details, which is a core aspect of the deliberative process. It represents the author's personal view or query regarding the policy's implementation rather than an established fact or agency policy. It is a form of internal deliberation.",,,,,,1.0
362,Which Secretary awards media campaign funds?,0,1.0,"The sentence is a question. A question, by its nature, seeks information or clarification that would typically precede a decision or action. It indicates that a decision about who awards funds has not yet been made or is being sought, making it predecisional.","The sentence is a question seeking information. While it doesn't express an opinion or recommendation directly, it is part of the internal 'give-and-take' of the decision-making process, as it seeks to clarify roles or procedures necessary for making a decision. It reflects an internal inquiry rather than a statement of fact or established policy. Therefore, it is deliberative.",,,,,,1.0
363,"2. I understand why there's a 50/50 split between ""formation and maintenance of married two parent families"" and ""fragile families and promotion of fatherhood"" but it's not at all clear how those would be defined.",1,1.0,"The sentence discusses the understanding of a split between two concepts and raises a question about their definition. This implies that the concepts are still being considered or developed, and their precise meaning or application has not been finalized. Therefore, it concerns an issue where a final decision has not yet been made, making it predecisional.","The sentence expresses the author's understanding and a lack of clarity ('it's not at all clear how those would be defined'). This reflects an internal thought process, an opinion, and a question that is part of the 'give-and-take' of decision-making or policy formulation. It is not a statement of fact but rather an internal deliberation about the practical application or definition of policy concepts. Thus, it is deliberative.",,,,,,1.0
364,"3. WtW eligibility: does subclause (II) listing characteristics of the ""recipient or noncustodial parent"" (i.e. unemployed, underemployed, etc) impose a new eligibility test on all participants with 70% category -- both noncustodial parents and others?",0,1.0,"The sentence poses a question about the interpretation and potential impact of a subclause on eligibility criteria. This question clearly indicates that a final decision or interpretation regarding the eligibility rules has not yet been made. It is an inquiry aimed at clarifying or establishing policy, thus preceding any final agency action or definitive guidance. Therefore, it is predecisional.","The sentence is a question seeking clarification or an interpretation of a policy document. While a question itself might seem factual, in this context, it is part of the internal 'give-and-take' of the decision-making process. It reflects an agency's attempt to understand the implications of a rule, which is a form of internal deliberation aimed at shaping policy or guidance. It is not a statement of fact but an inquiry that contributes to the formation of an opinion or recommendation. Therefore, it is deliberative.",,,,,,1.0
365,"The way we'd structured this, we had a separate category for long-term recipients an.d for non-custodial parents.",1,0.0,"The sentence describes how something was structured in the past ('the way we'd structured this'). It refers to a past action or decision that has already been made and implemented. It does not concern an issue where a final decision has not yet been made; rather, it explains a past decision or arrangement. Therefore, it is not predecisional.","The sentence states a fact about a past structural arrangement ('we had a separate category'). While the initial decision to structure it that way would have been deliberative, this sentence itself is a factual description of that established structure, not an opinion, recommendation, or internal deliberation about a future action or policy. It describes an existing or past state of affairs.",,,,,,0.0
366,"Also, does  the 10% ""window"" just  apply  to subclause  (Ill), i.e.   the status of the child, or does it also waive (11), which is the status of the parent.",0,1.0,"The sentence poses a question about the interpretation and application of specific clauses ('subclause (Ill)' and '(11)') related to a '10% window.' This indicates that the scope and meaning of these provisions are not yet settled or definitively determined. The question is clearly aimed at clarifying an issue that precedes any final decision or action based on these clauses, making it predecisional.","The sentence is a direct question seeking clarification on the legal or policy interpretation of specific provisions. This type of inquiry is a fundamental part of the internal 'give-and-take' of the decision-making process, as it seeks to understand the implications and scope of rules before a final decision is made. It reflects an internal deliberation about how a policy or rule should be applied, rather than a statement of fact or established policy.",,,,,,1.0
367,"4. Use of funds: use of term ""assistance"" could be narrower than intended.",0,1.0,"The sentence identifies a potential issue with the wording 'assistance' in relation to the intended scope of fund use. This suggests that the language is still being formulated or reviewed, and a final decision on the precise wording or scope of fund use has not yet been made. Therefore, it is predecisional.","The sentence expresses an opinion or concern about the potential interpretation and impact of a specific term ('could be narrower than intended'). This is a critical assessment or recommendation regarding policy language, reflecting internal 'give-and-take' in the decision-making process. It represents the personal views of the author regarding the clarity and scope of the policy, rather than a factual statement or established policy. Thus, it is deliberative.",,,,,,1.0
368,Note this substantially broadens the purpose of WtW funds.,0,0.0,"The sentence makes an observation about the effect of something (presumably a proposal or action) on the purpose of WtW funds. This observation could be made at various stages: during the formulation of a proposal (predecisional), as part of a final decision document explaining the impact, or in a retrospective analysis. Without further context, it's not definitively predecisional. It doesn't explicitly state that a decision has not yet been made, nor does it directly assist in reaching a final conclusion in all contexts.","The sentence 'Note this substantially broadens the purpose of WtW funds' is a factual observation or an analytical statement about the impact of a change. While it might be part of a larger deliberative discussion, the sentence itself, taken in isolation, states a perceived fact or consequence rather than expressing an opinion, recommendation, or internal deliberation. It describes an effect rather than advocating for a particular course of action or reflecting a subjective viewpoint.",,,,,,0.0
369,5. What does state option to disregard child support collections for purposes of determining TANF eligibility achieve?,0,1.0,"The sentence is a question. A question, by its nature, seeks information or clarification that would typically be used to inform a future decision or understanding. It precedes the formulation of a final conclusion or policy. Therefore, it is predecisional.","The sentence is a question that seeks to understand the implications or effects of a policy option ('state option to disregard child support collections'). This type of inquiry is a fundamental part of the internal 'give-and-take' of the decision-making process, as it aims to gather information and insights necessary for evaluating policy choices. It reflects an internal deliberation about the potential outcomes of a policy, rather than a statement of fact or established policy. Thus, it is deliberative.",,,,,,1.0
370,"Can't states already set their own TANF eligibility rules, including how child support is counted?",0,0.0,"This sentence is a question, indicating an inquiry into existing rules. While the answer to such a question might inform a future decision, the question itself does not directly precede a specific, identifiable agency decision. It seeks clarification on existing facts or policies, which could be part of a predecisional process but is not inherently so. It could also be part of a general discussion or research. Therefore, it is not always predecisional.","The sentence is a question seeking factual information about existing rules. It does not express an opinion, recommendation, or internal deliberation. It is a request for clarification on established policy or facts, not a reflection of the 'give-and-take' of the decision-making process. Thus, it is not deliberative.",,,,,,0.0
371,6. looks like they have not addressed most of the concerns around using child support funds for fatherhood program (other than to give slightly more definition to a fatherhood program),0,1.0,"The sentence is an assessment of whether concerns have been addressed regarding the use of child support funds for a fatherhood program. This assessment implies that a decision or policy related to these funds and programs is still under consideration or review, and that the concerns are part of an ongoing discussion. Therefore, it is predecisional.","The phrase 'looks like they have not addressed most of the concerns' is an opinion or an evaluative judgment. It reflects the author's personal view and analysis of the situation, rather than a statement of fact or established policy. It is part of the internal 'give-and-take' regarding the development or implementation of a program. Therefore, it is deliberative.",,,,,,1.0
372,Bayh and Domenici will introduce Responsible Fatherhood bill at a press conference Thursday afternoon.,0,0.0,"The sentence states a future event: the introduction of a bill at a press conference. This is a factual statement about an upcoming public action, not an internal discussion or a step in an agency's decision-making process. The agency's decision to introduce the bill has already been made, and this sentence describes the public announcement of that decision. Therefore, it is not predecisional.","The sentence is a factual statement about a scheduled event. It does not express an opinion, recommendation, or internal deliberation. It simply reports what will happen.",,,,,,0.0
373,"They expect to be joined by groups supporting the bill (I don't know exactly who, but they've been reaching out broadly to groups across the Fatherhood spectrum).",0,0.0,"The sentence describes an expectation about who will join a group supporting a bill. This information does not directly concern an issue where a final decision has not yet been made by the agency. It is an observation about external actors and their anticipated actions, not an internal agency decision-making process. Therefore, it is not predecisional.","The sentence contains factual information about expectations and outreach efforts ('They expect to be joined by groups,' 'they've been reaching out broadly'). The parenthetical 'I don't know exactly who' is a statement of fact about the author's knowledge. While it describes external actions related to a bill, it does not express an opinion, recommendation, or internal deliberation of the agency itself regarding policy or decision-making. Therefore, it is not deliberative.",,,,,,0.0
374,"Likely D co-sponsors include: Breaux, Landrieu, Lieberman, Lincoln, Robb, Grahan, Domenici is reaching to Rs.",0,1.0,"The sentence lists potential co-sponsors for an unspecified legislative action. This information is typically gathered and discussed *before* a final decision is made on whether to introduce legislation, how to frame it, or how to garner support. Therefore, it concerns an issue where a final decision has not yet been made, making it predecisional.","The sentence provides a list of 'likely' co-sponsors and notes that 'Domenici is reaching to Rs.' This involves an assessment or prediction of political support and an ongoing effort to secure it. It reflects internal strategic thinking and intelligence gathering related to a legislative initiative, rather than a purely factual statement about an established policy or a past event. It represents an opinion or assessment about potential support, making it deliberative.",,,,,,1.0
375,"Once the bill is introduced, they expect to do some fine tuning and gather more co-sponsors.",0,1.0,"The sentence describes future actions ('expect to do some fine tuning and gather more co-sponsors') that will occur after a bill is introduced. These actions are part of the legislative process that precedes a final decision on the bill's content or passage. Therefore, it is predecisional.","The phrase 'expect to do some fine tuning' indicates an intention to modify or refine the bill, which is an internal deliberation about the content and strategy for the bill. It reflects the 'give-and-take' of the legislative process and represents the personal views or strategic plans of the actors involved, rather than a statement of fact or established policy. Thus, it is deliberative.",,,,,,1.0
376,"Bayh's staff has given Ron Haskins a heads up, and got the impression Johnson's bill will be on a somewhat slower track.",0,1.0,"The sentence describes an impression about the future pace of a bill. This impression relates to an ongoing legislative process where a final decision on the bill's track has not been made. Therefore, it is predecisional.","The phrase 'got the impression Johnson's bill will be on a somewhat slower track' expresses an opinion or an assessment based on an interaction. It reflects an internal understanding or prediction about a legislative strategy, rather than a concrete fact or established policy. This constitutes internal deliberation.",,,,,,1.0
377,"In summary, the bill :         1. authorizes $75 million in challenge grants for state and local media campaigns;",0,0.0,"The sentence describes a provision of a bill. This is a factual description of existing or proposed legislation, not a statement that precedes an agency's decision-making process regarding that bill. It is a summary of content, not a step in reaching a final conclusion by the agency. Therefore, it is not predecisional.","The sentence is a factual summary of a specific provision within a bill. It does not express an opinion, recommendation, or internal deliberation. It simply states what the bill authorizes. Therefore, it is not deliberative.",,,,,,0.0
378,2. authorizes $75 million for responsible parenting block grants to states;,0,0.0,"The sentence describes an authorization of funds. This is a statement of an action that has already been decided and implemented (or is in the process of being implemented as a final decision). It does not precede an agency's action but rather states an action that has been taken. Therefore, it is not predecisional.","The sentence states a specific authorization of funds, which is a factual outcome of a decision, not an opinion, recommendation, or internal deliberation. It describes an established policy or action rather than reflecting the 'give-and-take' of the decision-making process. Therefore, it is not deliberative.",,,,,,0.0
379,3. authorizes $2 million for a national parenting support clearinghouse;,0,0.0,"The sentence describes an authorization of funds. An authorization is a final decision or action. Therefore, this sentence is not predecisional.","The sentence states a specific action that has been authorized. It is a factual statement about a decision that has been made, not an opinion, recommendation, or internal deliberation. Therefore, it is not deliberative.",,,,,,0.0
380,4. makes some WtW eligibility changes and raises allowable in-kind match to 75% (while not required by        5.),0,0.0,"The sentence describes specific changes related to 'WtW eligibility' and 'allowable in-kind match.' These are presented as actions or proposals that are part of a larger document or discussion (implied by '4.' and '5.'). The use of 'makes' suggests either a proposed change or a change that has been implemented. However, without further context, it's difficult to definitively say if a final decision has been made or if this is part of an ongoing discussion. If it's a proposal or a draft, it would be predecisional. If it's a description of a finalized rule, it would not be. Given the ambiguity, it is not *always* predecisional.","The sentence describes specific policy changes ('makes some WtW eligibility changes and raises allowable in-kind match to 75%'). While these changes themselves are factual descriptions of policy content, the sentence does not express an opinion, recommendation, or internal deliberation. It states what the changes are, not whether they should be made or why. The parenthetical 'while not required by 5.' is a factual observation about the relationship between two points, not an opinion or recommendation. Therefore, it is not deliberative.",,,,,,0.0
381,5. encourages child support pass through by foregiving federal share of first $75 passed through to families that is disregarded from determining TANF eligibility and allows states to count their portion of pass-through toward TANF MOE;,0,0.0,"The sentence describes a specific policy action or proposal ('encourages child support pass through by foregiving federal share... and allows states to count their portion...'). The use of 'encourages' and 'allows' suggests that this is a proposed or potential action, or a description of a policy that is being considered or has just been implemented. If it is a proposal or a description of a policy under consideration, it would be predecisional. However, if it is a description of an already enacted or established policy, it would not be predecisional. Without further context, it is not *always* predecisional.","The sentence describes a specific policy mechanism. While the policy itself might be the result of deliberation, the sentence itself is a factual description of a policy or a proposed policy's mechanics. It does not express an opinion, recommendation, or internal deliberation about whether to adopt this policy, nor does it reflect the 'give-and-take' of the decision-making process. It states what the policy 'encourages' and 'allows,' which are factual descriptions of its intended effects or provisions, not an opinion or recommendation about the policy itself. Therefore, it is not deliberative.",,,,,,0.0
382,6.  allows states who opt for child support pass through to use a similar amount of child support funds for fatherhood/parenting promotion without getting a waiver;,0,0.0,"The sentence describes a feature or consequence of a policy or proposal, indicated by the phrase 'allows states who opt for child support pass through to use a similar amount of child support funds for fatherhood/parenting promotion without getting a waiver.' This is a description of a potential or existing policy mechanism. Without further context, it is unclear if this is a proposed element of a policy still under consideration (predecisional) or a description of an already enacted or settled policy (not predecisional). It could be a factual description of a current law or a proposed change. Therefore, it is not always predecisional.","The sentence describes a specific provision or mechanism of a policy. It states what the policy 'allows' rather than expressing an opinion, recommendation, or internal deliberation about whether it *should* allow it. It is a factual description of a policy's function or a proposed function, not a subjective view or recommendation. Therefore, it is not deliberative.",,,,,,0.0
383,7. explicitly lists family formation as one of purposes for which TANF HPB funds will be awarded.,0,0.0,"The sentence describes a specific provision within a document (presumably a policy or funding guideline), stating that it 'explicitly lists family formation as one of purposes for which TANF HPB funds will be awarded.' This is a factual description of existing content within a document. It does not concern an issue where a final decision has not yet been made; rather, it describes a decision or policy that has already been articulated in the document. Therefore, it is not predecisional.","The sentence is a factual statement about the content of a document. It does not express an opinion, recommendation, or internal deliberation. It simply reports what is explicitly stated in a list. Therefore, it is not deliberative.",,,,,,0.0
384,Based on conversation w/ Bayh's staff today:,0,0.0,"This sentence is a preamble, indicating that the following content (which is not provided) is based on a conversation. It does not, by itself, concern an issue where a final decision has not yet been made. It merely sets the context for information that follows. Without the subsequent content, it's impossible to determine if it's predecisional.","This sentence is a factual statement about the source of information. It does not express an opinion, recommendation, or internal deliberation. It simply states that a conversation occurred and will be the basis for what follows. Therefore, it is not deliberative.",,,,,,0.0
385,"1. they seem willing to consider going beyond the Kennedy technical to include the broader eligibility changes in Cardin's bill, particularly to include a broader group of low income fathers.",1,1.0,"The sentence describes a willingness to consider changes to a bill, specifically 'going beyond the Kennedy technical to include the broader eligibility changes in Cardin's bill.' This indicates that a final decision on the scope of the changes has not yet been made and is still under active consideration. It directly precedes any agency action or final policy formulation regarding the bill's content.","The phrase 'they seem willing to consider' expresses an assessment of another party's stance and implies an ongoing internal discussion or negotiation about potential policy changes. It reflects an opinion or a preliminary position regarding the direction of policy, rather than a statement of fact or established policy. The content concerns 'broader eligibility changes' and 'a broader group of low income fathers,' which are substantive policy matters under deliberation.",,,,,,1.0
386,I sent them side-by-side of current law and Cardin's bill and Charlie will call DOL.,1,0.0,"The sentence describes two actions that have already occurred or are planned to occur: 'I sent them side-by-side of current law and Cardin's bill' (past action) and 'Charlie will call DOL' (future action). Neither of these actions, as described, directly concerns an issue where a final decision has not yet been made by the agency. The sending of documents is a factual event, and the planned call is an administrative step, not necessarily a predecisional step for a policy decision. It does not indicate that a final decision is pending based on these actions. Therefore, it is not predecisional.","The sentence states facts about actions taken or planned ('I sent them side-by-side...' and 'Charlie will call DOL'). It does not express an opinion, recommendation, or internal deliberation. It is a factual account of communication and planned communication, not a reflection of the 'give-and-take' of the decision-making process. Therefore, it is not deliberative.",,,,,,0.0
387,2. they generally want to be helpful on WtW but don't want to lose broader fatherhood approach.,1,1.0,"The sentence describes the general desires or preferences of an unnamed 'they' regarding two different approaches (WtW and broader fatherhood approach). This indicates that a final decision on how to balance or prioritize these approaches has not yet been made. The statement reflects an ongoing internal discussion or consideration of different policy directions, making it predecisional.","The sentence expresses opinions and preferences ('generally want to be helpful,' 'don't want to lose'). These are not factual statements but rather reflect the internal 'give-and-take' of the decision-making process, indicating the personal views or strategic considerations of the individuals involved. It is clearly deliberative in nature.",,,,,,1.0
388,Sounds like they fear more WtW will result in less R support.,1,1.0,"The sentence describes a perceived fear or concern about the potential consequences of a policy ('more WtW will result in less R support'). This concern relates to the potential impact of a policy that is presumably still under consideration or whose future effects are being assessed. Therefore, it concerns an issue where a final decision has not yet been made regarding the policy's future or its implications, making it predecisional.","The phrase 'Sounds like they fear' expresses an interpretation or an opinion about the motivations or concerns of others. It reflects an internal assessment or speculation rather than a concrete fact or established policy. This type of analysis contributes to the internal 'give-and-take' of decision-making, making it deliberative.",,,,,,1.0
389,3. media campaign is intended to rec3ch a broad group of fathers all incomes and both those living with their kids and those not.,0,0.0,"The sentence describes the *intended* reach of a media campaign. The use of 'intended' signifies that the campaign is either in the planning stages or its objectives are being defined, meaning a final decision on the campaign's specifics or implementation has not yet been fully made or executed. Therefore, it is predecisional.","The sentence states the *intention* or *objective* of a media campaign. While it describes a goal, it is presented as a factual statement about the campaign's design rather than an opinion, recommendation, or internal deliberation about whether or how to achieve that goal. It describes a characteristic of the campaign as it is conceived, not a debate or a personal view on what it *should* be. It's more akin to a factual description of a plan's parameters than a reflection of internal 'give-and-take.'",,,,,,0.0
390,Challenge grant approach and amount is based on ONDCP campaign.,0,0.0,"The sentence states that the 'Challenge grant approach and amount is based on ONDCP campaign.' This describes a relationship or a derivation, indicating that a decision regarding the grant approach and amount has already been made and is being explained or justified by its basis in the ONDCP campaign. It does not suggest that a decision is pending or that the information is being used to assist a decision-maker in reaching a final conclusion. Therefore, it is not predecisional.","The sentence presents a factual statement about the basis for the challenge grant approach and amount. It does not express an opinion, recommendation, or internal deliberation. It describes an established relationship or a fact about how a decision was made, rather than reflecting the 'give-and-take' of the decision-making process. Therefore, it is not deliberative.",,,,,,0.0
391,They understand TANF funds can also be used to promote formation of two parent families.,1,0.0,"The sentence states that 'They understand' a certain fact about TANF funds. This is a statement about existing knowledge or understanding of established policy or regulations. It does not concern an issue where a final decision has not yet been made; rather, it refers to an existing understanding of how funds 'can be used.' Therefore, it is not predecisional.","The sentence is a factual statement about what 'They understand' regarding the permissible uses of TANF funds. It does not express an opinion, recommendation, or internal deliberation. It conveys information about an existing understanding of policy, not a personal view or a proposal for future action. Therefore, it is not deliberative.",,,,,,0.0
392,"4. still don't have exact costs - waiting for scoring on child support pass-through, but envision something in the $2 8 over 5 years ballpark (w/ bulk of funds for pass-through).",0,1.0,"The sentence discusses the lack of exact costs and an envisioned cost range for a program, while waiting for 'scoring' on a specific component. This clearly indicates that a final decision regarding the program's budget or implementation cannot yet be made, as key financial details are still being determined. It directly precedes the agency's action of finalizing the program's costs and potentially its approval.","The sentence contains an estimation ('envision something in the $2 8 over 5 years ballpark') and an explanation of what the bulk of funds would be for. This represents an internal assessment, a projection, and a preliminary allocation of resources, reflecting the 'give-and-take' of the decision-making process regarding program funding. It is not a statement of fact about an already established budget or a final decision, but rather an internal deliberation about potential costs and their distribution.",,,,,,1.0
393,5. purposefully leaving block grant uses very vague to allow states to try a variety of approaches; have not yet done runs on block grant formula but realize they may need to set a small state floor.,1,0.0,"The sentence discusses two distinct points. The first part, 'purposefully leaving block grant uses very vague to allow states to try a variety of approaches,' describes a past or current strategic decision regarding policy design. This part is not clearly predecisional as it could be a description of an existing policy or a justification for a past decision. The second part, 'have not yet done runs on block grant formula but realize they may need to set a small state floor,' explicitly states that certain analyses have not yet been performed and that a potential future action ('may need to set a small state floor') is being considered. This part is clearly predecisional, as it indicates an issue where a final decision has not yet been made and further work is required before a conclusion can be reached. Since a sentence is ALWAYS DELIBERATIVE if it is *both* predecisional and deliberative, and this sentence contains elements that are not always predecisional, it cannot be classified as ALWAYS predecisional.","The first part, 'purposefully leaving block grant uses very vague to allow states to try a variety of approaches,' describes a strategic choice and the rationale behind it, which is an opinion or policy decision rather than a pure fact. The second part, 'have not yet done runs on block grant formula but realize they may need to set a small state floor,' expresses an internal assessment, a recognition of a potential future need, and a recommendation for a possible policy adjustment. Both parts reflect internal 'give-and-take' and represent the personal views or strategic thinking of the author rather than established policy or pure facts. Therefore, the sentence is deliberative.",,,,,,0.0
394,6. they've coordinated w/ Kohl on pass through and see the major difference between their approaches as one of cost -- they cap amount of pass-through Feds will participate in at $75 whereas Kohl is open-ended.,0,1.0,"The sentence describes a coordination effort and identifies a 'major difference' between approaches, specifically regarding cost and caps on pass-through amounts. This discussion of differing approaches and cost implications indicates that a final decision on the pass-through policy has not yet been made. It is part of the process of evaluating options before a final conclusion is reached, making it predecisional.","The sentence highlights a 'major difference' in approaches and details specific policy parameters (e.g., 'cap amount of pass-through Feds will participate in at $75 whereas Kohl is open-ended'). This content reflects internal 'give-and-take' regarding policy options, recommendations, and the identification of points of divergence in the decision-making process. It represents the personal views or positions of the parties involved in shaping the policy rather than a statement of fact or established agency policy. Thus, it is deliberative.",,,,,,1.0
395,They still understand that their propo al to allow state share of child support pass-through to count towards TANF MOE goes beyond what's currently allowed (HHS -TA here could be helpful.,1,0.0,"The sentence describes an understanding of a proposal's implications relative to current regulations. It does not explicitly state that a final decision has not yet been made. While the proposal itself might be predecisional, this sentence is an observation about the proposal's scope and its relation to existing rules. It could be part of a document that is predecisional, but the sentence itself is not inherently predecisional in all contexts. For example, it could be part of a post-decision analysis explaining why a proposal was rejected or modified. Therefore, it is not always predecisional.","The sentence contains an implicit opinion or assessment regarding the proposal's scope ('goes beyond what's currently allowed') and includes a suggestion for action ('HHS -TA here could be helpful'). This reflects internal deliberation, analysis, and a recommendation, rather than a purely factual statement. It represents the personal views of the author regarding the proposal's viability and potential next steps. Thus, it is deliberative.",,,,,,0.0
396,Charlie is reaching out to Lauren or Mary).,0,0.0,"The sentence describes an ongoing action (reaching out) that is part of a process, but it does not inherently indicate that a final decision has not yet been made on a specific issue. It could be part of a routine communication, a fact-finding mission, or an action taken after a decision has been made. Without further context, it is not definitively predecisional.","The sentence is a factual statement about an action being taken ('Charlie is reaching out'). It does not express an opinion, recommendation, or internal deliberation. It simply describes an event.",,,,,,0.0
397,7. allowing states who elect child support pass-through to use $50 (this was purposefully less than the $75 to keep costs down) for fatherhood/parenting activities without getting a waiver is seen as a way to supplement the modest block grant funding.,1,1.0,"The sentence describes a proposed policy ('allowing states who elect child support pass-through to use $50... for fatherhood/parenting activities without getting a waiver') and provides a rationale for it ('is seen as a way to supplement the modest block grant funding'). The use of 'allowing states' and 'is seen as a way to supplement' indicates that this is a suggestion or a proposed approach, not a final decision or an established policy. Therefore, it concerns an issue where a final decision has not yet been made, making it predecisional.","The sentence expresses a recommendation or a policy opinion. The parenthetical 'this was purposefully less than the $75 to keep costs down' explicitly reveals the internal reasoning and strategic thinking behind the proposed amount, which is a clear indicator of deliberation. The phrase 'is seen as a way to supplement' also reflects an opinion or an assessment of the proposed action's potential benefit. This content represents the internal 'give-and-take' of the decision-making process, reflecting the personal views and strategic considerations of the author rather than a factual statement or established agency policy. Thus, it is deliberative.",,,,,,1.0
398,They seemed receptive to the concern that there should be some more direct benefit or connection to famllies involved with the child support program (HHS - TA here could be helpful),1,1.0,"The sentence describes the perceived receptiveness of 'They' to a 'concern' and suggests a potential area where 'HHS - TA here could be helpful.' This indicates that the issue of 'direct benefit or connection to families' is still under discussion or consideration, and a final decision on how to address this concern or implement a solution has not yet been made. The suggestion for HHS-TA further points to an ongoing process of exploring solutions, making it predecisional.","The sentence contains several elements that are deliberative: 'They seemed receptive' is an observation and interpretation of others' views, reflecting internal assessment. The 'concern that there should be some more direct benefit' is an opinion or policy suggestion. The parenthetical 'HHS - TA here could be helpful' is a recommendation or an idea for a course of action. These elements reflect the internal 'give-and-take' of the decision-making process, expressing opinions, recommendations, and policy ideas rather than established facts or final agency policy.",,,,,,1.0
399,8. reason for explicitly listing family formation as part of the High Performance Bonus: it's not included in current guidance and this will ensure it's included in future rule.,1,1.0,"The sentence explains the 'reason for explicitly listing family formation' and states that 'this will ensure it's included in future rule.' This clearly indicates that a decision regarding the inclusion of family formation in future rules is either pending or has just been made, and the sentence provides the rationale for that decision. It precedes the finalization and implementation of the 'future rule,' making it predecisional.","The sentence provides a justification and a strategic reason ('this will ensure it's included in future rule') for a specific policy choice. This reflects the internal 'give-and-take' of the decision-making process, explaining the rationale behind a policy recommendation or decision. It represents the personal views and strategic thinking of the author regarding how to shape future policy, rather than a purely factual statement or established agency policy. Thus, it is deliberative.",,,,,,1.0
400,They'll probably revise the bill at least once more befor Thursday.,1,1.0,"The sentence predicts a future revision of a bill, indicating that the bill is not yet final and is still subject to change. This clearly precedes any final agency action or decision regarding the bill, making it predecisional.","The sentence contains a prediction ('They'll probably revise') which is an opinion or an assessment of a likely future event, rather than a statement of fact. It reflects an internal understanding or expectation about the legislative process, which is part of the 'give-and-take' of decision-making. It is not a statement of established policy or a purely factual observation.",,,,,,1.0
401,This memo outlines three things: first; the overarching theme we propose for the State of the Union;,0,1.0,"The sentence states that the memo 'outlines three things: first; the overarching theme we propose for the State of the Union.' The phrase 'we propose' clearly indicates that the theme is a suggestion or recommendation that has not yet been finalized or adopted. Therefore, it precedes the final decision on the State of the Union theme, making it predecisional.","The sentence explicitly states 'the overarching theme we propose.' This is a recommendation or an opinion regarding a policy or communication strategy, reflecting the internal 'give-and-take' of the decision-making process. It represents the personal views of the author or agency staff rather than an established policy or a factual statement. Thus, it is deliberative.",,,,,,1.0
402,"second, the ""big ideas"" initiative that should be the centerpiece of the speech and the budget;",0,1.0,"The sentence refers to an 'initiative that should be the centerpiece of the speech and the budget.' The use of 'should be' indicates that a final decision on what will be the centerpiece has not yet been made. It is a recommendation or a proposal for a future action (the speech and the budget), thus making it predecisional.","The phrase 'should be the centerpiece' is a clear recommendation or opinion about the content and focus of a future speech and budget. It reflects internal deliberation and strategic planning, representing the personal views of the author rather than a statement of fact or established policy. Thus, it is deliberative.",,,,,,1.0
403,"third, the eight signature policies that comprise the ""big ideas"" package.",0,0.0,"The sentence refers to 'the eight signature policies that comprise the 'big ideas' package.' The use of 'package' and 'big ideas' suggests that these policies are still in a conceptual or developmental stage, or are being presented as a consolidated proposal for consideration. It implies that a final decision on the adoption or implementation of this package has not yet been made, making it predecisional.","The sentence is a descriptive listing of a component of a larger policy initiative. It identifies a set of policies but does not express an opinion, recommendation, or internal deliberation about them. It simply names or categorizes them as part of a 'package.' Without any evaluative language, strategic advice, or policy analysis, it does not reflect the 'give-and-take' of the decision-making process. It's a factual description of a policy grouping.",,,,,,0.0
404,I. THEME: RESPONSIBILITY FOR THE FUTURE,0,0.0,"The sentence is a thematic heading. A theme can be used for documents that are predecisional (e.g., a draft proposal) or post-decisional (e.g., a final report or a speech justifying a decision). Standing alone, this sentence does not inherently indicate that a final decision has not yet been made. Therefore, it is not always predecisional.","The sentence states a theme or a guiding principle. While the selection of a theme might be part of a deliberative process, the theme itself, as presented, is a descriptive label rather than an opinion, recommendation, or an expression of internal 'give-and-take' regarding policy or action. It is a factual statement about the subject matter or focus, not a subjective view or a proposal.",,,,,,0.0
405,"The theme we recommend for the State of the Union is ""Responsibility for the Future.""",1,1.0,"The sentence explicitly states a recommendation for the theme of the State of the Union address. This recommendation is clearly made before the final decision on the theme is announced or delivered, making it predecisional.","The phrase 'The theme we recommend' is a direct expression of an opinion and a recommendation. It reflects the internal 'give-and-take' of the decision-making process regarding policy or communication strategy, representing the personal views of the author rather than an established policy or a factual statement. Thus, it is deliberative.",,,,,,1.0
406,"This theme brings together all the major elements of your agenda: strengthening Medicare and Social Security, and reducing the debt; investing in and reforming public education; bridging the digital divide; investing in Scientific research; protecting the environment; promoting peace around th world; and closing the opportunity gap.",0,0.0,"The sentence describes a 'theme' that brings together elements of an agenda. While an agenda itself is predecisional in the sense that it outlines future actions, this sentence is merely a descriptive summary of existing agenda items. It does not propose new actions, recommend a specific policy, or directly precede a specific decision. It could be part of a final communication or a settled policy document. Therefore, it is not always predecisional.","The sentence is a descriptive summary of an agenda's elements. It states what the 'theme brings together' as a matter of fact regarding the composition of the agenda. It does not express an opinion, recommendation, or internal deliberation. It is a factual description of the content of an agenda, not a subjective view or a 'give-and-take' of the decision-making process.",,,,,,0.0
407,"""Responsibility for the Future"" reinforces both liberal convictions about equity (leave no one behind) and Third Way sensibilities about accountability (let no one fail to do his part).",0,0.0,"The sentence describes how a document or concept ('Responsibility for the Future') aligns with certain political convictions and sensibilities. It is an analytical statement about the nature or implications of this concept. It does not concern an issue where a final decision has not yet been made, nor does it directly precede an agency's action. It is an observation or characterization, not a step in a decision-making process. Therefore, it is not predecisional.","The sentence expresses an interpretation or analysis of how 'Responsibility for the Future' aligns with 'liberal convictions' and 'Third Way sensibilities.' This involves subjective assessment and characterization, reflecting an opinion or analytical viewpoint rather than a purely factual statement. Thus, it is deliberative.",,,,,,0.0
408,"It is consistent with your longstanding theme of ""responsibility, opportunity; and community,"" and sets forth a powerful message that will resound long after we're gone.",0,0.0,"The sentence describes how a particular message or theme is consistent with a longstanding theme and predicts its future impact. While this kind of assessment might be part of a broader deliberative process, the sentence itself does not directly concern an issue where a final decision has not yet been made. It could be part of a final report, a justification for a past decision, or a general statement of principles, rather than preceding a specific agency action. Therefore, it is not always predecisional.","The sentence expresses an opinion and an assessment ('It is consistent with...', 'sets forth a powerful message that will resound...'). These are subjective judgments and predictions, reflecting the author's views rather than objective facts or established policy. Thus, it is deliberative.",,,,,,0.0
409,"The country has come a long way these seven years, enabling us to turn even more to challenges of the next generation.",0,0.0,"The sentence is a general observation about the country's progress and a forward-looking statement about future challenges. It does not concern a specific, identifiable issue where a final decision has not yet been made. It is a broad, reflective statement rather than one directly preceding an agency's action or decision. Therefore, it is not predecisional.","The sentence expresses an opinion or assessment about the country's progress ('has come a long way') and a general outlook on future priorities ('enabling us to turn even more to challenges of the next generation'). While it contains an opinion, it is a high-level, general statement rather than a specific recommendation, legal advice, or policy opinion related to a particular decision-making process. It does not reflect the internal 'give-and-take' of a specific decision.",,,,,,0.0
410,"II. BIG IDEA: CLOSING THE OPPORTUNITY GAP We believe your ""big idea"" for the budget and the State of the Union should be a ""Closing the Opportunity Gap"" initiative.",1,1.0,"The sentence proposes a 'big idea' for the budget and the State of the Union, using the phrase 'should be.' This clearly indicates that the final decision on what this 'big idea' will be has not yet been made. It is a recommendation intended to assist a decision-maker in reaching a conclusion, thus making it predecisional.","The sentence explicitly states 'We believe your 'big idea' ... should be a 'Closing the Opportunity Gap' initiative.' This is a direct expression of an opinion, a recommendation, and a policy suggestion. It reflects the internal 'give-and-take' of the decision-making process and represents the personal views of the author(s) rather than an established agency policy or a factual statement. Therefore, it is deliberative.",,,,,,1.0
411,"It is a package of eight signature proposals described in the next section, and would highlight three or four major budget pieces.",0,1.0,"The sentence describes a 'package of eight signature proposals' and states that it 'would highlight three or four major budget pieces.' The use of 'proposals' and 'would highlight' indicates that these are not final decisions or established policies, but rather ideas or plans that are still in development or under consideration. Therefore, it concerns an issue where a final decision has not yet been made, making it predecisional.","The sentence describes a 'package of eight signature proposals' and states that it 'would highlight three or four major budget pieces.' This content reflects the internal 'give-and-take' of the decision-making process, specifically regarding the formulation and presentation of policy or budget items. It represents a plan or recommendation for how to structure and emphasize certain aspects, rather than a purely factual statement about an existing, finalized document or policy. It expresses an opinion on how to best present the proposals. Therefore, it is deliberative.",,,,,,1.0
412,"We had considered other  labels for this initiative (""Leaving  No One Behind,"" ""Every  Child's  Initiative,"" and  ""Education First"") but advocate ""Closing the Opportunity Gap"" because it shows continuity with your core philosophy and values, suggests a sweeping challenge worthy of a sweeping response, and provides a framework that will energize the entire economic and domestic team, from Summers and Herman to Shalala, Riley; and Cuomo.",1,1.0,"The sentence discusses the consideration of different labels for an initiative and advocates for a specific one. This clearly indicates that the final label for the initiative has not yet been decided or announced. The discussion is about shaping the presentation and branding of a future agency action, making it predecisional.","The sentence explicitly states that 'We had considered other labels... but advocate 'Closing the Opportunity Gap' because it shows continuity... suggests a sweeping challenge... and provides a framework...' This is a direct recommendation, providing specific reasons and justifications for a particular choice. It reflects the internal 'give-and-take' of the decision-making process, offering policy opinions and strategic advice on how to best frame an initiative. This content represents the personal views and recommendations of the author, not established agency policy.",,,,,,1.0
413,III. EIGHT SIGNATURE ELEMENTS OF CLOSING THE OPPORTUNITY  GAP,0,0.0,"This sentence is a heading or title. It introduces a section that will likely discuss elements related to 'closing the opportunity gap.' While the content of that section might be predecisional, the heading itself does not inherently concern an issue where a final decision has not yet been made. It could be a heading in a final report, a policy document, or a retrospective analysis. Therefore, it is not always predecisional.","This sentence is a heading or title. It does not express an opinion, recommendation, or internal deliberation. It is a descriptive label for a section of a document. Therefore, it is not deliberative.",,,,,,0.0
414,Your final State of the Union should  be  more than a  laundry  list  of  worthy  ideas (although we provide such a list in three longer memos which are attached).,1,1.0,"The sentence refers to 'Your final State of the Union,' implying that the document is still in preparation or being finalized. The advice 'should be more than a laundry list' indicates that a final decision on the content and structure of the State of the Union address has not yet been made. Therefore, it is predecisional.","The sentence offers a recommendation or advice ('should be more than a laundry list') regarding the content and approach for the State of the Union address. This clearly reflects the internal 'give-and-take' of the decision-making process, representing the personal views or strategic advice of the author rather than a statement of fact or established policy. Thus, it is deliberative.",,,,,,1.0
415,"Here, we outline a package of signature ""Opportunity Gap"" proposals.",1,0.0,"The sentence states that a package of proposals is being outlined. Outlining proposals is an action that precedes any final decision on those proposals. Therefore, it is predecisional.","The sentence describes the act of outlining proposals. While the proposals themselves would be deliberative, the act of outlining them is a factual statement about the content of the document. It does not express an opinion, recommendation, or internal deliberation, but rather describes what the document contains. It is not deliberative.",,,,,,0.0
416,These  proposals  representthe core of your doniestk vision; they are ambitious  ideas  that will  stick  in the  public  mind.,1,1.0,"The sentence refers to 'proposals,' which by definition are ideas put forward for consideration, discussion, or adoption, and are not yet final decisions or established policy. The characterization of these as 'the core of your domestic vision' and 'ambitious ideas' further indicates that they are in a conceptual or planning stage, preceding any final agency action or decision. Therefore, it is predecisional.","The sentence expresses subjective opinions and assessments about the proposals, such as 'represent the core of your domestic vision' and 'ambitious ideas that will stick in the public mind.' These are not objective facts but rather evaluative statements reflecting the author's views and internal deliberation about the nature and potential impact of the proposals. This content reflects the 'give-and-take' of the decision-making process. Therefore, it is deliberative.",,,,,,1.0
417,"They are bold enough to show that  your imperative is  action,  and appealing enough  to stand  a chance of enactment this year.",1,1.0,"The sentence assesses the characteristics of something (implied to be a proposal or plan) in terms of its boldness, alignment with an imperative for action, and its chances of enactment. This assessment is clearly made in anticipation of a decision regarding whether to pursue or enact the 'something.' Therefore, it is predecisional, as it aims to assist a decision-maker in reaching a final conclusion about the viability or desirability of the proposal.","The sentence contains subjective assessments and opinions: 'bold enough,' 'your imperative is action,' and 'appealing enough to stand a chance of enactment this year.' These are not objective facts but rather evaluative judgments and predictions, reflecting the internal 'give-and-take' of the decision-making process. They represent the personal views of the author regarding the merits and prospects of a proposal, rather than established policy or factual information.",,,,,,1.0
418,"Together, they give purpose and principle to yom final year's agenda.",1,1.0,"The sentence refers to 'yom final year's agenda,' implying that the agenda itself is a plan for future actions or decisions. The 'purpose and principle' being given to this agenda are inherently predecisional, as they are foundational elements guiding future decisions and actions, rather than describing a decision that has already been made or a matter that has been officially settled.","The phrase 'give purpose and principle' expresses an opinion or a judgment about the significance and guiding philosophy of the agenda. It reflects an internal assessment and strategic framing, which are characteristic of the 'give-and-take' of the decision-making process. It is not a statement of fact but rather an interpretive and evaluative statement, representing the author's views on how the agenda should be understood and pursued.",,,,,,1.0
419,"The ""Opportunity Gap"" initiative consists of eight proposals:",0,0.0,"The sentence introduces a list of proposals that constitute an initiative. This is a factual statement about the structure or content of an initiative. It does not concern an issue where a final decision has not yet been made; rather, it describes an existing initiative. It does not precede an agency's action but describes an existing program or plan.","The sentence is a factual statement that introduces a list. It does not express an opinion, recommendation, or internal deliberation. It simply states what the initiative consists of, which is a matter of fact.",,,,,,0.0
420,1) universal pre-school to give all poor children  a smart start;,0,1.0,"This sentence presents a policy idea or recommendation ('universal pre-school to give all poor children a smart start'). It describes a proposed action or program, which by its nature precedes any final decision on whether to adopt, fund, or implement such a program. Therefore, it is predecisional.","The sentence is a recommendation or a policy proposal. It expresses an opinion about a desirable course of action and its intended outcome ('to give all poor children a smart start'). It reflects the internal 'give-and-take' of policy formulation rather than a statement of fact or established agency policy. Thus, it is deliberative.",,,,,,1.0
421,2) universal  after-school  to help kids meet  high standards;,0,0.0,"This sentence fragment appears to be a bullet point or an item in a list. Without further context, it is difficult to definitively determine if it concerns an issue where a final decision has not yet been made. It could be a proposal, a goal, or an existing program. Therefore, it is not always predecisional.","The phrase 'to help kids meet high standards' suggests a purpose or an objective, which can be seen as an opinion or a recommendation for a program's design or goal. However, the phrase 'universal after-school' itself could be a factual description of a program or a policy. Without more context, it is not definitively an opinion, recommendation, or internal deliberation rather than a fact. Therefore, it is not always deliberative.",,,,,,0.0
422,3) a plan to turn around every failing school over the next decade;,0,1.0,"The sentence describes a 'plan to turn around every failing school over the next decade.' This plan, by its very nature, is a proposal for future action. It precedes any final decision on whether to adopt, modify, or implement this specific plan. Therefore, it is predecisional.","The sentence outlines a 'plan,' which is inherently a recommendation or a proposed course of action. It reflects a policy opinion or a strategic proposal rather than a statement of fact or an established agency policy. It represents the internal 'give-and-take' of policy formulation. Therefore, it is deliberative.",,,,,,1.0
423,4) measures to bridge the digital divide;,0,0.0,"This sentence is a fragment, likely a bullet point or an item in a list. It simply names a topic: 'measures to bridge the digital divide.' Without further context, it is impossible to determine if this topic is part of an ongoing discussion leading to a decision, or if it's a historical reference, a general area of interest, or a settled matter. Therefore, it is not always predecisional.","The sentence 'measures to bridge the digital divide' is a factual description of a topic or category. It does not express an opinion, recommendation, or internal deliberation. It is a neutral statement of fact, identifying a subject area. Therefore, it is not deliberative.",,,,,,0.0
424,5) a set of new steps to help low-income students get into college and complete a degree;,0,0.0,"This sentence is a descriptive item in a list. It describes a category of 'new steps' without indicating whether these steps are currently under consideration, have been decided upon, or are merely a general area of focus. It does not inherently precede a specific, identifiable agency decision. It could be part of a proposal, a summary of existing initiatives, or a list of future goals. Therefore, it is not always predecisional.","The sentence describes a category of actions ('a set of new steps to help low-income students get into college and complete a degree'). It does not express an opinion, recommendation, or internal deliberation. It is a factual description of a type of initiative or program, not a subjective view or a part of the 'give-and-take' of decision-making. Therefore, it is not deliberative.",,,,,,0.0
425,6) proposals to encourage absent fathers to take responsibility for the support and love they owe their children;,0,1.0,"The sentence lists 'proposals' which, by definition, are suggestions or plans put forward for consideration or discussion. This indicates that a final decision on these specific proposals has not yet been made, and they are still in the predecisional stage, awaiting evaluation and potential adoption. Therefore, it is predecisional.","The sentence describes 'proposals,' which are inherently recommendatory and reflect the internal 'give-and-take' of the decision-making process. They represent ideas or policy options being considered, rather than established facts or final agency policy. Thus, it is deliberative.",,,,,,1.0
426,7) a new bargain of tax cuts and other measures to reward work and family;,0,1.0,"This sentence is a fragment, likely a bullet point or an item in a list. Without context, it's difficult to definitively determine if it concerns an issue where a final decision has not yet been made. It could be a proposal, a recommendation, or a description of an already decided policy. However, the phrasing 'a new bargain...to reward work and family' suggests a forward-looking proposal or a policy under consideration, which would typically precede a final decision. Assuming it's part of a list of proposals or policy options, it would be predecisional.","The sentence describes a policy concept ('a new bargain of tax cuts and other measures to reward work and family'). This is not a statement of fact but rather a policy idea or recommendation. It reflects a conceptualization of a policy direction, which is inherently deliberative as it represents a view on what policy should be, rather than what it is. It expresses an opinion or a proposed course of action.",,,,,,1.0
427,and 8) a major expansion of New Markets to help aH communities share in economic prosperityâ€¦,0,1.0,"The sentence describes a proposed action or initiative ('a major expansion of New Markets'). This indicates that a final decision on this expansion has not yet been made, and it is likely part of a larger discussion or proposal that precedes an agency's action. Therefore, it is predecisional.","The sentence describes a proposed action ('a major expansion'). While it states what the expansion is, it is presented as an item within a list, likely of recommendations or proposals. The phrase 'to help all communities share in economic prosperity' also implies a policy goal or justification, which is deliberative in nature. It reflects a policy opinion or recommendation rather than a purely factual statement or established policy. Therefore, it is deliberative.",,,,,,1.0
428,1.. Early Childhood/Universal Pre-School.,0,0.0,"This sentence is a heading or a topic listing. It does not describe an issue where a final decision has not yet been made, nor does it precede an agency's action. It simply names a subject area. Therefore, it is not predecisional.","This sentence is a factual label or a topic heading. It does not express an opinion, recommendation, or internal deliberation. It is a neutral statement of fact about a subject area. Therefore, it is not deliberative.",,,,,,0.0
429,"With a significant down payment in the FY2001 budget, you can lay the groundwork for achieving a  goal  that you,  the  Vice  President,  and  the First  Lady  have talked  about for  some time:   universal access to pre-school  for every 4-year-old.",1,1.0,"The sentence proposes a future action ('With a significant down payment... you can lay the groundwork') to achieve a long-term goal. This clearly precedes any final decision on the FY2001 budget or the implementation of universal pre-school access. It is a suggestion for a future course of action, making it predecisional.","The sentence is a recommendation or a suggestion for a strategic approach ('you can lay the groundwork for achieving a goal'). It expresses an opinion on how to achieve a policy objective, reflecting internal 'give-and-take' regarding budget priorities and policy implementation. It is not a statement of fact or established policy, but rather a proposed path forward.",,,,,,1.0
430,There  are a number  of ways to do this:,0,0.0,"The sentence introduces a list of potential methods or options for achieving something. This clearly indicates that a final decision on the specific method has not yet been made, and the agency is still exploring or considering various approaches. Therefore, it is predecisional.","The sentence itself is a factual statement introducing a list. It does not express an opinion, recommendation, or internal deliberation. The deliberative content would likely follow in the subsequent list items, but this introductory sentence on its own is not deliberative.",,,,,,0.0
431,â—¦ Dramatic increase in Head Start funding.,0,0.0,"The sentence is a descriptive phrase, likely a bullet point or a heading, indicating a 'dramatic increase in Head Start funding.' This phrase, on its own, does not inherently concern an issue where a final decision has not yet been made. It could be a statement of fact about a past or current funding level, or a proposed future action. Without context, it is not definitively predecisional.","The sentence 'Dramatic increase in Head Start funding' is a factual statement or a proposed action, not an opinion, recommendation, or internal deliberation. It describes an outcome or a goal, rather than reflecting the 'give-and-take' of the decision-making process. It does not express a personal view of the author or a policy opinion.",,,,,,0.0
432,"'Could expand by $1 billion ver FY'00, to expand Head Start from 880,000 children to 11early 1,000,000 in FY '01.",1,1.0,The sentence presents a potential expansion of a program with specific financial and numerical targets for future fiscal years ('FY'00' and 'FY '01'). This clearly indicates that a final decision on this expansion has not yet been made and is still under consideration or proposal. It precedes any agency action to implement such an expansion.,"The phrase 'Could expand' indicates a possibility, a projection, or a recommendation for future action, rather than a statement of current fact or established policy. It reflects an internal discussion or proposal about potential program growth and budget allocation, which is a core aspect of the deliberative process. It represents a potential course of action being considered.",,,,,,1.0
433,A path for future fund  increases to make Head Start universal  could also be established.,1,1.0,"The sentence proposes a potential future action ('A path for future fund increases... could also be established'). This clearly indicates that a final decision on establishing such a path has not yet been made. It is a suggestion for future action, making it predecisional.","The sentence uses the phrase 'could also be established,' which is a recommendation or a suggestion for a potential policy direction. It reflects an internal idea or option being considered, rather than a statement of fact or established policy. This content represents the personal views of the author or a group involved in policy formulation, making it deliberative.",,,,,,1.0
434,Early Childhood Learning Fund. A dramatic increase in  the Early Childhood Leaming Fund combined with  a path for  future  increases.,1,1.0,"The sentence describes a proposed action or policy ('A dramatic increase... combined with a path for future increases'). This clearly indicates that a final decision on the Early Childhood Learning Fund has not yet been made and that this is a suggestion or recommendation for future action. Therefore, it is predecisional.","The sentence proposes a specific course of action ('A dramatic increase... combined with a path for future increases'). This is a recommendation or policy opinion, reflecting the internal 'give-and-take' of the decision-making process rather than a statement of fact or established policy. It represents the personal views or suggestions of the author regarding a policy direction. Therefore, it is deliberative.",,,,,,1.0
435,Could expand  to $1  billion  for FY O1 - $400 million increase and aim for $10-$20 billion Over 10 years.,0,1.0,"The sentence proposes a potential expansion of funding and sets financial targets for future fiscal years ('FY O1' and 'Over 10 years'). This clearly indicates that a final decision on these funding levels has not yet been made and that these are proposals or recommendations for future action. Therefore, it is predecisional.","The sentence uses phrases like 'Could expand' and 'aim for,' which are indicative of recommendations, proposals, or internal planning rather than statements of fact or established policy. It reflects the 'give-and-take' of the decision-making process regarding budget allocations and long-term financial goals. Thus, it is deliberative.",,,,,,1.0
436,2. Universal  After-School.,0,0.0,"This sentence is a heading or a bullet point. It does not provide enough context to determine if it concerns an issue where a final decision has not yet been made. It could be a topic for discussion, a program already implemented, or a proposal. Without further information, it cannot be definitively classified as predecisional.","This sentence is a simple label or topic. It does not express an opinion, recommendation, or internal deliberation. It is a factual identifier rather than a subjective view or a part of the 'give-and-take' of decision-making. Therefore, it is not deliberative.",,,,,,0.0
437,"By  doubling after-school  funding  in, the FY 2001 budget (from  $453 million in FY 2000 to at least $1 billion in FY 2001), you  can meet an urgent goal, which is to provide after-school and summer schoolto every student in a failing school.",1,1.0,"The sentence proposes a specific action ('doubling after-school funding') within a future budget (FY 2001) to meet a goal. This clearly indicates that a final decision on the FY 2001 budget and the proposed funding levels has not yet been made. It is a recommendation for a future action, making it predecisional.","The sentence is a recommendation or a proposal for a specific budgetary action ('doubling after-school funding') and links it to a policy goal ('meet an urgent goal, which is to provide after-school and summer school to every student in a failing school'). This reflects the internal 'give-and-take' of the decision-making process, offering a policy opinion and a suggested course of action rather than a statement of fact or established policy. It represents the personal views of the author on how to achieve a policy objective.",,,,,,1.0
438,You called on states and districts to end social promotion in this year's  State  of  the  Union;  this initiative will enable you to say we're giving them the resources to end social promotion the right way and give every student in our worst schools the extra help they need.,1,1.0,"The sentence discusses an initiative that 'will enable you to say' certain things, implying that the initiative is either ongoing, being planned, or its public framing is being considered. It relates to the strategic communication and justification of an initiative, which precedes the final public presentation or full implementation of that initiative. Therefore, it is predecisional.","The sentence offers a strategic recommendation or justification for an initiative, framing how it can be presented to achieve a desired public message ('this initiative will enable you to say...'). This reflects internal 'give-and-take' regarding policy communication and strategy, representing the author's opinion on how to best position the initiative. It is not a statement of fact but a recommendation on how to leverage the initiative for public messaging.",,,,,,1.0
439,"Over an 11, year period, we  can make after school and summer school universal for every Title I school  and with a sliding scale for students above 200% of poverty, we could eventually make  after school available  to every  student.",1,1.0,"The sentence outlines a potential long-term plan or vision for expanding after-school and summer school programs, using phrases like 'we can make' and 'we could eventually make.' This clearly indicates that a final decision on implementing such a comprehensive, multi-year initiative has not yet been made. It describes a proposed future course of action, preceding any agency action or formal policy adoption. Therefore, it is predecisional.","The sentence expresses a strategic vision, a possibility, and a recommendation for future policy. It is not a statement of current fact or established agency policy, but rather a projection of what 'we can make' or 'could eventually make' happen. This reflects the internal 'give-and-take' of policy formulation and represents the author's views or proposals regarding potential agency actions. Therefore, it is deliberative.",,,,,,1.0
440,(Cost:   $20-30 billion over 10 years).,0,0.0,"This sentence provides a cost estimate. While cost estimates are often used in the process of making a decision, the sentence itself does not inherently indicate that a final decision has not yet been made. A cost estimate could be presented as part of a final report, a justification for a decision already made, or a historical record of a proposal that was considered and rejected. It does not, by itself, confirm that it precedes an agency's action or a final conclusion. Therefore, it is not always predecisional.","This sentence presents a specific numerical estimate. While the act of estimating involves judgment, the sentence itself states a numerical value rather than expressing an opinion, recommendation, or internal deliberation in the sense of policy or strategy. It is a factual statement about a projected cost, even if that projection is based on analysis. It does not reflect the 'give-and-take' of policy formulation or personal views on a course of action.",,,,,,0.0
441,3. Turning Around Every Failing School.,0,0.0,"This sentence is a short, declarative statement that appears to be a heading, a goal, or a policy objective. It does not inherently indicate whether a final decision has been made or is pending. It could be a statement of an existing policy, a goal for a future policy, or a topic for discussion. Without further context, it is not definitively predecisional.","This sentence, '3. Turning Around Every Failing School,' is a statement of a goal or an objective. It does not express an opinion, recommendation, or internal deliberation. It states what the agency aims to do, which is a factual statement about its mission or a policy objective, rather than a subjective view or a part of the 'give-and-take' of decision-making. It lacks the characteristics of a deliberative statement.",,,,,,0.0
442,"To close the opportunity gap, we must dose the achievement gap by focusing our efforts on the worst-performing schools.",1,1.0,"The sentence proposes a strategy ('we must dose the achievement gap by focusing our efforts on the worst-performing schools') to achieve a goal ('To close the opportunity gap'). This is a recommendation for future action, indicating that a final decision on how to address the opportunity gap has not yet been made. Therefore, it is predecisional.","The sentence expresses a strong recommendation and a policy opinion ('we must dose the achievement gap by focusing our efforts on the worst-performing schools'). It reflects the internal 'give-and-take' of the decision-making process, suggesting a specific approach to a problem. This is clearly a personal view or a proposed strategy, not a statement of fact or established agency policy. Therefore, it is deliberative.",,,,,,1.0
443,"With a series of accountability and performance initiatives in the FY 2001 budget (and the after-school pledge outlined above), you can credibly set forth an ambitious, defining goal for strengthening public education: turning around or shutting down every failing school in America overthe next decade.",1,1.0,"The sentence proposes a future course of action and a specific goal ('set forth an ambitious, defining goal for strengthening public education: turning around or shutting down every failing school'). This clearly precedes any final decision or implementation of such a goal, making it predecisional.","The sentence offers a recommendation or suggestion for a policy goal ('you can credibly set forth an ambitious, defining goal'). It reflects an internal discussion about potential strategies and objectives, representing the author's views on how to approach a policy issue rather than a statement of fact or established agency policy. Thus, it is deliberative.",,,,,,1.0
444,"In addition to doubling after-school funding, the key steps include: expanding your accountability fund; reaching your goal of 3,000 charter schools before you leave office; funding a new performance bonus to reward states and school districts for increasing their percentage of qualified teachers, adopting statewide accountability systems and school report card; and requiring universal public school choice for students in failing schools.",1,1.0,"The sentence lists a series of proposed actions or goals ('key steps include: expanding... reaching... funding... requiring...'). These are presented as future actions or objectives, indicating that decisions regarding their implementation or finalization have not yet been made. Therefore, the sentence is predecisional.","The sentence outlines specific recommendations or proposals for future policy actions. It reflects the internal 'give-and-take' of policy formulation, presenting a set of suggested initiatives rather than established facts or settled policy. The content represents policy opinions and recommendations, making it deliberative.",,,,,,1.0
445,We could also reintroduce a version of education opportunity zones.,1,1.0,"The sentence proposes a potential future action ('We could also reintroduce...'). This clearly indicates that a final decision on this matter has not yet been made and that the agency is still considering options. Therefore, it is predecisional.","The sentence 'We could also reintroduce a version of education opportunity zones' is a suggestion or a recommendation for a potential policy action. It reflects an internal deliberation about possible courses of action, representing the personal views of the author rather than an established policy or a factual statement. Thus, it is deliberative.",,,,,,1.0
446,(Cost: $3-5 billion over IO years).,0,0.0,"The sentence provides a cost estimate. While cost estimates are often used in the process of making a decision, the estimate itself is a factual piece of information. It does not inherently indicate that a final decision has not yet been made, as it could be part of a final report or a historical record of a past proposal. Therefore, it is not always predecisional.","The sentence presents a specific numerical estimate of cost. This is a factual statement, not an opinion, recommendation, or internal deliberation. It does not reflect the 'give-and-take' of the decision-making process, but rather a piece of data that might inform such a process.",,,,,,0.0
447,4. Closing the Digital Divide.,0,0.0,"This sentence is a heading or a topic. It does not inherently concern an issue where a final decision has not yet been made. It could be a topic for discussion, a section in a report about past actions, or a goal that has already been decided upon. Without further context, it is not always predecisional.","This sentence is a factual statement of a topic or a goal. It does not express an opinion, recommendation, or internal deliberation. It simply names a subject. Therefore, it is not deliberative.",,,,,,0.0
448,"If we are to close the opportunity gap in the next century, we must do all we can to address the emerging digital divide.",1,1.0,"The sentence presents a conditional statement ('If we are to close...') and a recommendation ('we must do all we can...') regarding future actions to address the 'digital divide.' This clearly indicates that a final decision on how to address this issue has not yet been made, and the sentence is intended to influence or guide future policy or action. Therefore, it is predecisional.","The sentence expresses a strong opinion and recommendation about what the agency 'must do' to achieve a future goal. It reflects the internal 'give-and-take' of policy formulation and represents the personal views of the author on a strategic imperative, rather than a statement of fact or established agency policy. Thus, it is deliberative.",,,,,,1.0
449,Key elements could include:,0,1.0,"The phrase 'Key elements could include:' introduces a list of potential components or considerations for an issue. This clearly indicates that a final decision on what elements will be included has not yet been made. It precedes the agency's action of finalizing the elements, making it predecisional.","The phrase 'Key elements could include:' is inherently recommendatory or suggestive. It introduces a discussion of potential options or components, reflecting internal 'give-and-take' and the exploration of ideas rather than a statement of fact or established policy. It represents the personal views or suggestions of the author regarding what might be considered. Thus, it is deliberative.",,,,,,1.0
450,Community Technology Centers.,0,0.0,"The sentence is a simple noun phrase, a label or a topic. It does not inherently indicate whether a final decision has been made or is pending. It could refer to an existing program, a topic for discussion, or a heading in a document. Without further context, it is impossible to determine if it precedes an agency's action or decision. Therefore, it is not always predecisional.","The sentence 'Community Technology Centers' is a factual label or title. It does not express an opinion, a recommendation, a policy view, or any internal deliberation. It is a descriptive term, not a subjective assessment or a piece of advice. Therefore, it is not deliberative.",,,,,,0.0
451,A more than four-fold increase in funding - from $32.5 million in FY 2000 to $132.5 million in FY 2001 as part of a major challenge to have Internet centers in all  poor communities.,0,0.0,"The sentence presents a factual comparison of funding levels between two fiscal years and describes it as 'part of a major challenge.' While this challenge might be related to an ongoing initiative, the sentence itself is a statement of historical fact regarding funding and a descriptive statement about a broader goal. It does not directly concern an issue where a final decision has not yet been made; rather, it describes decisions that have already been made (funding allocations) and a general objective. Therefore, it is not predecisional.","The sentence provides specific financial figures and describes a program's objective. These are factual statements about funding and program goals, not opinions, recommendations, or internal deliberations. It does not reflect the 'give-and-take' of the decision-making process or represent personal views. Therefore, it is not deliberative.",,,,,,0.0
452,"We could  challenge  the private sector to contribute hardware, software and man-hours  and possibly give them tax incentives  to donate used equipment.",1,1.0,"The sentence proposes a potential course of action ('We could challenge the private sector... and possibly give them tax incentives'). This clearly indicates that a final decision on this approach has not yet been made and is still under consideration. It is a suggestion for future action, making it predecisional.","The sentence offers a recommendation or suggestion for a policy approach ('We could challenge... and possibly give them tax incentives'). It reflects an internal 'give-and-take' of the decision-making process, presenting a potential strategy rather than a statement of fact or established policy. It represents the personal views of the author on how to proceed. Thus, it is deliberative.",,,,,,1.0
453,Develop Universal Internet Access.,0,1.0,"The sentence 'Develop Universal Internet Access' is a directive or a goal for future action. It implies that the specific methods, strategies, and implementation details for achieving universal internet access are still to be determined. Therefore, it concerns an issue where the final decision on how to achieve this goal, or the final state of its achievement, has not yet been made. It precedes the agency's final action or policy on the matter.","This sentence is not a statement of fact but rather a proposed action, a policy objective, or a recommendation. It reflects a choice or a course of action that the agency is considering or has decided to pursue. Such a statement represents a policy opinion or a strategic objective, which is a product of internal deliberation and the 'give-and-take' of the decision-making process. It is recommendatory in nature, even if presented as a directive, as it outlines what the agency 'should do' rather than what 'is'.",,,,,,1.0
454,Reserve a 100 million fund for public-private partnerships to bring affordable Internet access to poor families.,0,1.0,"The sentence is a recommendation or a proposal to 'reserve a 100 million fund.' This action clearly precedes any final decision by the agency to actually establish or allocate such a fund. It is a suggestion for a future action, making it predecisional.","The sentence is a direct recommendation or proposal for a specific action ('Reserve a 100 million fund'). It reflects the internal 'give-and-take' of the decision-making process, representing a policy opinion or suggestion rather than a statement of fact or established agency policy. It is clearly deliberative.",,,,,,1.0
455,â—¦ Teacher Training for the Internet.,0,0.0,"This sentence is a short phrase that appears to be a topic or a heading. It does not inherently indicate whether a final decision has been made or is pending regarding 'Teacher Training for the Internet.' It could be a topic for discussion, a program already implemented, or a proposed initiative. Without further context, it is not possible to definitively say it is predecisional.","This sentence is a descriptive phrase, likely a topic or a title. It does not express an opinion, recommendation, or internal deliberation. It states a subject matter rather than reflecting the 'give-and-take' of the decision-making process. Therefore, it is not deliberative.",,,,,,0.0
456,"We could dedicate $100 million- perhaps from the existing technology literacy challenge initiative - to ensure all new teachers, or all middle-school teachers, receive training in how to use computers as a learning device.",1,1.0,"The sentence proposes a specific course of action ('We could dedicate $100 million... to ensure all new teachers... receive training'). This is a clear suggestion for a future agency action, indicating that a final decision on this allocation and training program has not yet been made. Therefore, it is predecisional.","The sentence presents a recommendation or a policy option ('We could dedicate $100 million...'). It reflects the internal 'give-and-take' of the decision-making process, offering a specific idea for how to achieve a goal. This content represents the personal views or suggestions of the author rather than an established policy or a factual statement. Thus, it is deliberative.",,,,,,1.0
457,â—¦ School Internet Modernization Fund.,0,0.0,"The sentence is a title or a name for a fund. It does not inherently indicate whether a final decision regarding the fund's existence, funding, or specific use has not yet been made. It could refer to a proposed fund, an existing fund, or a fund being discussed. Without further context, it is not clearly predecisional.","The sentence is a factual label or name. It does not express an opinion, recommendation, or internal deliberation. It simply identifies a fund, rather than reflecting the 'give-and-take' of the decision-making process.",,,,,,0.0
458,A discretionary counterpart to our school construction proposal to modernize schools for new teachers and Internet access.,0,1.0,"The sentence describes a 'proposal.' A proposal, by its nature, precedes a final decision on whether to adopt or implement it. Therefore, it concerns an issue where a final decision has not yet been made, making it predecisional.","The sentence describes a 'proposal' which is inherently a recommendation or an idea put forward for consideration. It reflects an internal 'give-and-take' in the decision-making process, representing a potential policy or action rather than an established fact or final agency policy. Thus, it is deliberative.",,,,,,1.0
459,5. Closing the Opportunity Gap for College.,0,0.0,"This sentence is a heading or a topic. It does not describe an ongoing decision-making process, nor does it precede a specific agency action. It simply names an area of focus or a goal. It is not predecisional.","This sentence is a title or a topic. It does not express an opinion, recommendation, or internal deliberation. It is a factual label for a subject area. Therefore, it is not deliberative.",,,,,,0.0
460,"This element would focus on different aspects of closing the opportunity gap for college: helping more students aspire to and prepare for college, continuing to make college more affordable, and starting to address America's quiet crisis of dedining college completion rates.",1,1.0,"The sentence describes the focus of an 'element' related to closing the opportunity gap for college. The use of 'would focus' suggests a future or proposed action, indicating that a final decision on the specific implementation or details of this 'element' has not yet been made. It outlines potential areas of action, preceding any final agency action or policy. Therefore, it is predecisional.","The sentence outlines specific areas of focus for a proposed 'element.' While it describes what the element 'would focus on,' these are essentially recommendations or proposed strategies for addressing a problem. It reflects the internal 'give-and-take' of policy development, outlining potential approaches rather than stating a fact or an established policy. It represents the personal views or strategic thinking of the author regarding how to address the issue. Therefore, it is deliberative.",,,,,,1.0
461,Keeping Students on Track to College.,0,0.0,"This sentence is a title or a slogan. It does not describe an ongoing decision-making process or an issue where a final decision has not yet been made. It could be a title for a program, a report, or a general goal, which might be part of a final agency action or a settled matter. Therefore, it is not predecisional.","This sentence is a descriptive phrase or a title. It does not express an opinion, recommendation, or internal deliberation. It states a goal or a program's focus in a factual manner, without revealing any internal 'give-and-take' or personal views of the author. Therefore, it is not deliberative.",,,,,,0.0
462,"we could increase access for impoverished young people through Youth Opportunity Grants, TRIO, GEAR UP, and Youth Build, increasing funding to a total of $500 million.",1,1.0,"The sentence uses the phrase 'we could increase access' and proposes 'increasing funding to a total of $500 million.' This language clearly indicates a potential future action or policy recommendation that has not yet been decided or implemented. It is a suggestion for a course of action, making it predecisional.","The sentence presents a recommendation or a proposed course of action ('we could increase access... increasing funding'). This reflects an internal discussion about potential policy options and resource allocation, which is a core aspect of the deliberative process. It represents the personal views or suggestions of the author rather than a statement of fact or established agency policy.",,,,,,1.0
463,â—¦ AP Courses Online.,0,0.0,"This sentence is a short, factual phrase, likely a heading or a bullet point. It does not describe an issue where a final decision has not yet been made; it simply names a topic. It does not inherently precede an agency's action or decision.","This sentence is a factual label or topic. It does not express an opinion, recommendation, or internal deliberation. It is a descriptive phrase, not a reflection of 'give-and-take' in the decision-making process.",,,,,,0.0
464,Small and poor schools often-lack the resources and teachers to  offer challenging courses.,0,0.0,"The sentence states a general observation about small and poor schools. It does not concern an issue where a final decision has not yet been made, nor does it directly precede an agency's action. It is a factual statement about a condition, not a step in a decision-making process.","The sentence presents a factual observation or a generally accepted truth about the challenges faced by certain schools. It does not express an opinion, recommendation, or internal deliberation. It is a descriptive statement rather than a subjective view or a policy suggestion.",,,,,,0.0
465,This distance learning initiative aims to ensure that students in underserved areas get access to Advanced Placement and other highÂ­ quality academic courses and ESL programs online.,0,0.0,"The sentence describes the aim or objective of an initiative. While the initiative itself might be ongoing or subject to future decisions, this particular sentence states the established goal of the initiative. It does not concern an issue where a final decision has not yet been made, but rather describes a settled purpose. It is not predecisional.","The sentence states the aim of an initiative, which is a factual description of its purpose. It does not express an opinion, recommendation, or internal deliberation. It describes an objective, which is a statement of fact about the program's design.",,,,,,0.0
466,"Total funding for the initiative would be $225 million, including $50 million for grants, $25 million for course development, and.$125 million in increases in existing programs.",1,0.0,"The sentence provides specific financial figures for an initiative. While these figures might be part of a proposal that precedes a final decision, the sentence itself is a statement of fact about the proposed funding. It does not inherently indicate that a final decision has not yet been made, as it could be a factual summary of a proposal that has already been approved or rejected, or is simply being presented as information. It does not explicitly state that the decision is pending or that these figures are subject to change. Therefore, it is not always predecisional.","The sentence presents factual information about funding amounts and allocations. It does not express an opinion, recommendation, or internal deliberation. It is a straightforward statement of numerical data, not a subjective view or a part of the 'give-and-take' of decision-making. Thus, it is not deliberative.",,,,,,0.0
467,â—¦ Test Prep for Poor Kids.,0,1.0,"The sentence is a concise phrase, likely a bullet point or a topic heading. As such, it represents a concept, program idea, or area of focus that would typically be under consideration or discussion within an agency. It is not a final decision, a justification for a past action, or a settled matter. Therefore, it concerns an issue where a final decision has not yet been made, making it predecisional.","The phrase 'Test Prep for Poor Kids' itself is a descriptive label for a potential program or initiative. While it doesn't explicitly state an opinion or recommendation, its inclusion in a document (especially as a bullet point) implies it is a subject of internal discussion, consideration, or a proposed idea within the agency's decision-making process. It reflects the 'give-and-take' of identifying potential programs or policy options, rather than a simple statement of fact. Thus, it is deliberative.",,,,,,1.0
468,"This program would support partnerships among high schools, proven providers of college test  prep courses (like Kaplan,  Princeton Review), and community-based organizations to offer high-need students SAT/ACT preparation arid other services related to college admissions.",0,1.0,"The sentence describes the nature and components of a proposed program ('This program would support...'). The use of 'would support' indicates that the program is not yet established or finalized, but rather is a concept or proposal under consideration. Therefore, it concerns an issue where a final decision has not yet been made, making it predecisional.","The sentence describes the design and operational aspects of a proposed program. While it presents information about the program, it is not merely a factual statement about an existing program. Instead, it outlines the features of a potential program, which is inherently part of the internal 'give-and-take' of policy formulation and program design. It reflects a recommendation or a proposed approach rather than an established fact or policy. Therefore, it is deliberative.",,,,,,1.0
469,"Grants of $30 million would serve approximately  50,000 students.",0,0.0,"The sentence presents a hypothetical scenario ('Grants of $30 million would serve approximately 50,000 students'). This type of statement is often found in documents that are exploring options, analyzing potential outcomes, or making recommendations before a final decision is made on funding levels or program scope. Therefore, it is predecisional.","The sentence is a factual projection or an estimate based on a hypothetical condition. It does not express an opinion, recommendation, or internal deliberation. It provides a piece of information that might be used in a deliberation, but it is not deliberative in itself. It's a calculation or a factual consequence of a proposed action, not a subjective view or a policy choice.",,,,,,0.0
470,A couple of announcements that would make real sense to announce at the DLC:     (1) EITC -- new proposal plus victory lap on record,1,1.0,"The sentence proposes specific announcements to be made at an event. This proposal precedes any decision to actually make these announcements, making it predecisional as it relates to a future agency action.",The sentence 'A couple of announcements that would make real sense to announce at the DLC' expresses a recommendation or an opinion about what would be a sensible course of action. It reflects internal deliberation and strategic thinking rather than a statement of fact or established policy. The specific items listed (EITC -- new proposal plus victory lap on record) are also recommendations for content.,,,,,,1.0
471,(2) Child support -- new proposals plus new accomplishments data (see below)    .,1,1.0,"The sentence lists 'new proposals' related to child support. The existence of 'new proposals' inherently means that decisions regarding these proposals have not yet been made. Therefore, the sentence concerns an issue where a final decision has not yet been made, making it predecisional.","The phrase 'new proposals' refers to ideas or recommendations that are being considered. These proposals represent the internal 'give-and-take' of the decision-making process, reflecting potential policy options or recommendations rather than established facts or final agency policy. Thus, it expresses an opinion or recommendation.",,,,,,1.0
472,"(3) Welfare to work success -- new numbers from Welfare to Work Partnership (hiring, retention) plus general accomplishments",1,0.0,"This sentence appears to be a bullet point or an item in a list, likely outlining topics for discussion, points to be included in a report, or areas of focus. It describes categories of information or accomplishments. It does not inherently concern an issue where a final decision has not yet been made. It could be part of a final report, a summary of achievements, or a factual update, none of which are necessarily predecisional. Therefore, it is not always predecisional.","The sentence lists categories of information ('new numbers from Welfare to Work Partnership (hiring, retention) plus general accomplishments'). It does not express an opinion, recommendation, or internal deliberation. It is a factual description of data points or topics, not a subjective assessment or policy suggestion. Therefore, it is not deliberative.",,,,,,0.0
473,And of course we could add our food stamp car and IDA car policies.,1,1.0,"The sentence uses the phrase 'we could add,' which suggests a potential future action or a recommendation for what might be included in a policy or program. This indicates that a final decision on what to add has not yet been made, making the sentence predecisional.","The phrase 'we could add' is a suggestion or a recommendation, reflecting an internal discussion about potential policy options. It expresses an opinion or a proposal rather than a statement of fact or established policy. This content is part of the 'give-and-take' of the decision-making process.",,,,,,1.0
474,These announcements could work either before or after the VP announces the $250 million employment grants for fathers and families.,1,1.0,"The sentence discusses the timing of potential announcements relative to another event. This indicates that decisions about these announcements have not yet been finalized and are still being considered, making it predecisional.","The sentence explores different options for timing ('either before or after') and implies a strategic consideration of these options. This reflects internal 'give-and-take' and strategic planning, which are deliberative in nature, rather than a statement of fact or established policy.",,,,,,1.0
475,New Child Support Data We will have new data which show i) child support collections have nearly doubled under this Administration (from $8 billion in 1992 to and estimated $15.5 billion in 1999);,0,0.0,"The sentence presents factual data about child support collections. It does not concern an issue where a final decision has not yet been made. It is a statement of historical fact, not a precursor to a decision.","The sentence presents statistical data and a comparison, which are factual statements. It does not express an opinion, recommendation, or internal deliberation. It is a straightforward presentation of information.",,,,,,0.0
476,ii) of that $15.5 billion a record $1.3 billion came from seizing tax returns (up 18 percent over last  year);,0,0.0,"The sentence presents a factual statistic about the source and amount of seized tax returns. This is a historical fact and does not concern an issue where a final decision has not yet been made. It is a statement about past performance, not a precursor to a future decision.","The sentence provides specific numerical data and a percentage increase. It is a factual statement, not an opinion, recommendation, or internal deliberation. It reports on an outcome rather than reflecting the 'give-and-take' of a decision-making process.",,,,,,0.0
477,"iii) the new child support computer system proposed by the Administration in 1994 and enacted in 1996 located nearly 3 million delinquent parents and over 650,000 of their bank accounts last year;",0,0.0,"The sentence describes past events and outcomes: a system proposed in 1994, enacted in 1996, and its performance 'last year.' This information is presented as historical fact and does not concern an issue where a final decision has not yet been made. It is a statement about an existing system and its past performance, not a precursor to a new decision.","The sentence presents factual information about the child support computer system, including its proposal, enactment, and performance metrics (number of parents and bank accounts located). It does not express an opinion, recommendation, or internal deliberation. It is a statement of verifiable facts.",,,,,,0.0
478,"and iv) a child support law enforcement initiative launched by the Administration last year has inve tigated nearly 1,000 cases of the worst offenders, making nearly 300 arrests and obtaining $5.3 million in restitution orders.",0,0.0,"The sentence describes an initiative that was 'launched by the Administration last year' and provides statistics on its outcomes. This information pertains to an action that has already been taken and completed, and its results are being reported. It does not concern an issue where a final decision has not yet been made; rather, it reports on the results of a past decision and action. Therefore, it is not predecisional.","The sentence presents factual data and statistics about the outcomes of a past initiative (e.g., 'nearly 1,000 cases,' 'nearly 300 arrests,' '$5.3 million in restitution orders'). It does not express an opinion, recommendation, or internal deliberation. It is a statement of fact about the results of an agency's program. Therefore, it is not deliberative.",,,,,,0.0
479,These descriptions are still accurate.,0,0.0,"The sentence states that 'These descriptions are still accurate.' This is a factual assessment of the current validity of existing information. It does not inherently indicate that a final decision has not yet been made or that it is created specifically to assist a decision-maker in reaching a final conclusion. It could be a factual update on the status of existing descriptions, regardless of whether those descriptions are part of an ongoing decision-making process or a settled matter. Therefore, it is not always predecisional.","The sentence 'These descriptions are still accurate' is a factual statement about the current validity of certain descriptions. It does not express an opinion, recommendation, or internal deliberation. It is an assertion of fact regarding the accuracy of information, not a reflection of the 'give-and-take' of the decision-making process or the personal views of the author.",,,,,,0.0
480,"The details of the tobacco policy are still being worked out, but you could use this generic language as a placeholder.",1,1.0,"The sentence explicitly states that 'The details of the tobacco policy are still being worked out.' This clearly indicates that a final decision on the policy has not yet been made. The suggestion to use 'generic language as a placeholder' further confirms that the policy is in a predecisional stage, as it is being developed and finalized.","The sentence contains both a factual statement about the status of the policy ('details... are still being worked out') and a recommendation/advice ('you could use this generic language as a placeholder'). The recommendation reflects internal 'give-and-take' on how to manage communication or documentation while a policy is under development. This advice is an opinion on how to proceed during the deliberative process, rather than a statement of established policy or a pure fact.",,,,,,1.0
481,"Donâ€™t call it tobacco ""penalty""",1,1.0,"The sentence is a directive or recommendation regarding terminology. This type of instruction is typically given during the drafting or review phase of a document or communication, preceding the finalization and release of that document. Therefore, it concerns an issue where a final decision (on the specific wording to be used) has not yet been made.","The sentence 'Don't call it tobacco penalty' is a clear recommendation or instruction on how to phrase something. It reflects an internal 'give-and-take' about language choice, which is a form of policy opinion or advice, rather than a statement of fact. It represents the personal view of the author on appropriate terminology for an agency communication.",,,,,,1.0
482,Tobacco - Raising the Price of Cigarettes so Fewer Young People will Smoke.,0,0.0,"This sentence is a descriptive title or a statement of a policy goal. It does not inherently concern an issue where a final decision has not yet been made. It could be a statement of an existing policy, a goal for a future policy, or a topic for discussion. Without further context, it's not definitively predecisional.","The sentence states a policy goal and a proposed mechanism ('Raising the Price of Cigarettes so Fewer Young People will Smoke'). This reflects a policy opinion or a recommendation, rather than a pure statement of fact. It represents a view on how to achieve a certain outcome, which is deliberative in nature.",,,,,,0.0
483,Public health experts agree that the single most effective way to cut youth smoking is to raise the price of cigarettes.,0,0.0,"The sentence states a general agreement among public health experts regarding the effectiveness of a particular measure. While this information might be used to inform a decision, the sentence itself does not describe an issue where a final decision has not yet been made by the agency. It presents an external consensus as a factual observation, not an internal agency deliberation preceding a specific agency action. Therefore, it is not predecisional.","The sentence presents a consensus among public health experts as a factual statement ('Public health experts agree that...'). It does not express an opinion, recommendation, or internal deliberation of the agency itself. It reports an external finding or belief, rather than reflecting the agency's internal 'give-and-take' or personal views of the author. Thus, it is not deliberative.",,,,,,0.0
484,"To reduce youth smoking, the budget will include a combination of excise taxes and assessments on the industry if companies fail to meet youth smoking reduction targets.",0,0.0,"The sentence states that 'the budget will include' specific measures. This indicates a future action that has been decided upon and is being announced or described. It does not concern an issue where a final decision has not yet been made; rather, it describes a decision that has already been made and will be implemented. Therefore, it is not predecisional.","The sentence describes a planned policy action ('the budget will include a combination of excise taxes and assessments'). It is a statement of intent or a description of a policy that has been formulated, not an expression of opinion, recommendation, or internal deliberation about whether to adopt such a policy. It presents a factual statement about what the budget will contain, which is an established policy or plan.",,,,,,0.0
485,Listed below are the descriptions of the budget initiatives in your area that could be rolled out prior to the SOTU that I have included in the DPC memo regarding rollout.,0,1.0,"The sentence refers to budget initiatives that 'could be rolled out prior to the SOTU' and are included in a 'DPC memo regarding rollout.' This indicates that the initiatives are still in the planning or proposal stage, and their rollout is a future event, contingent on decisions yet to be made. The memo itself is likely part of the decision-making process for the rollout. Therefore, the sentence concerns an issue where a final decision has not yet been made, making it predecisional.","The sentence describes a list of budget initiatives that 'could be rolled out' and are part of a memo 'regarding rollout.' While the sentence itself is a factual statement about the existence of a list and its inclusion in a memo, the *content* it refers to (budget initiatives and their potential rollout) is inherently deliberative. The phrase 'could be rolled out' implies options and recommendations are being considered. The memo itself is likely to contain recommendations, policy opinions, or strategic discussions about the timing and nature of the rollout. Therefore, the sentence points to and describes deliberative content, reflecting the internal 'give-and-take' of the decision-making process regarding policy implementation. It is not merely a statement of fact about an established policy.",,,,,,1.0
486,"Please let me know if you have any edits, updates, changes, etc. to these descriptions.",0,1.0,"The sentence is a request for edits, updates, or changes to 'descriptions.' This clearly indicates that the descriptions are not yet final and are still subject to revision. Therefore, any decision regarding the final content of these descriptions has not yet been made, making the sentence predecisional.","The sentence, while a request, is an integral part of the internal 'give-and-take' of the decision-making process. It solicits opinions, recommendations, and internal deliberations from others regarding the content of the descriptions. It reflects the process of refining a document or policy before it is finalized, rather than stating a simple fact or established policy. Thus, it is deliberative.",,,,,,1.0
487,Any additions in blank areas would be greatly appreciated.,0,1.0,"The sentence is a request for 'additions in blank areas,' which clearly indicates that the document or proposal being discussed is not yet complete or finalized. The act of soliciting input means that decisions about the content or direction are still pending, thus preceding a final agency action or decision. Therefore, it is pre-decisional.","The sentence is a request for input, which is inherently a solicitation for opinions, recommendations, or contributions that will shape a final product. It reflects the internal 'give-and-take' of developing a document or policy, inviting personal views and suggestions rather than stating a fact or established policy. Therefore, it is deliberative.",,,,,,1.0
488,Philanthropy/Faith-Based Initiatives.,0,0.0,"This sentence is a heading or a label. It does not describe an issue where a final decision has not yet been made. It simply names a topic or category. Therefore, it is not predecisional.","This sentence is a heading or a label. It does not express an opinion, recommendation, or internal deliberation. It is a factual description of a topic. Therefore, it is not deliberative.",,,,,,0.0
489,Among the possible announcements we can make are         1) steps to increase involvement of community- and faith-based groups in after-school and other important programs; and 2) new tax incentives to promote increased charitable giving by all taxpayers.,1,1.0,"The sentence lists 'possible announcements we can make,' indicating that a final decision on which announcements to make, or even if any will be made, has not yet occurred. This clearly precedes the agency's final action of making an announcement, making it predecisional.","The sentence presents a list of 'possible announcements,' which are options or recommendations under consideration. This reflects the internal 'give-and-take' of the decision-making process, where various policy options are being weighed. It represents potential policy directions rather than established policy or a statement of fact. Thus, it is deliberative.",,,,,,1.0
490,Responsible Fatherhood Initiative: Promoting responsible fatherhood is the critical next stage of welfare reform and one of the most important things we can do to reduce child poverty.,1,0.0,"The sentence presents a policy statement or belief about the importance of the Responsible Fatherhood Initiative. While this initiative itself might be part of ongoing policy discussions, the sentence as written is a general declaration of its significance, not a specific input to a pending decision. It could be a statement from a final report, a public speech, or an internal document summarizing established agency priorities. It does not inherently precede a specific agency action or decision, so it is not always predecisional.","The sentence expresses a strong opinion and policy judgment: 'Promoting responsible fatherhood is the critical next stage of welfare reform and one of the most important things we can do to reduce child poverty.' This is a subjective assessment and a policy recommendation, reflecting the author's views on strategic priorities rather than a purely factual statement. Therefore, it is deliberative.",,,,,,0.0
491,We could a) announce new data showing the dramatic increases in child support collections made by this Administration and at the same time put forward a package of proposals to,1,1.0,"The sentence presents a potential course of action ('We could a) announce new data... and at the same time put forward a package of proposals'). This clearly indicates that a final decision on how to proceed has not yet been made. It is a suggestion for future action, making it predecisional.","The sentence offers a recommendation or a proposed strategy ('We could a) announce... and put forward...'). It reflects an internal discussion about potential options and approaches, representing the 'give-and-take' of the decision-making process. It is not a statement of fact or established policy, but rather a suggestion for policy or communication strategy. Thus, it is deliberative.",,,,,,1.0
492,b.) ensure every unemployed parent who owes child support goes to work and supports his children;,1,0.0,"This sentence describes a goal or objective ('ensure every unemployed parent...goes to work'). While such a goal might be part of a larger policy discussion that precedes a final decision, the sentence itself does not explicitly indicate that a final decision has not yet been made regarding this specific objective or the means to achieve it. It could be a statement of an established policy goal, a legislative mandate, or a program objective that has already been decided. Therefore, it is not always predecisional.","The sentence states a clear objective or policy aim. It does not express an opinion, recommendation, or internal deliberation about whether this should be the objective, but rather states the objective itself. It is a statement of what the agency aims to achieve, which is more akin to a factual statement of a policy goal than an internal 'give-and-take' about whether to adopt that goal. Therefore, it is not deliberative.",,,,,,0.0
493,c) collect more child support from parents who can afford to pay;,1,1.0,"This sentence is presented as an action item or a goal, indicated by the verb 'collect.' It describes a proposed or desired future action. As such, it precedes the actual implementation of that action and any final decision to pursue it, making it predecisional.","This sentence is a recommendation or a proposed course of action. It reflects a policy objective or a strategic aim rather than a statement of fact or an established policy. It represents a view on what should be done, which is inherently deliberative.",,,,,,1.0
494,d) revise outdated rules to ensure mothers and children receive more of the support the father pays;,1,1.0,"The sentence presents a recommendation or a proposed action ('revise outdated rules'). This action, if adopted, would lead to a change in policy or procedure. Therefore, the sentence precedes any final decision to revise the rules and the subsequent implementation of those revisions. It is clearly predecisional.","The sentence is a recommendation for a specific action ('revise outdated rules'). It expresses a policy opinion or a proposed course of action, reflecting the internal 'give-and-take' of the decision-making process. It is not a statement of fact or an established agency policy, but rather a suggestion for future action. Thus, it is deliberative.",,,,,,1.0
495,and e) promote efforts to ensure fathers returning from prison become responsible fathers and responsible members of society.,1,0.0,"This sentence describes a goal or an objective ('promote efforts to ensure fathers returning from prison become responsible fathers and responsible members of society'). While such goals often inform future decisions, this sentence itself does not directly precede a specific, identifiable agency decision. It could be part of a mission statement, a program description, or a general policy document that has already been finalized. It does not inherently indicate that a final decision on this specific effort has not yet been made. Therefore, it is not always predecisional.","This sentence states a programmatic goal or an objective. It does not express an opinion, a recommendation, or an internal deliberation. It is a statement of what the agency aims to achieve, which is a factual description of its purpose or policy, rather than a subjective view or a 'give-and-take' of the decision-making process. Therefore, it is not deliberative.",,,,,,0.0
496,Jack said you were asking about the food stamps immigrant proposals.,0,0.0,"The sentence states that Jack mentioned the recipient was asking about certain proposals. This is a factual statement about a past conversation or inquiry. It does not concern an issue where a final decision has not yet been made, nor does it precede an agency's action. It is merely an informational update about a past event.","The sentence is a factual statement about what Jack said. It does not express an opinion, recommendation, or internal deliberation. It simply conveys information about a past inquiry.",,,,,,0.0
497,Let me know if you need more info.,0,0.0,"This sentence is a standard closing remark in an email, offering further assistance. It does not concern an issue where a final decision has not yet been made, nor does it precede an agency's action in a substantive way. It is a procedural offer, not a substantive predecisional element.","This sentence is a procedural offer for more information, not an opinion, recommendation, or internal deliberation. It is a factual statement about the author's willingness to provide additional details if requested, rather than reflecting the 'give-and-take' of the decision-making process.",,,,,,0.0
498,"The reproposal of last year's food stamps elderly policy will help 10,000 people by FY05.",1,1.0,"The sentence describes the expected outcome of a 'reproposal' of a policy. The term 'reproposal' implies that a decision on this policy is still pending or being finalized. The statement projects future benefits ('will help 10,000 people by FY05'), which is a characteristic of a document created to assist a decision-maker in evaluating a proposed action. Therefore, it is predecisional.","The sentence presents a projection of the impact of a proposed policy. While it states a numerical outcome, this outcome is a forecast or an estimate, not a verifiable fact about an existing situation. Such projections are often part of the internal 'give-and-take' of the decision-making process, used to argue for or against a proposal. It reflects an assessment or an opinion about the potential effects of a policy, rather than a purely factual statement or established policy. Therefore, it is deliberative.",,,,,,1.0
499,"The new proposal, to restore benefits to pre 8/22/96 adults in families with kids, will help 150,000 people by FY05.",1,0.0,"The sentence describes a 'new proposal' and its projected impact. The term 'proposal' inherently means that a final decision has not yet been made; it is still under consideration. Therefore, the sentence concerns an issue where a final decision has not yet been made, making it predecisional.","The sentence states a factual projection about the number of people a 'new proposal' will help by a certain fiscal year. While the proposal itself is deliberative, the sentence is presenting a factual consequence or impact of that proposal, not an opinion, recommendation, or internal deliberation about whether to adopt the proposal or what its merits are. It's a factual statement about a proposed outcome, not a subjective view or a 'give-and-take' of the decision-making process.",,,,,,0.0
500,"Apparently our parents of CHIP proposal as currently scored wouldn't give states the option of covering legal immigrant parents, despite the fact that we propose to cover legal immigrant kids under CHIP.",1,1.0,"The sentence discusses the implications of a 'CHIP proposal as currently scored,' specifically regarding the coverage options for legal immigrant parents and children. The phrase 'as currently scored' implies that the proposal is still under evaluation or development, and its final form or impact is not yet settled. The discussion of what the proposal 'wouldn't give states the option of' and what 'we propose to cover' indicates that decisions are still being made about the scope and details of the proposal. Therefore, it is predecisional.","The sentence presents an analysis of the proposal's current state and its potential shortcomings or inconsistencies ('wouldn't give states the option... despite the fact that we propose to cover...'). This reflects an internal assessment, a critique, or an observation that contributes to the 'give-and-take' of policy formulation. It expresses an opinion or an internal deliberation about the proposal's design and implications, rather than a purely factual statement about an established policy. It highlights an issue that might require further deliberation or adjustment to the proposal. Therefore, it is deliberative.",,,,,,1.0
501,"(Under current law legal immigrant children who arrived pre 8/96 can be covered by CHIP or Medicaid at state option, and we have proposed and will re-propose to allow the Medicaid/CHIP state option for immigrant children arriving post-8/96.)",0,0.0,"The sentence describes current law and states a past proposal that will be re-proposed. The act of 're-proposing' indicates that a final decision on the proposed change has not yet been made and is still an active legislative or policy consideration. Therefore, the sentence concerns an issue where a final decision has not yet been made, making it predecisional.","The sentence states a factual description of current law and a factual statement about a past and future proposal. While the proposal itself is a policy recommendation, the sentence merely states the fact of the proposal and the intent to re-propose it. It does not express an opinion, recommendation, or internal deliberation about the merits of the proposal or the strategy behind it. It is a factual statement about an agency's legislative agenda. Therefore, it is not deliberative.",,,,,,0.0
502,Mendelson and I realized this yesterday and he's got folks scoring the additional cost.,1,1.0,"The sentence describes an internal realization and a subsequent action (scoring additional cost) that is being undertaken to gather information. This information gathering is clearly intended to assist in a future decision-making process, making it predecisional. The 'realization' itself is an internal thought process that precedes a final conclusion or action.","The sentence describes an internal 'realization' by Mendelson and the author, which is an internal thought process or assessment. The subsequent action of 'scoring the additional cost' is a step taken to inform a future decision, reflecting an internal deliberation about the financial implications of a potential course of action. This content reflects the 'give-and-take' of the decision-making process, representing the personal views and analytical steps of the authors rather than a factual statement or established agency policy.",,,,,,1.0
503,If the parents proposal flies (and I hope it does) I think it would be embarrassing if we left out legal immigrants.,1,1.0,"The sentence discusses a hypothetical scenario ('If the parents proposal flies') and expresses a potential consequence ('it would be embarrassing if we left out legal immigrants'). This clearly indicates that a final decision on the 'parents proposal' has not yet been made, and the author is contemplating its implications and potential outcomes. Therefore, it is predecisional.","The sentence contains several elements of opinion and recommendation: 'I hope it does' (an expression of personal desire/support) and 'I think it would be embarrassing' (a subjective assessment of a potential negative outcome). This reflects the author's personal views and internal deliberation on policy choices and their potential ramifications, rather than a statement of fact or established policy. Thus, it is deliberative.",,,,,,1.0
504,We spoke again to Barbara Chow and others at OMB on other legal immigrant matters.,1,0.0,"The sentence describes a past event: a conversation with individuals at OMB. It does not indicate that a final decision has not yet been made on a specific issue. While the conversation might have been about matters where decisions were pending, the sentence itself is a factual report of a meeting, not a statement that precedes an agency's action or a final conclusion. It does not inherently concern an issue where a final decision has not yet been made.","The sentence is a factual statement reporting that a conversation took place. It does not express an opinion, recommendation, or internal deliberation. It simply states that a meeting occurred to discuss 'other legal immigrant matters,' without revealing the content of those discussions or any subjective views. Therefore, it is not deliberative.",,,,,,0.0
505,OMB thinks we can pay for re-proposing our proposals from last year plus maybe a small add on which would be helpful but fall short of the advocates wish list.,1,1.0,"The sentence discusses OMB's thinking regarding funding for re-proposing proposals and a potential add-on. This clearly indicates that decisions about funding, specific proposals, and the scope of those proposals are still being considered and have not been finalized. It directly precedes any final agency action on these proposals or their funding.","The sentence states 'OMB thinks we can pay for...' and describes a potential outcome ('would be helpful but fall short of the advocates wish list'). This reflects an internal assessment, an opinion, and a recommendation from OMB regarding the financial viability and scope of future proposals. It represents the 'give-and-take' of the decision-making process, offering a view on what is feasible and desirable, rather than a statement of fact or established policy.",,,,,,1.0
506,"The attached table has more information, but broadly:",0,0.0,"The sentence introduces an attached table with more information. It does not concern an issue where a final decision has not yet been made. It is a neutral, descriptive statement about the content of a document, not a step in a decision-making process. Therefore, it is not predecisional.","The sentence is a factual statement about the existence of an attached table and its general content. It does not express an opinion, recommendation, or internal deliberation. It is purely descriptive. Therefore, it is not deliberative.",,,,,,0.0
507,"Re-proposing FY 2000 proposals: $1.9 billion over 5 years, $11.6 billion over 10.",1,1.0,"The sentence refers to 'Re-proposing FY 2000 proposals.' The act of re-proposing indicates that these are not final decisions but rather suggestions or plans that are still under consideration for future action. Therefore, it is predecisional.","The sentence presents specific financial figures associated with proposals. While the figures themselves are factual, the context of 'proposals' and 're-proposing' implies that these are recommendations or options being considered as part of the internal decision-making process. They represent potential courses of action or budgetary recommendations rather than established facts or final agency policy. Thus, it is deliberative.",,,,,,1.0
508,"FY 2000 proposals plus small add-on: $2.1-2.4 billion over 5 years, $12.3-$12.6 billion over 10.",1,1.0,"The sentence presents financial figures for 'FY 2000 proposals plus small add-on.' The term 'proposals' inherently indicates that these are not final decisions but rather suggestions or plans that are still under consideration. Therefore, the information precedes a final decision on the budget or funding, making it predecisional.","The sentence presents specific financial figures associated with 'proposals.' While the numbers themselves are factual, their context as 'proposals' means they are part of an internal discussion or recommendation regarding future spending. These figures represent options or recommendations being considered, reflecting the 'give-and-take' of the decision-making process regarding budget allocation. They are not established facts about a finalized budget but rather elements of a deliberative process.",,,,,,1.0
509,"Advocates wish list: $7.2 billion over 5 years, at least $26 billion over 10",1,1.0,"The sentence presents a 'wish list' of funding amounts. This 'wish list' represents a proposal or request that would precede any agency decision on funding allocation or budget recommendations. Therefore, it is predecisional.","The sentence states an 'Advocates wish list,' which is a specific recommendation or proposal for funding levels. It reflects the views or desires of a particular group, intended to influence a decision, rather than a statement of fact or established policy. Thus, it is deliberative.",,,,,,1.0
510,Mary and NEC have been working with DOT to develop a package of '01 tribal transportation proposals.,1,1.0,"The sentence states that individuals have been 'working with DOT to develop a package of '01 tribal transportation proposals.' The act of 'developing a package of proposals' clearly indicates that a final decision on these proposals has not yet been made. The work described is preparatory to a decision, making it predecisional.","The sentence describes an ongoing process of 'developing a package of proposals.' This activity inherently involves internal 'give-and-take,' recommendations, and policy opinions as the proposals are being formulated. It reflects the internal process of shaping potential policy or actions rather than stating a fact about an established policy or a completed event. Therefore, it is deliberative.",,,,,,1.0
511,We worked to make sure they gave serious consideration to allowing tribes to apply directly for Access to Jobs grants (as you know we've been going back and forth with FTA about this for a while).,1,1.0,"The sentence describes an ongoing effort ('We worked to make sure they gave serious consideration') regarding a policy issue ('allowing tribes to apply directly for Access to Jobs grants'). The parenthetical remark 'we've been going back and forth with FTA about this for a while' further emphasizes that this is an unresolved issue where a final decision has not yet been made. The agency is actively trying to influence a decision, making the sentence predecisional.","The sentence describes an internal effort to influence a policy outcome and reflects the 'give-and-take' of the decision-making process ('We worked to make sure they gave serious consideration'). It reveals the agency's advocacy for a specific policy position and the ongoing internal debate ('going back and forth'). This content represents the personal views and strategic actions of the author/agency to shape policy, rather than a statement of fact or established policy. Thus, it is deliberative.",,,,,,1.0
512,"Yesterday, DOT agreed to propose appropriations language that will allow tribes to apply directly for Access to Jobs grants.",1,0.0,"The sentence states that DOT 'agreed to propose appropriations language.' This indicates that a decision has been made to propose something, but the actual proposal and its subsequent approval or rejection are still future events. The agreement to propose is a step in a larger decision-making process, preceding the final decision on the appropriations language itself. Therefore, it is predecisional.","The sentence reports a factual agreement by DOT to take a specific action (propose appropriations language). While the *content* of the proposed language might be deliberative, the statement itself is a factual report of an agreement, not an opinion, recommendation, or internal deliberation. It describes an action taken, not the 'give-and-take' of the decision-making process itself. It is a statement of fact about an agency's commitment.",,,,,,0.0
513,"They also plan to set aside $5 M within the $150 M for tribes, but they think this can be done administratively through the application process.",1,1.0,"The sentence describes a plan to set aside funds and a belief about how this can be achieved. The use of 'plan to set aside' and 'think this can be done' indicates that these are proposals or intentions that precede a final decision or official action. The administrative process for the application is still being considered or developed, making it predecisional.","The sentence contains elements of both fact and opinion/recommendation. The 'plan to set aside $5 M' could be seen as a factual statement about an internal intention. However, the phrase 'they think this can be done administratively through the application process' clearly expresses an opinion, a belief, or a recommendation regarding the method of implementation. This reflects internal deliberation on how to achieve a goal, rather than a simple statement of fact. It represents the personal views of the authors or those they are reporting on, regarding a proposed course of action.",,,,,,1.0
514,Apparently they also plan to do a similar set-aside for projects in the Delta.,1,1.0,"The sentence states what 'they also plan to do.' This indicates a future action or decision that has not yet been finalized or implemented. Therefore, it concerns an issue where a final decision has not yet been made, making it predecisional.","The phrase 'Apparently they also plan to do' conveys an observation or an understanding of someone else's intentions or proposed actions. While it reports on a plan, it is presented as an observation or an internal understanding of a potential future course of action, rather than a definitive statement of fact or established policy. It reflects an internal discussion or awareness of a developing plan, which is part of the 'give-and-take' of the decision-making process. It is not a mere factual statement about an event that has already occurred or a settled policy.",,,,,,1.0
515,Set-aside grants would still have to follow the ATJ program requirements.,1,0.0,"The sentence states a requirement that 'set-aside grants would still have to follow the ATJ program requirements.' This is presented as an existing or established rule or condition, not as a matter under discussion or a decision yet to be made. It describes a current state of affairs or a standing policy, rather than preceding an agency's action or decision. Therefore, it is not predecisional.","The sentence states a factual requirement or an established rule. It does not express an opinion, recommendation, or internal deliberation. It is a statement of fact about program requirements, not a reflection of the 'give-and-take' of the decision-making process. Thus, it is not deliberative.",,,,,,0.0
516,Can you call Jennifer Friedman and work with her to figure out how to spend the $15 million?,1,1.0,"The sentence is a directive to 'figure out how to spend the $15 million.' This clearly indicates that a final decision on the allocation or use of these funds has not yet been made. The task is to develop a plan or recommendation, which directly precedes the agency's action of spending the money. Therefore, it is predecisional.","The sentence is a request to 'figure out how to spend' funds, which involves developing options, making recommendations, and engaging in internal 'give-and-take' about resource allocation. This is a classic example of internal deliberation, as it seeks to formulate a plan or policy rather than stating a fact or established policy. It reflects the personal views and strategic thinking required to make a decision.",,,,,,1.0
517,(Since this is discretionary we would only worry about the year 1 costs.) .,0,1.0,"The sentence discusses a consideration related to costs for a discretionary matter. The phrase 'we would only worry about the year 1 costs' implies that a decision is being made or considered regarding how to approach or prioritize costs for something that is not mandatory. This indicates that a final decision on the discretionary matter, and its associated financial implications, has not yet been made. Therefore, it is predecisional.","The sentence expresses an internal assessment and a recommendation or strategic approach ('we would only worry about the year 1 costs'). This reflects the 'give-and-take' of the decision-making process, representing the personal views or internal policy considerations of the author rather than a factual statement or established agency policy. It is clearly deliberative in nature, outlining a specific approach to a discretionary issue.",,,,,,1.0
518,I think your summary looks fine but it's essentially a much more articulate version of what we proposed last year and couldn't get the ag appropriators to fund.,1,0.0,"The sentence is an assessment of a summary and a comparison to a past proposal. It does not concern an issue where a final decision has not yet been made. Instead, it refers to a past proposal that was not funded, indicating a decision has already been made on that specific matter. While the summary itself might be predecisional for a new proposal, the sentence's content is primarily retrospective and evaluative of past events, not directly preceding a new agency action. Therefore, it is not always predecisional.","The sentence contains several opinions and assessments: 'I think your summary looks fine,' 'it's essentially a much more articulate version,' and an explanation of past difficulties ('couldn't get the ag appropriators to fund'). These are subjective judgments and internal reflections, not objective facts. This content reflects the internal 'give-and-take' and personal views of the author, making it deliberative.",,,,,,0.0
519,Jennifer and Jeff Farkas are trying to figure out if they can squirrel away some of the $15 million elsewhere in a place that will be more likely to get funded.,1,1.0,The sentence describes an ongoing effort to 'figure out' how to reallocate funds to increase the likelihood of funding. This clearly indicates that a final decision on the allocation of the $15 million has not yet been made and is actively being deliberated. It precedes any final agency action regarding the funding.,"The phrase 'trying to figure out if they can squirrel away some of the $15 million elsewhere in a place that will be more likely to get funded' expresses an internal thought process, a strategic consideration, and a recommendation or exploration of options. It reflects the 'give-and-take' of the decision-making process, representing the personal views and strategic thinking of the individuals involved rather than a statement of fact or established agency policy. It is clearly deliberative in nature.",,,,,,1.0
520,Attached is my version of FNS's version that was axed by the Secretary's office and;,1,0.0,"The sentence refers to a version of a document that 'was axed by the Secretary's office.' This indicates that a decision has already been made regarding that specific version (it was rejected). Therefore, the sentence itself is not predecisional with respect to the 'axed' version. It describes a past event or decision.","The sentence is a factual statement about the status of a document ('my version of FNS's version that was axed'). It does not express an opinion, recommendation, or internal deliberation. It simply describes what is attached and its history.",,,,,,0.0
521,"therefore, never went to OMB for consideration.",1,0.0,"The sentence states that something 'never went to OMB for consideration.' This indicates that a potential decision-making process involving OMB was not initiated or completed. It describes a past event or non-event, rather than preceding a future agency action or decision. Therefore, it is not predecisional.","The sentence is a factual statement about a procedural outcome: something did not go to OMB. It does not express an opinion, recommendation, or internal deliberation. It simply states what happened (or didn't happen). Therefore, it is not deliberative.",,,,,,0.0
522,I made some changes to it adding some language on working poor and playing down some of their nutritional education ideas and playing up on the outreach (education about eligibility) aspects.,1,1.0,"The sentence describes changes made to a document or proposal. These changes are part of the drafting or revision process, which typically precedes a final decision or official agency action. The act of 'adding language' and 'playing down/up' specific ideas indicates that the document is still in flux and not yet a final product. Therefore, it is predecisional.","The sentence details specific editorial and substantive changes made to a document, reflecting the author's judgment and recommendations on how to shape the content. Phrases like 'adding some language,' 'playing down some of their nutritional education ideas,' and 'playing up on the outreach' clearly express opinions, preferences, and strategic choices in the drafting process. This content reflects the internal 'give-and-take' and personal views of the author in shaping a policy or program document, making it deliberative.",,,,,,1.0
523,I didn't remember you telling me that you already mentioned bumping it up to $15 million to Barbara.,1,0.0,"The sentence is a statement about the author's memory regarding a past conversation. It does not concern an issue where a final decision has not yet been made. It refers to a past communication about a potential change in a figure, but the sentence itself is not part of the decision-making process for that change. It is a recollection, not a predecisional input.","The sentence is a factual statement about the author's memory of a past conversation. It does not express an opinion, recommendation, or internal deliberation. It simply states a lack of recollection regarding a specific piece of information. While the content of the past conversation (bumping up to $15 million) might have been deliberative, this sentence itself is not.",,,,,,0.0
524,Cynthia A. Rice,0,0.0,"The sentence is a proper name. It provides no information about any decision-making process, pending or otherwise. It does not concern an issue where a final decision has not yet been made. Therefore, it is not predecisional.","The sentence is a proper name, which is a factual identifier. It does not express an opinion, recommendation, or internal deliberation. Therefore, it is not deliberative in content.",,,,,,0.0
525,"As you know I asked Barbara to up the number to $15 million, and at the welfare meeting late this afternoon Jennifer Friedman said OMB is prepared to go to $15 million but is looking for a place to put some of it that will be more likely to get enacted and wanted to know if we have any ideas.",1,1.0,"The sentence describes an ongoing negotiation and search for solutions regarding a budget allocation. The phrases 'asked Barbara to up the number,' 'OMB is prepared to go to $15 million but is looking for a place to put some of it,' and 'wanted to know if we have any ideas' all clearly indicate that a final decision on the budget allocation and its specific placement has not yet been made. It is actively seeking input and exploring options, making it predecisional.","The sentence contains several elements that are deliberative: 'I asked Barbara to up the number' (a recommendation/request), 'OMB is prepared to go to $15 million but is looking for a place to put some of it that will be more likely to get enacted' (an internal strategic assessment and condition), and 'wanted to know if we have any ideas' (a solicitation for recommendations/opinions). These elements reflect the internal 'give-and-take' of the decision-making process, including recommendations, strategic considerations, and the solicitation of policy opinions, rather than a statement of fact or established policy.",,,,,,1.0
526,What is the attachment below?,0,0.0,"The sentence is a question seeking information about an attachment. It does not concern an issue where a final decision has not yet been made, nor does it precede an agency's action or decision. It is a request for clarification or identification, not a step in a decision-making process.","The sentence is a direct question seeking a factual identification ('What is the attachment below?'). It does not express an opinion, recommendation, or reflect internal 'give-and-take' of the decision-making process. It is a request for a fact, not a deliberation.",,,,,,0.0
527,Is that FNS's original proposal?,0,0.0,"The sentence is a question asking for clarification about a proposal. A question about a proposal inherently relates to an issue where a final decision has not yet been made, as proposals are typically subjects of discussion and decision-making. Therefore, it is predecisional.","The sentence is a question seeking factual information about the origin of a proposal. It does not express an opinion, recommendation, or internal deliberation. It is a request for a factual clarification, not a reflection of the 'give-and-take' of the decision-making process itself. Therefore, it is not deliberative.",,,,,,0.0
528,"OMB included in passback $7 million for nutritional education, of which not less than $5 million is for educating food stamp eligibles not currently participating in the program -- including the working poor, welfare leavers, elderly, and ABAWD's of their ability to apply for food stamps.",0,0.0,"The sentence describes a specific allocation included in a 'passback' from OMB. A passback is a stage in the budget process where OMB returns agency budget requests with its recommendations, which are still subject to further negotiation and final decisions. Therefore, the information presented in the passback is predecisional, as it precedes the final budget approval and appropriation.","The sentence states a specific allocation and its intended use as determined by OMB in the passback. While the passback itself is part of a deliberative process, this particular sentence presents a concrete decision or recommendation made by OMB regarding funding. It is a factual statement about what OMB 'included' in the passback, rather than an opinion, recommendation, or internal deliberation from the author of the email. It describes a specific action taken by OMB within the deliberative process, but the sentence itself is not expressing an opinion or recommendation of the email's author.",,,,,,0.0
529,I'm not a big FORK fan - I think it's overly prescriptive but this is what it does:,0,0.0,"The sentence expresses a personal opinion about a tool or method ('FORK'). While this opinion might inform future decisions, the sentence itself does not directly concern an issue where a final decision has not yet been made. It's a general statement of preference or critique, not tied to a specific, pending agency action or policy. It could be part of a discussion that leads to a decision, but it's not inherently predecisional in all contexts.","The sentence 'I'm not a big FORK fan - I think it's overly prescriptive' clearly expresses a personal opinion and a critical assessment. This reflects the internal 'give-and-take' of the decision-making process, representing the personal views of the author rather than a factual statement or established agency policy. Thus, it is deliberative.",,,,,,0.0
530,Requires FNS to conduct annual on-site inspections of local food stamp offices in every state and authorizes appropriations for this purpose.,0,0.0,"The sentence describes a requirement and authorization, which are characteristics of a final rule, law, or policy. It states what 'Requires' and 'authorizes,' indicating a decision that has already been made and implemented, rather than preceding an agency's action. Therefore, it is not predecisional.","The sentence states a requirement and an authorization, which are factual descriptions of a policy or legal mandate. It does not express an opinion, recommendation, or internal deliberation. It describes an established policy or legal provision, not the 'give-and-take' of the decision-making process. Therefore, it is not deliberative.",,,,,,0.0
531,(current FNS regulations require inspections but they can be desk audits which do not require annual visits.,0,0.0,"The sentence states a current requirement of FNS regulations. This is a statement of existing policy or fact, not a discussion or consideration of a future decision. It does not precede an agency's action or decision-making process; rather, it describes an established rule. Therefore, it is not predecisional.","The sentence provides factual information about existing FNS regulations. It describes what the regulations require and permit ('require inspections but they can be desk audits which do not require annual visits'). It does not express an opinion, recommendation, or internal deliberation. It is a statement of fact about current policy.",,,,,,0.0
532,Authorizes a demonstration project in which FNS works with state caseworkers to develop caseworker training materials and guidebooks to help state provide clearer information about fs to TANF recipients.,0,0.0,"The sentence describes an authorization for a demonstration project. The word 'Authorizes' indicates that a decision has already been made to approve and implement this project. Therefore, the sentence is not predecisional; it describes a final agency action or a settled matter.","The sentence describes a specific action that has been authorized, outlining the scope and purpose of the demonstration project. It states what the project 'works with' and 'to help state provide.' This is a factual description of an approved program, not an opinion, recommendation, or internal deliberation. It does not reflect the 'give-and-take' of the decision-making process but rather the outcome of that process.",,,,,,0.0
533,Authorizes a competitive grant program to be administered by USDA in consultation with HHS to develop local strategies for improving food stamp access and educating working families about their eligibility.,0,0.0,"The sentence describes a program that 'Authorizes' certain actions. This language suggests that the program has already been established or approved, meaning a final decision has been made. It does not concern an issue where a final decision has not yet been made; rather, it describes the parameters of an existing or newly authorized program. Therefore, it is not predecisional.","The sentence describes the features and administration of an authorized program. It states what the program 'Authorizes' and how it will be 'administered.' This is a factual description of an established program's scope and operational details, not an opinion, recommendation, or internal deliberation. It reflects established policy rather than the personal views of the author or internal 'give-and-take.'",,,,,,0.0
534,"These grants will go to food banks, schools, WIC clinics etc.",0,0.0,"The sentence states where grants 'will go.' This indicates a future action that has already been decided upon. It describes the outcome of a decision rather than preceding the decision itself. Therefore, it is not predecisional.","The sentence is a factual statement about the intended recipients of grants. It does not express an opinion, recommendation, or internal deliberation. It describes an established plan or outcome.",,,,,,0.0
535,(Part of determining the cost is how many of these grants will authroized),0,1.0,"The sentence describes a factor in determining cost, implying that the cost determination itself is an ongoing process and that the number of authorized grants is not yet finalized. This clearly indicates that a final decision on the cost or the number of grants has not yet been made, making it predecisional.","The sentence explains a consideration or a factor that is part of an internal calculation or assessment ('Part of determining the cost is how many of these grants will be authorized'). This reflects the internal 'give-and-take' of the decision-making process, specifically regarding the methodology or variables involved in a financial assessment. It is not a statement of fact about an established policy or a final decision, but rather an insight into the analytical process. Therefore, it is deliberative.",,,,,,1.0
536,Requires state TANF programs to provide clear info about ts eligibility  to people being diverted from TANF and people exiting TAIF.,0,0.0,"The sentence describes a requirement for state TANF programs. This requirement could be a proposed policy (predecisional) or an existing, established policy (not predecisional). Without further context, it's impossible to definitively say if a final decision has not yet been made regarding this requirement. It could be a summary of an existing regulation or a recommendation for a new one. Therefore, it is not always predecisional.","The sentence states a requirement ('Requires state TANF programs to provide clear info...'). This is a statement of a rule or a condition, which is factual in nature, even if it's a proposed rule. It does not express an opinion, recommendation, or internal deliberation. It describes what a program 'requires' rather than reflecting the 'give-and-take' of the decision-making process. Therefore, it is not deliberative.",,,,,,0.0
537,Authorizes a tax credit for businesses who are designated as information partners by USDA because they contribute substantial goods or services to help expand the toll-free hotline.,0,0.0,"The sentence describes a proposed or existing authorization for a tax credit. If this is a proposal, it would be predecisional. However, if it describes an authorization that has already been enacted or officially settled, then it would not be predecisional. The sentence itself does not provide enough context to definitively determine if a final decision has not yet been made. Therefore, it is not always predecisional.","The sentence describes a specific policy mechanism ('Authorizes a tax credit for businesses...'). It states what the authorization entails, rather than expressing an opinion, recommendation, or internal deliberation about whether such a credit *should* be authorized or how it *might* work. It presents a factual description of a policy, whether proposed or enacted. Therefore, it is not deliberative.",,,,,,0.0
538,How does the FORK act work -- how does it provide outreach funds in a way that needs to be scored?,0,1.0,"The sentence poses questions about the functionality and scoring of the 'FORK act.' These questions indicate that the agency is seeking information or clarification to understand the act, likely as part of a process to make a decision about its implementation, funding, or assessment. Therefore, it precedes a final decision or action related to the act, making it predecisional.","The sentence consists of questions that are clearly part of an internal inquiry or discussion. Posing questions about how an act works and how it needs to be scored reflects the 'give-and-take' of the decision-making process, where information is sought and analyzed to inform future actions or policy. It is not a statement of fact or established policy, but rather an internal deliberation.",,,,,,1.0
539,They don't ask for a specific amount - CBO and JCT are scoring it.,0,0.0,"The sentence states that CBO and JCT are scoring something. This 'scoring' process typically occurs before a final decision is made on a legislative proposal or policy, as it provides crucial financial analysis to inform decision-makers. Therefore, the activity described is predecisional.","The sentence is a factual statement about an ongoing process ('CBO and JCT are scoring it') and a factual observation ('They don't ask for a specific amount'). It does not express an opinion, recommendation, or internal deliberation. It describes an action being taken by other entities, not the internal 'give-and-take' of the author's agency's decision-making process.",,,,,,0.0
540,There rough estimate is $20/ 5 years but Levin's staff admitted that she really doesn't know.,0,1.0,"The sentence refers to a 'rough estimate' and an admission that 'she really doesn't know.' This suggests that the information is preliminary and uncertain, indicating that a final decision based on precise figures or complete information has not yet been made. Therefore, it is predecisional.","The sentence presents a 'rough estimate' and an admission of uncertainty, which are characteristic of internal discussions and the 'give-and-take' of the decision-making process. It reflects an opinion or an unconfirmed piece of information rather than a definitive fact or established policy. Thus, it is deliberative.",,,,,,1.0
541,Cynthia A. Rice,0,0.0,"The sentence is a proper name. It does not concern an issue where a final decision has not yet been made, nor does it provide any context related to a decision-making process. Therefore, it is not predecisional.","The sentence is a proper name. It does not express an opinion, recommendation, or internal deliberation. It is a factual identifier. Therefore, it is not deliberative.",,,,,,0.0
542,"I see Coyne, Levin et al don't ask for a specific amount for food starnp outreach.",0,0.0,"The sentence states an observation about what specific individuals (Coyne, Levin et al) did not request. This observation could be part of a predecisional discussion about budget allocations or program funding, where the absence of a request for a specific amount might influence a future decision. However, it could also be a factual observation in a post-decisional report or a general informational update. Without further context, it is not *always* predecisional.","The sentence is a factual observation about the content of a request or proposal ('don't ask for a specific amount'). It does not express an opinion, recommendation, or internal deliberation. It simply states what was observed in a document or communication. Therefore, it is not deliberative.",,,,,,0.0
543,At what level was the funding in the FORK act?,0,0.0,"The sentence is a question seeking factual information about past funding levels. It does not concern an issue where a final decision has not yet been made. It is a request for information about an existing act, not a step in a decision-making process.","The sentence is a direct question seeking a factual answer ('At what level was the funding'). It does not express an opinion, recommendation, or internal deliberation. It is a request for information, not a reflection of the 'give-and-take' of the decision-making process.",,,,,,0.0
544,"Short Version Propose $500 million in FY 2001, with $500 million in out-years, for Welfare-to-Work competitive grants.",0,1.0,"The sentence proposes a specific funding amount for future fiscal years ('FY 2001, with $500 million in out-years'). This is a clear recommendation for a future action, indicating that a final decision on this funding has not yet been made. Therefore, it is predecisional.","The sentence uses the word 'Propose,' which explicitly indicates a recommendation or a suggestion. It is not a statement of fact about an existing budget or an established policy, but rather an opinion or a plan put forward for consideration. This reflects the internal 'give-and-take' of the decision-making process, making it deliberative.",,,,,,1.0
545,"These grants could fund projects in three key areas impbrtant to sustaining ,the success of welfare reform: 1) to help the hardest to employ move from welfare to work and succeed in the work force;",0,1.0,"The sentence describes potential uses for grants ('These grants could fund projects'). The use of 'could fund' indicates that the specific projects or funding allocations are not yet decided, and the statement is outlining possibilities or recommendations for future action. Therefore, it is predecisional.","The sentence outlines specific areas for potential funding, which represents a recommendation or a policy opinion on how to allocate resources to achieve certain goals ('sustaining the success of welfare reform'). This reflects internal deliberation about strategic priorities and resource deployment, rather than a statement of fact or established policy. It is a suggestion for future action.",,,,,,1.0
546,"2) to help low income fathers work, pay child support and reconnect with their children;",0,0.0,"This sentence describes a goal or purpose. While goals often precede actions, this statement itself does not directly concern an issue where a final decision has not yet been made. It could be a statement of an established program's objective, a legislative mandate, or a general policy aim, which would not necessarily be predecisional. It does not inherently precede a specific agency action or decision.","This sentence states a purpose or objective. It is a factual description of a goal rather than an opinion, recommendation, or internal deliberation. It does not reflect the 'give-and-take' of the decision-making process or represent the personal views of the author in a deliberative sense. It is a statement of fact about an aim.",,,,,,0.0
547,"3) to increase job retention, skills upgrading and supports (including outreach on food stamps, Medicaid, child care, and EITC) for low-income working families, including those who have left welfare, through local one-stop employment centers",0,0.0,"This sentence describes a goal or objective ('to increase job retention, skills upgrading and supports'). While goals often precede specific decisions on how to achieve them, this sentence itself does not describe a specific decision being made, a recommendation for a decision, or a discussion leading to a decision. It could be part of a mission statement, a program description, or a factual report on existing objectives, which would not necessarily be predecisional. It does not inherently precede an agency's action in a way that makes it always predecisional.","This sentence states a programmatic objective or a desired outcome. It describes what the agency aims to do, rather than expressing an opinion, recommendation, or internal deliberation about *how* to achieve it, or *whether* to pursue it. It is a statement of purpose or a factual description of a program's aims, not a subjective view or internal 'give-and-take.' Therefore, it is not deliberative.",,,,,,0.0
548,"Long Version Propose $500 million in FY 2001, with $500 million in out-years, for Welfare-to-Work competitive grants.",0,1.0,"The sentence proposes a specific funding amount for future fiscal years. This is clearly a proposal for a future action, indicating that a final decision on the funding has not yet been made. Therefore, it is predecisional.","The sentence uses the word 'Propose,' which explicitly indicates a recommendation or suggestion for a future course of action. It reflects an internal deliberation about budget allocation and policy direction, representing the views of the author rather than an established policy or a factual statement. Thus, it is deliberative.",,,,,,1.0
549,These funds could address three key issues related to sustaining the success of welfare reform:,1,1.0,"The sentence introduces a list of issues that 'could address' something. This phrasing indicates that the use of funds is still under consideration, and a final decision on how to allocate or utilize these funds has not yet been made. It precedes the agency's action of allocating or using the funds, making it predecisional.","The sentence itself is an introductory statement to a list of potential uses or issues. While it doesn't express an opinion or recommendation directly, it sets the stage for a discussion or proposal about how funds 'could' be used. The word 'could' implies possibilities and options, which are inherent in the deliberative process. It suggests an exploration of potential actions rather than a statement of fact or established policy. Therefore, it is deliberative.",,,,,,1.0
550,1) $250 million for innovative local projects in communities that need the most help to move the hardest to employ from welfare to wolk and succeeding in the workforce.,0,1.0,"This sentence describes a proposed allocation of funds for specific projects. The use of a dollar amount and a specific purpose ('for innovative local projects') suggests a proposal or a recommendation that would precede a final decision on funding or program implementation. It is not a statement about a decision that has already been made or a matter that has been officially settled. Therefore, it is predecisional.","This sentence presents a specific recommendation for the allocation of funds and the purpose of those funds. It outlines a proposed policy or program element, reflecting an internal 'give-and-take' in the decision-making process regarding budget allocation and program design. It is not a statement of fact or established policy, but rather a suggestion or a component of a proposal. Therefore, it is deliberative.",,,,,,1.0
551,"This would honor the original intent of the Welfare-to-Work program, by focusing on the hardest to employ and getting the funds directly to locals.",1,1.0,"The sentence uses the conditional 'This would honor...' which suggests it is discussing a potential action or proposal, not a decision that has already been made. It is likely part of a discussion about how to implement or modify a program, thus preceding a final agency decision or action. Therefore, it is predecisional.","The sentence expresses an opinion or a recommendation about how to best achieve a goal ('honor the original intent'). It suggests a specific approach ('focusing on the hardest to employ and getting the funds directly to locals') as a desirable course of action. This reflects internal deliberation and policy opinion rather than a statement of fact or established policy. Therefore, it is deliberative.",,,,,,1.0
552,"Within this amount, forrimla grants for tribes could be continued at current level of $15 Mor increased to $30 Mas proposed in FY 2000..",0,1.0,"The sentence presents options for funding levels ('could be continued at current level' or 'increased to $30M as proposed'). This indicates that a final decision on the funding level has not yet been made and is still under consideration. Therefore, it is predecisional.","The sentence offers alternative courses of action or recommendations regarding funding levels. The use of 'could be continued' or 'increased' clearly indicates that these are options being deliberated, not established facts or final decisions. This reflects the internal 'give-and-take' of the decision-making process, representing policy opinions or recommendations. Therefore, it is deliberative.",,,,,,1.0
553,"2) $150 million for responsible fatherhood initiatives that help low income fathers work, pay  child support, and reconnect with their children.",0,0.0,"The sentence describes a specific allocation of funds for initiatives. This is a factual statement about a proposed or existing budget item. While budget items are part of a larger decision-making process, this sentence itself does not indicate that a final decision has not yet been made regarding this specific allocation. It could be a description of a proposed budget, an approved budget, or a past budget item. Without further context, it is not inherently predecisional.","The sentence presents a factual statement about a monetary allocation and the purpose of that allocation. It does not express an opinion, recommendation, or internal deliberation. It states what the funds are for, which is a factual description rather than a subjective view or a 'give-and-take' of the decision-making process. It does not represent the personal views of the author but rather a description of a program or budget item.",,,,,,0.0
554,This is consistent with the President's strong emphasis on fathers in our FY 2000 WtW reauthorization and positions to engage with the Hill as we expect Fatherhood bills to gain momentum next year.,0,0.0,"The sentence describes consistency with the President's emphasis and positions to engage with the Hill. While 'positions to engage with the Hill' might relate to future actions, the sentence primarily frames current or past actions/positions ('This is consistent with...') in relation to an existing emphasis and anticipated legislative activity. It does not explicitly concern an issue where a final decision has not yet been made, nor does it directly precede a specific agency action. It could be part of a document explaining or justifying a decision that has already been made or a matter that has been officially settled. Therefore, it is not always predecisional.","The sentence contains elements of both fact and opinion. Stating consistency with the President's emphasis could be seen as factual, but 'positions to engage with the Hill' and the expectation that 'Fatherhood bills to gain momentum next year' involve strategic thinking, anticipation, and policy alignment, which are deliberative in nature. However, the primary thrust is to state consistency with an existing emphasis and to describe current strategic positions, rather than to express a new recommendation or internal 'give-and-take' on a specific, undecided policy. It leans more towards describing an established strategic direction rather than an internal deliberation on a new decision. Therefore, it is not always deliberative.",,,,,,0.0
555,"3) $100 million to increase job retention, skills upgrading and supports (including outreach  on food stamps, Medicaid, child care, and EITC) for low income working families, including those who have left welfare through local one-stop centers.",0,0.0,"This sentence describes a specific allocation of funds and the purpose for which they are intended. It reads like a programmatic detail or a budget item. While budget items are part of a larger decision-making process, this specific sentence, in isolation, presents a concrete proposal or an established program detail rather than a discussion about whether to make a decision. It does not inherently indicate that a final decision on this specific allocation or program detail has not yet been made. It could be a description of an already approved budget item or a firm proposal that has moved past the initial deliberative stage. Therefore, it is not always predecisional.","The sentence presents a specific financial allocation and its intended use. It is a factual description of a proposed or existing program element, not an opinion, recommendation, or internal deliberation. It states '3) $100 million to increase job retention...' which is a concrete statement of a proposed or actual allocation, not a subjective view or a 'give-and-take' discussion. It does not reflect the personal views of the author in a deliberative sense, but rather a programmatic detail.",,,,,,0.0
556,This would build on the Workforce Investment Act and help address the issues of the non-welfare working poor.,0,1.0,"The sentence describes a potential outcome or benefit of a proposed action ('This would build on... and help address...'). It implies that the action itself is not yet finalized or implemented, and the statement is part of the consideration of that action. Therefore, it is predecisional.","The sentence expresses a potential consequence or a desired outcome of a proposed action. It is a forward-looking statement that suggests a recommendation or a justification for a particular approach. It reflects an opinion about the potential effectiveness or utility of a policy, rather than a statement of fact or established policy. Thus, it is deliberative.",,,,,,1.0
557,We are  also exploring ways to increase access to employment  services for  individuals  with  disabilities through this proposal.,1,1.0,"The sentence states that the agency is 'exploring ways' to achieve a goal 'through this proposal.' This indicates that the proposal is still under consideration, and specific methods or decisions related to increasing access to employment services have not yet been finalized. The exploration phase clearly precedes any final agency action or decision on how to implement these services. Therefore, it is predecisional.","The phrase 'exploring ways' signifies an active process of internal deliberation, brainstorming, and consideration of different approaches or options. It reflects the 'give-and-take' of the decision-making process, where various methods are being weighed and discussed before a final strategy is adopted. This content represents the personal views and ongoing thought process of the agency rather than a statement of fact or established policy. Therefore, it is deliberative.",,,,,,1.0
558,"OMB staff is currently proposing a total of$750 million for FY '01, all dedicated to the third category, but are also receptive to competitive grants in the other two areas:",1,1.0,"The sentence states that OMB staff 'is currently proposing' a specific budget amount and is 'also receptive' to other options. This clearly indicates that a final decision on the budget allocation for FY '01 has not yet been made. The proposal and receptiveness to alternatives are part of the ongoing process of reaching a final conclusion, making the sentence predecisional.","The sentence describes a 'proposal' and indicates that staff are 'receptive' to certain grants. These terms reflect internal recommendations, opinions, and the 'give-and-take' of the decision-making process regarding budget allocation. It represents the personal views and recommendations of the OMB staff rather than established agency policy or a purely factual statement. Thus, it is deliberative.",,,,,,1.0
559,We're  waiting for them to finish Director's review today to find out where they're ending up.,1,1.0,"The sentence indicates that a 'Director's review' is underway and the outcome ('where they're ending up') is not yet known. This clearly signifies that a final decision or conclusion has not been reached and is still pending the completion of an internal review process. Therefore, it is predecisional.","The sentence describes an ongoing internal process ('Director's review') aimed at reaching a conclusion. While the sentence itself is a factual statement about the status of a review, the underlying activity it describes is inherently deliberative—the review itself involves internal 'give-and-take' and the formulation of opinions or recommendations that will lead to a decision. The phrase 'to find out where they're ending up' implies that the outcome is an opinion, recommendation, or decision, not a simple fact. Thus, it reflects an internal deliberation.",,,,,,1.0
560,"Based on info Amy provided on the marriage stats,  I'd  replace  the  2nd  graph  of  3d)  in  the 11/24 memo to BR/EL with the following.",1,1.0,"The sentence proposes a specific change to a memo that is being sent to decision-makers (BR/EL). This proposed change is clearly intended to assist in reaching a final conclusion or shaping a document that will inform a decision. Therefore, it is predecisional.","The sentence expresses a recommendation ('I'd replace the 2nd graph... with the following'). This is a clear example of internal 'give-and-take' and reflects the personal view or advice of the author on how to improve a document intended for decision-makers. It is not a statement of fact or established policy. Therefore, it is deliberative.",,,,,,1.0
561,I'm sending you a hard copy of the info from HHS (which is what they'd shared earlier but I'd misplaced).,0,0.0,"The sentence describes the act of sending a hard copy of information that was previously shared and misplaced. This is a logistical action related to information management, not an action that precedes a final agency decision or policy formulation. It does not concern an issue where a final decision has not yet been made in the context of policy or program implementation.","The sentence is a factual statement about sending a document and the reason for doing so. It does not express an opinion, recommendation, or internal deliberation regarding policy, strategy, or a decision. It simply describes an administrative task and provides context for it.",,,,,,0.0
562,Something not proposed by the VP which we could add is funding- for National Center for Health Statistics to improve data on marriage and divorce.,1,1.0,"The sentence proposes an addition to something not yet finalized ('Something not proposed by the VP which we could add'). This clearly indicates that a final decision on the overall proposal or plan has not yet been made, and the sentence is offering a new element for consideration. Therefore, it is predecisional.","The sentence explicitly suggests or recommends an action ('which we could add is funding...'). This is a clear expression of an opinion or recommendation, reflecting the internal 'give-and-take' of the decision-making process. It represents the personal views of the author on what should be included in a policy or program, rather than a statement of fact or established policy. Therefore, it is deliberative.",,,,,,1.0
563,In the past several years they have stopped collecting detailed information from states due to budgetary pressures and concerns about the quality  of the data.,0,0.0,"The sentence describes a past action ('have stopped collecting') and the reasons for it ('due to budgetary pressures and concerns about the quality of the data'). It does not concern an issue where a final decision has not yet been made. Instead, it explains a decision that has already been made and implemented. Therefore, it is not predecisional.","The sentence states factual reasons for a past action. While the reasons themselves might have been part of a deliberative process at the time the decision was made, the sentence as presented here is a factual explanation of why something happened, not an opinion, recommendation, or internal deliberation about a current or future decision. It describes established policy or practice.",,,,,,0.0
564,"This has received a surprising amount of press attention, some have used this to criticize the Administration for being 'weak on marriage', and House W&M staff have expressed interest in restoring funding.",0,0.0,"The sentence describes reactions and observations regarding an unspecified past event or policy ('This has received...'). It reports on press attention, criticism, and staff interest in restoring funding. While these observations might inform future decisions, the sentence itself is not directly predecisional in the sense of being created specifically to assist a decision-maker in reaching a final conclusion on a pending issue. It reports on the aftermath or context of something, rather than directly preceding an agency's action.","The sentence primarily reports on factual observations: the amount of press attention, the fact that some have used it to criticize the Administration, and that House staff have expressed interest. While the criticism itself is an opinion, the sentence is reporting the *fact* that criticism occurred and the *fact* that interest was expressed. It does not express the author's own opinion, recommendation, or internal deliberation. Therefore, it is not deliberative.",,,,,,0.0
565,"We could either wait for them to do so, or pre-empt them with a modest funding proposal.",1,1.0,"The sentence presents two alternative courses of action ('either wait... or pre-empt...'). This clearly indicates that a final decision on how to proceed has not yet been made. The sentence is designed to assist a decision-maker in reaching a conclusion, making it predecisional.","The sentence offers specific recommendations or options for future action. It reflects the internal 'give-and-take' of the decision-making process by outlining potential strategies. This content represents the personal views or strategic thinking of the author rather than established agency policy or a factual statement. Thus, it is deliberative.",,,,,,1.0
566,"HHS' very preliminary  estimates show  it would cost about $750,000 in the first year to assess states' ability to report these data, with annual costs of $7 - $10 million to implement a high quality reporting system.",0,0.0,"The sentence presents 'very preliminary estimates' for costs associated with future actions (assessing states' ability and implementing a reporting system). The term 'preliminary' strongly indicates that these figures are being considered before a final decision has been made on whether to proceed with these actions or how to fund them. Therefore, it concerns an issue where a final decision has not yet been made, making it predecisional.","The sentence states what 'HHS' very preliminary estimates show.' While the estimates themselves are inputs to deliberation, the sentence itself is a factual statement reporting those estimates. It does not express an opinion, a recommendation, or the author's personal view on the estimates or the project. It is a factual presentation of preliminary data, not an internal 'give-and-take' or a policy opinion. Therefore, it is not deliberative.",,,,,,0.0
567,I assume you'll work on this?,0,1.0,"The sentence is an implicit instruction or request for action. It concerns work that needs to be done, indicating that a final decision or outcome related to 'this' has not yet been reached or implemented. It precedes the agency's action or the completion of a task that would lead to a final decision.","The sentence 'I assume you'll work on this?' expresses an internal expectation, assignment, or request from one individual to another within the agency. It is not a statement of fact about an external event or an established policy. It reflects the internal 'give-and-take' of how tasks are delegated and managed, which is part of the deliberative process. It represents the personal view or expectation of the author regarding the recipient's role in moving a matter forward.",,,,,,1.0
568,Let me know if you'd like us to do anything.,0,1.0,"The sentence is an offer to take action or provide assistance, implying that a decision about what 'anything' might entail, or whether any action is needed, is still pending. It solicits input for a potential future action or decision, thus preceding a final agency action.","The sentence 'Let me know if you'd like us to do anything' is an open-ended offer for input, reflecting an internal communication seeking direction or offering support for a potential future action. It is not a statement of fact but rather an invitation for deliberation and potential recommendations, fitting the 'give-and-take' of the decision-making process.",,,,,,1.0
569,As a quick cut I would reorganize this to be:,0,1.0,"The sentence proposes a reorganization, indicating that the current state of 'this' (presumably a document or plan) is not final and a decision on its ultimate structure is pending. It suggests a future action or change, thus preceding a final agency decision or action regarding the organization. It is not a final opinion or a justification for a decision already made.","The phrase 'I would reorganize this to be' expresses a personal recommendation, opinion, or suggestion from the author. It reflects the author's internal thought process and proposed approach, contributing to the 'give-and-take' of decision-making. It is not a statement of fact or established policy.",,,,,,1.0
570,I am pleased that today the House.,1,0.0,"The sentence is incomplete, making it impossible to definitively determine if it concerns an issue where a final decision has not yet been made by the agency. 'I am pleased that today the House' could refer to a completed action by the House (e.g., passing a bill), in which case the agency's pleasure would be a reaction to a post-decisional event. While the agency might subsequently deliberate on its response, the sentence itself does not indicate a pending agency decision. Therefore, it is not clearly predecisional.","The phrase 'I am pleased that...' clearly expresses a personal opinion or feeling of the author. It reflects a subjective assessment or reaction rather than a purely factual statement. Thus, the content is deliberative.",,,,,,0.0
571,"Commerce committee voted [vote # if good] on a bipartisan basis for the Work Incentives Improvement Act, which would remove significant barriers to work for millions of people with disabilities by increasing their access to health care and employment services.",1,0.0,"The sentence reports a completed action: 'Commerce committee voted... for the Work Incentives Improvement Act.' This describes a final decision made by the committee, not an issue where a final decision has not yet been made. It is a statement about a past, concluded event, not a discussion preceding an agency's action. Therefore, it is not predecisional.","The sentence states a fact: that the Commerce committee voted for the Act, the nature of the vote ('on a bipartisan basis'), and a factual description of what the Act 'would remove' and 'would increase.' It does not express an opinion, recommendation, or internal deliberation. It is a factual report of an event and its characteristics. Therefore, it is not deliberative.",,,,,,0.0
572,"I strongly support this legislation and the Senate version championed by Senators Jeffords, Kennedy, Roth and Moynihan and which XX members of the Senate have co-sponsored.",1,0.0,"The sentence expresses strong support for existing legislation and a Senate version of it. While expressing support for legislation can be part of an agency's advocacy or policy-making process, this particular sentence does not indicate that a final decision within the agency regarding its own actions or policy on this legislation is pending. It could be a statement made after the agency has decided its position, or it could be part of a communication to external parties. It does not inherently precede an agency's action or decision, so it is not always predecisional.","The sentence 'I strongly support this legislation' is a clear expression of personal opinion and a recommendation for a particular policy outcome. It reflects the author's views rather than a statement of fact or established agency policy. Therefore, it is deliberative.",,,,,,0.0
573,I call upon the leadership of the House and Senate to work together to pass this legislation by the Memorial  Day recess.,1,1.0,"The sentence is a call to action, urging legislative bodies to pass legislation by a specific date. This is a request or a recommendation for future action, clearly preceding any final decision or action by the House and Senate. Therefore, it is predecisional.","The sentence 'I call upon the leadership... to work together to pass this legislation' is a direct recommendation or an expression of policy opinion. It reflects the author's view on what action should be taken, rather than a statement of fact or established policy. It is a clear example of internal 'give-and-take' in the decision-making process, even if directed externally.",,,,,,1.0
574,No one should have to make a choice between earning an income and health care access.,1,0.0,"This sentence expresses a general policy principle or value statement. While such principles often inform decisions, the sentence itself does not directly concern an issue where a specific final decision has not yet been made. It is a broad philosophical statement rather than a specific input to a pending agency action. It could appear in a final policy document or a speech, not necessarily preceding a specific decision. Therefore, it is not always predecisional.","The sentence 'No one should have to make a choice between earning an income and health care access' expresses a strong opinion or a policy ideal. It reflects a value judgment and a desired state, rather than a factual statement. This content is inherently deliberative as it represents a viewpoint or a guiding principle.",,,,,,0.0
575,"Obviously we may want to have more on what the bill does, etc.",1,1.0,"The sentence suggests a potential future action or need ('we may want to have more'). This indicates that a final decision on the content or scope of a document or presentation has not yet been made, and further information or refinement is being considered. Therefore, it is predecisional.","The phrase 'we may want to have more' expresses an opinion, a suggestion, or an internal deliberation about what content should be included. It reflects the 'give-and-take' of the decision-making process regarding the preparation of a document, rather than a statement of fact or established policy. Thus, it is deliberative.",,,,,,1.0
576,and maybe the plug for no heath weakening amendments too.,1,1.0,"The sentence uses the word 'maybe' and refers to a 'plug for no heath weakening amendments.' This suggests a potential action or strategy that is being considered, indicating that a final decision on this matter has not yet been made. It precedes any agency action regarding these amendments.","The phrase 'maybe the plug for no heath weakening amendments too' is a suggestion or a recommendation, reflecting an internal thought process or a potential strategy. It expresses an opinion or an idea rather than a statement of fact or established policy. The use of 'maybe' further emphasizes its speculative and deliberative nature.",,,,,,1.0
577,"â€¢ The Administration strongly supports S. 311/H.R. 1180, which would remove significant barriers to work for millions of people with disabilities by increasing their access to health care and employment services.",0,0.0,"The sentence states a clear and strong position of 'The Administration' regarding specific legislation. This indicates an established, final policy or stance that has already been decided upon and is likely to be communicated publicly. It does not reflect an ongoing discussion or a preliminary stage before a decision is made; rather, it announces a decision that has been reached. Therefore, it is not predecisional.","While the sentence expresses a 'strong support,' which is an opinion, it is presented as the official position of 'The Administration,' not as a personal view of the author or an internal recommendation still under consideration. The deliberative process privilege protects the internal 'give-and-take' and personal views that precede an agency's final policy. This sentence, by contrast, articulates an established policy or official stance. Therefore, it is not deliberative in the sense required for Exemption 5.",,,,,,0.0
578,"In his January 19th State of the Union Address, the President expressed his ongoing commitment to empower people with disabilities and urged the Congress to pass the landmark Work Incentives Improvement Act.",0,0.0,"The sentence describes a past event (the State of the Union Address) and the President's statements and urgings made during that address. These are historical facts about what was said and urged. The address itself is a public, final statement, not a predecisional document. Therefore, the sentence is not predecisional.","The sentence reports on the President's expressed commitment and urging. While the President's statements in the address reflect policy positions and recommendations, the sentence itself is a factual report *about* those statements, not an internal opinion, recommendation, or deliberation *by the author* of the email. It states what the President said, not the author's own views or internal agency discussions. Therefore, it is not deliberative.",,,,,,0.0
579,"The President's FY 2000 Budget fully funds the bill's health care options in Medicare and Medicaid as well as the ""Ticket to Work"" provisions for individuals with disabilities.",0,0.0,"The sentence describes the funding status of specific provisions within the President's FY 2000 Budget. This budget is a final, approved document, and the funding decisions it contains have already been made. Therefore, the sentence is not predecisional; it reports on a decision that has already been finalized and implemented.","The sentence states a fact: the President's FY 2000 Budget fully funds certain provisions. It does not express an opinion, recommendation, or internal deliberation. It is a factual statement about the content of an official budget document.",,,,,,0.0
580,"During the last year, White House staff worked intensely with the disability community and with Congress to develop a proposal that provides the services necessary to enable people with disabilities to work.",0,0.0,"The sentence describes past actions ('worked intensely...to develop a proposal'). While the development of a proposal is a predecisional activity, the sentence itself is a factual statement about historical events. It does not concern an issue where a final decision has not yet been made, but rather reports on the process of developing a proposal that occurred in the past. It is not predecisional in its own right.","The sentence is a factual description of past activities and collaborations ('White House staff worked intensely...to develop a proposal'). It does not express an opinion, recommendation, or internal deliberation. It states what happened, not what should happen or what the author's view is on a policy matter. Therefore, it is not deliberative.",,,,,,0.0
581,"The ""ticket to work"" program helps address this need.",0,0.0,"The sentence states that a program 'helps address this need.' This is a factual description of the program's function or impact. It does not concern an issue where a final decision has not yet been made. It describes an existing program and its effect, rather than preceding an agency's action or decision.","The sentence is a factual statement about the purpose or effect of the 'ticket to work' program. It does not express an opinion, recommendation, or internal deliberation. It describes what the program does, which is a matter of fact, not a subjective view or a part of internal 'give-and-take.'",,,,,,0.0
582,But it is also essential to ensure access to health insurance coverage.,0,0.0,"The sentence states a general principle or goal ('it is also essential to ensure access to health insurance coverage'). While this principle might inform future decisions, the sentence itself does not directly concern an issue where a specific final decision has not yet been made. It is a broad statement that could appear in various contexts, including final policy documents or general mission statements, not necessarily preceding a specific agency action. Therefore, it is not always predecisional.","The sentence expresses a value judgment or a policy opinion ('it is also essential to ensure access to health insurance coverage'). It reflects a viewpoint or a desired outcome rather than a purely factual statement. This content represents a policy opinion, which is a characteristic of deliberative material.",,,,,,0.0
583,"Senators Jeffords, Kennedy, Roth, and Moynihan have successfully developed a fully paid-for proposal that accomplishes these policy goals.",0,0.0,"The sentence describes an action that has already been completed ('have successfully developed'). It states that a proposal has been developed, not that a decision is pending on whether to develop it or what its content should be. Therefore, it does not concern an issue where a final decision has not yet been made by the agency itself. It is a factual statement about an external development.","The sentence is a factual statement reporting on the successful development of a proposal by senators. It does not express an opinion, recommendation, or internal deliberation of the agency. It simply states what has occurred.",,,,,,0.0
584,The Administration thus opposes any agiendments that weaken the bill's indispensable health provisions: no one should have to make a choice between earning an income and health care access.,0,0.0,"The sentence states that 'The Administration thus opposes any amendments that weaken the bill's indispensable health provisions.' This is a statement of the Administration's current, established position or policy regarding a bill. It does not describe an ongoing discussion or a decision yet to be made, but rather a concluded stance. Therefore, it is not predecisional.","The sentence expresses a clear policy position and the underlying rationale ('no one should have to make a choice between earning an income and health care access'). While it contains an opinion or value judgment, it is presented as the established policy of the Administration, not as a personal view, recommendation, or internal deliberation. It is a statement of agency policy, not an internal 'give-and-take' of the decision-making process.",,,,,,0.0
585,Most of the offsets that were included in last year's  version of  JK  were dropped.,0,0.0,The sentence describes a past event: 'Most of the offsets that were included in last year's version of JK were dropped.' This is a statement about something that has already occurred and is therefore not predecisional. It does not precede an agency's action or a final conclusion.,"The sentence states a fact about what happened to certain offsets. It does not express an opinion, recommendation, or internal deliberation. It is a factual report of a past action.",,,,,,0.0
586,The exceptions  were the  prisoner  provision  and the  clergy open season.,0,0.0,"The sentence states that certain provisions were exceptions. This is a factual observation about existing or past provisions. It does not concern an issue where a final decision has not yet been made; rather, it describes elements that have already been decided or implemented. Therefore, it is not predecisional.","The sentence is a factual statement identifying specific exceptions. It does not express an opinion, recommendation, or internal deliberation. It simply states what the exceptions were, which is a matter of fact.",,,,,,0.0
587,When JKRM -introduced the bill this session they included a series of tax provisions (including user  fees and tax  credits)  to  pay for  the bill.,0,0.0,"The sentence describes a past action: the introduction of a bill and the inclusion of specific tax provisions. This is a factual statement about an event that has already occurred. It does not concern an issue where a final decision has not yet been made by the agency, nor does it precede an agency's action. Therefore, it is not predecisional.","The sentence states a fact about what was included in a bill when it was introduced. It does not express an opinion, recommendation, or internal deliberation. It is a descriptive statement of an event.",,,,,,0.0
588,"I was wondering about the provisions that save money, whether those offsets were essentially being used in both bills (Jeffords-Kennedy and foster care).",0,1.0,"The sentence expresses a question or an inquiry about the financial provisions in two bills. This question implies that the financial implications of these bills are still being analyzed or considered, and a final decision or understanding regarding their impact has not yet been reached. Therefore, it is predecisional.","The sentence 'I was wondering about the provisions that save money, whether those offsets were essentially being used in both bills' reflects an internal thought process, a question, and an inquiry for clarification or analysis. It is part of the 'give-and-take' of understanding policy implications and is not a statement of fact or established policy. It represents the personal views or inquiries of the author, making it deliberative.",,,,,,1.0
589,"Yes, the ""treatment  of prisoners""  language is included in S. 331  and H.R. 631;  ( I need to  check if the provisions are identical, but in concept, they are the same.",0,0.0,"The sentence provides information about the content of specific bills and indicates an ongoing need for verification ('I need to check'). This information gathering and preliminary assessment ('in concept, they are the same') are typically part of a process leading to a decision, such as how to respond to the bills or what position to take. Thus, it concerns an issue where a final decision has not yet been made, making it predecisional.","The first part of the sentence ('Yes, the 'treatment of prisoners' language is included in S. 331 and H.R. 631') is a factual statement. The phrase 'I need to check if the provisions are identical' is a statement about a task or an ongoing action, not an opinion or recommendation. Only the final clause, 'but in concept, they are the same,' expresses a preliminary assessment or opinion. Since a significant portion of the sentence is factual or describes a task rather than expressing an opinion, recommendation, or internal deliberation, the sentence as a whole does not primarily reflect the internal 'give-and-take' of the decision-making process in a way that would make it deliberative.",,,,,,0.0
590,"Also, many of the-other H.R. 631 offsets are assumed in the FY 2000 Budget.)",0,0.0,"The sentence states that certain offsets are 'assumed' in the FY 2000 Budget. This implies that the budget has already been formulated or finalized with these assumptions incorporated. Therefore, this sentence describes a condition or fact within an existing budget, rather than preceding a decision about the budget's content or a future agency action. It is not predecisional.","The sentence presents a factual statement about the assumptions made in the FY 2000 Budget. It does not express an opinion, recommendation, or internal deliberation. It describes an existing state of affairs or a fact about the budget's construction. Therefore, it is not deliberative.",,,,,,0.0
591,"On Friday 3/26, ED staff (Curtis Richards and others) met with W&M staff for about an hour to discuss the Bunning-Kennelly bill & this year's Kennedy-Jeffords bill.",0,0.0,"The sentence describes a meeting that occurred to discuss specific legislative bills. While discussions about bills often precede agency decisions or actions related to those bills, the sentence itself is a factual report of a past event (a meeting). It does not explicitly state that a final decision has not yet been made, nor does it indicate that the meeting was specifically to assist a decision-maker in reaching a final conclusion. It could be a factual update in a document that is not predecisional.","The sentence is a factual statement reporting that a meeting took place, who attended, and what was discussed. It does not express an opinion, recommendation, or internal deliberation. It simply states what happened, not what was thought or decided during the meeting, nor does it reflect the 'give-and-take' of the decision-making process itself. Therefore, it is not deliberative.",,,,,,0.0
592,I apologize for the delay in sending this summary out.,0,0.0,"The sentence is an apology for a delay in sending a summary. It does not concern an issue where a final substantive decision has not yet been made. It relates to the administrative act of communication, not a policy or program decision that is still pending. It is not created to assist a decision-maker in reaching a final conclusion on a policy or program.","The sentence expresses an apology, which is a personal sentiment or a statement of regret regarding an administrative action (the delay). It does not express an opinion, recommendation, legal advice, or policy opinion regarding a substantive agency decision. It does not reflect the internal 'give-and-take' of the decision-making process concerning policy or program formulation.",,,,,,0.0
593,"One of the main purposes of this meeting was to brief W&M staff on how the State VR programs work (e.g., the fact that priority is given to serving individuals with the most significant disabilities).",0,0.0,"The sentence describes the purpose of a meeting, which was to brief staff on how programs work. Briefings are typically informational and can occur at various stages, not necessarily preceding a specific, identifiable agency decision. While the information might eventually inform decisions, the act of briefing itself, especially on existing program mechanics, does not inherently mean a final decision has not yet been made on the specific issue being discussed. It could be part of ongoing operations or training. Therefore, it is not always predecisional.","The sentence states a factual purpose of a meeting: 'to brief W&M staff on how the State VR programs work.' It then provides a factual example: 'the fact that priority is given to serving individuals with the most significant disabilities.' This content is purely informational and factual, describing existing program mechanics, rather than expressing an opinion, recommendation, or internal deliberation. It does not reflect the 'give-and-take' of the decision-making process.",,,,,,0.0
594,Below is a brief summary of the other important items that were discussed.,0,0.0,"The sentence introduces a summary of items that 'were discussed.' This statement itself does not indicate whether a final decision has been made or is still pending. A summary of discussions could be part of a predecisional document (e.g., minutes of an ongoing policy discussion) or a post-decisional document (e.g., a report summarizing discussions that led to a final decision or discussions about a settled matter). Therefore, it is not always predecisional.","The sentence 'Below is a brief summary of the other important items that were discussed' is a factual statement about the structure or content of the document it introduces. It does not express an opinion, recommendation, or internal deliberation. While the 'items that were discussed' might be deliberative, the introductory sentence itself is not.",,,,,,0.0
595,"Agreement with State Rehab Agency: W&M staff asked ED about the purpose of sec. 1148(c)(3){D) in the Senate bill, which states that no payment can be made to an employment network who either makes referrals to a State agency in violation of their agreement  with the agency, or has not entered into an agreement.",0,0.0,"The sentence describes a question asked by staff about the purpose of a specific section in a Senate bill. This question is part of the legislative review process, which precedes any final agency action or decision regarding the implementation or interpretation of the bill. Therefore, it is predecisional.","The sentence describes a factual inquiry ('W&M staff asked ED about the purpose of sec. 1148(c)(3){D)'). It does not express an opinion, recommendation, or internal deliberation. It is a factual report of an action (asking a question) rather than the content of a deliberation itself. While the question might lead to deliberation, the sentence itself is not deliberative.",,,,,,0.0
596,"ED staff noted that this language is intended to prevent employment networks from ""double dipping""  by referring an individual to  a State  VR agency for specific services, and then being reimbursed for the services provided,by the State VR agency.",0,0.0,"The sentence describes the *intent* behind existing language. While understanding intent can inform future decisions, the sentence itself is explaining the rationale for language that presumably already exists or is being proposed. It is not explicitly about a decision that has not yet been made, but rather about the purpose of a current or proposed policy. It does not clearly precede an agency's action or a final conclusion, as it could be part of an explanation of an existing policy.","The sentence explains the *intent* of language, which is a factual statement about the purpose behind a policy or rule. While the policy itself might have been deliberative, stating its intent is a factual description of that intent, not an opinion, recommendation, or internal deliberation about what the policy *should* be or how it *should* be justified. It describes the rationale, which is a fact about the policy's design.",,,,,,0.0
597,W&M staff was concerned that the bill language would essentially  reassign the  ticket  to the VR agency.,0,1.0,"The sentence describes a concern held by staff regarding the potential impact of bill language. This concern would typically arise during the legislative review process, which precedes a final decision on whether to support, oppose, or amend the bill. Therefore, it is predecisional.","The sentence expresses a 'concern' of staff, which is an opinion or assessment about the potential implications of the bill language. This reflects internal deliberation and the 'give-and-take' of the decision-making process, rather than a statement of fact or established policy. It represents the personal views of the staff regarding the bill's potential effects.",,,,,,1.0
598,"ED said the language just requires the provider to reimburse the Rehab agency, not give up the ticket, but said that it would look into this issue.",0,1.0,"The sentence describes a statement made by 'ED' regarding the interpretation of language and a commitment to 'look into this issue.' The commitment to 'look into this issue' indicates that a final decision or definitive interpretation has not yet been made and is still under review. Therefore, it is predecisional.","The sentence contains an interpretation of language ('the language just requires the provider to reimburse the Rehab agency, not give up the ticket') which is a form of legal or policy advice/opinion. It also includes a commitment to 'look into this issue,' which reflects an internal deliberation about a pending matter. These elements represent the internal 'give-and-take' of the decision-making process rather than a purely factual statement or established policy. Thus, it is deliberative.",,,,,,1.0
599,"Mode of Election for Reimbursement: W&M staff asked about Sec. 1148 (c)(1) in the Senate bill, which gives only State agencies the option of  operating  under  the  old or the  new  payment  system, on a case by case basis.",0,0.0,"The sentence describes a question asked by staff regarding a specific section of a Senate bill. This question relates to a legislative provision that offers options for payment systems. The act of asking about a provision in a bill that offers options implies that a decision on how to proceed with those options, or how to interpret or implement the bill, has not yet been made. Therefore, it is predecisional.","The sentence is a factual report about a question asked by staff. It does not express an opinion, recommendation, or internal deliberation of the author. It merely states that a question was posed about a specific legislative detail. While the *topic* of the question (options for payment systems) might be deliberative, the sentence itself is a factual account of an inquiry, not an opinion or recommendation.",,,,,,0.0
600,"ED justified this language by  saying that, under  this  bill, the m.ost  difficult and risky cases (e.g., the most severely disabled) will most  likely  wind  up  in  the  State  agencies rather then private providers, and that the reimbursements for  these  individuals  would  usually  be lower under the new payment system.",0,1.0,"The sentence describes how 'ED justified this language' in a bill. This justification relates to the reasoning behind specific language in a bill, which is a predecisional activity in the legislative or policy-making process. The justification is provided to support or explain a particular approach before it becomes final policy or law. It precedes the final adoption or implementation of the bill's language and its associated payment system. Therefore, it is predecisional.","The sentence reports on ED's justification, which involves an assessment of the likely outcomes ('most difficult and risky cases... will most likely wind up in the State agencies,' 'reimbursements... would usually be lower'). These are predictions and analyses, reflecting internal deliberation and policy opinions about the potential effects of the bill's language and the new payment system. It represents the agency's reasoning and strategic thinking, rather than a purely factual statement or established policy. Thus, it is deliberative.",,,,,,1.0
601,W&M staff said that  they  were  concerned  that  private providers do not have the same option in the Senate bill.,0,0.0,"The sentence reports on the concerns of W&M staff regarding a Senate bill. While these concerns might influence future decisions, the sentence itself is a factual report about existing concerns, not a direct input to a pending decision or a statement that precedes an agency's action. It describes a current state of mind or observation rather than a step in a decision-making process. Therefore, it is not always predecisional.","The sentence states that W&M staff 'were concerned' about a specific aspect of a Senate bill. This expresses an opinion or an internal assessment of the bill's implications, reflecting the 'give-and-take' of the decision-making process. It represents the personal views of the staff rather than an established policy or a purely factual statement. Thus, it is deliberative.",,,,,,0.0
602,Big Picture -- Competition: W&M staff asked ED if both they and the State rehab agencies are generally concerned that this legislation would increase competition between State rehab agencies and private providers.,1,1.0,"The sentence describes a question posed by staff to an Executive Director regarding potential concerns about legislation. The question itself ('if both they and the State rehab agencies are generally concerned that this legislation would increase competition') indicates that the potential impact of the legislation is still being assessed and discussed. This assessment precedes any final decision on the legislation or the agency's stance on it, making it predecisional.","The sentence describes a question that seeks to elicit an opinion or concern ('if...concerned that this legislation would increase competition'). The act of asking such a question is part of the internal 'give-and-take' of the decision-making process, aimed at gathering perspectives and identifying potential issues before a policy is finalized. It reflects an internal deliberation rather than a statement of fact or established policy. The question itself is a tool for deliberation.",,,,,,1.0
603,"ED noted that they support the  Kennedy-Jeffords legislation in its  current form (though they have concerns  with, for instance, the P&A language),  and that competition isn't a major issue with the Department because there are more than enough people for both the State rehab agencies and private providers to serve.",1,0.0,"The sentence states that 'ED noted that they support the Kennedy-Jeffords legislation in its current form.' This is a statement of the agency's current position or stance on existing legislation. While legislation can be subject to future amendments or new decisions, this sentence itself describes an existing position rather than a pending decision or a proposal for future action. It does not explicitly precede a specific, identifiable agency decision. Therefore, it is not always predecisional.","The sentence expresses the Department of Education's (ED) opinion and stance on legislation ('they support the Kennedy-Jeffords legislation') and also provides an internal assessment or reasoning ('competition isn't a major issue with the Department because there are more than enough people...'). This content reflects the agency's internal views, policy opinions, and reasoning, rather than a purely factual statement. It is deliberative.",,,,,,0.0
604,"P&A: ED brought up it's concern that the Senate bill only provides a generic reference to providing information on obtaining employment and advocacy, rather than the more specific P&A language included in last year's draft H.R.  3433.",1,1.0,"The sentence describes a concern raised by ED regarding the language in a Senate bill, specifically comparing it to a previous draft. This indicates that the Senate bill is likely still under consideration or in the legislative process, and a final decision on its specific language or passage has not yet been made. Therefore, the concern expressed is predecisional as it relates to the ongoing legislative or policy-making process.","The sentence reports ED's 'concern' about the specificity of language in a bill. This 'concern' is an opinion or a critical assessment of the proposed language, reflecting internal deliberation and a preference for more specific wording. It is not a statement of fact about an existing policy but rather an internal view on a pending legislative matter, making it deliberative.",,,,,,1.0
605,W&M said that they'd take ED's  concern under advisement.,1,0.0,"The sentence states that a concern will be taken 'under advisement.' This phrase explicitly indicates that a final decision has not yet been made regarding the concern, and it is still being considered. Therefore, it is predecisional.","The act of taking something 'under advisement' is inherently part of the internal 'give-and-take' of the decision-making process. It implies that the concern will be weighed, discussed, and potentially influence future recommendations or policy opinions. While the sentence itself is a factual statement about an action, the action described is a step in a deliberative process, reflecting an internal consideration rather than a final decision or established policy. However, the sentence itself is a factual statement about an action, not an opinion, recommendation, or internal deliberation. It describes *that* a deliberation will occur, but it is not the deliberation itself. It does not express the personal views of the author regarding the merits of the concern or a policy opinion.",,,,,,0.0
606,I agree with Jonathan's comment.,1,0.0,"The sentence 'I agree with Jonathan's comment' does not inherently indicate whether a final decision has not yet been made. Jonathan's comment could pertain to a pending decision, a past decision, or a general observation. Without the context of Jonathan's comment, it is not possible to determine if this sentence is predecisional. It could be part of a final opinion or a document justifying a decision that has already been made. Therefore, it is not always predecisional.","The sentence 'I agree with Jonathan's comment' clearly expresses a personal opinion or a stance, reflecting the author's internal thought process and alignment with another's view. This is an opinion rather than a statement of fact and reflects internal 'give-and-take.' Thus, it is deliberative.",,,,,,0.0
607,"I also would suggest that the first paragraph be made longer, Jeanne what do you think and what  would  you add?",1,1.0,"The sentence is a suggestion about how to modify a document ('the first paragraph be made longer'). This implies that the document is still in draft form and a final version has not yet been approved or released. Therefore, any decision regarding the final content of the document is still pending, making the sentence predecisional.","The sentence contains a direct suggestion ('I also would suggest that the first paragraph be made longer') and solicits an opinion ('Jeanne what do you think and what would you add?'). This clearly reflects internal 'give-and-take,' recommendations, and personal views regarding the content of a document, which are hallmarks of deliberative material. It is not a statement of fact or established policy.",,,,,,1.0
608,"so that  the balance  is  right,  e.g.,  there's 99% we absolutely love and 1% we'd amend slightly.",1,1.0,"The sentence discusses achieving a 'right balance' and suggests a potential amendment ('we'd amend slightly'). This indicates that a final decision or version of something (presumably a document, proposal, or policy) has not yet been made or finalized. The discussion of amendments implies that the matter is still under review and subject to change, making it predecisional.","The sentence expresses an opinion about the quality or acceptability of something ('99% we absolutely love and 1% we'd amend slightly') and a recommendation for adjustment. This reflects internal 'give-and-take' and subjective assessment, which are hallmarks of deliberative content. It represents the personal views of the author regarding the content, rather than a factual statement or established policy.",,,,,,1.0
609,I would also amend the second graph as follows:,1,1.0,"The sentence indicates a proposed amendment to a document, implying that the document itself is not yet final and is still undergoing review or revision. This action precedes the finalization and approval of the document, making it predecisional.","The phrase 'I would also amend the second graph as follows' expresses a recommendation or a suggested change. This reflects the author's personal view on how the document should be altered, which is a clear example of internal deliberation and 'give-and-take' in the decision-making process, rather than a statement of fact or established policy.",,,,,,1.0
610,"The Administration, AQW urges the Senate to amend the bill to authorize the Work Incentives Assistance Grants proposal included in the President's FY 2000 Budget.",0,0.0,"The sentence describes an action taken by the Administration (urging the Senate to amend a bill). This action is a final, external communication of the Administration's position, not an internal discussion preceding a decision. The decision to urge the Senate has already been made and is being communicated. Therefore, it is not predecisional.","The sentence states a clear position and a recommendation ('urges the Senate to amend the bill'). While it contains a recommendation, it is a public-facing recommendation from the Administration to the Senate, representing the established policy or position of the agency, not an internal deliberation or personal view. It is a statement of the agency's official stance, not an internal 'give-and-take.'",,,,,,0.0
611,"This proposal would authorize grants, for benefits planning and assistaa e counseling to facilitate access to information about work incentives and for state and local partnerships to better imegrate coordinate services for people with disabilities who work or are returning to work.",0,0.0,"The sentence describes the content of a proposal. While a proposal itself is predecisional, this sentence merely states what the proposal 'would authorize' if adopted. It is a factual description of the proposal's scope and intent, not a statement that precedes a final decision in itself. It could be part of a final report summarizing proposals, or a factual description in a document that is not predecisional. Therefore, it is not always predecisional.","The sentence is a factual description of what a proposal 'would authorize.' It does not express an opinion, recommendation, or internal deliberation. It objectively outlines the features of the proposal without reflecting the personal views of the author or the internal 'give-and-take' of the decision-making process. Thus, it is not deliberative.",,,,,,0.0
612,Looks good.,1,0.0,"The phrase 'Looks good' is a general assessment. While it often appears in the context of reviewing drafts or proposals, thereby preceding a final decision, it is not *always* predecisional. For example, one could say 'The final report looks good,' in which case the decision on the report's content has already been made. Without specific context, it cannot be definitively stated that it *always* concerns an issue where a final decision has not yet been made.","The phrase 'Looks good' expresses a subjective opinion or an assessment. It reflects the personal view of the author rather than a statement of objective fact or established agency policy. Therefore, it is deliberative in nature.",,,,,,0.0
613,"I suggest you drop the ""however"" in the second paragraph.",1,1.0,"The sentence is a suggestion regarding the wording of a document, implying that the document itself is still in draft form or under review. If the document is still being drafted or revised, then the final version, and any decisions it supports or conveys, has not yet been made. Therefore, the suggestion is predecisional.","The sentence is a direct recommendation or editorial suggestion ('I suggest you drop the 'however''). This clearly reflects the internal 'give-and-take' of the decision-making process, specifically concerning the crafting of an agency document. It represents the personal view of the author on how to improve the document, which is a core characteristic of deliberative material.",,,,,,1.0
614,"It has the unintended effect of diminishing our support in the first paragraph (e.g., ""I like you but ... "").",1,0.0,"The sentence discusses the 'unintended effect' of something, implying an analysis of a communication or action that has already occurred or is being drafted. It's an assessment of impact, not a proposal for a future decision. While it could be part of a draft document, the sentence itself is evaluating an effect rather than contributing to a future decision. It's more about refining an existing communication than making a new policy choice. Therefore, it is not predecisional.","The sentence expresses an opinion or assessment ('It has the unintended effect of diminishing our support') and uses an analogy ('I like you but ...') to illustrate a point. This clearly reflects an internal evaluation and opinion. However, for a sentence to be ALWAYS DELIBERATIVE, it must be both predecisional and deliberative. Since it is not predecisional, it cannot be classified as ALWAYS DELIBERATIVE under Exemption 5.",,,,,,0.0
615,"It would read fine simply: ""The Administration urges.:.""",1,1.0,"The sentence suggests an alternative phrasing for a statement ('It would read fine simply: 'The Administration urges.:.'). This implies that the final wording of an official statement or communication has not yet been decided. The suggestion is made in the context of drafting or refining an agency's message, which is a predecisional activity.","The sentence offers a recommendation or opinion on how a statement 'would read fine.' This is a direct comment on the internal 'give-and-take' of drafting and refining official communications. It reflects the author's personal view on the best way to phrase something, which is a classic example of deliberative content, as it contributes to the internal discussion about the final form of an agency's message.",,,,,,1.0
616,"Work Incentives Improvement Act Meeting: Administration and Disability Advocates April 7, 1999",0,0.0,"The sentence is a factual description of a meeting's title, participants, and date. It does not describe an issue where a final decision has not yet been made, nor does it precede an agency's action. It simply identifies an event. Therefore, it is not predecisional.","The sentence is a purely factual statement identifying a meeting. It does not express an opinion, recommendation, legal advice, or policy opinion. It does not reflect the internal 'give-and-take' of the decision-making process. Therefore, it is not deliberative.",,,,,,0.0
617,Agenda,0,0.0,"An 'Agenda' is a list of items to be discussed or acted upon at a meeting. Meetings are typically held to discuss issues, make decisions, or plan future actions. Therefore, an agenda inherently concerns issues where final decisions have not yet been made and precedes the discussions and decisions that will occur during the meeting. So, it is predecisional.","The word 'Agenda' itself is a factual title or label for a list of topics. It does not express an opinion, recommendation, or internal deliberation. While the discussions that follow an agenda might be deliberative, the word 'Agenda' itself is not. It is a factual statement about what will be discussed.",,,,,,0.0
618,I. Welcome/Introductions: Jonathan Young (OPL) Attendees expected to include:,0,0.0,"This sentence is part of an agenda or meeting minutes, listing a welcome, introductions, and expected attendees. It describes the factual setup of a meeting or event. It does not concern an issue where a final decision has not yet been made; rather, it describes the logistical arrangements for a meeting, which is a settled fact.","The sentence states factual information: who is welcoming, the department, and who is expected to attend. It does not express an opinion, recommendation, or internal deliberation. It is purely descriptive and factual.",,,,,,0.0
619,"A. Disability Advocates: Marty Ford{The Arc), Tony Young (UCPA), David Fields (UCPA), Andrew Sperling (NAMI), Suellen Galbraith (ANCOR), Mary Gennaro (NADDC), Sallie Rhodes (NAPAS)",0,0.0,"This sentence is a list of names and affiliations. It does not concern an issue where a final decision has not yet been made. It is a factual enumeration, not a step in a decision-making process.","This sentence is a factual list of individuals and their organizations. It does not express an opinion, recommendation, or internal deliberation. It is purely informational.",,,,,,0.0
620,"B. White House: Cynthia Rice (DPC), Jeanne Lambrew (NEC), Eric Gould (DPC), Lisa Brown (OVP), Jonathan Young (OPL)",0,0.0,"This sentence is a list of names and affiliations. It does not concern an issue where a final decision has not yet been made. It is a factual enumeration, not a step in a decision-making process.","This sentence is a factual list of individuals and their affiliations. It does not express an opinion, recommendation, or internal deliberation. It is purely informational.",,,,,,0.0
621,"C. OMB: Barbara Chow, Joanne Cianci, Melinda Haskins, Larry Matlack, Jeff F rkas:",0,0.0,"This sentence is a list of names under an agency heading. It does not concern an issue where a final decision has not yet been made. It is merely an enumeration of individuals, likely attendees or recipients, and does not precede an agency action or decision.","This sentence is a list of names and does not express an opinion, recommendation, or internal deliberation. It is a factual listing of individuals.",,,,,,0.0
622,"D. DOL: Becky Ogle, Gary Reed, Bill McKinnon",0,0.0,"This sentence is a list of names associated with 'D. DOL'. It does not concern an issue where a final decision has not yet been made. It is a factual listing, not a precursor to a decision.","This sentence is a factual list of names. It does not express an opinion, recommendation, or internal deliberation. It simply states who is associated with 'D. DOL'.",,,,,,0.0
623,"E. SSA: Susan Daniels, Judy Chesser, Jim O'Donnell",0,0.0,"This sentence is a list of names associated with 'SSA' (Social Security Administration). It does not concern an issue where a final decision has not yet been made. It is a factual listing, not a precursor to a decision.","This sentence is a factual listing of names. It does not express an opinion, recommendation, or internal deliberation. It is purely informational.",,,,,,0.0
624,F. HHS: Bob Williams,0,0.0,This sentence is a simple listing of an agency and a name. It does not concern an issue where a final decision has not yet been made. It is a factual identifier.,"This sentence is a factual identifier (an agency and a name). It does not express an opinion, recommendation, or internal deliberation. It is not deliberative.",,,,,,0.0
625,"IL Work Incentives Planners/DOL Grants: Cynthia (DPC), Barbara (0MB), Becky (DOL), and Susan (SSA)",0,0.0,This sentence is a list of names and their associated agencies/roles. It does not concern an issue where a final decision has not yet been made. It is a factual identification of individuals.,"This sentence is a factual list of individuals and their affiliations. It does not express an opinion, recommendation, or internal deliberation. It is purely informational.",,,,,,0.0
626,III. Overall Strategy: Jonathan (OPL) and Cynthia (DPC)         A. House Update         B. Senate Update         C. Future Meetings:,0,0.0,"This sentence is a heading or an outline of topics for discussion or reporting. It does not concern an issue where a final decision has not yet been made, nor does it precede an agency's action. It merely lists subjects to be covered, which could be part of a meeting agenda, a report, or an internal document summarizing ongoing activities. It does not inherently indicate that a decision is pending.","This sentence is a factual outline or a list of topics. It does not express an opinion, recommendation, or internal deliberation. It simply states what will be discussed or updated, without revealing any subjective views or policy positions. Therefore, it is not deliberative.",,,,,,0.0
627,This is just 7 lines.,0,0.0,"The sentence is a factual observation about the length of something. It does not inherently concern an issue where a final decision has not yet been made. It does not assist a decision-maker in reaching a final conclusion on its own, nor does it precede an agency's action. It could be part of a larger deliberative context, but the sentence itself is not predecisional.","The sentence 'This is just 7 lines' is a factual statement about the quantity or length of something. It does not express an opinion, recommendation, or internal deliberation. It is an objective observation rather than a subjective view or part of the 'give-and-take' of decision-making.",,,,,,0.0
628,"If Marie and Laura each take one, 0MB takes two, Jeanne takes one, I'll join Cynthia in her office, patch in Connie, leaving one extra line.",0,1.0,"The sentence describes a hypothetical allocation of tasks or resources ('If Marie and Laura each take one, 0MB takes two, Jeanne takes one, I'll join Cynthia in her office, patch in Connie, leaving one extra line'). This scenario planning is clearly predecisional, as it outlines a potential arrangement before it is finalized or implemented. It is created to assist in reaching a final conclusion about how to manage lines or tasks.","The sentence outlines a proposed plan or arrangement, reflecting an internal discussion or recommendation about how to distribute responsibilities or manage resources. It is not a statement of fact about an existing situation but rather a suggestion or a hypothetical scenario being considered. This content represents the personal views of the author regarding a potential course of action, making it deliberative.",,,,,,1.0
629,Call is at 12:30 pm,0,0.0,"The sentence states a time for a call. This is a factual statement about a scheduled event. It does not inherently indicate whether a final decision is pending or has already been made. A call could be for various purposes, some predecisional, some not. Therefore, it is not always predecisional.","The sentence 'Call is at 12:30 pm' is a purely factual statement about a scheduled time. It does not express an opinion, recommendation, legal advice, or policy opinion. It does not reflect the internal 'give-and-take' of the decision-making process. Therefore, it is not deliberative.",,,,,,0.0
630,"Cynthia, can you look this over before I circulate it?",0,0.0,"The sentence is a request for review of a document before it is circulated. This clearly indicates that the document is not yet final and is part of a process leading up to a potential decision or wider dissemination. Therefore, it is predecisional.","The sentence itself is a request for an action, not an opinion or recommendation about policy. While the document being reviewed might be deliberative, the sentence 'Cynthia, can you look this over before I circulate it?' is a procedural request. It does not reflect the internal 'give-and-take' of the decision-making process in terms of policy or recommendations. It is a factual request for a review.",,,,,,0.0
631,Thanks.,0,0.0,"The sentence 'Thanks.' is a simple expression of gratitude or acknowledgment. It does not inherently concern an issue where a final decision has not yet been made. It could be in response to a final decision, a factual update, or a completed task. It does not precede an agency's action or decision in a substantive way.","The sentence 'Thanks.' is an expression of social courtesy or acknowledgment. It does not express an opinion, recommendation, legal advice, or policy opinion. It does not reflect the internal 'give-and-take' of the decision-making process. It is not deliberative in content.",,,,,,0.0
632,"I Background: One of the original titles of the JK Legislation concerned setting up ""Work Incentives Planners,"" on a competitive state-by-state grant basis, to inform people on SSI and SSDI about their options for obtaining employment and taking advantage of the JK War Incentives.",0,0.0,"The sentence provides background information about the original titles of past legislation. It describes a historical fact about the content of legislation. It does not concern an issue where a final decision has not yet been made; rather, it describes a past legislative proposal. Therefore, it is not predecisional.","The sentence states a historical fact about the content of past legislation. It does not express an opinion, recommendation, or internal deliberation. It is a factual description of a legislative proposal. Therefore, it is not deliberative.",,,,,,0.0
633,"The Senate bill propsed to fund this program out of SSA 1 for $23 million a year max over five years, starting in year 2.",0,0.0,"The sentence describes a proposal in a Senate bill. While a proposal often precedes a final decision, the sentence itself is a factual description of that proposal. It states what the bill 'proposed to fund,' which is a past action (the proposal itself) and a factual detail of that proposal. It does not indicate that the agency is currently deliberating on whether to adopt, reject, or modify this specific proposal, nor does it precede an agency's action in the sense of assisting a decision-maker in reaching a final conclusion on the proposal's merits. It is a factual statement about a legislative proposal.","The sentence states a fact about a Senate bill's proposal, including specific funding amounts and timelines. It does not express an opinion, recommendation, or internal deliberation of the agency regarding that proposal. It is a factual description of an external legislative action, not an internal 'give-and-take' of the agency's decision-making process.",,,,,,0.0
634,"During our budget process, we developed a proposal that combined the Planners with one of the Task Force recommendations for Systems Change in DOL, for a total of $50 million a year, beginning year one (roughly $23 million going to the Planners, the rest for Systems Change).",0,1.0,"The sentence describes the development of a proposal during a budget process. The phrase 'developed a proposal' indicates that a final decision on the budget or the specific allocation of funds has not yet been made. This proposal is an input to a future decision, making it predecisional.","The sentence details the content of a proposal, which is inherently a recommendation or a plan for future action. It reflects the internal 'give-and-take' of the budget process, where different components are combined and allocated. This content represents the personal views and strategic choices made during the formulation of the budget, rather than a statement of fact about an established policy or a final budget decision. Thus, it is deliberative.",,,,,,1.0
635,"We proposed this change to the Senate during, but the bill was passed out of Finance Committee without our recommended change, sticking by the $23 million in SSA.",0,0.0,"The sentence describes a past proposal made to the Senate and the subsequent outcome where the recommendation was not adopted. It details a completed legislative process and the agency's role within it. Since the bill has already passed out of committee, the decision regarding the proposed change has been made and settled. Therefore, this sentence is not predecisional.","The sentence describes a past action ('We proposed this change') and the outcome. While the initial proposal was deliberative, the sentence itself is a factual account of a past event and its result, rather than an ongoing deliberation, opinion, or recommendation. It states what happened, not what should happen or what is being considered.",,,,,,0.0
636,Reason for Meeting: Senate staff and disability groups are operating under the assumption that the bill language obligates/mandates SSA to fund the program.,0,1.0,"The sentence describes the 'Reason for Meeting' and states an assumption held by external parties (Senate staff and disability groups) regarding the bill language. This assumption concerns whether the bill 'obligates/mandates SSA to fund the program.' This indicates that the interpretation of the bill's obligations and the agency's funding responsibilities are still under discussion or review, meaning a final decision on these matters has not yet been made. Therefore, it is predecisional.","The sentence states an assumption held by external parties, which is presented as the 'Reason for Meeting.' While the sentence itself is a factual statement about the reason for a meeting, the underlying issue it describes (the interpretation of bill language and its implications for SSA funding) is inherently deliberative. The meeting's purpose is to address this assumption, which implies internal discussion, analysis, and potential decision-making regarding the agency's obligations. The sentence sets the stage for internal 'give-and-take' regarding policy interpretation and resource allocation. It reflects an issue that requires internal deliberation rather than a simple statement of fact.",,,,,,1.0
637,They are separately exploring ways to appropriate funds for the Task Force Systems Change component.,1,1.0,"The sentence states that 'They are separately exploring ways to appropriate funds.' This indicates that a final decision on how to appropriate funds has not yet been made and is still under active consideration. The exploration of ways precedes the final decision on appropriation, making it predecisional.","The phrase 'exploring ways to appropriate funds' describes an ongoing internal process of considering options and strategies. This reflects the 'give-and-take' of the decision-making process, where different approaches are being evaluated. It is not a statement of fact about an existing appropriation or a settled policy, but rather an internal deliberation about future actions. Therefore, it is deliberative.",,,,,,1.0
638,"But, as we have discussed in recent meetings, the language would require SSA to fund the Planners out of its discretionary Administrative account, and SSA cannot therefore guarantee it will have the resources  to  operate the program.",1,1.0,"The sentence discusses a potential requirement ('the language would require SSA to fund...') and its implications ('SSA cannot therefore guarantee it will have the resources...'). This indicates that the agency is still evaluating the feasibility or consequences of a proposed action or policy, and a final decision on whether to proceed with or modify the 'language' or 'program' has not yet been made. It is clearly predecisional as it concerns an ongoing discussion about resource allocation and program operation.","The sentence refers to discussions in 'recent meetings' and presents an internal assessment of resource constraints and operational guarantees. This reflects the 'give-and-take' of the decision-making process, where potential obstacles and limitations are being identified and weighed. It expresses an opinion or analysis regarding the viability of a program under certain funding conditions, representing the internal views of the agency rather than a factual statement about an established policy or an external event. Therefore, it is deliberative.",,,,,,1.0
639,We want to inform the Congress and the advocates about our concern so that we do not run into greater problems down the road.,1,1.0,"The sentence describes an intention to inform Congress and advocates about a concern to prevent future problems. This action (informing) is a step taken in anticipation of future events or decisions, and it precedes any potential decisions or actions by Congress or the advocates, or any further agency actions to address the 'greater problems.' Therefore, it is predecisional.","The sentence expresses a strategic intent and a concern ('We want to inform... about our concern so that we do not run into greater problems'). This reflects an internal assessment of potential risks and a proposed course of action to mitigate them. It is an opinion or recommendation about how to manage a situation, rather than a statement of fact or established policy. It reveals the agency's internal thinking and strategy.",,,,,,1.0
640,Proposed Agenda for Meeting: 1) Introductions; 2) Review history and content of our DOL combined proposal; 3) Review concerns about current Senate language; 4) Q & A.,0,0.0,"The sentence presents a 'Proposed Agenda for Meeting,' which outlines topics for discussion. This clearly indicates that the meeting is intended to facilitate discussions and considerations that precede a final decision or agency action. The items listed, such as reviewing proposals and concerns, are inputs to a decision-making process that has not yet concluded. Therefore, it is predecisional.","The sentence is a factual list of topics for a meeting. While the meeting itself is intended for deliberation, the agenda itself does not express an opinion, recommendation, or internal deliberation. It is a procedural document that describes what will be discussed, rather than reflecting the 'give-and-take' of the decision-making process or the personal views of the author on the substance of the topics. It states facts about the meeting's structure, not opinions or recommendations.",,,,,,0.0
641,"Attendance at Meeting: 1) Administration Representatives from DPC/NEC, 0MB (health and income maintenance divisions), W.H. Legislative Affairs, SSA, DOL, OVP, OPL; 2) Leading disability community advocates (4-6).",0,0.0,"The sentence lists attendees at a meeting. This is a factual record of who was present. It does not concern an issue where a final decision has not yet been made, nor does it precede an agency's action in the sense of assisting a decision-maker in reaching a final conclusion. It is a record of an event, not a step in a decision-making process.","The sentence provides a factual list of individuals and organizations that attended a meeting. It does not express an opinion, recommendation, or internal deliberation. It is purely informational and objective, stating who was present, rather than reflecting the 'give-and-take' of the decision-making process.",,,,,,0.0
642,"Administration offices not  mentioned  above, but  wishing  to  attend, may do so.",0,0.0,"The sentence concerns attendance at an event, which is an administrative detail rather than an issue where a final policy or programmatic decision is being made. It is an instruction or an invitation, not a step in a larger decision-making process. Therefore, it is not predecisional.","The sentence is a factual statement about who may attend an event. It does not express an opinion, recommendation, or internal deliberation. It is an administrative instruction.",,,,,,0.0
643,Just let me know.,0,0.0,"This sentence is a simple request for information or an update. It does not concern an issue where a final decision has not yet been made, nor does it precede an agency's action in a substantive way. It is a procedural communication.","This sentence is a directive or a request for a response. It does not express an opinion, recommendation, or internal deliberation. It is a functional statement, not a substantive one.",,,,,,0.0
644,"From the response I've heard so far, this appears to be the best (and perhaps only) workable time.",0,1.0,"The sentence discusses the 'best (and perhaps only) workable time' for an unspecified action, implying that a decision about scheduling or timing is still pending. It is a statement made in the context of evaluating options for a future action, thus preceding a final decision on that action. Therefore, it is predecisional.","The sentence expresses an opinion and an assessment ('appears to be the best (and perhaps only) workable time') based on feedback. This reflects the author's judgment and internal deliberation about the optimal course of action, rather than a purely factual statement or established policy. It is a recommendation or an evaluative statement contributing to a decision.",,,,,,1.0
645,"Please let me know if this does NOT work for representation from OMB (Health and Ed), DPC/NEC, SSA, DOL, and Leg. Affairs.",0,1.0,"The sentence is a request for feedback on a proposed arrangement ('if this does NOT work for representation'). This feedback is clearly intended to inform a future decision about the final composition of representation, making it predecisional. The decision on representation has not yet been made.","The sentence is a request for input or potential objections to a proposed plan. It solicits opinions or recommendations regarding the feasibility or suitability of a particular arrangement. This reflects the internal 'give-and-take' of the decision-making process, as the author is seeking to refine or confirm a plan based on feedback. It is not a statement of fact or established policy.",,,,,,1.0
646,"In the meantime, interested parties please hold date/time for meeting with disability representatives.",0,0.0,"The sentence is an instruction or request to hold a date/time for a future meeting. This meeting is presumably to discuss an issue where a final decision has not yet been made, making the sentence predecisional as it relates to the preparatory steps for future deliberations.","The sentence is a directive or an administrative instruction, not an expression of opinion, recommendation, or internal deliberation about policy or strategy. It is a factual statement about a logistical arrangement for a future event. Therefore, it is not deliberative in content.",,,,,,0.0
647,"There will probably be no perfect time, so I'd like to hold this one unless it poses a major problem.",0,1.0,"The sentence discusses a decision about when to release or act on something ('hold this one'). This indicates that a final decision on the timing of an action has not yet been made and is still under consideration. Therefore, it is predecisional.","The sentence expresses a personal opinion and recommendation ('I'd like to hold this one unless it poses a major problem') regarding a course of action. It reflects the author's internal deliberation and strategic thinking, rather than a statement of fact or established policy. Thus, it is deliberative.",,,,,,1.0
648,Thanks.,0,0.0,"The sentence 'Thanks.' is a simple expression of gratitude or acknowledgment. It does not inherently concern an issue where a final decision has not yet been made. It could be in response to a final decision, a factual update, or a completed task. It does not precede an agency's action or decision in a substantive way.","The sentence 'Thanks.' is an expression of social courtesy or acknowledgment. It does not express an opinion, recommendation, legal advice, or policy opinion. It does not reflect the internal 'give-and-take' of the decision-making process. It is not deliberative in content.",,,,,,0.0
649,"[This message doesn't apply to all of you, but I thought it easier to send it to everyone, rather than risk leaving someone out.]",0,0.0,"The sentence is an administrative note about the distribution of an email. It does not concern an issue where a final decision has not yet been made regarding agency policy, action, or operations. It is a meta-commentary on the communication itself, not the substance of any decision-making process. Therefore, it is not predecisional.","The sentence expresses the author's reasoning for sending an email to a broad group ('I thought it easier to send it to everyone, rather than risk leaving someone out'). This is an internal thought process or justification for a communication strategy, which could be considered an opinion or a personal view. However, it does not relate to policy, recommendations, or legal advice concerning agency actions or decisions. It's a logistical explanation rather than a substantive deliberation.",,,,,,0.0
650,RE: Setting up meeting with groups,0,0.0,"The sentence is a subject line indicating the topic of an email, which is 'Setting up meeting with groups.' This action (setting up a meeting) precedes any substantive discussions or decisions that might occur during the meeting itself. Therefore, it is predecisional as it relates to future agency action.","The sentence is a subject line, which typically serves as a label or identifier for the content of an email. It states a factual action (setting up a meeting) rather than expressing an opinion, recommendation, or internal deliberation. It does not reflect the 'give-and-take' of the decision-making process or represent personal views on policy. Therefore, it is not deliberative.",,,,,,0.0
651,"We discussed meeting with the groups Tuesday or Wednesday, April 6-7.",0,0.0,"The sentence describes a discussion about scheduling a future meeting. This discussion precedes the actual meeting and any decisions that might arise from that meeting. Therefore, it is predecisional.","The sentence states a fact about a discussion that occurred ('We discussed meeting...'). While the *topic* of the discussion (scheduling) is related to future actions, the sentence itself is a factual report of a past event (the discussion) rather than an expression of an opinion, recommendation, or internal deliberation about policy or strategy. It does not reflect the 'give-and-take' of policy formulation or legal advice, but rather a logistical arrangement. Therefore, it is not deliberative.",,,,,,0.0
652,"I'd like to suggest two windows of time: 11 :00 AM to 2:00 PM gn Tuesday, and 10:00 AM to 4:00 PM on Wednesday.",0,1.0,"The sentence proposes specific times for an event, implying that the final decision on the timing has not yet been made. This suggestion is made to assist in reaching that final conclusion, thus making it predecisional.","The phrase 'I'd like to suggest' explicitly indicates a recommendation or an opinion, rather than a statement of fact. It reflects the internal 'give-and-take' of planning or scheduling, which is a form of deliberation.",,,,,,1.0
653,"We need representatives from the following: OMB (including Barbara Chow and Dan Mendelson, if possible), SSA, DOL (that includes PTFEAD), Leg Affairs, and OPD.",0,1.0,"The sentence states a need for representatives from various agencies. This 'need' implies that a decision is pending regarding the formation of a group or a meeting, and the selection of participants is part of the predecisional process. It precedes the actual formation of the group or the commencement of its work.","The sentence expresses a recommendation or an internal assessment of what is required ('We need representatives'). It reflects an internal planning decision about who should be involved in a future activity, rather than a statement of fact or established policy. It is a recommendation for action.",,,,,,1.0
654,We'd like to keep this meeting manageable by keeping numbers small.,0,1.0,"The sentence describes a plan or intention for an upcoming meeting. This plan precedes the actual meeting and any decisions that might arise from it, making it predecisional as it relates to the logistics and conduct of a future event that is part of a decision-making process.","The phrase 'We'd like to keep this meeting manageable by keeping numbers small' expresses a preference, a recommendation, or an internal decision about how to conduct a meeting. It reflects the personal views or strategic thinking of the author regarding the optimal way to facilitate discussion, rather than a statement of fact or established agency policy. It is clearly deliberative in nature.",,,,,,1.0
655,"But if  you're not from one of  these offices and really  want to attend, let me know.",0,0.0,"The sentence is an invitation or an offer to consider attendance at an event. It does not concern an issue where a final decision has not yet been made by the agency regarding a policy, program, or action. It is an administrative statement about event attendance, not a predecisional element of a policy-making process.","The sentence is an administrative instruction or offer ('let me know') rather than an expression of opinion, recommendation, or internal deliberation on a substantive policy matter. It is a factual statement about how to request attendance, not a reflection of the 'give-and-take' of decision-making.",,,,,,0.0
656,I suggest the following approach to identify a time.,0,1.0,"The sentence explicitly states 'I suggest the following approach to identify a time.' This clearly indicates that a decision on how to identify a time has not yet been made, and the sentence is proposing a method to reach that decision. Therefore, it is predecisional.","The phrase 'I suggest the following approach' is a direct recommendation. It expresses the author's personal view on how to proceed, reflecting internal 'give-and-take' rather than a statement of fact or established policy. Therefore, it is deliberative.",,,,,,1.0
657,"I've listed below nine hour-long blocks, with numbers.",0,0.0,"The sentence describes the act of listing blocks of time. This action is purely administrative and does not concern an issue where a final decision has not yet been made. It is a factual statement about the content of the communication, not a step in a policy or programmatic decision-making process. Therefore, it is not predecisional.","The sentence is a factual statement about the structure of the communication ('I've listed below nine hour-long blocks, with numbers'). It does not express an opinion, recommendation, or internal deliberation. It simply describes what the author has done in the document. Therefore, it is not deliberative.",,,,,,0.0
658,Just email me back with the numbers of the times that do NOT work for you (and your office).,0,0.0,"This sentence is part of a logistical communication to schedule a meeting. While the meeting itself might be predecisional, this specific sentence is about coordinating schedules, not about the substance of a decision. It does not concern an issue where a final decision has not yet been made in the sense of policy or program. It is a request for information to facilitate a future event.","The sentence is a direct request for factual information (available times) to facilitate scheduling. It does not express an opinion, recommendation, or internal deliberation about policy or strategy. It is a logistical instruction.",,,,,,0.0
659,I hope that there will be at least one hour that works.,0,1.0,"The sentence expresses a hope regarding the scheduling of an event. This hope precedes the finalization of the schedule, which is a decision. Therefore, it is predecisional.","The sentence 'I hope that there will be at least one hour that works' expresses a personal wish or opinion regarding a logistical matter. It reflects the author's subjective view or preference rather than a statement of fact or established policy. Thus, it is deliberative.",,,,,,1.0
660,"[Cynthia, please coordinate OPD/Leg Affairs representation]",0,0.0,"The sentence is an instruction or request for coordination. This action (coordinating representation) is a preparatory step that precedes a larger decision or event (e.g., a meeting, a policy discussion, or a legal action). Therefore, it is predecisional as it is created to assist in reaching a final conclusion or action.","The sentence is a directive or an instruction, not an opinion, recommendation, or internal deliberation in the sense of reflecting the 'give-and-take' of policy formulation or legal advice. While it is an internal communication, it is an administrative instruction to perform a task, not an expression of a personal view, policy opinion, or legal advice. It is a factual instruction rather than a deliberative thought process.",,,,,,0.0
661,"[Joanne, please coordinate 0MB representation]",0,0.0,"The sentence is an instruction or request for coordination. This action (coordinating representation) is a preparatory step that precedes a larger decision or event where OMB representation would be needed. Therefore, it is predecisional.","The sentence is a directive or instruction, not an opinion, recommendation, or internal deliberation in the sense of reflecting the 'give-and-take' of policy formulation. It is an administrative task assignment. While it might be part of a deliberative process, the sentence itself is a factual instruction rather than an expression of personal views, legal advice, or policy opinions.",,,,,,0.0
662,"[Marie, please coordinate SSA representation]",0,0.0,"The sentence is an instruction or request for action ('please coordinate SSA representation'). This action (coordinating representation) would precede any final decision or outcome related to the SSA representation itself. Therefore, it is predecisional.","The sentence is a directive or request for action, not an expression of opinion, recommendation, or internal deliberation. It is an administrative instruction rather than a reflection of the 'give-and-take' of the decision-making process or a personal view. It states what needs to be done, not why or what the author thinks about it.",,,,,,0.0
663,"[Becky, please coordinate DOL representation]",0,0.0,"The sentence is an instruction or request for action ('please coordinate'). This action (coordinating representation) is a step in a process that would precede a final decision or outcome related to the DOL's involvement. Therefore, it is predecisional.","The sentence is a directive or an administrative instruction. While it initiates an action that might contribute to a deliberative process, the sentence itself does not express an opinion, recommendation, or internal deliberation. It is a factual instruction rather than a reflection of the 'give-and-take' of decision-making or a personal view on policy. It's an administrative task, not a substantive deliberation.",,,,,,0.0
664,"#1: Tuesday, April 6, 11:00 AM - 12:00 PM",0,0.0,"This sentence provides a specific date and time. It does not inherently concern an issue where a final decision has not yet been made. It is a factual statement of a schedule or event, not a precursor to a decision or a part of a decision-making process itself. Therefore, it is not predecisional.","The sentence states a date and time. It does not express an opinion, recommendation, or internal deliberation. It is a purely factual piece of information.",,,,,,0.0
665,"#2: Tuesday, April 6, 12:00 PM - 1 :00 PM",0,0.0,"This sentence provides a specific date and time. It does not concern an issue where a final decision has not yet been made. It is a factual statement about a scheduled event, not a precursor to a decision.","This sentence is a factual statement about a schedule. It does not express an opinion, recommendation, or internal deliberation. It simply states a date and time.",,,,,,0.0
666,"#3: Tuesday, April 6, 1:00 PM - 2:00 PM",0,0.0,"The sentence provides a specific date and time. While this information might be part of a larger predecisional document (like a draft meeting schedule for a future decision-making meeting), the sentence itself does not inherently concern an issue where a final decision has not yet been made. It is a factual statement about a time slot, which could apply to a past, present, or future event, and does not directly precede an agency's action or decision.","The sentence 'Tuesday, April 6, 1:00 PM - 2:00 PM' is a purely factual statement of a date and time. It does not express an opinion, a recommendation, a policy view, or any internal deliberation or 'give-and-take.' It is simply a piece of scheduling information.",,,,,,0.0
667,"#4: Wednesday, April 7, 10:00 AM - 11:00 AM",0,0.0,"This sentence provides a specific date and time. It is a factual statement about a scheduled event or a time slot. It does not inherently concern an issue where a final decision has not yet been made, nor does it directly assist a decision-maker in reaching a final conclusion. It could be a schedule for a meeting, but the sentence itself is merely a factual entry, not a predecisional discussion or analysis. Therefore, it is not always predecisional.","The sentence states a date and time. This is a purely factual statement. It does not express an opinion, recommendation, or internal deliberation. It does not reflect the 'give-and-take' of the decision-making process or represent personal views of the author. Thus, it is not deliberative.",,,,,,0.0
668,"#5: Wednesday, April 7, 11:00 AM - 12:00 PM",0,0.0,"This sentence provides a specific date and time. It is a factual statement, likely a schedule entry or a reference to an event. It does not inherently concern an issue where a final decision has not yet been made, nor does it precede an agency's action in the sense of assisting a decision-maker in reaching a final conclusion. It is simply a factual detail.","The sentence states a date and time. It does not express an opinion, recommendation, or internal deliberation. It is a purely factual statement.",,,,,,0.0
669,"#6: Wednesday, April 7, 12:00 PM - 1:00 PM",0,0.0,"This sentence provides a specific date and time for an event. It does not concern an issue where a final decision has not yet been made. It is a factual statement about a scheduled event, not a precursor to a decision.","This sentence is a factual statement providing a date and time. It does not express an opinion, recommendation, or internal deliberation. It is purely informational.",,,,,,0.0
670,"#7: Wednesday,  April 7,  1 :00   PM - 2:00 PM",0,0.0,"The sentence provides a specific date and time. This is a factual statement about a schedule or event. It does not inherently concern an issue where a final decision has not yet been made, nor does it precede an agency's action in the sense of being part of the decision-making process itself. It is a logistical detail, not a predecisional input.","The sentence states a specific date and time. It does not express an opinion, recommendation, or internal deliberation. It is a purely factual statement and does not reflect the 'give-and-take' of the decision-making process.",,,,,,0.0
671,"#8: Wednesday, April 7,  2:00 PM - 3:00 PM",0,0.0,"This sentence provides a date and time for an event. It does not concern an issue where a final decision has not yet been made. It is a factual statement about a scheduled event, not a precursor to a decision.","This sentence states a specific date and time. It does not express an opinion, recommendation, or internal deliberation. It is a purely factual statement.",,,,,,0.0
672,"#9: Wednesday, April 7, 3:00 PM - 4:00 PM",0,0.0,"This sentence provides a specific date and time. It is a factual statement about a schedule. It does not inherently concern an issue where a final decision has not yet been made. It could be a schedule for a past event, a public event, or a meeting. Without further context, it cannot be determined that it always precedes an agency's action or a final conclusion. Therefore, it is not always predecisional.","The sentence states a date and time. It does not express an opinion, recommendation, or internal deliberation. It is a purely factual statement.",,,,,,0.0
673,"Once we get a time that works internally, I'll take care of notifying the groups and setting up room arrangements, clearance, etc.",0,0.0,"The sentence describes actions that will be taken once an internal time is established. This indicates that a decision regarding the timing of an event or meeting is still pending ('Once we get a time that works internally'). The subsequent actions (notifying groups, setting up arrangements) are preparatory steps that precede the actual event or the finalization of its details. Therefore, it is predecisional.","The sentence describes logistical steps and a plan of action contingent on an internal decision. While it outlines future actions, it does not express an opinion, recommendation, or internal deliberation about policy or strategy. It is a statement of administrative intent and coordination, not a reflection of the 'give-and-take' of the decision-making process regarding the substance of a policy or program. It is a factual statement about planned administrative tasks.",,,,,,0.0
674,Feel free to give me a call if you have any questions.,0,0.0,"This sentence is a standard closing remark in an email, inviting further communication. It does not concern an issue where a final decision has not yet been made, nor does it precede an agency's action. It is a procedural statement.","This sentence is a polite invitation for questions, not an expression of an opinion, recommendation, or internal deliberation. It is a factual statement about the author's availability.",,,,,,0.0
675,Thanks everyone for your commitment to this bill.,0,0.0,"The sentence is an expression of gratitude for past commitment to a bill. It does not concern an issue where a final decision has not yet been made. It refers to a bill, which implies a legislative process that has likely concluded or is well underway, and the 'commitment' is a past action. It does not precede an agency's action or a final conclusion.","The sentence is a statement of appreciation, which is a factual expression of thanks. It does not express an opinion, recommendation, or internal deliberation about policy or decision-making. It is a social courtesy rather than a reflection of the 'give-and-take' of the decision-making process.",,,,,,0.0
676,It would be a tremendous victory to get this signed by the President this year.,0,1.0,"The sentence expresses a desired outcome ('to get this signed by the President this year') that has not yet occurred. It clearly precedes any final decision or action by the President, making it predecisional.","The sentence expresses an opinion and an assessment of a potential future event ('It would be a tremendous victory'). This reflects the internal 'give-and-take' of the decision-making process, indicating a strategic goal or a desired outcome rather than a statement of fact or established policy. It represents the personal views of the author regarding the significance of a potential action.",,,,,,1.0
677,Keep up the good work.,0,0.0,"The sentence is a general commendation or encouragement. It does not relate to a specific decision, policy, or issue where a final decision has not yet been made. It is not created to assist a decision-maker in reaching a final conclusion, nor does it precede an agency's action in a substantive way. Therefore, it is not predecisional.","The sentence expresses a positive sentiment or encouragement, which is a type of opinion. However, it does not reflect the internal 'give-and-take' of the decision-making process, such as recommendations, legal advice, or policy opinions. It is a general, non-substantive remark rather than a deliberation on policy or strategy. Therefore, it is not deliberative in the context of Exemption 5.",,,,,,0.0
678,"Today SSA met with W&M staff (led by  Kim Hildred 'and  Sandy  Wise), plus  a  cast  of  thousands from the Hill, to discuss changes made since the Bunning-Kennelly bill passed  the House last  year.",0,0.0,"The sentence describes a meeting that occurred 'today' to 'discuss changes made since the Bunning-Kennelly bill passed the House last year.' While the discussion of changes might inform future decisions, the sentence itself is a factual report of a past event (the meeting) and its topic. It does not explicitly concern an issue where a final decision has not yet been made, nor does it directly precede an agency's action. It is a descriptive statement about an informational gathering, not a predecisional input.","The sentence is a factual statement reporting that a meeting took place, who attended, and what was discussed. It does not express an opinion, recommendation, or internal deliberation. It simply states what happened, making it non-deliberative.",,,,,,0.0
679,We worked from a copy of the  8-K  bill that  was  marked  up  to  reflect  changes.,0,0.0,"The sentence describes a past action (working from a marked-up bill) and does not concern an issue where a final decision has not yet been made. It is a factual statement about a document used in a past process, not a statement that precedes an agency's action or decision. Therefore, it is not predecisional.","The sentence is a factual statement describing the type of document used ('a copy of the 8-K bill that was marked up to reflect changes') and the action taken with it ('We worked from'). It does not express an opinion, recommendation, or internal deliberation. It simply states a fact about a past activity. Therefore, it is not deliberative.",,,,,,0.0
680,"Although  HCFA sent a representative, no one from ED or DOL was present.",0,0.0,"The sentence states who was present or absent at an event. This is a factual observation about a past occurrence and does not concern an issue where a final decision has not yet been made. It does not precede an agency's action or assist a decision-maker in reaching a final conclusion. Therefore, it is not predecisional.","The sentence is a factual statement about attendance at an event. It does not express an opinion, recommendation, or internal deliberation. It simply reports who was present and who was not. Therefore, it is not deliberative.",,,,,,0.0
681,Here is a  summary  of  some  of  the issues discussed (Medicaid and offsets were not discussed):,0,0.0,"The sentence introduces a summary of issues that were discussed. While discussions often precede decisions, this sentence itself does not indicate that a final decision has not yet been made. A summary of discussions could be part of a predecisional document, but it could also be part of a post-decisional record (e.g., meeting minutes documenting a discussion that led to a decision, or a report on a past event). Therefore, it is not always predecisional.","The sentence is a factual statement introducing a summary of topics. It states 'Here is a summary...' and 'Medicaid and offsets were not discussed.' It does not express an opinion, recommendation, or internal deliberation. It is a descriptive statement about the content that follows, rather than a reflection of the 'give-and-take' of the decision-making process itself.",,,,,,0.0
682,Scoring.,0,0.0,"The single word 'Scoring' is too vague to definitively determine if it concerns an issue where a final decision has not yet been made. It could be a heading for a section discussing an ongoing evaluation process that precedes a decision, or it could be a label for a section summarizing scores that have already been finalized and are part of a completed decision. Without context, it is not always predecisional.","The word 'Scoring' itself is a factual term referring to an activity or a process. It does not express an opinion, recommendation, legal advice, or policy view. It does not reflect the internal 'give-and-take' of the decision-making process or represent the personal views of the author. Therefore, it is not deliberative.",,,,,,0.0
683,"Kim and Sandy noted that while the 8-K bill produced savings over five years, the changes made to these provisions by the Senate now result in costs.",0,0.0,"The sentence describes a factual observation about the financial impact of legislative changes. It states that a bill 'produced savings' and that 'changes made... now result in costs.' This is an assessment of the current financial state or outcome of past legislative actions. It does not concern an issue where a final decision has not yet been made; rather, it reports on the consequences of decisions already made (the changes by the Senate). Therefore, it is not predecisional.","The sentence presents a factual observation about the financial impact of legislative changes ('produced savings,' 'now result in costs'). While this information might be used in future deliberations, the sentence itself is a statement of fact or an analytical finding, not an opinion, recommendation, or internal deliberation. It reports on the outcome of legislative actions rather than expressing a subjective view or a policy preference.",,,,,,0.0
684,Work Incentive Grants.,0,0.0,This sentence is a title or a label. It does not describe an issue where a final decision has not yet been made. It simply names a program or topic. It does not inherently precede an agency's action or decision.,"This sentence is a factual label or title. It does not express an opinion, recommendation, or internal deliberation. It provides no content that reflects the 'give-and-take' of the decision-making process.",,,,,,0.0
685,"W&M staff noted the specialists proposed in 8-K were no longer in the bill, and asked SSA to explain the new grants.",1,0.0,"The sentence describes an interaction where staff noted a change in a bill and asked for an explanation. This interaction is part of the legislative or policy development process, which precedes a final decision on the bill or the grants. The request for an explanation indicates that information is being sought to inform future decisions or actions. Therefore, it is predecisional.","The sentence states that W&M staff 'noted' a change and 'asked SSA to explain' new grants. These are factual descriptions of actions taken by staff. While these actions are part of a deliberative process, the sentence itself does not express an opinion, recommendation, or internal deliberation. It reports on an observation and a request for information, which are factual events, not the content of a deliberation or a personal view. Therefore, it is not deliberative.",,,,,,0.0
686,"I added that the budget did not include the JKRM grants, but rather included an alternative grant program based in DOL.",1,0.0,"The sentence describes a factual statement made by the author regarding the contents of a budget. It clarifies what the budget includes and does not include. This information, while potentially relevant to future decisions, is presented as a statement of fact about an existing document (the budget) rather than a proposal, recommendation, or an input to a pending decision. It does not inherently precede an agency's action or a final conclusion, as it could be part of a final report or an explanation of an already settled budget.","The sentence states a fact about the budget's contents ('the budget did not include the JKRM grants, but rather included an alternative grant program based in DOL'). It does not express an opinion, recommendation, or internal deliberation. It is a factual description of what is contained within a document, not a subjective view or a policy opinion.",,,,,,0.0
687,Kim and Sandy requested to see any paper/legislative language the Administration developed on these grants.,1,0.0,"The sentence describes a request for information. While the requested information (paper/legislative language) might be predecisional, the act of requesting it is a factual event. The sentence itself does not concern an issue where a final decision has not yet been made; it reports on an action that has already occurred (the request). Therefore, it is not predecisional.","The sentence states a fact: 'Kim and Sandy requested to see any paper/legislative language.' It does not express an opinion, recommendation, or internal deliberation. It is a factual report of an action taken by individuals.",,,,,,0.0
688,Prisoner Provision -- Privacy Act Exemption.,0,0.0,"This sentence is a heading or a label. It does not describe an ongoing decision-making process or an issue where a final decision has not yet been made. It simply names a topic or a section, which could be part of a final document, a draft, or a factual reference. Therefore, it is not predecisional.","This sentence is a factual label or a topic heading. It does not express an opinion, recommendation, or internal deliberation. It merely identifies a subject matter. Therefore, it is not deliberative.",,,,,,0.0
689,Sandy noted that the prisoner provision language was changed and she asked for the rationale.,1,0.0,"The sentence describes an action (language was changed) and a request for information (asked for the rationale). It does not concern an issue where a final decision has not yet been made. The change has already occurred, and the request is for an explanation of that past change. Therefore, it is not predecisional.","The sentence states facts: 'Sandy noted that the prisoner provision language was changed' and 'she asked for the rationale.' It does not express an opinion, recommendation, or internal deliberation. It reports on events and actions.",,,,,,0.0
690,We explained that  SSA  did not  need to  be exempt  from the entire Privacy Act in order to collect and  share  the  information  under  this  provision.,1,0.0,"The sentence describes an explanation that was provided. This explanation likely occurred in the context of a discussion or negotiation about how the SSA could collect and share information. While the explanation itself is a past event, the underlying issue of information collection and sharing, and the need for exemption, suggests an ongoing policy or legal discussion where a final decision on the scope of exemption or the method of information sharing might still be pending. However, the sentence itself is a statement about a past communication, not a direct input to a future decision. It could be part of a final report explaining past discussions. Therefore, it is not always predecisional.","The sentence states 'We explained that SSA did not need to be exempt from the entire Privacy Act in order to collect and share the information under this provision.' This is a statement of a legal or policy interpretation and advice provided by the agency. It reflects an internal 'give-and-take' regarding the application of law and policy, representing the views of the author or agency on a specific legal point rather than a purely factual statement. Thus, it is deliberative.",,,,,,0.0
691,The substitute language is meant to  only exempt  SSA  from the necessary  provisions.,1,1.0,"The sentence describes the *intent* or *purpose* of substitute language. This intent relates to a proposed change or modification that has not yet been finalized or implemented. Therefore, it precedes a final decision on the language and its application, making it predecisional.","The phrase 'is meant to only exempt' expresses the specific intent or policy goal behind a proposed change. This reflects an internal policy opinion and the reasoning behind a particular legislative or regulatory approach. It is not a statement of fact about an existing exemption but rather an explanation of the deliberative thought process behind a proposed action. Thus, it is deliberative.",,,,,,1.0
692,We  also  noted that OMB-OGC and SSA-OGC continue to discuss this issue.,1,0.0,"The sentence states that two offices 'continue to discuss this issue.' This indicates that a final decision on the issue has not yet been made and is still under active consideration. Therefore, it is predecisional.","The sentence is a factual statement about an ongoing discussion. While the *subject* of the discussion might be deliberative, the sentence itself merely reports the fact that a discussion is occurring. It does not express an opinion, recommendation, or internal deliberation about the issue itself. It does not reflect the 'give-and-take' of the decision-making process, but rather reports on the existence of such a process. Therefore, it is not deliberative.",,,,,,0.0
693,"W&M seems to be  fine  with  the change as long as the data sharing can still occur, and requested that we share any future changes with them.",1,0.0,"The sentence describes the current stance of W&M regarding a change and a request for future communication. While it implies that a change has occurred or is being considered, the sentence itself does not directly concern an issue where a final decision has not yet been made. It reports on a reaction to a change and a request for future information, which could be part of an ongoing process but doesn't necessarily precede a specific, identifiable final decision. It could also be a factual report on a past interaction.","The sentence reports on the opinion or stance of W&M ('W&M seems to be fine with the change') and their request ('requested that we share any future changes with them'). While it conveys an opinion, it is presented as a factual report of W&M's position and request, rather than the author's own opinion, recommendation, or internal deliberation. It describes an external party's view, not the agency's internal 'give-and-take' on a decision.",,,,,,0.0
694,Funding.,0,0.0,"The sentence 'Funding' is a single word that identifies a topic. It does not inherently indicate whether a final decision has been made or is pending. It could refer to a past funding decision, a current funding status, or a future funding proposal. Without further context, it is impossible to determine if it is predecisional.","The word 'Funding' is a noun and, by itself, does not express an opinion, recommendation, or internal deliberation. It is a factual term referring to financial resources or the act of providing them. It does not reflect subjective views or policy stances.",,,,,,0.0
695,In several places the Senate changed authorization language to language that looks  more like appropriations language.,0,0.0,"The sentence describes a past action taken by the Senate ('the Senate changed authorization language'). It is a factual observation about a legislative change that has already occurred. It does not concern an issue where a final decision has not yet been made by the agency, nor does it precede an agency's action. Therefore, it is not predecisional.","The sentence is a factual statement describing a change in legislative language. It does not express an opinion, recommendation, or internal deliberation of the agency. It is an objective observation about an external event. Therefore, it is not deliberative.",,,,,,0.0
696,House staff hypothesized this  may  have  been  to  avoid  offsetting certain provisions.,0,0.0,"The sentence describes a hypothesis made by House staff about a past action ('may have been to avoid offsetting certain provisions'). While the hypothesis itself is a form of analysis, it relates to a past event and does not directly precede a specific, identifiable agency decision that is yet to be made. It is an interpretation of a past decision, not an input to a future one. Therefore, it is not predecisional.","The sentence states a 'hypothesis,' which is by definition an opinion, an unproven theory, or a speculative explanation. It reflects the internal 'give-and-take' of analysis and interpretation rather than a statement of fact or established policy. Thus, it is deliberative.",,,,,,0.0
697,"However, they  also  noted  that  the  funds  should  not  be  appropriated  through this bill, and would be supject to the discretionary caps.",0,1.0,"The sentence discusses a recommendation or observation regarding the appropriation of funds ('should not be appropriated through this bill'). This clearly indicates that a final decision on how the funds will be appropriated has not yet been made, and the statement is intended to inform or influence that decision. Therefore, it is predecisional.","The phrase 'should not be appropriated through this bill' is a clear recommendation or policy opinion. It reflects the internal 'give-and-take' of the decision-making process regarding funding mechanisms, representing the views of the authors rather than a statement of fact or established agency policy. It is deliberative.",,,,,,1.0
698,Someone on House staff volunteered  to raise the issue with the appropriators.,0,0.0,"The sentence describes a past event where someone volunteered to take an action. While this action (raising an issue with appropriators) might be part of a larger predecisional process, the sentence itself is a factual report of a past event. It does not concern an issue where a final decision has not yet been made by the agency itself, nor does it directly precede an agency's action. It is a statement about an action taken by a third party (House staff) or an internal action that has already occurred, rather than a pending agency decision.","The sentence is a factual statement reporting that 'Someone on House staff volunteered to raise the issue.' It does not express an opinion, recommendation, or internal deliberation of the agency. It simply states what happened.",,,,,,0.0
699,He felt it was unlikely the House would pass the language.,0,1.0,"The sentence describes someone's feeling or assessment about a future legislative outcome. This assessment would typically inform or precede decisions made by the agency regarding its legislative strategy or actions. Therefore, it concerns an issue where a final decision (e.g., on legislative strategy or whether to pursue the language) has not yet been made, making it predecisional.","The sentence 'He felt it was unlikely the House would pass the language' expresses an opinion, a prediction, or an assessment. It reflects the personal view of an individual rather than a statement of fact or established agency policy. This type of assessment is part of the internal 'give-and-take' of decision-making, particularly in strategic planning or policy formulation. Therefore, it is deliberative.",,,,,,1.0
700,Reauthorization of the Ticket.,0,0.0,"The sentence 'Reauthorization of the Ticket' is a very brief, declarative statement. Without further context, it is difficult to definitively determine if it concerns an issue where a final decision has not yet been made. It could be a topic for discussion, a proposed action, or a statement of an ongoing process. However, it does not explicitly state that a decision is pending or that it is created to assist a decision-maker. It could also be a heading or a factual reference to a program that is up for reauthorization, which might be a settled matter or a routine administrative process. Therefore, it is not always predecisional.","The sentence 'Reauthorization of the Ticket' is a factual statement or a topic heading. It does not express an opinion, recommendation, or internal deliberation. It simply names a subject or an action. It does not reflect the 'give-and-take' of the decision-making process or represent personal views of the author. Thus, it is not deliberative.",,,,,,0.0
701,"W&M is unhappy with the reauthorization language {staff referred to it as a ""five year sunset provision with a grandfather clause"").",0,1.0,"The sentence refers to 'reauthorization language' and indicates that 'W&M is unhappy' with it. This implies that the language is still under consideration, negotiation, or subject to change, and a final decision or approval of the reauthorization language has not yet been made. Therefore, it is predecisional.","The sentence explicitly states an opinion or sentiment ('W&M is unhappy') regarding specific 'reauthorization language.' The staff's characterization of the language ('five year sunset provision with a grandfather clause') further details the subject of this internal dissatisfaction. This reflects the internal 'give-and-take' of the decision-making process, where different parties express their views on proposed policy or legislative text before a final decision is reached. It represents an internal assessment and opinion, not a statement of fact or final agency policy.",,,,,,1.0
702,"CBO noted that the change has little effect on 5 year numbers, but virtually all of the program's savings are lost over the 10 year period.",0,0.0,"The sentence describes a finding by the Congressional Budget Office (CBO) regarding the effect of a change on program savings over 5 and 10 year periods. This is a factual observation or analysis of a change, not a statement that precedes a specific, identifiable agency decision. While such information might inform future decisions, the sentence itself is a report of an analytical finding, not a predecisional step in a specific decision-making process. It could be part of a final report or an explanation of a decision already made. Therefore, it is not always predecisional.","The sentence presents a factual finding or analysis from the CBO regarding the financial impact of a change. It states what CBO 'noted' about the effect on savings. This is a statement of fact about CBO's findings, not an opinion, recommendation, or internal deliberation of the agency itself. It does not reflect the agency's internal 'give-and-take' or personal views of the author.",,,,,,0.0
703,CLARIFICATION POINTS Continuing Disability Reviews.,0,0.0,"This sentence is a heading or a topic identifier. It does not describe an issue where a final decision has not yet been made, nor does it precede an agency's action. It simply names a subject area. Therefore, it is not predecisional.","This sentence is a heading or a topic identifier. It does not express an opinion, recommendation, or internal deliberation. It is a factual label for a subject. Therefore, it is not deliberative.",,,,,,0.0
704,There is some  confusion in  W&M  (as  in  SSA  and EXOP)  about  how the  two  provisions  that  eliminate   work  activity  as  a  trigger  for  a  disability  review  relate  to  each other.,1,0.0,"The sentence describes existing confusion about how two provisions relate to each other. While this confusion might eventually lead to a decision to clarify or amend the provisions, the sentence itself is a statement about a current state of understanding, not a direct input to a specific, pending decision. It does not explicitly precede an agency's action or decision, nor is it created specifically to assist a decision-maker in reaching a final conclusion. It is more of an observation of a problem rather than a step in solving it. Therefore, it is not always predecisional.","The sentence states that 'there is some confusion' about how two provisions relate. This is a factual observation about the state of understanding within various entities. It does not express an opinion, recommendation, or internal deliberation about policy or strategy. It describes a situation, not a viewpoint on how to address it or a recommendation for action. Therefore, it is not deliberative.",,,,,,0.0
705,SSA volunteered to provide a written rationale for the changes it would like to make.,1,1.0,"The sentence states that SSA volunteered to provide a written rationale for *changes it would like to make*. This indicates that the changes are not yet final, and the rationale is being prepared to support or justify these proposed changes. Therefore, it precedes a final decision or action regarding those changes, making it predecisional.","The sentence describes an action (volunteering to provide a rationale) related to *proposed changes*. The rationale itself would contain opinions, recommendations, and justifications for those changes, reflecting internal deliberation. While the sentence itself is a factual statement about SSA's offer, the *subject* of that offer (a rationale for desired changes) is inherently deliberative. The sentence reveals an internal step in the process of formulating and justifying policy or operational adjustments, reflecting the 'give-and-take' of decision-making. It is not a statement of established policy or a purely factual observation unrelated to future decisions.",,,,,,1.0
706,Advisory Panel.,0,0.0,"The sentence 'Advisory Panel' is a label or a noun phrase. It does not describe an issue where a final decision has not yet been made, nor does it inherently indicate a stage in a decision-making process. It could refer to an existing panel, a proposed panel, or a section heading. Without further context, it is not possible to determine if it is predecisional. It is not always predecisional.","The sentence 'Advisory Panel' is a factual label or a descriptive term. It does not express an opinion, a recommendation, or reflect internal deliberation or 'give-and-take.' It simply names a type of entity. Therefore, it is not deliberative in content.",,,,,,0.0
707,"W&M staff wanted to know if the Administration opposed the panel proposed in the Senate -- twice the size of the House panel and broader scope (SSA-based panel advises HHS, DOL, ED).",1,0.0,The sentence describes a request for information about the Administration's stance on a proposed panel. This request is clearly predecisional because it seeks to understand the Administration's position on a matter that is still under consideration (a proposed panel) and where a final decision or official stance has not yet been articulated. The information sought would directly inform future decisions or actions regarding the panel.,"The sentence itself is a factual statement about what W&M staff wanted to know. It does not express an opinion, recommendation, or internal deliberation of the agency itself. It reports on an external inquiry. While the *subject* of the inquiry (the Administration's opposition to a proposed panel) is deliberative, the sentence *reporting* the inquiry is not. It is a factual report of a question asked.",,,,,,0.0
708,"SSA and I stated that while we preferred to build off of an  existing  interagency  panel  focused on employment for individuals with disabilities, we would not oppose the Senate panel.",1,1.0,"The sentence describes a past statement made by SSA and the author regarding their preference for one approach over another, and their willingness not to oppose a different approach. This statement reflects a position taken during a discussion or negotiation, which would typically precede a final decision on how to proceed with an interagency panel. It indicates that the matter was still under consideration and a final decision had not yet been made regarding the structure or focus of the panel. Therefore, it is predecisional.","The sentence expresses a preference ('we preferred to build off of an existing interagency panel') and a conditional stance ('we would not oppose the Senate panel'). These are clearly opinions and recommendations regarding the best way to move forward, reflecting internal 'give-and-take' and strategic positioning in a decision-making process. They represent the views of the author and SSA, not established agency policy or a simple statement of fact. Therefore, it is deliberative.",,,,,,1.0
709,State Agency Participation in the Ticket Program.,0,0.0,"This sentence is a title or a topic. It does not describe an ongoing decision-making process, nor does it explicitly precede a specific agency action. It could be a title for a report, a meeting agenda item, or a section heading in a document, some of which might be predecisional, but others might be post-decisional or purely informational. Therefore, it is not always predecisional.","This sentence is a factual description of a topic. It does not express an opinion, recommendation, or internal deliberation. It simply states what the subject matter is. Therefore, it is not deliberative.",,,,,,0.0
710,The Senate version enables State VR agencies to select payment methods on a case by case basis and to develop contracts with other participating providers/managers.,0,0.0,"The sentence describes a feature of the 'Senate version' of something, likely a bill or legislative proposal. This description is a factual statement about the content of a legislative document. It does not concern an issue where a final decision has not yet been made by the agency, nor does it precede an agency's action. It simply states what a particular version of legislation *enables*. Therefore, it is not predecisional.","The sentence states a fact about what the Senate version of a document enables. It does not express an opinion, recommendation, or internal deliberation. It is a descriptive statement of a provision, not a subjective view or a part of the 'give-and-take' of decision-making. Therefore, it is not deliberative.",,,,,,0.0
711,Kim Hildred wants to speak to someone from ED about these changes.,0,0.0,"The sentence states that an individual wants to speak to someone about 'these changes.' This indicates that the changes are either proposed, under discussion, or recently implemented, and further discussion is desired. This suggests that decisions related to these changes, or their implications, are still being processed or refined, making it predecisional.","The sentence is a factual statement about Kim Hildred's desire to speak to someone. It does not express an opinion, recommendation, or internal deliberation about the changes themselves, nor does it reflect the 'give-and-take' of the decision-making process. It merely reports a request for communication.",,,,,,0.0
712,Medicare.,0,0.0,"The sentence is a single word, 'Medicare.' It does not provide any context to determine if it concerns an issue where a final decision has not yet been made. It could be a topic of discussion, a reference to an existing program, or part of a larger document that is either predecisional or postdecisional. Without further context, it cannot be definitively classified as predecisional.","The sentence 'Medicare' is a proper noun referring to a government program. It is a factual reference and does not express an opinion, recommendation, or internal deliberation. It is not deliberative.",,,,,,0.0
713,W&M staff asked several questions to get a better understanding of the provision.,0,0.0,"The sentence describes an action (asking questions) taken to gain a better understanding of a provision. This action is typically part of the information-gathering phase that precedes a decision, but it does not inherently mean a final decision has not yet been made. It could be part of a process to understand a provision that has already been decided upon, or it could be part of an ongoing review. It is not always predecisional.","The sentence states a factual action: 'W&M staff asked several questions.' It does not express an opinion, recommendation, or internal deliberation. It describes an event, not a subjective view or a policy choice. Therefore, it is not deliberative.",,,,,,0.0
714,"Specifically, they asked about the 10 year window, whether  disability  reviews  would be  conducted after an individual stops receiving DI cash benefits (they read it as ""no""), and costs.",0,0.0,"The sentence describes specific questions that were asked. These questions likely relate to an ongoing discussion or proposal where a final decision has not yet been made, as the questions themselves imply an exploration of details and implications. Therefore, it is predecisional.","The sentence reports on questions asked, which are factual in nature. While the questions themselves might be part of a deliberative process, the sentence merely states what was asked, not an opinion, recommendation, or internal deliberation of the agency itself. It is a factual report of an inquiry.",,,,,,0.0
715,Expedited Eligibility Provision.,0,0.0,"This sentence is a title or a label. It does not describe an issue where a final decision has not yet been made. It simply names a provision, which could be existing, proposed, or under discussion. Without further context, it is impossible to determine if it is predecisional.","This sentence is a title or a label. It does not express an opinion, recommendation, or internal deliberation. It is a factual label. Therefore, it is not deliberative.",,,,,,0.0
716,"This was not discussed in detail, though Kathy Ruffing (CBO) did note that she scored it as a small caster instead of a small saver.",1,0.0,"The sentence describes a past event (a discussion) and a specific observation made during that event. It does not concern an issue where a final decision has not yet been made. The phrase 'This was not discussed in detail' refers to a past lack of detailed discussion, and Kathy Ruffing's scoring is presented as a past action/observation. It does not precede an agency's action or a final conclusion; rather, it reports on a past interaction. Therefore, it is not predecisional.","The sentence reports a factual observation about a past discussion and a specific scoring by an individual. While the scoring itself might be part of a deliberative process, the sentence merely states that it happened and what the score was. It does not express an opinion, recommendation, or internal deliberation of the author, but rather reports a fact about what someone else noted. Therefore, it is not deliberative.",,,,,,0.0
717,SSA will provide a  written rationale for this provision.,1,0.0,"The sentence states that SSA 'will provide a written rationale.' This indicates a future action to explain a provision. The act of providing a rationale typically follows the decision to implement the provision itself. Therefore, this sentence describes an action that would justify or explain a decision that has already been made or a matter that has been officially settled, rather than preceding the agency's action. Thus, it is not predecisional.","The sentence is a factual statement about a future administrative action ('SSA will provide a written rationale'). It does not express an opinion, recommendation, or internal deliberation about the content of the rationale or the provision itself. It simply states what will happen. Therefore, it is not deliberative.",,,,,,0.0
718,ADDITIONAL ISSUES,0,0.0,"This phrase is a heading or a label. It does not describe an issue where a final decision has not yet been made. It merely indicates that more issues will be discussed or listed, without providing any content about those issues or their decisional status. Therefore, it is not predecisional.","This phrase is a heading. It does not express an opinion, recommendation, or internal deliberation. It is a factual label indicating a section of a document. Therefore, it is not deliberative.",,,,,,0.0
719,Milestone Payments.,0,0.0,"The sentence 'Milestone Payments' is a factual label or a topic heading. It does not inherently indicate whether a final decision has been made or is pending. It could refer to a proposed payment structure (pre-decisional) or an approved one (post-decisional). Without further context, it is not always pre-decisional.","The sentence 'Milestone Payments' is a descriptive term. It does not express an opinion, recommendation, or internal deliberation. It is a factual label rather than a reflection of the 'give-and-take' of the decision-making process.",,,,,,0.0
720,SSA again requested that more specific language be adopted regarding milestones only being paid after an individual starts a job.,1,1.0,"The sentence states that SSA 'requested' a change in language. This request is an input into a decision-making process, indicating that a final decision on the specific language or policy regarding milestones has not yet been made. It precedes the agency's final action or policy adoption, making it predecisional.","The sentence describes a 'request' for 'more specific language' to be 'adopted.' This constitutes a recommendation or an opinion on how a policy or program should be structured. It reflects the internal 'give-and-take' of the decision-making process, where one entity (SSA) is advocating for a particular approach. It is not a statement of fact about an existing policy but rather a proposal for future action, making it deliberative.",,,,,,1.0
721,Kim and Sandy believe the language that enables the Commissioner to determine the timing and amount ofpayments is sufficient.,1,1.0,"The sentence states that Kim and Sandy 'believe' certain language is sufficient. This belief relates to the adequacy of existing or proposed language, which is an input to a decision-making process. The sufficiency of language for a Commissioner to determine timing and amount of payments implies that a decision about the implementation or finalization of this language, or the payments themselves, has not yet been made. Therefore, it is predecisional.","The sentence explicitly states 'Kim and Sandy believe,' which is an expression of opinion or judgment. This reflects the internal 'give-and-take' of the decision-making process, where individuals offer their assessments and recommendations regarding policy or legal language. It is not a statement of fact or established agency policy, but rather a personal view or assessment contributing to a deliberation. Therefore, it is deliberative.",,,,,,1.0
722,Individual Work Plans.,0,0.0,This sentence is a title or a label. It does not describe an issue where a final decision has not yet been made. It simply names a category of documents or a concept. It does not inherently precede an agency's action or decision.,"This sentence is a title or a label. It does not express an opinion, recommendation, or internal deliberation. It is a factual descriptor. Therefore, it is not deliberative.",,,,,,0.0
723,Senate language provides detailed requirements of what the plans must include and takes away the Commissioner ability to waive  the plans in  certain cases.,0,0.0,"The sentence describes existing Senate language and its implications for the Commissioner's ability to waive plans. This is a statement about current legislative requirements and their effect, not a discussion about a future decision or a proposal. It describes an established fact about the law, not a predecisional stage of agency action. Therefore, it is not predecisional.","The sentence states facts about Senate language and its impact on the Commissioner's authority. It does not express an opinion, recommendation, or internal deliberation. It is a factual description of legal requirements. Therefore, it is not deliberative.",,,,,,0.0
724,W&M  and SSA both prefer the House language.,1,1.0,"The sentence states a preference of two entities (W&M and SSA) for certain 'House language.' This preference indicates that a final decision regarding which language to adopt or support has not yet been made, and the entities are still in the process of forming or expressing their positions. Therefore, it is predecisional.","The sentence explicitly states a 'prefer[ence],' which is an opinion or a recommendation regarding specific legislative language. This reflects the internal 'give-and-take' of the decision-making process, where different entities express their views on policy options. It is not a statement of fact about an established policy but rather an internal position on a matter under consideration. Therefore, it is deliberative.",,,,,,1.0
725,Qualification for Employment Networks.,0,0.0,"This sentence is a title or a heading. It does not describe an ongoing decision-making process, a proposed action, or a future event. It simply names a topic or category. Therefore, it is not predecisional.","As a title or heading, this sentence does not express an opinion, recommendation, or internal deliberation. It is a factual label for a subject matter. Therefore, it is not deliberative.",,,,,,0.0
726,W&M staff are concerned that the flexibility built into the Senate language may allow McDonalds or other large employers to qualify for payments.,0,1.0,"The sentence describes concerns held by staff regarding the potential implications of 'Senate language.' This 'Senate language' likely refers to proposed legislation or policy that has not yet been finalized or implemented. The concerns expressed are about how this language 'may allow' certain outcomes, indicating that a final decision on the policy's exact wording, interpretation, or implementation has not yet been made. Therefore, the sentence is predecisional as it relates to an ongoing policy formulation or legislative process.","The sentence states that 'W&M staff are concerned that the flexibility built into the Senate language may allow McDonalds or other large employers to qualify for payments.' This expresses an opinion, a worry, or an assessment of potential consequences, reflecting internal 'give-and-take' about the policy's design and its potential impact. It is not a statement of fact about an existing policy or a settled matter, but rather a view on a developing issue. Thus, it is deliberative.",,,,,,1.0
727,SSA does not believe the language would do this.,1,1.0,"The sentence states that SSA 'does not believe the language would do this.' This implies that there is a specific 'language' (likely a proposed text, policy, or legislative wording) under consideration, and a judgment is being made about its potential effect. This judgment precedes any final decision on whether to adopt, reject, or modify that language. Therefore, it is predecisional.","The phrase 'does not believe' clearly expresses an opinion or an assessment by the SSA regarding the potential outcome or effectiveness of the 'language.' This reflects an internal deliberation, a judgment, or a recommendation about the proposed language, rather than a statement of fact or established policy. It represents the agency's internal 'give-and-take' in evaluating a proposal. Therefore, it is deliberative.",,,,,,1.0
