row,sentence,y_true,agent1_pred,agent1_step1,agent1_step2,agent2_assessment,agent2_issues,agent2_suggestion,agent3_pred,agent3_rationale,y_pred
0,"Issue Given opposition to the provision in the President's budget to intercept gambling winnings from parents who owe child support, should we: (1) Officially amend the proposal to make it a small scale demonstration, with voluntary participation on the part of gambling establishments, submitting a budget amendment with substitute pay-fors; or (2) Agree to not push the proposal.",0,1,"The sentence presents a specific question regarding how to proceed with a budget proposal, offering two distinct options for future action, which clearly indicates that a final decision has not yet been made.",The sentence reflects the internal 'give-and-take' of the decision-making process by weighing different strategic approaches (amending the proposal vs. withdrawing it) rather than stating established policy or objective facts.,,,,,,1
1,Background on the Proposal The responsible fatherhood initiative in the President's budget includes new measures to:     1) collect child support from parents who can afford to pay;,0,1,"The sentence describes the content of a proposal included in the President's budget, which represents a matter currently under consideration and has not yet resulted in a final agency decision or official settlement.","The sentence outlines specific measures being proposed (collecting child support) as part of an internal initiative, reflecting the substance of the deliberative process and recommendations rather than stating an established final policy or objective fact.",,,,,,1
2,2) ensure that more child support goes directly to families; and,0,1,"The sentence lists a specific objective or goal regarding child support distribution, which implies a future action or policy change has not yet been finalized or implemented.","The sentence expresses a recommendation or a desired outcome within a list of goals, reflecting the internal deliberative process of determining what the agency should do rather than stating an established fact or final decision.",,,,,,1
3,"3) provide funds to help more ""deadbroke"" fathers who owe child support go to work.",0,1,"The sentence outlines a specific action or funding proposal regarding child support enforcement, which implies a matter is currently under consideration and a final decision on how to allocate funds or implement the program has not yet been made.","The content represents a recommendation or a proposed policy change rather than an established fact or final agency rule, reflecting the internal deliberative process of determining how to address the issue of 'deadbroke' fathers.",,,,,,1
4,"The package of child support collection initiatives includes intercepting gambling winnings from parents who owe support, which will collect about $350 million for families and raise nearly $190 million in federal revenues over five years.",0,0,"The sentence describes a finalized package of initiatives with specific projected outcomes and revenue figures, indicating that the decision to include these measures has been made and the matter is effectively settled rather than pending a final conclusion.","The content states objective facts regarding the components of the initiative and the resulting financial impacts, rather than expressing an internal opinion, recommendation, or subjective view of the author.",,,,,,0
5,Gaming establishments currently must report to the IRS certain gambling winnings,0,0,"The sentence states a current legal requirement for gaming establishments to report gambling winnings to the IRS, which describes an existing, settled rule rather than an issue where a final agency decision is still pending.","The sentence conveys an objective fact regarding established law and regulatory compliance rather than expressing a personal opinion, recommendation, or internal debate about policy.",,,,,,0
6,"under this proposal, they would also check to see if these individuals owe child support, and if so, retain winnings for the gamblers' children",0,1,"The sentence describes a hypothetical scenario and potential actions ('would also check', 'retain winnings') under a specific proposal, indicating that the final decision to implement these measures has not yet been made.","The sentence outlines a recommendation or a description of a proposed policy mechanism rather than stating an established fact or final agency rule, reflecting the internal deliberation on how the proposal should function.",,,,,,1
7,"1 Under current law, tribal and nontribal gambling establishments must complete and send to the IRS form W2G, reporting the name, social security number and amount of winnings for patrons with keno winnings above $1,500, bingo and slot machine winnings above $1,200, and winnings above $600 when the winnings are at least 300 times the amount of the wager.",0,0,"The sentence states existing legal requirements and reporting thresholds under current law, which are established facts rather than an issue where a final agency decision is still pending or being considered.","The content consists of objective facts regarding statutory obligations and specific dollar amounts mandated by law, rather than expressing an internal opinion, recommendation, or subjective assessment.",,,,,,0
8,"2 For all gambling winners exceeding the thresholds listed above, the gambling establishment would transmit the individual's name, social security number and amount of winnings via computer to a secure internet site where it would be matched against information on parents who owe at least $500 in child support.",0,0,"The sentence describes a specific procedural mechanism for transmitting data and matching it against child support records, which outlines a finalized rule or established process rather than a matter where a final decision is still pending.","The content states objective facts regarding a regulatory requirement and the operational steps of a system, rather than expressing an internal opinion, recommendation, or subjective deliberation.",,,,,,0
9,The match inquiry would report back: 1) there is no match and the individual does not owe past due child support;,0,0,"The sentence describes a report of a completed inquiry with a specific finding (no match, no debt owed), indicating that the fact-finding process regarding this specific issue has concluded rather than being in a pre-decisional stage of deliberation.","The content states an objective fact or the result of an investigation rather than expressing an internal opinion, recommendation, or subjective view of the author; it is a statement of what was found, not a deliberation on how to decide.",,,,,,0
10,"2) the individual owes past due child support which exceeds the amount of the individual's winnings, therefore, the entire amount of winnings should be retained;",0,0,"The sentence states a conclusion regarding the retention of winnings based on past due child support, which implies a determination has been reached or is being asserted as a final outcome rather than a pending issue awaiting a decision.","The sentence presents a factual assertion and a logical conclusion derived from established rules (that winnings are retained if they exceed owed support) rather than expressing a tentative opinion, recommendation, or internal debate about how to handle the matter.",,,,,,0
11,"or 3) the individual owes child support but the amount does not exceed the amount of winnings; therefore, only the amount of child support owed should be retained.",0,0,"The sentence outlines a specific condition and outcome regarding the retention of winnings based on child support obligations, which appears to be part of a rule, regulation, or final determination rather than a discussion of a pending decision.","The content states a factual application of a rule ('therefore, only the amount... should be retained') rather than expressing a personal opinion, recommendation, or internal debate; it reads like an established policy or a final explanation of a decision.",,,,,,0
12,Reaction to the Proposal Opposition to.,0,1,"The phrase indicates a section dedicated to discussing reactions to a proposal, which implies the proposal is still in a stage where feedback is being gathered and a final decision has not yet been made.","The phrase serves as a heading for internal feedback or opposition regarding a proposal, reflecting the internal give-and-take of the decision-making process rather than stating established policy or final facts.",,,,,,1
13,the child support gambling proposal has come from several sources.,0,0,"The sentence indicates that a proposal is currently in the process of being gathered from various sources, which implies that the final decision on the child support gambling issue has not yet been made.","The sentence describes the origin and status of a proposal rather than expressing a specific internal opinion, legal advice, or recommendation regarding how to resolve the issue, functioning more as a factual statement about the proposal's development.",,,,,,0
14,"Trtbal organizations have numerous concerns, including  that the proposal  was  made without consultation, violates their sovereignty by requiring them to enforce federal and state laws, and requires their gambling establishments to dedicate  staff time  and  other resources  to  collecting child support.",0,1,"The sentence lists concerns raised by tribal organizations regarding a specific proposal, indicating that the agency is still in the process of evaluating these issues and has not yet reached a final decision or official settlement on the matter.","The sentence details specific objections and policy arguments (lack of consultation, sovereignty violations, resource burdens) that represent the internal give-and-take of the decision-making process rather than stating established agency facts or final opinions.",,,,,,1
15,"The National Indian Gaming Commission, the federal agency  with  oversight  of tribal gaming, opposes the proposal.",0,1,"The sentence states that an agency opposes a proposal, which implies the proposal is still under consideration and a final decision has not yet been made, fitting the pre-decisional criteria.","The sentence expresses the official position or legal advice of the National Indian Gaming Commission regarding a specific proposal, which constitutes internal deliberation and legal opinion rather than a statement of established fact or final agency policy.",,,,,,1
16,"Democratic members of Congress, in particular Rep. Shelley Berkley (D-NV), have also called for us to abandon the proposal because of the burden it would  impose on the industry.",0,0,"The sentence reports on external actions taken by members of Congress regarding a proposal, which implies that the agency's decision on the proposal has not yet been made or is currently under review.","The sentence states objective facts about external political pressure and public comments rather than expressing an internal opinion, recommendation, or legal advice of the agency itself.",,,,,,0
17,Child support legislation is likely to move through the Ways and Means Committee this Spring.,0,1,"The sentence discusses the anticipated movement of legislation through a committee in the future ('this Spring'), indicating that the legislative outcome and final decision have not yet been made.","The sentence expresses a prediction or assessment regarding the likelihood of a future event rather than stating an established fact or final agency policy, reflecting an internal judgment on the legislative process.",,,,,,1
18,Human Resources Subcommittee  staff are planning  a hearing in late March  and  a markÂ­ up in April.,0,1,"The sentence describes future events (a hearing in late March and a markup in April) that have not yet occurred, indicating that the agency has not yet reached a final decision or conclusion regarding the matter being discussed.","The sentence outlines the internal planning and scheduling of upcoming procedural steps within the agency, reflecting the internal deliberative process of how the agency intends to handle the issue before a final action is taken.",,,,,,1
19,"There is bipartisan consensus on the need to simplify the current child support  distribution rules, to ensure more child support goes directly to families, and the committee will need child support collection proposals to help offset the costs.",0,1,"The sentence discusses a need for proposals to offset costs and references a committee's future requirements, indicating that the specific proposals and the final distribution rules have not yet been decided upon, placing the context in a pre-decisional stage.","The sentence expresses an internal assessment of the committee's needs and a recommendation to seek specific proposals to achieve a policy goal, reflecting the deliberative process of formulating a strategy rather than stating an established fact or final opinion.",,,,,,1
20,"Currently, the committee staff have the gambling proposal, as well our other child support budget proposals, on their proposed list, which is not yet public.",0,1,"The sentence explicitly states that the list of proposals is 'not yet public,' indicating that the agency has not finalized its decision or officially released the matter, placing it in a pre-decisional context.","The sentence describes the internal status of proposals within a committee staff list, reflecting the internal deliberative process of compiling and considering options before a final decision is made or a policy is established.",,,,,,1
21,"However, Democratic staff think that because CBO has scored the gambling provision as raising only $36 miilion (compared to our nearly $190 millionscore), that  they will drop the gambling proposal if they receive protests.",0,1,"The sentence discusses a hypothetical future scenario where a political opponent might drop a proposal based on specific scoring data, indicating that the final decision on the gambling provision has not yet been made or settled.","The sentence expresses an internal assessment and prediction by Democratic staff regarding the likely reaction of opponents, reflecting the 'give-and-take' of the decision-making process and personal views rather than stating an established agency fact or final policy.",,,,,,1
22,"Pay-for Options Â· If we submit a budget amendment officially changing our proposal in a way that lowers the savings, OMB believes we should propose substitute pay-fors.",1,1,"The sentence discusses a hypothetical scenario involving a future budget amendment and a potential change to a proposal, indicating that the agency has not yet made a final decision on whether to submit such an amendment or adopt the suggested substitute pay-fors.","The sentence expresses the internal belief and recommendation of the Office of Management and Budget (OMB) regarding how to respond to a specific budgetary situation, reflecting the deliberative 'give-and-take' of the policy-making process rather than stating an established fact or final agency action.",,,,,,1
23,Several child support options are currently being examined;,1,1,"The sentence indicates that options are 'currently being examined,' which implies that a final decision has not yet been made and the agency is still in the process of evaluating alternatives.","The sentence describes the internal process of reviewing various options rather than stating a final fact or established policy, reflecting the deliberative nature of the agency's consideration of different courses of action.",,,,,,1
24,early estimates show they likely will raise only about $50 million of the cost.,1,1,"The sentence refers to 'early estimates' regarding future funding levels, indicating that the final financial determination or decision has not yet been made and the matter is still in a preliminary stage.","The sentence presents an internal assessment, projection, or opinion about the likely outcome of a financial situation rather than stating an established fact or final agency policy.",,,,,,1
25,"The remaining costs could be made up by proposing a pay-for that HHS vigorously protested during the development of the budget, which would moderately reduce the amount of performance-based child support funds made available to states at the same time we make other changes that are advantageous to states.",1,1,"The sentence discusses a proposal to cover remaining costs and mentions actions taken during the development of a budget, indicating that the final decision on the budget and the specific funding mechanism has not yet been finalized or officially adopted.","The sentence outlines a specific recommendation involving a pay-for proposal and its trade-offs with child support funds, reflecting the internal give-and-take of the decision-making process and the author's strategic thinking rather than stating an established agency policy or final fact.",,,,,,1
26,"If they really want to go ahead with this meeting, I would think we should talk about the tribal and nontribal parts of this proposal at the same time, which would lead me to think Leg Affairs should be invited.",1,1,"The sentence discusses a potential future meeting and the inclusion of a specific party (Leg Affairs) regarding a proposal, indicating that the decision to hold the meeting and the final composition of attendees has not yet been made.","The sentence expresses a personal recommendation and internal reasoning ('I would think', 'which would lead me to think') regarding how to structure the meeting, reflecting the subjective views of the author rather than established agency policy.",,,,,,1
27,Should we suggest?,1,1,"The sentence poses a question about a potential future action, indicating that no final decision has been made regarding whether to make a suggestion, thus fitting the pre-decisional criteria.","The sentence reflects the internal deliberative process by questioning a course of action or seeking input on a recommendation, rather than stating an established fact or final policy.",,,,,,1
28,"John will have a deadbeat dads/indian gaming meeting on Thursday, March 9th at 11:00am.",0,0,The sentence describes a scheduled meeting regarding specific topics (deadbeat dads and Indian gaming) which implies that the agency is in the process of addressing these issues and has not yet reached a final decision or official settlement on the matters to be discussed.,"The sentence is a factual statement of an administrative schedule and does not express an opinion, recommendation, legal advice, or internal deliberation; it merely records when a meeting will occur rather than the substance of the decision-making process.",,,,,,0
29,The meeting will be in John's office.,0,0,"The sentence states a logistical fact about the location of a meeting, which is an administrative detail rather than a matter involving a pending final decision or policy conclusion.","The sentence conveys an objective fact regarding the venue of an event and does not express any internal opinion, recommendation, legal advice, or subjective deliberation.",,,,,,0
30,Please call me with any questions/problems.,0,0,"The sentence is a general request for communication regarding questions or problems and does not inherently concern a specific issue where a final agency decision has not yet been made, as it applies broadly to any future inquiries.","The sentence does not express an opinion, recommendation, or internal deliberation; it is a standard administrative instruction or courtesy rather than a record of the internal give-and-take of the decision-making process.",,,,,,0
31,Manifest is:,0,0,The phrase 'Manifest is:' is a fragment that introduces a statement of fact or data without indicating whether a final decision has been made or is pending.,"The phrase does not express an opinion, recommendation, or internal deliberation; it is a neutral label used to present information rather than reflecting the give-and-take of the decision-making process.",,,,,,0
32,"John will have a deadbeat dads/indian gaming meeting on Thursday, March 9th at 11:00am.",0,0,The sentence describes a scheduled meeting regarding specific topics (deadbeat dads and Indian gaming) which implies that the agency is in the process of addressing these issues and has not yet reached a final decision or official settlement on the matters to be discussed.,"The sentence is a factual statement of an administrative schedule and does not express an opinion, recommendation, legal advice, or internal deliberation; it merely records when a meeting will occur rather than the substance of the decision-making process.",,,,,,0
33,The meeting will be in John's office.,0,0,"The sentence states a logistical fact about the location of a meeting, which is an administrative detail rather than a matter involving a pending final decision or policy conclusion.","The sentence conveys an objective fact regarding the venue of an event and does not express any internal opinion, recommendation, legal advice, or subjective deliberation.",,,,,,0
34,Please call me with any questions/problems.,0,0,"The sentence is a general request for communication regarding questions or problems and does not inherently concern a specific issue where a final agency decision has not yet been made, as it applies broadly to any future inquiries.","The sentence does not express an opinion, recommendation, or internal deliberation; it is a standard administrative instruction or courtesy rather than a record of the internal give-and-take of the decision-making process.",,,,,,0
35,Manifest is:,0,0,The phrase 'Manifest is:' is a fragment that introduces a statement of fact or data without indicating whether a final decision has been made or is pending.,"The phrase does not express an opinion, recommendation, or internal deliberation; it is a neutral label used to present information rather than reflecting the give-and-take of the decision-making process.",,,,,,0
36,Maria -- you asked where we were in setting up an internal meeting to discuss next steps on child support and gaming.,0,1,"The sentence refers to the status of setting up a meeting to discuss future actions regarding child support and gaming, indicating that the specific steps and decisions have not yet been finalized or officially settled.","The sentence reflects the internal communication and planning process regarding upcoming discussions and next steps, representing the 'give-and-take' of the agency's decision-making workflow rather than stating established policy or final facts.",,,,,,1
37,"As I have discussed with Lynn, Broderick, and Barbara, we are prepared to scale this proposal back to a demonstration, with voluntary participation on the part of a select number of gaming establishments.",1,1,"The sentence describes a proposal to scale back a plan to a demonstration with voluntary participation, indicating that the final decision on the scope of the program has not yet been made and the agency is still considering this specific approach.","The sentence expresses a specific recommendation and internal consensus regarding how to proceed with a policy proposal, reflecting the deliberative 'give-and-take' of the decision-making process rather than stating an established final agency policy or objective fact.",,,,,,1
38,"Thus, our legislative proposal would be to test this  idea, and we would seek gaming  establishments willing to participate voluntarily.",1,1,"The sentence outlines a future legislative proposal and a plan to seek voluntary participation, indicating that the specific actions and the final decision to implement this proposal have not yet been made.","The sentence expresses a recommendation and a strategic approach (testing an idea) rather than stating an established fact or final agency policy, reflecting the internal deliberative process of formulating a course of action.",,,,,,1
39,This should satisfy all concerns. .,1,1,"The sentence implies that a decision or action is being considered to address specific concerns, suggesting that the matter is still in a phase where a final resolution or official settlement has not yet been reached.","The phrase 'This should satisfy' expresses a subjective assessment, recommendation, or internal opinion regarding the adequacy of a proposed solution, rather than stating an objective fact or established agency policy.",,,,,,1
40,"Since changing our proposal will result in losing budget revenue, we need substitute pay-fors.",1,1,"The sentence discusses a conditional outcome of changing a proposal and the subsequent need for substitute pay-fors, indicating that the decision to change the proposal and the specific measures to take have not yet been finalized.","The sentence expresses an internal assessment and recommendation regarding the necessary actions to address a budgetary constraint, reflecting the deliberative process of weighing options rather than stating an established fact or final policy.",,,,,,1
41,OMB folks have been working diligently on this effort (we've been helping where we can).,1,1,"The sentence describes ongoing work and assistance provided by OMB, which implies that the specific effort or decision regarding the matter is still in progress and has not yet reached a final conclusion or official settlement.","The sentence reflects the internal status of the agency's operations and the collaborative nature of the work being done, representing the internal 'give-and-take' and current state of affairs rather than stating an established fact or final policy.",,,,,,1
42,"As you know, uncontroversial pay-fors are h_ard to find, but we have several good things inÂ·development.",1,1,"The sentence discusses items 'in development,' indicating that the specific proposals or decisions regarding these pay-fors have not yet been finalized or officially adopted by the agency.","The sentence expresses an internal assessment and recommendation that the agency possesses 'several good things' to offer, reflecting the author's subjective evaluation and the ongoing deliberative process rather than stating an established fact or final policy.",,,,,,1
43,"Once we've crossed this hurdle, we should be ready to go.",1,1,"The sentence refers to a future state ('Once we've crossed this hurdle') implying that the current obstacle has not yet been overcome and a final decision or action is still pending, indicating a pre-decisional context.","The sentence expresses an internal assessment, prediction, or opinion regarding the agency's readiness and progress, reflecting the subjective views of the author on the status of the matter rather than stating an established fact or final policy.",,,,,,1
44,"I think we all agree that we all have an interest in making sure this doesn't get out prematurely, because we a) don't want to get hopes up too early given the complications of the budget pay-for issues and",1,1,"The sentence discusses the timing of releasing information regarding budget pay-for issues, indicating that a final decision or official settlement on the matter has not yet occurred and the agency is still navigating the process.","The sentence expresses the author's personal opinion and internal concern about managing stakeholder expectations and preventing premature disclosure, reflecting the internal give-and-take of the decision-making process rather than stating established policy or objective facts.",,,,,,1
45,b) we want to have a coordinated roll-out to make sure all our friends get alerted properly and can take proper credit.,1,1,"The sentence discusses a future action plan ('we want to have') regarding a coordinated roll-out, indicating that the specific implementation details and the decision on how to execute this are not yet finalized.","The sentence expresses a recommendation and a strategic preference ('make sure all our friends get alerted properly and can take proper credit') rather than stating an established fact or final agency policy, reflecting the internal deliberative process of planning.",,,,,,1
46,"Thus, we tried to the extent possible to make our meeting today with the National Indian Gaming Association into a listening session.",1,0,"The sentence describes an action taken during a meeting that has already occurred ('meeting today'), indicating that the event is in the past and the immediate context of the meeting is no longer pending or pre-decisional in the sense of future planning.","The sentence states a factual description of the nature of the meeting (a 'listening session') rather than expressing an internal opinion, recommendation, or subjective deliberation about policy options.",,,,,,0
47,They raised many good points.,1,1,"The sentence acknowledges points raised in a discussion or meeting, which typically occurs during the internal deliberative process before a final agency decision is made or officially settled.","The sentence reflects an internal evaluation and assessment of arguments presented by others, representing the subjective judgment of the author regarding the quality of those points rather than stating an objective fact or established policy.",,,,,,1
48,"I was planning that we could all meet again once we had vetted budget pay-fors, but I am happy to meet earlier  if others so desire.",0,1,"The sentence discusses a meeting scheduled to occur after a specific task (vetting budget pay-fors) is completed, indicating that the decision regarding the meeting and the underlying budget issues has not yet been finalized.","The sentence expresses the author's personal preference and tentative plan regarding the timing of a meeting, reflecting internal deliberation and the 'give-and-take' of the agency's operational process rather than stating an established fact or final policy.",,,,,,1
49,"I believe we should stick to the same plan we worked out before -- we start off by saying we understand there are problems with our original proposal, and we'd like to hear from them about their concerns, and proceed to have mainly a listening session.",0,1,"The sentence discusses a proposed approach for an upcoming interaction ('listening session') and explicitly references an 'original proposal' that is being evaluated, indicating that a final decision on how to proceed has not yet been made.","The sentence clearly expresses the author's personal belief ('I believe') and a specific recommendation on how to handle a situation, reflecting the internal give-and-take of the decision-making process rather than stating an established agency policy or objective fact.",,,,,,1
50,Lynn has forwarded to us a copy of NIGA's recent resolution on the subject.,0,0,"The sentence describes the receipt of an external document (a resolution) which is a factual event that has already occurred, rather than discussing an issue where a final internal agency decision is still pending.","The sentence states a fact about the transmission of a document and does not express an internal opinion, recommendation, or subjective deliberation regarding agency policy.",,,,,,0
51,Barbara I'll fax you a copy.,0,0,"The sentence describes an administrative action (faxing a document) that is likely occurring after or during the decision-making process, but it does not inherently concern an issue where a final decision has not yet been made regarding the content of the message itself.","The sentence is a factual statement of intent to transmit information rather than an expression of an opinion, recommendation, or internal deliberation about policy or legal interpretation.",,,,,,0
52,Eric -- some additional information from IRS's gambling industry experts.,0,1,"The sentence indicates that information is being gathered or shared prior to a final conclusion, suggesting the matter is still in the process of being evaluated and a decision has not yet been made.","The sentence describes the transmission of internal expert advice and analysis regarding a specific industry, which constitutes part of the internal give-and-take and deliberative process used to inform agency decisions.",,,,,,1
53,Hope this is helpful.,0,0,"The sentence is a closing remark and does not concern a specific issue where a final decision has not yet been made, as it lacks any substantive content regarding agency action or pending matters.","The sentence does not express an opinion, recommendation, or internal deliberation; it is a standard polite closing used in correspondence and does not reflect the give-and-take of the decision-making process.",,,,,,0
54,Please confirm receipt.,0,0,"The sentence is a request for acknowledgment of receipt and does not concern an issue where a final decision has not yet been made, as it is an administrative step rather than a pre-decisional analysis.","The sentence does not express an opinion, recommendation, or internal deliberation; it is a standard procedural instruction used in correspondence and does not reflect the give-and-take of the decision-making process.",,,,,,0
55,Thanks.,0,0,"The sentence 'Thanks' is a brief expression of gratitude and does not concern an issue where a final decision has not yet been made, as it contains no substantive content regarding agency actions or pending matters.","The sentence does not express an opinion, recommendation, or internal deliberation; it is a simple social courtesy and does not reflect the give-and-take of the decision-making process.",,,,,,0
56,-- Liz ',0,0,The fragment '-- Liz ' appears to be a signature or attribution indicating the author of the document rather than content discussing an issue where a final decision has not yet been made.,"The text does not express an opinion, recommendation, or internal deliberation; it is merely a name or sign-off and contains no substantive policy discussion or personal views regarding agency conduct.",,,,,,0
57,"Good moring sorry I missed you  last week as I was on the road, and came home to quite a mess.",0,0,"The sentence is a personal greeting and explanation for an absence, which does not concern an issue where a final agency decision has not yet been made, as it contains no reference to policy, rules, or pending determinations.","The content expresses personal feelings and factual details about the author's schedule and living situation rather than an opinion, recommendation, or internal deliberation regarding government business.",,,,,,0
58,In certain circumstances District Directors have authorized the internal control environment.,0,0,"The sentence describes a past action where District Directors have already authorized a specific environment, indicating that the decision has been made and the matter is settled rather than pending a future decision.","The sentence states an established fact regarding past authorization and agency policy rather than expressing a personal opinion, recommendation, or internal debate about how to reach a decision.",,,,,,0
59,"This has been approved because slot machines in denominations of $25 dollars and above ""lock-up"" at every win under the $1200 rule:",0,0,"The sentence states that a decision has already been made ('This has been approved') and explains the reasoning behind it, which means it is not predecisional as it justifies a final conclusion rather than assisting in reaching one.","The sentence provides a factual explanation of a rule and the reason for an approval, functioning as a final opinion or justification for an action rather than reflecting internal debate, recommendations, or personal views.",,,,,,0
60,"Under the aggregation permission, the IRS gets one report which reflects the total of all reportable transactions  audit  trails are  in place to ensure compliance.",0,0,"The sentence describes the operational mechanics of a reporting system and the existence of audit trails, which are factual statements about current procedures rather than a discussion of a pending decision or future action.","The content states objective facts regarding how the IRS receives data and ensures compliance, rather than expressing an internal opinion, recommendation, or subjective view on a policy matter.",,,,,,0
61,"This eases taxpayer burden, I would be happy to brief your office as to the details.",0,1,"The sentence discusses the effect of a policy on taxpayers and offers to provide further information, which implies the policy or its details are still being considered or explained rather than representing a final, settled agency action.","The phrase 'I would be happy to brief' expresses a personal willingness and the first part 'This eases taxpayer burden' reflects the author's internal assessment or opinion regarding the benefits of a proposal, rather than stating an objective fact or established policy.",,,,,,1
62,"2:    W-2G's as they apply to Keno, Bingo and slots have been required since the mid?",0,0,"The sentence states a historical fact regarding the timeline of tax requirements for specific gambling activities, indicating that the rule has been in place since a past date, which suggests the matter is settled rather than pending a future decision.","The content presents an objective fact about existing regulations rather than an internal opinion, recommendation, or subjective assessment, failing to meet the criteria for being deliberative.",,,,,,0
63,The dollar thresholds as they apply to these games  were written  at  a time when a $1200 dollar  jackpot was relatively  uncommon,0,0,"The sentence discusses the historical context and original intent behind specific dollar thresholds, which relates to the background of a rule or policy rather than a pending decision on a specific future action.","The sentence states an objective fact regarding the historical circumstances under which a regulation was written, rather than expressing a personal opinion, recommendation, or internal debate about how to proceed.",,,,,,0
64,Things have changed.,0,1,"The sentence indicates that circumstances have evolved, which implies that the context for a decision is currently active and not yet finalized or settled.","The sentence expresses a subjective observation or internal assessment of the current situation rather than stating an objective fact or established policy, reflecting the author's perspective on the state of affairs.",,,,,,1
65,As you may recall laat year we began a study on raising the threshold to $500.0 and eliminate 85% of W-2G filings: Taxpayers argued that winners just itemized the losses against the wins and the Treasury was not really getting any revenue.,0,1,"The sentence describes a study that began last year regarding a specific policy change (raising the threshold), indicating that the matter is currently under review and a final decision has not yet been made.","The sentence summarizes the arguments and context presented during the study (taxpayers itemizing losses vs. Treasury revenue), which reflects the internal analysis and deliberative process used to evaluate the policy option rather than stating an established final fact or policy.",,,,,,1
66,Early results indicated that this would be to costly.,0,1,"The sentence discusses the outcome of early results regarding a proposal, indicating that the matter is still in the evaluation phase and a final decision has not yet been made or officially settled.","The sentence expresses an internal assessment and conclusion based on preliminary data, reflecting the agency's deliberative process of weighing costs before reaching a final determination, rather than stating an established fact or final policy.",,,,,,1
67,We are currently working to find a revenue  neutral number.,0,1,"The sentence indicates that the agency is in the process of determining a specific number, meaning a final decision or established policy on this figure has not yet been made.","The statement reflects an internal effort and ongoing consideration to reach a conclusion, representing the deliberative process of formulating a policy rather than stating a final fact or established rule.",,,,,,1
68,"Indian gaming offers some.unique challenges due to the sovereignty issue: that being said, Indian casinos have the same requirements as commercial casinos.",0,1,"The sentence discusses the regulatory requirements for Indian casinos in the context of sovereignty issues, which represents a matter where a final agency decision or rulemaking has not yet been concluded or officially settled.","The sentence expresses an internal assessment and opinion regarding the unique challenges and legal equivalencies of Indian gaming, reflecting the author's analysis rather than stating an established, final agency policy or objective fact.",,,,,,1
69,For the most part the Indian casinos are in compliance.,0,0,"The sentence states a current status regarding compliance with Indian casinos, which implies a factual assessment of the present situation rather than a discussion of a future decision that has not yet been made.","The sentence appears to state an objective fact or established condition regarding regulatory compliance rather than expressing a personal opinion, recommendation, or internal debate about how to reach a decision.",,,,,,0
70,"In rare circumstances where they refuse to permit an audit, we cannot attest to any compliance in any area.",0,1,"The sentence outlines a conditional scenario ('In rare circumstances where they refuse...') and the resulting limitation on the agency's ability to attest to compliance, which represents a consideration of future actions or potential outcomes rather than a statement about a final decision that has already been made.","The sentence expresses an internal assessment of the agency's operational limitations and policy stance regarding audits, reflecting the author's professional judgment and reasoning process rather than stating an objective, established fact.",,,,,,1
71,"""E/GE will soon be responsible for this issue.",0,1,"The sentence indicates a future assignment of responsibility ('will soon be responsible'), which implies that the decision regarding who handles the issue has not yet been finalized or officially implemented at the time of writing.","The sentence reflects an internal recommendation or plan regarding the allocation of duties within the agency, representing the 'give-and-take' of the decision-making process rather than a statement of established policy or final fact.",,,,,,1
72,To assist them we have develpped an Indian Gaming text and outreach publication.,0,0,"The sentence describes an action already taken (developing a publication) to assist a specific group, which suggests the matter of assistance has been addressed rather than being in a pre-decisional phase where a final conclusion is pending.","The sentence states a fact about the existence of a developed document and the agency's intent to use it, rather than expressing an internal opinion, recommendation, or subjective view on how to proceed with a policy decision.",,,,,,0
73,"Backup withholding from reportable gaming transactions is, a difficult number as all backup witholding is lumped together.",0,0,"The sentence discusses the current state of data regarding backup withholding and gaming transactions, which appears to be a factual observation about existing records rather than a discussion of a future decision or a matter where a final conclusion has not yet been reached.","The sentence states a fact about how data is aggregated (lumped together) and the resulting difficulty in deriving a specific number, rather than expressing a personal opinion, legal advice, or a recommendation within the internal deliberative process.",,,,,,0
74,We could attempt to study this issue shhuld you require a better number.,0,1,"The sentence proposes a future action (studying an issue) contingent on a potential future requirement, indicating that no final decision or study has been made yet, so the context is pre-decisional.","The sentence expresses a tentative recommendation or suggestion ('We could attempt') regarding how to handle a potential future need, reflecting internal deliberation and the author's personal view on the course of action rather than stating an established fact or final policy.",,,,,,1
75,"That being said, if people stood to lose all their winnings, to child support or just 31% if they refused identification;",0,1,"The sentence discusses hypothetical scenarios regarding the consequences of refusing identification, which implies a situation where a final decision or rule has not yet been established or applied to these specific outcomes.","The sentence presents a conditional argument or internal consideration about the potential impact of a policy (losing winnings or child support) rather than stating an objective fact or established agency policy, reflecting the deliberative nature of weighing different outcomes.",,,,,,1
76,I think it would be fair to say backup withholding would increase.,0,1,"The sentence discusses a potential future outcome regarding backup withholding, indicating that the situation is still developing and a final determination or settled fact has not yet been reached.",The phrase 'I think' explicitly signals that the statement represents the personal opinion or subjective assessment of the author rather than an established agency policy or objective fact.,,,,,,1
77,"The children however, would not get the  money the treasury would.",0,1,The sentence discusses a comparison of financial outcomes for different groups (children vs. the treasury) which implies a situation where a final determination of benefits or rules has not yet been made or is currently under consideration.,"The sentence expresses an internal assessment or opinion regarding the distribution of funds and the likely consequences of a policy, reflecting the author's view on the matter rather than stating an established, final agency fact or rule.",,,,,,1
78,I have some questions that I'm sure you can answer.,0,0,"The sentence is a request for information rather than a discussion of an issue where a final agency decision is pending, as it does not inherently relate to the pre-decisional phase of policy formation.","The sentence does not express an opinion, recommendation, or internal deliberation; it is a simple inquiry or statement of fact regarding the sender's need for answers, lacking the substantive content required for the deliberative privilege.",,,,,,0
79,Please give  me a call 202-622-5563,0,0,"The sentence is a request for communication and does not concern an issue where a final decision has not yet been made, as it is an administrative instruction rather than a pre-decisional analysis of a policy matter.","The sentence does not express an opinion, recommendation, or internal deliberation; it is a factual statement of contact information and a directive for action, lacking any element of the deliberative process.",,,,,,0
80,Are there any situations where a casino does not stop operations to secure a W-2G?,0,1,"The sentence poses a question regarding specific operational scenarios and legal requirements, indicating that the agency is currently investigating or considering various possibilities rather than having reached a final, settled conclusion on the matter.","The sentence reflects an internal inquiry and the search for information to inform a decision, representing the 'give-and-take' of the deliberative process rather than stating established facts or final policy.",,,,,,1
81,"I.e., do they continue operations if a card holder  exceeds the $1200.00 dollar limit because they have the individuals TIN?",0,1,"The sentence poses a specific question regarding the operational procedures of an agency under a certain condition, indicating that the answer and the final policy decision on this matter have not yet been determined.","The sentence represents an inquiry or a point of uncertainty within the internal discussion process rather than a statement of established fact or final agency policy, reflecting the deliberative nature of seeking clarification before a decision is made.",,,,,,1
82,How long has the W-2G filing requirement been in place?,0,0,"The sentence is a question asking for historical facts regarding the duration of a specific filing requirement, which implies that the matter of the requirement's existence is established and not a pending decision.","The sentence seeks objective information about the timeline of a regulation rather than expressing an internal opinion, recommendation, or subjective view on how to proceed with a policy.",,,,,,0
83,Do we have any idea how often a casino has to backup withhold because the winner fails to provide a TIN #?,0,1,"The sentence asks a question regarding the frequency of a specific administrative action (backup withholding) in the context of a casino and a winner failing to provide a TIN. This inquiry is made before any final determination or policy is established regarding this specific scenario, indicating the matter is pre-decisional.","The sentence seeks information to inform a decision or policy rather than stating an established fact or final agency position. It reflects the internal process of gathering data to formulate a response or rule, which is characteristic of deliberative communications.",,,,,,1
84,The student loan offset was enacted in the 2000 appropriations a t.,0,0,"The sentence states a historical fact regarding the enactment of a specific law in a past year, indicating that the matter has already been officially settled and is not a pending issue requiring a new decision.","The content consists of an objective statement of fact about legislative history rather than an internal opinion, recommendation, or subjective assessment of policy options.",,,,,,0
85,"We have another idea about using NDNH for other kinds of Federal debt collection, implemented through Treasury/FMS.",1,1,"The sentence discusses a potential future application of a system for debt collection, indicating that the agency is still considering options and has not yet made a final decision or official settlement on this matter.","The phrase 'We have another idea' signals an internal proposal or recommendation regarding a new approach, reflecting the deliberative process of generating and evaluating options rather than stating a final policy or established fact.",,,,,,1
86,"It came up late in the budget process, so we didn't have time to develop it for the 01 budget, ie we don't have a savings estimate.",1,1,"The sentence discusses a situation within the budget process where a specific item was not developed in time for a particular budget cycle, indicating that the matter is still in a pre-decisional phase regarding the inclusion of that estimate in the current budget.","The sentence explains the internal reasoning and constraints (lack of time) that led to the absence of a specific data point, reflecting the internal deliberative process of how the budget was constructed rather than stating a final, settled fact or established policy.",,,,,,1
87,"We're getting that process going again with our Treasury branch colleagues now, too.",1,1,"The sentence describes an ongoing action ('getting that process going again') involving collaboration with colleagues, which implies the matter is currently in progress and a final decision or conclusion has not yet been reached.","The sentence reflects the internal status of an administrative process and the agency's current approach to handling a matter, representing the internal 'give-and-take' and operational deliberations rather than stating an established, final agency policy or objective fact.",,,,,,1
88,Did we use all of the student loan offset to pay for SDUs last year?,0,0,"The sentence asks a question regarding past actions (last year) and the utilization of funds, which implies that the specific decision on how to allocate those funds has already occurred or is being reviewed, rather than being a forward-looking pre-decisional inquiry about a future outcome.","The sentence seeks factual information about whether a specific action was taken, rather than expressing an opinion, recommendation, or internal debate about policy or legal interpretation.",,,,,,0
89,"If not, that may be a possibility",0,1,"The sentence discusses a potential future scenario or outcome that has not yet been decided upon, indicating that the matter is still in a pre-decisional state where a final conclusion has not been reached.","The phrase expresses a tentative opinion or consideration of a possibility rather than stating an established fact or final agency policy, reflecting the internal deliberative process of weighing options.",,,,,,1
90,Barbara  Chow spoke  to Jack  about child support and  gambling.,1,0,"The sentence describes a past event where a conversation took place regarding specific topics, which is a factual record of an interaction rather than a document created to assist in reaching a future decision.","The sentence states objective facts about who spoke to whom and about what subjects, without expressing any internal opinions, recommendations, or policy deliberations.",,,,,,0
91,His first reaction  was  'do we really need to drop this?',1,1,"The sentence captures an initial reaction to a proposal before a final decision has been made, indicating that the matter is still in the pre-decisional phase.","The content expresses a personal doubt or internal question regarding the necessity of an action, reflecting the subjective 'give-and-take' of the decision-making process rather than an established fact or final policy.",,,,,,1
92,but once he got beyond  that his only  issue is that he insists  we need to have another  pay-for to make up the savings.,1,1,"The sentence describes a situation where a specific issue (needing another pay-for) has been identified by an individual, but it does not indicate that a final agency decision has been made or officially settled regarding this matter, suggesting the context is pre-decisional.","The sentence conveys a specific recommendation or insistence on a course of action (having another pay-for) rather than stating an objective fact or established policy, reflecting the internal deliberative process of weighing options.",,,,,,1
93,OMB  will work on this with our help.,1,1,"The sentence indicates a future action ('will work on this') that has not yet occurred, suggesting the matter is still in progress and a final decision or completion has not been reached.","The sentence expresses a commitment to internal collaboration and a plan of action rather than stating an objective fact or established policy, reflecting the internal deliberative process of how the agency intends to handle the issue.",,,,,,1
94,"I impressed  upon Barbara  the need to move quickly, to give it less time to leak out and 'to allow us to put it out sufficiently in advance of the President's trip.",1,1,"The sentence describes actions taken to manage the timing of a release relative to a future event (the President's trip), indicating that the final decision on the release strategy and timing has not yet been executed or finalized.","The content expresses a specific recommendation and internal strategy regarding how to handle information dissemination, reflecting the author's personal views and the internal deliberative process rather than stating an established agency policy or objective fact.",,,,,,1
95,"Barbara thought one way we could pitch the voluntary option.is to talk about it as a pilot, saying we've realized there are some implementation questions and we want to test how it would work before we go national.",1,1,"The sentence discusses a proposed strategy for pitching a voluntary option as a pilot program, which is a suggestion made before a final decision on how to proceed has been reached by the agency.","The content reflects a specific recommendation and internal discussion regarding how to frame a policy proposal, representing the personal views of the author (Barbara) rather than an established agency fact or final rule.",,,,,,1
96,"Participation in the pilot would of course be voluntary, and we might throw in some financial incentives to cover paperwork and computer costs for those who participate.",1,1,"The sentence discusses a potential pilot program and the consideration of financial incentives, indicating that the decision to implement these specific measures has not yet been finalized or officially adopted by the agency.","The sentence expresses a recommendation and an internal assessment of how to structure the pilot (voluntary participation plus incentives), reflecting the personal views of the author on policy options rather than stating an established agency fact or final rule.",,,,,,1
97,I think this makes some sense.,1,1,"The sentence expresses a thought regarding a matter that is currently under consideration, indicating that a final decision or conclusion has not yet been reached.","The phrase 'I think' explicitly signals a personal opinion or subjective assessment rather than an established fact or official agency policy, reflecting the internal deliberative process.",,,,,,1
98,There's a commission relating to child support medical support issues (e.g. doing more to ensure the father's health plan covers the child as part of the child support order) that has just reported to HHS.,1,0,"The sentence reports on an event where a commission has just completed its work and reported to HHS, indicating that the specific issue regarding the commission's report has reached a stage of finality or official settlement rather than being a pending matter for a future decision.","The sentence states a factual occurrence (the commission reporting) and describes the subject matter of the report; it does not express an internal opinion, recommendation, or personal view of an author regarding how to handle the matter, but rather conveys established information.",,,,,,0
99,HHS is apparently reviewing the recommendations,1,1,"The sentence indicates that a review process is currently underway, meaning a final decision or official settlement on the recommendations has not yet been made, placing the matter in a pre-decisional context.","The sentence describes the status of an internal agency process (reviewing recommendations) rather than stating an established fact, final opinion, or settled policy; it reflects the ongoing deliberative activity of the agency.",,,,,,1
100,"I don't really know what's in them, but there may be some savings associated with some of them (perhaps reduced Medicaid costs by ensuring kids get on their father's private insurance) that we could use to replace the gambling savings.",1,1,"The sentence discusses potential future savings and policy options (replacing gambling savings with Medicaid cost reductions) that have not yet been finalized or officially adopted by the agency, indicating the matter is still in a pre-decisional stage.","The sentence expresses uncertainty ('I don't really know') and offers a tentative suggestion or hypothesis about potential financial outcomes, reflecting the internal deliberative process and personal views of the author rather than stating established facts or final policy.",,,,,,1
101,"In general I think these recommendations could have potential, and I told Olivia several weeks ago I'd like  them to move quickly in their review and to come over and give us  a briefing.",1,1,"The sentence discusses a desire for recommendations to be reviewed and a request for a briefing, indicating that the agency has not yet reached a final decision or taken official action on the matter.","The sentence expresses the author's personal opinion ('I think') and a recommendation to move quickly, reflecting the internal give-and-take of the decision-making process rather than established policy or final facts.",,,,,,1
102,Barbara Pryor says Sen. Rockefeller would like to introduce a bill shortly (I think he and Sen Snowe were responsible for the legislation creating the commission).,0,1,"The sentence reports on a future legislative action (introducing a bill) and provides background context regarding past legislation, indicating that the specific event of introducing the bill has not yet occurred and a final decision on the bill's content or timing is pending.","The sentence conveys information about the views and intentions of a third party (Sen. Rockefeller) and the author's own assessment of responsibility, rather than stating an established agency policy or objective fact, thus reflecting internal deliberation or opinion gathering.",,,,,,1
103,"We need to accelerate work on the independent contractor option, which Barbara thinks would pick up about half the savings needed.",1,1,"The sentence discusses the need to accelerate work on a specific option, indicating that the final decision on how to proceed or the implementation of this option has not yet been made.","The sentence expresses an internal recommendation to take action and includes a specific assessment or opinion attributed to an individual (Barbara) regarding the potential savings, reflecting the internal give-and-take of the decision-making process rather than established policy.",,,,,,1
104,"She will get Smalligan and Ahern working on this, but you guys should work closely with them.",1,1,"The sentence outlines a plan for future actions involving specific individuals to work on a task, indicating that the assignment and collaboration have not yet been finalized or executed, which places the matter in a pre-decisional context regarding the implementation of the work.","The sentence expresses a recommendation and internal coordination strategy regarding how the work should be distributed and managed, reflecting the personal views of the author on the decision-making process rather than stating an established agency policy or objective fact.",,,,,,1
105,"As I recall, we've asked Treasury for some information, but have not yet reached out to DOL and SBA?",1,1,"The sentence indicates that the agency has not yet contacted certain departments (DOL and SBA) to gather necessary information, implying that the final decision or action requiring this information has not been made yet, placing the matter in a pre-decisional stage.","The sentence reflects the internal status of the agency's information-gathering process and the author's recollection of pending actions, representing the internal 'give-and-take' and planning stages of the decision-making process rather than stating established facts or final policy.",,,,,,1
106,"And, though it is more OMB's responsibility than ours, we should try to think of any other possible pay-fors in our area (defined broadly).",1,1,"The sentence discusses a potential future action ('we should try to think') regarding identifying pay-fors, indicating that the specific list of pay-fors has not yet been determined and a final decision on this matter is pending.","The sentence expresses a recommendation and an internal suggestion for the agency to consider additional options, reflecting the 'give-and-take' of the decision-making process rather than stating an established fact or final policy.",,,,,,1
107,One possibly promising area are the recommendations on child support medical support made by the commission to HHS,1,1,"The sentence discusses recommendations made by a commission to HHS, which implies that the agency has not yet adopted these recommendations as final policy or taken official action, placing the matter in a pre-decisional context.","The sentence identifies specific recommendations regarding child and medical support, which represent internal deliberations and policy proposals rather than established facts or final agency opinions, fitting the criteria for deliberative content.",,,,,,1
108,perhaps one of those have some savings (perhaps reduced Medicaid costs by ensuring kids get on their father's private insurance) that we could use to replace the gambling savings.,1,1,"The sentence discusses potential funding sources and cost-saving measures that are being considered to replace other savings, indicating that the final decision on how to fund the program or which savings to utilize has not yet been made.","The sentence expresses a tentative suggestion and an internal assessment of potential financial strategies (using Medicaid cost savings to replace gambling savings), reflecting the deliberative 'give-and-take' of the decision-making process rather than stating a final fact or established policy.",,,,,,1
109,Eric -- I know you got an (unofficial?) update from Legler on this can you fill the rest of us in?,1,0,"The sentence is a request for information regarding an ongoing matter where a final decision or official update has not yet been provided to the group, indicating the context is pre-decisional.","The sentence does not express a personal opinion, recommendation, or substantive legal/policy analysis; it is merely a procedural inquiry seeking facts to facilitate the decision-making process, rather than a record of the deliberation itself.",,,,,,0
110,And we should also think more broadly than child support.,1,1,"The sentence suggests a shift in the scope of a discussion or policy consideration, indicating that a final decision on the breadth of the issue has not yet been made.","The phrase 'we should also think' expresses a recommendation and an internal opinion on how to approach a problem, reflecting the deliberative give-and-take of the decision-making process rather than stating an established fact or final policy.",,,,,,1
111,Genie -- can you check to see if any of the bills introduced so far in Congress that have been referred to Ways and Means or Finance had any little pay-fors that weren't horrendous?,1,0,"The sentence requests information regarding bills currently introduced in Congress, indicating that the legislative process is ongoing and no final decision or settled outcome regarding these specific bills has been reached yet.","The sentence is a request for factual verification to inform a future decision or policy stance, rather than expressing a personal opinion, recommendation, or internal debate itself; it seeks data to support deliberation but is not the deliberation itself.",,,,,,0
112,Can anyone think of anything else?,1,1,"The sentence is a question posed during a discussion to solicit further ideas or considerations, indicating that the topic is still under active review and no final decision has been made yet.","The sentence reflects the internal give-and-take of the decision-making process by inviting input and debate, which is a key characteristic of deliberative records.",,,,,,1
113,We're hoping to be able to seriously restructure our proposal to satisfy both tribal and non-tribal concerns.,1,1,"The sentence discusses a future action ('restructure our proposal') intended to address concerns before a final decision is reached, indicating the matter is still in the pre-decisional phase.","The sentence expresses a strategic intent and a recommendation to modify a proposal to balance competing interests, reflecting the internal deliberative process and the author's views on how to proceed rather than stating an established fact or final policy.",,,,,,1
114,Barbara Chow is talking to Jack and Sylvia about how to handle the budget implications.,1,1,"The sentence describes an ongoing discussion regarding budget implications, which implies that a final decision on how to handle these implications has not yet been made.","The sentence indicates an internal exchange of ideas and planning ('how to handle') among agency personnel, reflecting the deliberative process rather than stating established policy or final facts.",,,,,,1
115,"If we revise our plan, we want to make sure our friends get credit, so we need to keep this under wraps until we're ready to roll it out.",1,1,"The sentence discusses a hypothetical revision to a plan and explicitly states the need to keep information 'under wraps until we're ready to roll it out,' indicating that the final decision to implement the plan has not yet been made and the matter is still in a pre-decisional phase.","The sentence expresses an internal recommendation and strategic consideration regarding how to handle the rollout of a plan, reflecting the personal views and internal deliberations of the author on agency conduct rather than stating an established policy or objective fact.",,,,,,1
116,We're going to go ahead and have the already-scheduled meeting With tribal gaming folks on Tuesday and tell them we recognize our current proposal won't work and seek their advice.,1,1,"The sentence describes a plan to hold a meeting to discuss a proposal that has already been determined 'won't work' and to seek advice, indicating that the agency has moved past the initial formulation of the proposal and is now in a stage of consultation before a final decision is made.","The sentence outlines a specific course of action (holding a meeting and seeking advice) regarding a policy matter, reflecting the internal deliberative process of how the agency intends to proceed and gather input rather than stating an established fact or final opinion.",,,,,,1
117,Cynthia--I know you've had a couple of meetings on this issue including one recently with doj,1,0,"The sentence references past meetings regarding an issue, which implies the matter is currently under consideration and a final decision has not yet been made.","The sentence is a factual statement describing the history of meetings and interactions rather than expressing an opinion, recommendation, or internal deliberation about how to resolve the issue.",,,,,,0
118,"Can you send me an email detailing the, issues as you see them and your plans for how  we're  going to resolve some of the outstanding issues, not limited to the Indian sovereignty but also how we're going to get the industry to cooperate?",1,1,"The sentence requests information regarding outstanding issues and plans for resolution, indicating that the matter is currently being addressed and a final decision or settlement has not yet been reached.","The sentence asks for the sender's personal views on the issues and their internal plans for resolution, which constitutes the internal give-and-take of the decision-making process rather than stating established policy or objective facts.",,,,,,1
119,"â€¢ I've looked into the option of having gaming establishments collect and report to the federal child support database tie gambling winner's name, social security number, home address and possibly his employer's name and address.",1,1,"The sentence describes an investigation into a potential policy option regarding data collection by gaming establishments, indicating that a final decision on whether to implement this system has not yet been made.","The sentence reflects the author's internal consideration and exploration of a specific legal or administrative approach, representing the 'give-and-take' of the decision-making process rather than stating an established agency fact or final rule.",,,,,,1
120,"In my view, the option would do little.to collect child support and we would still need to exempt tribes (lest we renege on our long standing support for tribal sovereignity).",1,1,"The sentence discusses the potential effectiveness of an option and the implications of exempting tribes, which are considerations made before a final agency decision or policy is adopted, indicating the matter is pre-decisional.","The sentence explicitly states 'In my view' and offers a recommendation to exempt tribes based on policy concerns, clearly reflecting the personal opinion and internal deliberation of the author rather than an established fact or final agency position.",,,,,,1
121,"The only advantage would be that it gives us a quasi-face-saving way to minimize opposition without abandoning our proposal altogether, which may be the best we can hope for at this point.",1,1,"The sentence discusses a strategy to minimize opposition regarding a proposal that is still under consideration, indicating that a final decision has not yet been made and the matter is in a pre-decisional stage.","The sentence expresses an internal assessment and recommendation about the strategic value of a specific approach, reflecting the author's personal views on how to proceed rather than stating an established agency policy or objective fact.",,,,,,1
122,Please advise on how I should proceed.,1,1,"The sentence is a request for guidance regarding future actions, indicating that a final decision or course of action has not yet been determined by the recipient.","The sentence reflects the internal deliberative process by seeking advice on how to proceed, representing the 'give-and-take' of decision-making rather than stating a final fact or established policy.",,,,,,1
123,We need to resolve this by Monday (before a scheduled meeting with tribes on Tuesday) and OMB may need to come up with another pay-for.,1,1,"The sentence explicitly states a deadline of Monday before a scheduled meeting on Tuesday, indicating that the issue is currently pending and a final decision or resolution has not yet been made.","The sentence expresses an internal recommendation and assessment of necessary actions ('We need to resolve', 'OMB may need to come up with'), reflecting the deliberative process of planning and strategizing rather than stating established policy or final facts.",,,,,,1
124,"Should I begin selling .this reporting only option, with a tribal exemption, to 0MB,HHS, Leg Affairs, etc.?",1,1,"The sentence poses a question about whether to initiate a specific business action (selling a reporting option), indicating that the decision to proceed has not yet been made and the matter is still pending.","The sentence reflects an internal inquiry and potential recommendation regarding a course of action, representing the 'give-and-take' of the decision-making process rather than stating an established fact or final policy.",,,,,,1
125,Keep in mind Lynn Cutler specifically requested a meeting where she and others would be at the table to weigh in (but she should like this option).,1,1,"The sentence describes a past event where a meeting was requested to discuss options, indicating that the specific decision regarding the option mentioned has not yet been finalized or officially settled at the time of the statement.","The sentence reflects the internal considerations and preferences of the author regarding how a decision should be approached (weighing in on an option), representing the personal views and deliberative process rather than an established agency policy or objective fact.",,,,,,1
126,"See below for more on the pros and cons of this option, and see the attached document for the wide range of unsavory options available to us..",1,1,"The sentence refers to an analysis of options ('pros and cons') and available choices ('unsavory options'), which implies that a final decision has not yet been made and the agency is still evaluating potential courses of action.","The sentence explicitly points to an internal evaluation of the merits and demerits of different choices, reflecting the 'give-and-take' of the decision-making process rather than stating established policy or objective facts.",,,,,,1
127,Require only reporting from tribes and nontribal gaming establishments,0,1,"The sentence outlines a specific requirement or scope for data reporting, which represents a proposed action or a condition to be implemented rather than a statement about a matter that has already been officially settled or a final decision made.","The sentence expresses a recommendation or a specific policy preference regarding who should be required to report, reflecting the internal deliberative process of defining the scope of a rule rather than stating an established, final agency policy or objective fact.",,,,,,1
128,"Pros: Likely to generate less opposition from gambling establishments, because it would require them only to report winnings, not collect child support.",1,1,"The sentence discusses potential future outcomes and the likelihood of generating opposition, which implies that the decision regarding the policy has not yet been finalized or officially settled.","The content expresses an internal assessment, recommendation, or analysis of the pros and cons of a proposal, reflecting the subjective views of the author on how the policy would be received rather than stating an established fact or final agency rule.",,,,,,1
129,Allows us to minimize opposition without abandoning the proposal altogether .,1,1,"The sentence discusses a strategy to manage opposition while maintaining a proposal, which implies the proposal is still under consideration and a final decision has not yet been made.","The sentence expresses a strategic recommendation or internal assessment on how to proceed with a policy, reflecting the deliberative 'give-and-take' of the decision-making process rather than stating an established fact or final opinion.",,,,,,1
130,"Cons: Unlikely to generate information the child support.office doesn't already have, and thus is unlikely to result in more child support collections or federal revenues.",1,1,"The sentence evaluates the potential outcomes of a proposed action regarding child support collections, indicating that the decision to proceed with or against this action has not yet been finalized.","The sentence expresses a negative assessment and internal reasoning about the efficacy of a proposal, reflecting the deliberative process of weighing pros and cons rather than stating an established fact or final policy.",,,,,,1
131,"For examnple, the child support office will already have access to the home address on the individual's drivers license, and in this process will only get a more up-to-date address if the individual volunteers it to the gambling establishment",1,0,"The sentence describes a factual process regarding how data is accessed and updated between agencies, which is an established operational procedure rather than a matter where a specific final decision is currently pending.","The content states objective facts about data availability and the conditions under which information is shared, rather than expressing an internal opinion, recommendation, or subjective view of the author.",,,,,,0
132,"lf employer's name and address are also collected, this will require gambling establishments to collect more information than they generally do for the W2G and will increase opposition tb the proposal.",1,1,"The sentence discusses the potential consequences of a proposed rule change regarding data collection requirements, indicating that the final decision on whether to adopt this proposal has not yet been made.","The sentence expresses an internal assessment and prediction of the reaction to a policy proposal, reflecting the author's analysis and deliberation on the impacts rather than stating an established fact or final agency policy.",,,,,,1
133,"ln addition, this impinges on tribal sovereignty by having the federal government impose a requirement on tribes",1,1,"The sentence discusses a legal concern regarding federal requirements imposed on tribes, which is a matter of ongoing policy consideration where a final decision or official settlement has not yet been reached.","The sentence expresses a specific legal opinion and argument about the impact on tribal sovereignty, reflecting the internal deliberative process and the author's personal views rather than stating an established agency fact or final policy.",,,,,,1
134,"(the proposal builds on current law, requiring tribes to report and in some cases withhold funds for federal income taxes, which also impinges on tribal sovereignty.)",1,1,"The sentence describes the content of a proposal and its legal implications regarding tribal sovereignty, which indicates that the proposal is being considered and has not yet resulted in a final agency decision or official settlement.","The sentence outlines the reasoning and potential consequences of a specific policy proposal, reflecting the internal analysis and deliberative process used to evaluate the impact of the law on tribal sovereignty rather than stating an established fact or final opinion.",,,,,,1
135,"We could therefore exempt tribes from this reporting requirement, generating more concerns from nontribal establishments.",1,1,"The sentence discusses a potential policy action (exempting tribes) and its consequences, indicating that the decision to implement such an exemption has not yet been finalized or officially adopted by the agency.","The sentence expresses a conditional recommendation and an assessment of potential outcomes, reflecting the internal give-and-take of the decision-making process and the author's personal views on how to proceed rather than stating established agency policy.",,,,,,1
136,"Following up from our meeting on Child Support last Tuesday; we plan to meet with NIGA (the nongovernmental group)  on Tues, 2/15 at 2 pm in 472  in OEOB.",0,1,"The sentence describes a scheduled future meeting to discuss a specific topic, indicating that the agency has not yet reached a final decision or conclusion regarding the matter at hand.","The sentence outlines a plan of action and internal coordination for a future event, reflecting the internal give-and-take and procedural steps of the decision-making process rather than stating established policy or objective facts.",,,,,,1
137,Attendees from HHS and Treasury should send me your DOB and SSN..,0,0,"The sentence requests specific personal information (DOB and SSN) from attendees, which is an administrative action occurring during the process of gathering data, implying that the final decision or report utilizing this data has not yet been made.","The sentence is a direct instruction or request for factual data rather than an expression of an opinion, legal advice, policy recommendation, or internal debate; it does not reflect the 'give-and-take' of the deliberative process but rather the execution of a procedural step.",,,,,,0
138,I am really sorry I missed the meeting this afternoon.,0,0,The sentence is an apology for missing a meeting and does not concern an issue where a final agency decision is pending or being formulated.,"The sentence expresses a personal sentiment or regret rather than an opinion, recommendation, legal advice, or internal deliberation regarding agency policy or a specific decision.",,,,,,0
139,I got completely  swamped  with some other  work.,0,0,The sentence describes a personal circumstance regarding workload and time availability rather than an issue concerning a specific agency decision that has not yet been made.,"The sentence states a fact about the author's current situation (being busy) rather than expressing an opinion, recommendation, or internal deliberation regarding policy or a decision.",,,,,,0
140,will try to catch up with one of you tomorrow afternoon to hear how things went.,0,0,"The sentence describes a future action to gather information about past events ('how things went') before a final decision is made, indicating the context is pre-decisional.","The sentence does not express a substantive opinion, legal advice, or policy recommendation; it is merely a procedural statement about scheduling a meeting to collect facts, which does not constitute the internal 'give-and-take' of the deliberative process.",,,,,,0
141,"Here are the numbers you asked for: Although, please let me know before you intend to use these in any public documents.",1,1,"The sentence provides data in response to a request, which is a factual exchange, but the second clause explicitly warns about the timing of use in public documents, indicating that the final decision to release or use these numbers in a public context has not yet been made.","The sentence expresses a cautionary recommendation and an internal opinion regarding the propriety of using the data before a final decision is reached, reflecting the deliberative process of managing information release rather than stating established policy or objective facts.",,,,,,1
142,"We try not to lay out all of the underlying assumptions in our estimates since, needless to say, developing these estimates is not an exact science.",1,1,"The sentence discusses the methodology and limitations of developing estimates, which is an ongoing process that precedes any final decision or official conclusion regarding those estimates.","The sentence expresses the internal reasoning and judgment of the author regarding how to present data, reflecting the subjective views of the agency staff on the nature of their work rather than stating an established fact or final policy.",,,,,,1
143,"I would want to be careful about how they are used, particularly in light of some of the new information we got from Treasury.",1,1,"The sentence discusses the potential use of information in light of new data received, indicating that the final determination on how to proceed or use this information has not yet been made.","The sentence expresses a personal caution and a specific viewpoint regarding the handling of information, reflecting the internal deliberative process and the author's subjective judgment rather than an established fact or final policy.",,,,,,1
144,"The first year is an anomaly, since we assume an implementation lag.",0,1,"The sentence discusses an assumption regarding an implementation lag and characterizes a specific year as an anomaly, which represents a consideration of data and methodology prior to the finalization of a report or decision.","The sentence expresses an internal analytical opinion or interpretation of data (labeling a year as an anomaly based on an assumption) rather than stating an objective, established fact or final agency policy.",,,,,,1
145,"In the second through fifth years, we assume 54,000, 52,000, 49,000, and 46,000 intercepts.",0,0,"The sentence presents specific numerical assumptions for future years, which are projections made prior to the finalization of a decision or policy, indicating a pre-decisional context.","The content consists of factual data points and specific assumptions used to model a scenario, rather than expressing an internal opinion, legal advice, or subjective recommendation; it represents established facts or data inputs rather than the deliberative 'give-and-take' of the process.",,,,,,0
146,â€¢ Michelle - how many people did HHS estimate they would capture a year (over five years) who would actually have their gambling winnings interepted because they owed child support? ',0,1,"The sentence is a question asking for specific data estimates regarding future outcomes (people captured over five years), which indicates that the final numbers and the decision based on them have not yet been determined.","The sentence represents an internal inquiry seeking information to aid in the decision-making process rather than stating a final fact, established policy, or a completed conclusion.",,,,,,1
147,"I previously provided some or all of this information orally {by voicemail), but I neglected to  forward this email.",0,0,"The sentence describes a past action regarding the transmission of information and does not concern an issue where a final decision has not yet been made, as it is a statement of fact about a completed administrative error.","The sentence states an objective fact about the author's previous conduct (providing information orally and failing to forward an email) rather than expressing an opinion, recommendation, or internal deliberation about policy or a decision.",,,,,,0
148,"If  Cynthia needs more information, just let me know.",0,0,"The sentence is a general offer of assistance regarding information needs and does not inherently concern a specific issue where a final agency decision has not yet been made, as it applies broadly to future interactions rather than a pending determination.","The sentence does not express an opinion, recommendation, or internal deliberation; it is a routine administrative communication offering help rather than reflecting the personal views of an author on a policy matter or the give-and-take of a decision-making process.",,,,,,0
149,"Otherwise, I think I've closed the DoC loop.",0,0,"The sentence indicates that a communication loop with the Department of Commerce has been completed, suggesting that the specific issue regarding that communication has been resolved or settled, which implies it is not predecisional in the sense of seeking a new decision on an unsettled matter.","The phrase 'I think' expresses a personal opinion or assessment of the status of a communication, but the context of 'closing the loop' often relates to factual reporting on the completion of a task rather than the substantive internal deliberation of policy or legal advice.",,,,,,0
150,I spoke with Monica.,0,0,"The sentence describes a past action of communication that occurred prior to any current decision-making process, but it does not inherently concern an issue where a final decision is pending in the context of the sentence itself.","The sentence states a factual occurrence (a conversation took place) rather than expressing an opinion, recommendation, or internal deliberation about policy or law.",,,,,,0
151,"This statute, and another relating to deep sea  mining which was not covered in the  White House memo, are ahead of  their  time as the benefits of working in and around the deep sea vents are not  yet  known  and the  costs are substantial.",0,1,"The sentence discusses the timing and feasibility of deep sea mining statutes, noting that benefits are not yet known and costs are substantial, which indicates a consideration of future policy implications before a final decision or official settlement has been reached.","The sentence expresses a subjective legal and policy opinion that the statutes are 'ahead of their time' based on current uncertainties, reflecting the internal deliberative process and personal views of the author rather than stating an established agency fact or final rule.",,,,,,1
152,Monica tells me t_hat  these licenses can theoretic ally be given to individuals but the investment to carry out the work is so great that licenses will almost always be sought by companies and institutions.,0,1,"The sentence discusses the theoretical possibility of licensing individuals versus the practical reality of institutional licensing, representing a consideration of future trends and constraints rather than a statement on a final decision that has already been made or officially settled.","The content expresses an internal assessment and opinion regarding the likely behavior of licensees based on investment costs, reflecting the personal views of the author on how the policy might play out rather than stating an established agency fact or final rule.",,,,,,1
153,Kit and Jim - I am re-sending the message that Craig sent out last week.,0,0,"The sentence describes the act of re-sending a previous message, which is an administrative action rather than a discussion of an issue where a final decision is pending or being formed.","The content does not express an opinion, recommendation, or internal deliberation; it is a factual statement regarding the transmission of information and lacks the 'give-and-take' characteristic of the deliberative process.",,,,,,0
154,Apparently you  did not  receive it.,0,1,"The sentence addresses a communication issue regarding the receipt of a document, which is an administrative matter that has not yet been resolved or officially settled, placing it in a pre-decisional context.","The sentence expresses an observation or internal assessment about a procedural failure (non-receipt of an item) rather than stating an objective fact or established policy, reflecting the internal give-and-take of the agency's operations.",,,,,,1
155,I hope this answers the mail.,0,0,"The sentence is a closing remark indicating that a response has been provided, which implies the matter is being addressed or concluded rather than being in a pre-decisional phase where a final agency action is pending.","The sentence expresses a personal hope or sentiment regarding the adequacy of the response rather than an internal recommendation, legal advice, or substantive policy opinion involved in the deliberative process.",,,,,,0
156,Sorry for  the confusion.,0,0,"The sentence is an apology for confusion and does not concern an issue where a final decision has not yet been made, as it is a reaction to a past communication rather than a pre-decisional document.","The sentence does not express an opinion, recommendation, or internal deliberation; it is a statement of regret or clarification regarding a factual situation, not a reflection of the decision-making process.",,,,,,0
157,Monica,0,0,"The sentence is a single name and does not concern an issue where a final decision has not yet been made, as it contains no substantive content regarding a pending matter.","The sentence does not express an opinion, recommendation, or internal deliberation; it is merely a proper noun or identifier and lacks any deliberative content.",,,,,,0
158,Kit - to close the loop re child support matter.,0,1,"The sentence refers to a specific action ('close the loop') regarding a 'child support matter,' which implies an ongoing issue where a final resolution or decision has not yet been reached, placing it in a pre-decisional context.","The sentence functions as an internal instruction or note within a communication chain, reflecting the procedural deliberations and coordination necessary to reach a final outcome rather than stating an established fact or final policy.",,,,,,1
159,"Of the licenses noted, NoAA only issues those re Ocean Thermal Energy Conversion (42 USC 9111).",0,0,"The sentence states a current fact regarding the specific licenses issued by NOAA under a particular statute, which describes an established reality rather than a matter where a final decision is still pending.","The content conveys objective information about agency actions and legal statutes rather than expressing an internal opinion, recommendation, or subjective view of the author.",,,,,,0
160,"We have never issued such a license, however.",0,0,The sentence states a historical fact regarding the agency's past actions (never issuing a specific type of license) rather than discussing a matter where a final decision is currently pending or being formulated.,"The content is an objective statement of fact about the agency's history and does not express an opinion, recommendation, or internal deliberation about a future course of action.",,,,,,0
161,"With regard to the other statutes: 43 (actually46) use 7101, 46 use 7103, 46 use 7104, 46 use 7112, 46 USC 7316, 46 USC 7317 and 46 USC ap1718, all of these statutes are administered by the US Coast Guard (actually, the Secretary of the department with the Coast Guard in it,  i.e. the DApartment  of Transportation).",0,0,"The sentence lists specific statutes and identifies the administering agency, which represents established facts regarding the legal framework and organizational structure rather than a matter where a final decision is pending.","The content states objective facts about which laws exist and which department administers them, rather than expressing an internal opinion, recommendation, or personal view on how to proceed with a decision.",,,,,,0
162,This should finalize NOAA's input into this project.,0,0,"The sentence indicates that the action described is intended to conclude or complete the agency's involvement in a project, suggesting that the input phase is nearing its end or has effectively concluded, rather than being in the early stages of a pending decision.","The sentence states a procedural fact regarding the status of the agency's input rather than expressing a personal opinion, legal advice, or a recommendation within the internal give-and-take of the decision-making process.",,,,,,0
163,"On another note, could you please have some advise us on what criterion your office uses for promotion of attorney from GS 14 to 15.",0,1,"The sentence is a request for information regarding the criteria used for a specific promotion (GS 14 to 15), which implies that the decision-making process or the establishment of those criteria is an ongoing or future matter rather than a finalized, settled fact.","The sentence itself is a question seeking internal policy details rather than expressing a personal opinion, recommendation, or internal debate; however, in the context of FOIA classification, inquiries into the internal criteria and 'give-and-take' of how an agency formulates its promotion standards are often treated as part of the deliberative process regarding agency policy formation.",,,,,,1
164,thanks.,0,0,"The sentence 'thanks' is a simple expression of gratitude and does not concern an issue where a final decision has not yet been made, as it contains no substantive content regarding agency actions or pending matters.","The sentence does not express an opinion, recommendation, or internal deliberation; it is a social courtesy and lacks any policy or legal substance required to be considered part of the deliberative process.",,,,,,0
165,Craig,0,0,"The sentence is a single name and does not concern an issue where a final decision has not yet been made, as it contains no substantive content regarding a pending matter.","The sentence does not express an opinion, recommendation, or internal deliberation; it is merely a proper noun or identifier and lacks any deliberative content.",,,,,,0
166,Federal Agency Welfare Hiring Update,0,0,"The phrase 'Federal Agency Welfare Hiring Update' is a title or subject line that does not inherently indicate whether a final decision has been made or is pending, as it could refer to a completed report, a settled status, or an ongoing process without specifying the decisional stage.","The phrase is a neutral descriptor of a topic and does not express any personal opinion, recommendation, legal advice, or internal deliberation; it lacks the substantive content required to reflect the 'give-and-take' of the decision-making process.",,,,,,0
167,"Attached are not-yet-released numbers from OPM showing that federal agencies have hired 2,834 welfare recipients since the President's March 8th, 1997 executive order and the April 10th Cabinet meeting  where agencies  made hiring commitments.",0,0,"The sentence references specific historical events (an executive order and a Cabinet meeting) and data regarding hiring commitments that have already occurred, indicating that the matter described is not pre-decisional but rather post-decisional or factual.","The sentence states objective facts about released numbers and past events rather than expressing an internal opinion, recommendation, or subjective deliberation about a future course of action.",,,,,,0
168,"We are planning to have an event in March or April to commemorate the one year anniversary of this initiative and to publicly share our progress toward the goal of hiring 10,000 welfare recipients by the year 2000.",0,1,"The sentence describes future plans for an event and a long-term hiring goal, indicating that the specific actions and the timeline are not yet finalized or officially settled, placing the matter in a pre-decisional context.","The sentence outlines a proposed course of action and internal planning regarding an event and a strategic goal, reflecting the internal deliberative process of how the agency intends to proceed rather than stating an established fact or final policy.",,,,,,1
169,The event may focus on federal agencies' efforts to encourage contrators to hire from the welfare rolls.,0,1,"The sentence discusses a potential future event and its focus, indicating that the specific details and outcomes of this event have not yet been finalized or officially settled.","The sentence expresses a tentative plan or proposal regarding the content of an event, reflecting internal deliberation about how to structure the event rather than stating an established fact or final agency policy.",,,,,,1
170,"Key contacts: myself or Susan Valaskovic, National Performance Review, 632-0354.",0,0,"The sentence provides contact information for specific individuals and does not discuss an issue where a final decision has not yet been made, as it is purely administrative data rather than a pre-decisional analysis.","The sentence states objective facts regarding who the contacts are and how to reach them, rather than expressing an opinion, recommendation, or internal deliberation about policy or legal matters.",,,,,,0
171,Child Support Enforcement Request,0,0,"The phrase 'Child Support Enforcement Request' describes a specific type of inquiry or application rather than a document created to assist in reaching a final agency decision, as it is likely a title for a form or a subject line for a citizen's request.","The phrase does not express an opinion, recommendation, or internal deliberation; it is a factual descriptor of the document's purpose or content, not a reflection of the internal give-and-take of the decision-making process.",,,,,,0
172,"Currently, we require states to deny drivers and professional licenses to parents who owe child support, but we allow such parents to obtain federal licenses.",0,0,"The sentence describes the current state of existing laws and regulations regarding license denial for parents owing child support, which represents established policy and settled facts rather than a matter where a final decision is still pending.","The content states objective facts about current agency requirements and legal provisions rather than expressing a personal opinion, recommendation, or internal debate about how to handle a specific issue.",,,,,,0
173,We are considering talkng action to remedy this situation.,1,1,"The sentence indicates that the agency is currently in the process of evaluating whether to take action, meaning a final decision has not yet been made or officially settled.","The phrase 'We are considering' reflects the internal deliberative process and the agency's ongoing discussion about potential remedies, rather than stating a final opinion or established policy.",,,,,,1
174,Will you please respond to the following questions by Friday February 17,0,0,"The sentence is a request for information or feedback regarding a specific deadline, which implies that the underlying issue or decision is still in progress and has not been finalized.","The sentence is an administrative instruction to gather input rather than an expression of an opinion, legal advice, or policy recommendation; it does not reflect the internal 'give-and-take' of the deliberative process itself.",,,,,,0
175,"In your February 17, l 998 memorandum you discussed child support enforcement.",0,0,"The sentence refers to a past event (a memorandum from February 17, 1998) and discusses a topic that was already addressed in that document, indicating that the matter is not currently in a pre-decisional phase where a final conclusion is being sought.","The sentence states a factual occurrence regarding the existence and content of a previous document rather than expressing an internal opinion, recommendation, or subjective view on how to handle a current issue.",,,,,,0
176,You pointed out that states are required to deny drivers and professional licenses to parents who owe child support and that the Administratton is considering taking action to deny federal licenses to such parents.,0,1,"The sentence indicates that the Administration is 'considering taking action,' which means a final decision has not yet been made and the matter is still in the pre-decisional phase.","The sentence describes the internal consideration of a policy change based on a previous point raised, reflecting the deliberative process of evaluating potential actions rather than stating an established fact or final rule.",,,,,,1
177,You provided a preliminary list of federal licenses and asked EPA to identify any that are missing from the list and to answer several questions about those licenses.,0,1,"The sentence describes a request for information and analysis regarding federal licenses, which is an ongoing task to gather data before a final determination or rule can be made, indicating the matter is pre-decisional.","The sentence outlines the scope of a request for internal review and analysis (identifying missing licenses and answering questions), which constitutes part of the internal deliberative process required to reach a final conclusion, rather than stating a final fact or established policy.",,,,,,1
178,The information you requested is attached.,0,0,The sentence is a statement of fact regarding the status of a record (that it is attached) rather than a discussion of an issue where a final agency decision has not yet been made.,"The sentence does not express an opinion, recommendation, or internal deliberation; it is a factual notification about the delivery of information.",,,,,,0
179,"As you can see from the attachment, very few of the ""licenses"" granted by EPA go to individuals, as opposed to business entities.",0,0,"The sentence presents a factual observation about the distribution of licenses granted by the EPA, which is a matter of record rather than a pending issue where a final decision has not yet been made.","The content states an objective fact derived from an attachment regarding who receives licenses (individuals vs. business entities) rather than expressing a personal opinion, recommendation, or internal debate.",,,,,,0
180,Accordingly we believe that few benefits and potentially significant costs could result from any effort to amend the various environmental licensing programs to include child support enforcement provisions.,1,1,"The sentence discusses the potential consequences of amending environmental licensing programs, which implies a consideration of a future action or policy change that has not yet been officially decided or settled by the agency.","The sentence explicitly states the agency's belief ('we believe') regarding the balance of benefits and costs, representing an internal legal or policy opinion and recommendation rather than an established fact or final decision.",,,,,,1
181,"For purposes of this exercise considered the term ""license"" broadly to include licenses, permits, certification accreditations, and approvals that allow persons  to  undertake  activities within EPA's jurisdiction.",0,1,"The sentence uses the phrase 'For purposes of this exercise considered', which indicates that the definition is being applied to a specific, ongoing analysis or draft document rather than representing a final, settled agency policy or a decision that has already been officially made.","The sentence provides a specific interpretive definition for a legal term within the context of a particular exercise or draft, reflecting the internal reasoning and scope of the author's work rather than stating an established, final fact or policy of the agency.",,,,,,1
182,"The following is a list of licenses, permits, certifications,  accreditations and approvals issue (hereinafter licenses) by EPA",0,0,"The sentence presents a list of existing licenses, permits, and approvals issued by the EPA, which are factual records of actions already taken rather than a document created to assist in reaching a future decision.","The content consists of objective facts regarding issued documents and does not express any internal opinion, recommendation, or subjective deliberation by an author.",,,,,,0
183,In many cases the licenses are available both to individuals (mcluding those acting in a business capacity as a sole proprietor) to  ness entities such as partnerships and corporations.,0,0,"The sentence states a general fact about the availability of licenses to various types of entities, which is an established rule or condition rather than a matter where a specific final decision is currently pending.","The content describes objective facts regarding licensing eligibility and does not express a personal opinion, recommendation, or internal debate about how to reach a decision.",,,,,,0
184,"It is probable that most of them are held by businesses rather than individuals, but we have included any license that might be granted to an individual",0,1,"The sentence discusses the probable status of licenses and the scope of a document being prepared, indicating that the final determination of what to include or the final policy stance has not yet been made.","The sentence expresses an internal assessment and a recommendation on how to handle specific data (including licenses for individuals) based on a probability, reflecting the author's deliberative judgment rather than stating an established fact or final agency policy.",,,,,,1
185,(including those acting in an individual business capacity or as an employee required to have a specific  to do his or her job).,0,0,The sentence fragment describes categories of individuals or requirements for employment but does not address a specific issue where a final agency decision has not yet been made.,"The text appears to be a factual definition or a clause from a regulation rather than an expression of an opinion, recommendation, or internal deliberation regarding a specific policy choice.",,,,,,0
186,"You should also note that the authority to issue most of these licenses can be, and in most cases is, delegated to states (and in some cases tribes) under EPAs various statutes.",0,0,"The sentence discusses the legal authority and delegation of licensing powers, which is a matter of established law and agency structure rather than a specific issue where a final decision is currently pending or being debated.","The sentence states an objective fact regarding the delegation of authority under EPA statutes rather than expressing a personal opinion, recommendation, or internal deliberation about a specific policy choice.",,,,,,0
187,If a state or tribe has been d egated or authorized to issue the license EPA generally does not perform that function for that jurisdiction.,0,0,"The sentence describes a general rule or condition regarding EPA's function based on delegation or authorization, which implies a settled legal principle or established policy rather than a specific issue where a final decision is currently pending.","The content states an objective fact about the agency's standard operating procedure and legal authority rather than expressing a personal opinion, recommendation, or internal debate about how to handle a specific case.",,,,,,0
188,"Where the state or tribe is not delegated or authorized to perform this function, EPA would perform the function.",0,1,"The sentence outlines a conditional framework for agency action based on the delegation status of states or tribes, which implies a process of determining responsibilities that has not yet been finalized for all scenarios.","The sentence expresses a policy interpretation or recommendation regarding how the EPA should act in specific circumstances, reflecting an internal deliberation on the scope of authority rather than stating an established, final fact or settled policy.",,,,,,1
189,"Thus, to be complete, any approach to child support enforcement in this area would have to deny these types of licenses whether they are issued by EPA, by the states, or by tribes..",0,1,"The sentence discusses a proposed approach to child support enforcement and the conditions under which licenses would be denied, indicating that a final decision or rule has not yet been adopted and the matter is still under consideration.","The sentence expresses a specific legal conclusion and recommendation regarding how the agency should handle license denials, reflecting the internal deliberative process and the author's view on the necessary approach rather than stating an established final policy.",,,,,,1
190,"We do not have readily available information that would allow us to determine how many individual as opposed to business entities, have each of these kinds of licenses, but we  try to indicate below relative proportions of individuals as opposed to business entities receiving each kind of license.",0,1,"The sentence discusses the current state of information availability and the agency's intent to provide relative proportions, which relates to the preparation of a response or report before a final determination on the specific data breakdown is made.",The sentence reflects the internal assessment of data limitations and the author's judgment on how to proceed with presenting the information (indicating relative proportions) rather than stating an established fact or final policy.,,,,,,1
191,"As you will see, we believe that only a few individuals receive these kinds of licenses from EPA, or from states and tnbes under EPA-delegated or authorized programs.",0,1,"The sentence discusses the scope of license issuance and the agency's belief regarding the number of recipients, which represents a consideration of facts and policy application prior to a final determination or official settlement of the matter.","The phrase 'we believe' explicitly indicates that the statement reflects the internal opinion and assessment of the author or agency rather than an established, objective fact or final rule, characterizing it as part of the internal deliberative process.",,,,,,1
192,"Thus, there would not be much benefit from attempting to deny these kinds of licenses for people who have not paid child support, and dojng so may add considerable burden and complexity to federal, state, and tribal administration of these programs.",1,1,"The sentence discusses the potential consequences of a proposed action (denying licenses) and weighs the benefits against burdens, indicating that the decision to deny or allow these licenses has not yet been finalized.","The sentence expresses an internal assessment and recommendation regarding the desirability of a specific policy action, reflecting the author's opinion on the trade-offs involved rather than stating an established fact or final agency rule.",,,,,,1
193,"Finally we do not believe we would have the authority under current law to be able to deny these licenses to individuals because they owe child support, accordingly ""legislation would Be neededâ€",1,1,"The sentence discusses a legal conclusion regarding the agency's authority to deny licenses based on child support debt, indicating that the matter of whether to deny such licenses is still pending and no final decision has been made.","The sentence expresses the internal legal opinion and recommendation of the author that legislation is needed because current law prevents the desired action, reflecting the deliberative process rather than established policy or final facts.",,,,,,1
194,"Given the low potential payoff from using environmental licensing as a tool for child support enforcement, we are concerned that such legislation might become a vehicle for other, unwarranted changes in the environmental laws.",1,1,"The sentence discusses a concern regarding potential future legislation and its unintended consequences, indicating that the matter of whether to proceed with such legislation or how to handle it is still under consideration and no final decision has been made.","The sentence expresses a specific legal opinion and a recommendation to avoid certain legislative paths based on an assessment of risk, reflecting the internal deliberative process and the author's subjective views rather than stating an established agency fact or final policy.",,,,,,1
195,The EPA contact with whom you should coordinate as you develop possible policy on this issue is Mark Badalamente at (202)260-4724.,0,1,"The sentence provides contact information for coordinating on the development of 'possible policy,' indicating that the policy itself has not yet been decided upon or finalized, placing the context in the pre-decisional phase.","The sentence serves as a directive or recommendation within the internal process to guide how the agency should proceed with developing policy, reflecting the internal give-and-take and procedural advice rather than stating an established fact or final rule.",,,,,,1
196,Please find below the first installment from the Department of Commerce on this issue.,0,0,"The sentence indicates that information regarding an issue has already been compiled and is being provided, suggesting that the agency has already engaged with the matter and potentially reached a point of finalizing or sharing a position, rather than being in the pre-decisional phase of formulating a new conclusion.","The sentence is a factual statement describing the transmission of a document and does not express an opinion, recommendation, or internal debate; it serves as a notification rather than a record of the deliberative process.",,,,,,0
197,"(It's in the form of a memo from Kit Lunney, Deputy General Counsel here, to me.)",0,0,The sentence describes the format and sender of a document (a memo from Deputy General Counsel) but does not explicitly state that the content within it concerns an issue where a final decision has not yet been made; it is a meta-statement about the record itself rather than the substantive pre-decisional content.,"The sentence does not express an opinion, recommendation, or internal deliberation; it is a factual description of the document's origin and form, lacking the 'give-and-take' or personal views required to be considered deliberative.",,,,,,0
198,"As I advised you in my telephone message, more is due from NOAA early next week.",0,0,"The sentence refers to a specific future event (payment or data delivery) that has not yet occurred, indicating the matter is still in a pending state rather than a finalized or settled conclusion.","The sentence states a factual commitment or schedule regarding an external obligation rather than expressing an internal opinion, legal advice, or policy recommendation; it describes what is due rather than how to decide what is due.",,,,,,0
199,I appreciate  your patience; please feel free to  call me with any questions or comments on the information.,0,0,The sentence is a closing remark inviting future communication and does not pertain to a specific issue where a final agency decision is pending or being formulated.,"The sentence expresses courtesy and administrative availability rather than an internal opinion, recommendation, or substantive legal/policy deliberation regarding a specific matter.",,,,,,0
200,"If you need it in a more formal format, I can arrange that, too.",0,1,"The sentence discusses a potential future action regarding the format of a document, which implies that the final decision on the document's presentation has not yet been made or finalized.","The sentence expresses a personal offer and willingness to perform a task rather than stating an established agency policy, objective fact, or substantive legal opinion; it reflects the internal give-and-take of administrative coordination.",,,,,,1
201,"Per your request, I have canvassed OGC to obtain ahswers to the questions raised in the Child Support Enforcement inquiry from the White House.",0,1,"The sentence describes an action taken to gather information in response to a specific inquiry, which is part of the process leading up to a final decision or response, indicating the matter is pre-decisional.","The sentence reflects the internal process of seeking legal advice and compiling answers to specific questions, representing the 'give-and-take' of the decision-making process rather than stating established policy or final facts.",,,,,,1
202,"I provided copies of the memo to those agencies that on the face  of  the statutes noted appeared to  be  responsible  for  administering  them, specifically ITA, NOAA, PTO and BXA.",0,0,"The sentence describes an action of distributing copies of a memo to specific agencies, which is an administrative step that may occur before, during, or after a decision, but the act of distribution itself does not inherently indicate that a final decision on the underlying issue has not been made.","The sentence states a factual account of what the author did (provided copies) and lists specific agencies; it does not express an opinion, recommendation, legal advice, or internal debate regarding policy or the merits of a decision.",,,,,,0
203,"Their answers are detailed below, also posed the  questions  raised at  a Senior  Staff  meeting this  week to  see if any other Commerce bureaus had licenses of the type discussed.",0,1,"The sentence describes actions taken to gather information and answers in response to questions raised at a meeting, which occurs before a final decision is made or a matter is officially settled, indicating a pre-decisional context.","The sentence reflects the internal process of seeking input and evaluating responses from other bureaus to inform a future decision, representing the 'give-and-take' of the deliberative process rather than stating established policy or final facts.",,,,,,1
204,The answer from around the table was no.,0,1,"The sentence describes a discussion or consultation that occurred prior to a final decision being made, indicating that the matter is still in the pre-decisional phase.","The sentence reflects the internal 'give-and-take' of the decision-making process by recording the collective opinion or consensus of the group involved in the deliberation, rather than stating an established fact or final policy.",,,,,,1
205,"In addition, I spoke to my Assistant General Counsels and members of their staff  to  see if  they  were aware of any additional licenses of this type and again the answer was no..",0,1,"The sentence describes an inquiry conducted to gather information before a final conclusion is reached, indicating that the matter regarding the licenses is still under consideration and no final decision has been made.","The sentence reflects the internal process of seeking legal advice and verifying facts to assist in a decision, representing the 'give-and-take' of the deliberative process rather than stating an established policy or final fact.",,,,,,1
206,Questions Presented and Answered:,0,0,"The phrase 'Questions Presented and Answered' indicates that the questions have already been addressed, suggesting that the decision-making process regarding these specific questions has concluded or that the answers represent final conclusions rather than pending deliberations.","The phrase serves as a structural heading to introduce a section of a document rather than expressing an internal opinion, recommendation, or subjective view of the author; it does not reflect the 'give-and-take' of the deliberative process.",,,,,,0
207,1. How many people currently have these licenses?,0,0,"The sentence asks for current factual data regarding the number of license holders, which is a request for information rather than a discussion of a pending decision or a matter where a final conclusion has not yet been reached.","The sentence seeks objective facts and statistics rather than expressing an opinion, recommendation, or internal deliberation about policy or legal interpretation.",,,,,,0
208,The Department of Commerce does not currently issue licenses or certificates for foreign traveling salesmen.,0,0,"The sentence states a current fact about the Department of Commerce's existing practices regarding licenses, which implies that the matter of issuing such licenses is already settled and no new decision is being made at this moment.","The sentence conveys an objective fact about agency operations rather than an opinion, recommendation, or internal debate; it describes established policy or procedure rather than the deliberative process leading up to a decision.",,,,,,0
209,No person currently holds such a license or certificate.,0,0,"The sentence states a current fact regarding the status of licenses or certificates, which is an established reality rather than a matter where a final agency decision is still pending or being formulated.","The content is an objective statement of fact describing the current situation, not an expression of opinion, recommendation, or internal debate about how to reach a decision.",,,,,,0
210,"2. Would we, through regulation, be able to deny these licenses to people who owe child support, or would a legislative change be required?",0,1,"The sentence poses a question regarding the legal authority to deny licenses, indicating that the agency has not yet determined whether regulation or legislation is the necessary path, meaning a final decision on the method of enforcement has not been made.","The sentence reflects an internal inquiry and consideration of legal options (regulation vs. legislation) as part of the decision-making process, rather than stating an established fact or final policy.",,,,,,1
211,"The Department of Commerce cannot deny a license through regulation, which it currently does not issue.",0,0,"The sentence states a current legal reality and the absence of a specific regulatory action regarding licenses, which describes an existing status rather than a matter where a future final decision is being actively formulated or debated.","The sentence presents an objective statement of fact regarding the Department of Commerce's authority and current practices, rather than expressing a personal opinion, recommendation, or internal deliberation about how to proceed.",,,,,,0
212,3. Who is the agency contact with whom we should coordinate as we develop possible policy on this issue?,0,1,"The sentence asks about coordinating to 'develop possible policy,' which indicates that no final policy decision has been made and the agency is still in the process of formulating a conclusion.","The sentence reflects an internal inquiry regarding the decision-making process and the identification of stakeholders for policy development, rather than stating an established fact or final agency position.",,,,,,1
213,No agency contact is available because the Department of Commerce does not issue such licenses or certificates ..,0,0,"The sentence states a fact regarding the Department of Commerce's authority and the non-existence of a specific license or certificate, which is an established matter rather than a pending issue requiring a new decision.","The content conveys an objective fact about the agency's jurisdiction and capabilities rather than expressing a personal opinion, recommendation, or internal debate about policy.",,,,,,0
214,Background: The purpose of 22 USC 6503 was to enforce the provisions of certain conventions entered into with foreign governments that permit commercial travelers (foreign traveling salesmen) of Contracting Parties to operate in the United States.,0,0,"The sentence provides historical and statutory background regarding the purpose of a specific law (22 USC 6503) and existing international conventions, which are established facts rather than an issue where a final agency decision is currently pending.","The content states objective facts about the legislative intent and legal framework rather than expressing an internal opinion, recommendation, or subjective deliberation on how to proceed with a specific case.",,,,,,0
215,"Enacted in 1922, this Act authorized the Department of Commerce to 1) issue licenses to manufacturers, merchants and traders domiciled in the other Contracting Party to operate as commercial travelers in the United States, and",0,0,"The sentence states a historical fact regarding the enactment date and authorization of a specific Act from 1922, which is a settled matter of law and history rather than an issue where a final agency decision is currently pending.","The content consists of objective facts describing the statutory language and historical record, not an internal opinion, recommendation, or personal view of an author regarding a policy choice.",,,,,,0
216,"2) issue certificates  attesting  that  a manufacturer, merchant or trader domiciled in the United States was a commercial traveler.",0,1,"The sentence describes a specific regulatory action or requirement ('issue certificates') that implies a process to be followed or a rule to be implemented, suggesting that the final decision on how to execute this or the specific details of the rule are not yet finalized.","The sentence outlines a procedural step or a recommendation for action within a policy framework rather than stating an objective fact or a settled agency position, reflecting the internal deliberation on how to structure the program.",,,,,,1
217,"This Act has apparently not  been enforced in the last twenty years, if ever.",0,0,"The sentence states a factual observation about the historical enforcement status of an Act over a twenty-year period, which is a matter of record rather than a pending issue awaiting a final agency decision.","The content describes an objective fact regarding the lack of enforcement rather than expressing a personal opinion, recommendation, or internal debate about how to proceed with a policy.",,,,,,0
218,A search of the Federal Register back to 1980 indicates that no regulations have been passed to implement this licensing and certification process.,0,0,"The sentence states a factual finding regarding the current status of regulations (that none have been passed), which serves as a basis for a future decision but does not itself represent the decision-making process or a pending conclusion in the same way a draft recommendation does.","The sentence asserts an objective fact derived from a search of the Federal Register rather than expressing a personal opinion, legal advice, or internal recommendation; it describes the state of the law rather than the agency's internal deliberations on how to proceed.",,,,,,0
219,The Department of Commerce currently does not issue licenses or certificates for foreign traveling salesmen (commercial travelers).,0,0,"The sentence states a current fact about the Department of Commerce's existing practices regarding licenses for foreign traveling salesmen, which implies that the agency's position on this matter is already established and not a pending decision.","The content describes an objective fact or established policy rather than an internal opinion, recommendation, or draft advice, meaning it does not reflect the deliberative process.",,,,,,0
220,The State Department was contacted to determine if they administer a similar process.,0,0,"The sentence describes an action taken to gather information (contacting the State Department) to inform a future decision, indicating that the final determination regarding the process has not yet been made.","The sentence states a factual event (that the State Department was contacted) rather than expressing an opinion, recommendation, or internal debate; it records a step in the process but does not itself constitute deliberative content.",,,,,,0
221,The State Department does not issue licenses or certificates for foreign traveling salesmen (commercial travelers).,0,0,"The sentence states a definitive fact regarding the jurisdiction and authority of the State Department, indicating that no decision-making process is currently underway to determine this authority, as it is an established matter of law or regulation.","The content is an objective statement of fact describing the agency's statutory limitations rather than an internal opinion, recommendation, or draft policy subject to debate.",,,,,,0
222,b) How many people currently have these licenses?,0,0,"The sentence asks for current factual data regarding the number of license holders, which is a request for information rather than a discussion of a pending decision or future action.","The sentence seeks objective facts and statistics rather than expressing an opinion, recommendation, or internal deliberation about policy or legal interpretation.",,,,,,0
223,"The PTO issues over 100,000 patents per year.",0,0,"The sentence states a statistical fact about the number of patents issued annually by the PTO, which is an established historical record rather than a matter concerning a future decision that has not yet been made.","The content represents an objective fact or statistic rather than an opinion, recommendation, or internal deliberation, as it does not reflect the personal views of an author or the give-and-take of a decision-making process.",,,,,,0
224,"Most patent applications are owned by legal entities, such as corporations and universities, to whom the inventor has assigned his or her rights (usually in accordance with an employment contract).",0,0,"The sentence states a general fact about patent ownership and assignment practices that applies broadly to the field, rather than discussing a specific issue where a final agency decision has not yet been made.","The content describes established legal norms and objective facts regarding how patent rights are typically held, rather than expressing a personal opinion, recommendation, or internal deliberation about a specific policy choice.",,,,,,0
225,"â€¢ c) Would we, through regulation, be able to deny these licenses to people who owe child support, or would a legislative change be required?",0,1,"The sentence poses a question regarding the legal authority to deny licenses, indicating that the agency has not yet determined whether regulation or legislation is the necessary path, meaning a final decision on this specific issue has not been made.","The sentence reflects an internal inquiry and consideration of legal options (regulation vs. legislation) as part of the agency's decision-making process, rather than stating an established fact or final policy.",,,,,,1
226,Patents issue when the PTO determines that the applicant has complied with the requirements of the Patent Act.,0,0,"The sentence states a general rule of law regarding when patents issue, which is an established fact and policy rather than a matter concerning a specific, pending decision where a final conclusion has not yet been reached.","The sentence expresses an objective fact about the legal requirements and procedures of the Patent Act, rather than reflecting personal views, recommendations, or internal deliberations of an agency employee.",,,,,,0
227,The PTO would need statutory authority to deny a patent grant because an applicant owes child support.,0,1,"The sentence discusses a hypothetical scenario regarding the Patent and Trademark Office's authority to deny a patent based on child support obligations, which implies a matter where a specific final decision on this issue has not yet been made or officially settled.","The sentence expresses a legal opinion or interpretation of the agency's authority and the implications of a proposed policy, reflecting the internal deliberative process rather than stating an established fact or final rule.",,,,,,1
228,"In addition, since most patent applications are owned by legal entities such as corporations and universities, it is not clear how this provision would be applicable.",0,1,"The sentence discusses the applicability of a provision to patent applications, which is a matter of legal interpretation and policy application where a final agency decision or rule has not yet been established or finalized.","The sentence expresses uncertainty and an internal analysis regarding how a specific law applies to a particular context, reflecting the author's legal reasoning and deliberation rather than stating an objective fact or final agency policy.",,,,,,1
229,d) Who is the agency contact with whom we should coordinate as we develop possible policy on this issue?,0,1,"The sentence asks about coordinating efforts while developing possible policy, indicating that the policy has not yet been finalized and the agency is still in the process of formulating a decision.","The sentence reflects the internal planning and coordination phase of the decision-making process, representing the 'give-and-take' necessary to develop a policy rather than stating a final fact or established rule.",,,,,,1
230,Are there are licenses missing from the list?,0,1,"The sentence asks a question regarding the status of licenses, which implies that the verification process is ongoing and a final determination on the completeness of the list has not yet been made.","The sentence represents an inquiry or a step in the internal fact-finding process rather than a statement of established fact or a final policy conclusion, reflecting the internal deliberation required to reach a decision.",,,,,,1
231,The PTO issues licenses to individuals to practice before the PTO in patent matters.,0,0,"The sentence states a general fact about the statutory authority and function of the Patent and Trademark Office (PTO), which is an established matter of law and agency operation rather than a specific issue where a final decision is currently pending.","The content describes an objective fact regarding the agency's role and does not express a personal opinion, recommendation, or internal debate; it is not part of the deliberative process but rather a statement of existing policy or law.",,,,,,0
232,"Currently, there are approximately 20,000 registered patent practitioners.",0,0,"The sentence states a current fact about the number of registered patent practitioners, which is an established reality rather than a matter where a final agency decision is pending.","The sentence conveys objective data and a factual statistic rather than an opinion, recommendation, or internal deliberation about how to reach a decision.",,,,,,0
233,"However, most of these practitioners are attorneys, and therefore already subject to denial of their state license.",0,0,"The sentence states a fact regarding the legal status of practitioners (that they are attorneys and subject to license denial), which is an established condition rather than a matter where a final agency decision is currently pending.","The sentence conveys an objective fact about the legal consequences for a specific group rather than expressing a personal opinion, recommendation, or internal debate about policy.",,,,,,0
234,The denial of their state license would ordinarily result in the denial of their license to practice before the PTO in patent and trademark matters.,0,1,"The sentence describes a hypothetical consequence ('would ordinarily result') of a potential action (denial of a state license), indicating that the specific decision to deny the license has not yet been made and the matter is still in a pre-decisional phase.","The sentence expresses a legal interpretation or policy assessment regarding the relationship between two types of licenses, reflecting the internal reasoning and advice of the agency rather than stating an established, final fact or settled policy.",,,,,,1
235,The PTO believes that th Commissioner has authority to promulgate substantive regulations regarding patent practitioners.,0,1,"The sentence discusses the authority to promulgate regulations, which is a matter of legal interpretation and policy formation that has not yet been finalized or officially settled by the agency.","The sentence expresses the internal belief and legal opinion of the Patent and Trademark Office (PTO) regarding the Commissioner's authority, reflecting the deliberative process of determining agency policy rather than stating an established fact or final rule.",,,,,,1
236,"See 35 U.S.C. 6  31 (""The Commissioner, subject to the approval of the Secretary of  Commerce, may prescribe regulations governing the recognition and conduct of agents, attorneys, or other persons representing  applicants  or  other  parties  before the Patent and Trademark Office ... "").",0,0,"The sentence cites a specific statute that grants the Commissioner authority to prescribe regulations, which is a statement of existing law rather than a discussion of a pending decision or a matter where a final agency conclusion has not yet been reached.","The content consists of a direct quotation of statutory text and legal authority, which represents an established fact or legal rule rather than an internal opinion, recommendation, or subjective deliberation.",,,,,,0
237,NOAA is still working on an answer regarding the  nine  statutes  listed in the memo.,0,1,"The sentence explicitly states that NOAA is 'still working on an answer,' which confirms that a final decision or conclusion has not yet been reached regarding the statutes mentioned.","The sentence describes the status of an internal inquiry and the ongoing process of formulating a response, reflecting the internal deliberative process rather than stating a final agency opinion or established fact.",,,,,,1
238,I hope to get an answer back from them soon.,0,1,"The sentence expresses a hope regarding a future response, indicating that the matter is still pending and no final decision or official settlement has been reached yet.","The sentence reflects the personal views and subjective expectations of the author rather than stating an established agency policy, objective fact, or a formal recommendation within the deliberative process.",,,,,,1
239,The following relates to statutes not listed in the memo.,0,1,"The sentence indicates that the content relates to statutes not included in a specific memo, which implies the matter is still being discussed or analyzed and a final decision or comprehensive conclusion has not yet been reached regarding those specific statutes.","The sentence serves as a note or annotation within a document to guide the reader on the scope of the discussion, reflecting the internal process of organizing legal analysis rather than stating an established fact or final agency policy.",,,,,,1
240,(a) The National Marine Fisheries Service (NMFS) issues licenses and permits under a number of statutes that conserve and manage living marine resources.,0,0,"The sentence states a general fact about the statutory authority and ongoing function of the National Marine Fisheries Service, rather than discussing a specific issue where a final decision has not yet been made.","The sentence describes established agency policy and objective facts regarding the issuance of licenses and permits, rather than expressing a personal opinion, recommendation, or internal deliberation.",,,,,,0
241,"Some licenses are issued to vessels, others to individuals.",0,0,The sentence states a general fact about how licenses are issued to different entities (vessels vs. individuals) without referencing a specific pending decision or a matter that has not yet been officially settled.,"The sentence conveys an objective fact or established rule regarding licensing procedures rather than expressing a personal opinion, recommendation, or internal debate about policy.",,,,,,0
242,These statutes include:,0,0,"The sentence lists statutes but does not inherently indicate that a final decision is pending, as listing laws can occur in final reports, settled matters, or explanatory documents where the issue is already resolved.","The sentence states objective facts by enumerating specific statutes rather than expressing an opinion, recommendation, or internal debate; it does not reflect the personal views of an author regarding policy choices.",,,,,,0
243,"Northern Pacific Halibut Act, 16 USC 773 et seq.",0,0,"The sentence cites a specific United States Code title and section range, which represents an established law rather than an issue where a final agency decision is pending or being formulated.","The content states a factual citation of existing legislation and does not express any internal opinion, recommendation, legal advice, or subjective view regarding policy options.",,,,,,0
244,"Tuna Conventions Act, 16 USC 951 et seq.",0,0,"The sentence cites a specific United States Code title and section range, which represents an established law rather than an issue where a final agency decision is pending or a matter that has not been officially settled.","The content states an objective fact regarding the legal citation of the Tuna Conventions Act and does not express any personal opinion, recommendation, or internal deliberation about policy or decision-making.",,,,,,0
245,"Atlantic Tunas ConÂ·vention Act, 16 USC 971 et seq.",0,0,"The sentence cites a specific United States Code title and section range, which represents an established law rather than an issue where a final agency decision is pending or a matter that has not been officially settled.","The content states a factual citation of existing legislation and does not express any internal opinion, recommendation, legal advice, or subjective view regarding policy options.",,,,,,0
246,"South Pacific Tuna Act, 16 USC 973 et seq.",0,0,"The sentence cites a specific United States Code title and section range, which represents an established law rather than an issue where a final agency decision is pending or a matter that has not been officially settled.","The content states an objective fact regarding the legal citation of a statute and does not express any personal opinion, recommendation, or internal deliberation about agency policy.",,,,,,0
247,"Marine Mammal Protection Act, 16 USC 1361 et seq.",0,0,"The sentence cites a specific statute and does not concern an issue where a final decision has not yet been made, as it is a statement of existing law rather than a pre-decisional discussion.","The sentence states an objective fact regarding the legal citation of the Marine Mammal Protection Act and does not express an opinion, recommendation, or internal deliberation.",,,,,,0
248,"Endangered Species Act, 16 USC 1531 et seq.",0,0,"The sentence cites a specific United States Code section regarding the Endangered Species Act, which is a reference to an existing, settled law rather than a matter where a final agency decision is pending.","The sentence states an objective fact (the legal citation) rather than expressing an opinion, recommendation, or internal deliberation about policy or conduct.",,,,,,0
249,Magnuson-Stevens.,0,0,"The sentence mentions a specific statute (Magnuson-Stevens Act) but does not indicate whether a final decision has been made or is pending regarding its application, as it is merely a proper noun reference without context of a specific action.","The sentence states a factual reference to a law rather than expressing an opinion, recommendation, or internal deliberation; it does not reflect the personal views of an author or the give-and-take of a decision-making process.",,,,,,0
250,"Fishery Conservation  and Management  Act, 16 USC  1801..et seq.",0,0,"The sentence cites a specific United States Code title and section range, which represents an established law and a settled legal authority rather than an issue where a final agency decision is pending.","The content states an objective fact regarding the legal citation and does not express any personal opinion, recommendation, or internal deliberation about policy choices.",,,,,,0
251,"Antarctic Marine Living Resources Convention Act, 16 USC 2431 et seq.",0,0,"The sentence cites a specific United States statute, which represents an established law and a settled legal authority rather than an issue where a final agency decision is pending.","The content states an objective fact regarding the existence and citation of a law, rather than expressing an internal opinion, recommendation, or subjective deliberation.",,,,,,0
252,"High Seas Fishing Compliance Act, 16 USC 5501 et seq.",0,0,"The sentence cites a specific United States Code title and section range, which represents an established law rather than an issue where a final agency decision is pending or a matter that has not been officially settled.","The content states an objective fact regarding the legal citation of a statute and does not express any personal opinion, recommendation, or internal deliberation about policy or decision-making.",,,,,,0
253,(b) The number of licenses and permits issued by NMFS numbers in the several  thousands.,0,0,"The sentence states a specific count of licenses and permits that have already been issued, indicating that the action of issuing them is complete and the matter is settled, rather than discussing a future decision or pending issue.","The sentence presents an objective fact or statistic regarding the volume of permits issued, rather than expressing an internal opinion, recommendation, or subjective view of an author.",,,,,,0
254,(c) None of the statutes NMFS administers explicitly authorizes NMFS to deny licenses and permits to people who owe child support.,0,0,"The sentence states a current legal fact regarding the authorization of statutes, which is an established reality rather than a matter where a final agency decision is pending or being formed.","The sentence conveys an objective fact about the scope of statutory authority rather than expressing an internal opinion, recommendation, or subjective view of an author.",,,,,,0
255,Our initial reaction is that legislative change would be required.,0,1,"The sentence uses the phrase 'initial reaction' and discusses the requirement for 'legislative change,' indicating that the matter is still in the early stages of consideration and no final decision or official action has been taken yet.","The sentence expresses the author's internal opinion and assessment regarding the necessity of future legislative action, reflecting the subjective deliberations of the agency rather than stating an established fact or final policy.",,,,,,1
256,"BXA's export licenses are granted primarily to corporate entities as , opposed to individuals.",0,0,"The sentence states a current fact or established practice regarding who receives export licenses, which implies a settled policy or historical record rather than a matter where a final decision is still pending.","The content describes an objective fact about the agency's operations (that licenses go to corporations) rather than expressing a personal opinion, recommendation, or internal debate about how to proceed.",,,,,,0
257,The Bureau grants no other licenses.,0,0,"The sentence states a current fact about the Bureau's licensing authority, indicating that no further licenses are being granted at this time, which suggests the matter of granting additional licenses has been resolved or is not currently under active deliberation for a specific decision.","The sentence expresses an established policy or a statement of fact regarding the Bureau's operations rather than a personal opinion, recommendation, or internal debate about how to reach a decision.",,,,,,0
258,"Thank you, Judge.",0,0,"The sentence is a polite form of address used in communication and does not concern an issue where a final decision has not yet been made, as it contains no substantive content regarding pending agency actions or unresolved matters.","The sentence does not express an opinion, recommendation, or internal deliberation; it is a standard social courtesy and does not reflect the give-and-take of the decision-making process.",,,,,,0
259,Can you get me something in writing re: what Virginia has done and what results they have had -- or give me a name and number to call?,1,0,"The sentence is a request for information regarding past actions and results taken by Virginia, which relates to factual data rather than a future decision that has not yet been made.","The sentence does not express an opinion, recommendation, or internal deliberation; it is a factual inquiry seeking specific data points or contact information.",,,,,,0
260,"I want to know, can we credible say this has ""worked"" in Virginia?",1,1,"The sentence questions the success of a specific action in a particular location, indicating that the outcome has not yet been officially determined or settled by the agency.","The sentence expresses an internal inquiry and seeks a judgment on whether a specific result can be credibly claimed, reflecting the deliberative process of evaluating past actions rather than stating an established fact or final policy.",,,,,,1
261,"We have talked about it and decided that, absent legislation - similar to what we have in the law regarding state license revocation, booting cannot be mandated by regulation.",1,0,"The sentence states that a decision has already been reached ('decided that'), indicating that the matter is no longer in a pre-decisional phase but has been officially settled regarding the specific issue of booting.","The sentence explains the rationale behind a final decision rather than reflecting the internal give-and-take, recommendations, or personal views of the author during the deliberative process; it justifies an established conclusion.",,,,,,0
262,"As you may know, the State of Virginia has begun a very aggressive program of booting and the State Director there tells me that i has been very successful.",0,0,"The sentence discusses an ongoing program in another state and reports on its success, which serves as background information or a fact rather than a step in a specific agency's internal decision-making process regarding a pending action.","The sentence states an objective fact about another state's program and the Director's assessment of its success, rather than expressing a personal opinion, recommendation, or internal debate about how the current agency should proceed.",,,,,,0
263,"I have asked the editor of our Child- Support Report that goes to  employees  across  the nation, to  feature  the Virginia I project in an article ..",1,1,"The sentence describes an action taken to request a feature in a report, which is part of the internal process leading up to the final publication of the report, indicating that the specific content and timing of the feature have not yet been finalized.","The sentence reflects a recommendation or internal communication regarding how a report should be structured or what content should be included, representing the 'give-and-take' of the decision-making process rather than a statement of established fact or final policy.",,,,,,1
264,We also do a best practices manual.,0,0,The sentence describes the existence of a document (a best practices manual) without indicating that a specific decision regarding its content or implementation is currently pending or that a final agency action has not yet been made.,"The sentence states a fact about the agency's activities (creating a manual) rather than expressing an internal opinion, recommendation, or subjective view on a matter under consideration.",,,,,,0
265,"If the resuits continue to be beneficial, we will include it in a future edition.",1,1,"The sentence explicitly conditions a future action on the continuation of beneficial results, indicating that the decision to include the item has not yet been made and is contingent on future events.","The sentence expresses a tentative recommendation or internal plan regarding future agency actions rather than stating an established policy or final fact, reflecting the deliberative nature of the decision-making process.",,,,,,1
266,"It might b e worthwhile, however, for the President to mention it in some future child support radio address.",1,1,"The sentence discusses a potential future action by the President regarding a radio address, indicating that the decision to include this mention has not yet been made and the matter is still in a pre-decisional stage.","The sentence expresses a recommendation or suggestion ('might be worthwhile') regarding how the President should communicate, reflecting an internal deliberation or opinion on the content of a speech rather than stating an established fact or final policy.",,,,,,1
267,Hope this helps.,0,0,"The sentence is a closing remark and does not concern a specific issue where a final decision has not yet been made, as it lacks any substantive content regarding agency action or pending matters.","The sentence does not express an opinion, recommendation, or internal deliberation; it is a standard polite closing used in correspondence and does not reflect the give-and-take of the decision-making process.",,,,,,0
268,David Ross.,0,0,"The sentence is a proper name and does not concern an issue where a final decision has not yet been made, as it contains no substantive content regarding a pending matter.","The sentence does not express an opinion, recommendation, or internal deliberation; it is merely an identifier or signature and lacks any deliberative content.",,,,,,0
269,"Yes   -- we  require states to have the authority to suspend licenses, but they decide when to  apply,  which is  what I think  we should do for booting cars.",1,1,"The sentence discusses a proposed approach ('which is what I think we should do') regarding how to handle booting cars, indicating that the specific agency action or policy has not yet been finalized.","The sentence explicitly expresses the author's personal opinion ('what I think') and a recommendation on how the agency should proceed, rather than stating an established fact or final agency policy.",,,,,,1
270,"Generally, as you know, states report that they get funds by threatening to revoke licenses",0,0,"The sentence describes a general practice or historical fact regarding how states report obtaining funds, which is a statement of existing reality rather than a discussion of a specific issue where a final agency decision has not yet been made.","The content states an objective fact or established practice ('states report that they get funds...') rather than expressing a personal opinion, recommendation, or internal debate about how to proceed.",,,,,,0
271,they rarely actually have to follow through and actually suspend them but requiring the state to have the procedure gives the child support .,0,1,"The sentence discusses the practical application of a requirement and its intended effect on state procedures, which implies a context where the agency is evaluating the efficacy of a rule or considering enforcement actions, indicating the matter is not yet officially settled or finalized.","The sentence expresses an internal assessment and opinion regarding the likelihood of states following through with suspensions and the value of requiring the procedure, reflecting the subjective views of the author on policy effectiveness rather than stating an established fact or final agency decision.",,,,,,1
272,agency a new tool to collect overdue funds.,0,1,"The sentence describes the development or implementation of a new tool to collect funds, which implies an ongoing process or a future action rather than a final decision that has already been made or officially settled.","The sentence reflects an internal proposal or recommendation regarding a specific operational change (a new tool) rather than stating an established agency policy or objective fact, indicating it is part of the internal deliberative process.",,,,,,1
273,"Let me get more information on Virginia's car booting program to make sure we can credibly say ""'this works."" '.",1,1,"The sentence indicates that information is currently being sought to support a future claim, meaning a final decision or conclusion regarding the program's effectiveness has not yet been reached.","The sentence reflects an internal assessment and a recommendation to gather specific data to validate a position, representing the personal views and deliberative process of the author rather than an established fact or final policy.",,,,,,1
274,"Current law re: licenses reads as follows: states must have ""procedures under which the State has (and uses in appropriate cases) authority to withhold or suspend, or to restrict the use of  driver's licenses, professional and occupational licenses, and recreational  licenses  of  individuals  owing overdue support or failing, after receiving appropriate notice, to comply with subpoenas or warrants relating to paternity or child support proceedings""",0,0,"The sentence quotes existing statutory language regarding license suspension procedures, which represents an established law rather than a matter where a final agency decision is yet to be made.","The content states objective facts about the current legal requirements and does not express an internal opinion, recommendation, or personal view of the author regarding policy options.",,,,,,0
275,"On drivers licenses, we mandate that they have legislation to give themselves the option to do it, right?",0,1,"The sentence discusses the status of legislation regarding driver's licenses and uses the phrase 'we mandate,' indicating that the agency is currently formulating or debating a requirement rather than stating a final, settled policy or a past decision.","The sentence expresses a tentative opinion or internal discussion about what the agency should mandate, reflecting the 'give-and-take' of the decision-making process rather than stating an established fact or final agency rule.",,,,,,1
276,Is that what we'd do here?,1,1,"The sentence is phrased as a question regarding a potential course of action, indicating that the agency has not yet reached a final decision or settled the matter on how to proceed.","The sentence reflects the internal give-and-take of the decision-making process by questioning a proposed approach, representing the deliberative nature of seeking confirmation or exploring options rather than stating a final fact or policy.",,,,,,1
277,Sure. He is a lawyer named Stephen Grant.,0,0,"The sentence provides factual information about an individual's identity and profession, which is not inherently tied to a pending decision-making process or a matter where a final agency conclusion has not yet been reached.","The sentence states objective facts rather than expressing an opinion, recommendation, or internal deliberation; it does not reflect the personal views of an author regarding policy or legal strategy.",,,,,,0
278,He is our International Officer  and his telephone number is 202 260 5943.,0,0,"The sentence provides factual information about an individual's role and contact details, which is not contingent on a pending decision or pre-decisional context.","The sentence states objective facts regarding personnel and contact information rather than expressing an opinion, recommendation, or internal deliberation.",,,,,,0
279,IRS - I am working on the other two issues.,0,1,"The sentence indicates that work is currently in progress on specific issues, implying that a final decision or resolution has not yet been reached regarding those matters.","The sentence describes the status of ongoing work and the allocation of effort by an individual, which reflects the internal operational process and the 'give-and-take' of handling agency tasks rather than stating an established fact or final policy.",,,,,,1
280,"Also, I have been asked whether it be possible for the federal government, through regulation, to require states to ""boot"" the cars of owners who owe child support, the way state and local governments boot cars of people who owe traffic tickets?",1,1,"The sentence describes a question posed regarding a potential future regulatory action that has not yet been decided upon, indicating that the matter is pre-decisional.","The sentence records an inquiry into the feasibility of a specific policy proposal (requiring states to 'boot' cars for child support), which represents an internal consideration and part of the deliberative process rather than a statement of established fact or final policy.",,,,,,1
281,I wonder if there's a way to interpret section 368 of PL 104-193 regarding liens or section 369 regarding licenses to do this?,1,1,"The sentence poses a question about how to interpret specific legal statutes to achieve a certain outcome, indicating that the agency has not yet reached a final conclusion or made an official determination on how to proceed with this matter.","The sentence reflects an internal inquiry and the exploration of legal options rather than stating established policy or objective facts, representing the 'give-and-take' of the deliberative process as the author seeks to formulate a recommendation.",,,,,,1
282,"This was suggested at a high level meeting, and we will be expected to report back.",1,1,"The sentence indicates that a suggestion has been made and a future reporting requirement exists, implying that the specific action or decision regarding the suggestion has not yet been finalized or officially adopted by the agency.","The sentence reflects the internal process of receiving and acknowledging a high-level suggestion, representing the 'give-and-take' of the decision-making process rather than stating an established agency policy or final fact.",,,,,,1
283,"As you requested, attached is a list of federal licenses that might be subject to either  suspension or denial.",0,0,"The sentence indicates that the licenses are 'might be' subject to suspension or denial, implying that the final determination regarding these licenses has not yet been made and the matter is still pending.","The sentence provides a factual list of licenses that are potential candidates for action rather than expressing an internal opinion, legal advice, or a recommendation on how to proceed, thus it does not reflect the deliberative process.",,,,,,0
284,Much more  work needs  to  be done by the legal staff of the  various  agencies  and  departments  before  we could actually ask the President to promulgate an executive order.,1,1,"The sentence explicitly states that significant work must be completed before a specific action (asking the President for an executive order) can be taken, indicating that the final decision or official request has not yet been made.","The sentence reflects an internal assessment of the readiness of the agency and the necessity of further legal work, representing the 'give-and-take' of the decision-making process rather than a statement of established fact or final policy.",,,,,,1
285,"The listing if a result of searches of the U.S. Code, Code of Federal Regulations, and other resources.",0,0,"The sentence describes the methodology used to compile a list based on existing laws and regulations, which is a factual statement about the source of information rather than a discussion of a pending decision or future action.","The content states objective facts regarding the origin of the data (searches of the U.S. Code, CFR, etc.) and does not express any personal opinion, recommendation, or internal debate about policy.",,,,,,0
286,"While many of the ninety-two licenses listed are arcnane and unlikely to prove effective as enforcement tools, this is at least an appropriate starting point for discussions with other federal agencies to identify federal powers which might be used to encourage compliance with child support orders.",1,1,"The sentence discusses a proposed 'starting point for discussions' and evaluates the effectiveness of licenses as enforcement tools, indicating that the final strategy or agreement with other agencies has not yet been decided upon.","The sentence expresses an internal assessment and recommendation regarding the utility of specific licenses, reflecting the author's opinion on how to proceed rather than stating an established fact or final agency policy.",,,,,,1
287,Here is more information about what I'd like you to get from the law library:,0,1,"The sentence indicates a request for information to be gathered before a final conclusion is reached, implying that the matter is still in the pre-decisional phase where facts are being assembled.","The sentence reflects the internal process of gathering legal research to support a future decision, representing the 'give-and-take' of the deliberative process rather than stating established policy or final facts.",,,,,,1
288,1) Attached is a list of licenses granted by the federal government to individuals.,0,0,"The sentence states that a list of licenses has already been granted, indicating that the action of granting the licenses is complete and the matter is settled, rather than being in a pre-decisional phase where a final decision is pending.","The sentence provides a factual statement regarding the existence and content of an attached document (a list of granted licenses) rather than expressing an opinion, recommendation, or internal deliberation about a policy or decision.",,,,,,0
289,a) Are there licenses missing from this list?,0,1,"The sentence poses a question regarding the completeness of a list, which implies that the verification of licenses and the finalization of the list have not yet been completed, indicating a pre-decisional context.","The sentence represents an inquiry or a point of discussion within the internal review process rather than a statement of established fact or final policy, reflecting the deliberative nature of gathering information to make a decision.",,,,,,1
290,b) How many people have these licenses?,0,0,"The sentence asks for factual data regarding the number of license holders, which is a request for information rather than a discussion of a pending decision or policy formulation.","The sentence seeks objective facts and statistics rather than expressing an opinion, recommendation, or internal deliberation about agency policy or legal interpretation.",,,,,,0
291,"c) Would we, through regulation, be able to deny these licenses to people who owe i.  child support, or would a legislativeÂ·change be required?",0,1,"The sentence poses a question regarding the legal authority to deny licenses under current regulations versus the need for legislative change, indicating that the agency has not yet made a final decision on how to proceed or what legal path to take.","The sentence reflects an internal inquiry and consideration of policy options (regulation vs. legislation) rather than stating an established fact or final agency opinion, representing the deliberative process of evaluating potential actions.",,,,,,1
292,"2) Would it be possible for the federal government, through regulation, to require states to ""boot"" bars of owners who owe child support, perhaps through an interpretation of section 368 of PL :104-193 regarding liens or section 369 regarding licenses?",0,1,"The sentence poses a question about the feasibility of a future regulatory action, indicating that no final decision or rule has been made yet regarding whether the federal government should require states to 'boot' bars of owners.","The sentence reflects an internal inquiry and exploration of legal options (interpretation of specific sections) rather than stating established policy or objective facts, representing the deliberative give-and-take of the decision-making process.",,,,,,1
293,(See attached for statutory language.),0,0,"The sentence references statutory language, which is a matter of established law and fact rather than a pending issue where a final agency decision has not yet been made.","The sentence does not express an opinion, recommendation, or internal deliberation; it is a factual reference to an external legal document and does not reflect the personal views of the author regarding agency policy.",,,,,,0
294,I spoke to Kohl's staff today.,0,0,"The sentence describes a past action of speaking to staff, which is a factual record of an event that has already occurred rather than a document created to assist in reaching a future decision.","The sentence states a simple fact about an interaction that took place and does not express an opinion, recommendation, legal advice, or internal deliberation regarding policy.",,,,,,0
295,"After very preliminary conversations with CBO, they think the bill will cost ""a few hundred million dollars.""",0,1,"The sentence discusses a preliminary assessment of a bill's cost before any final legislative or agency decision has been made, indicating the matter is still in the pre-decisional phase.","The sentence conveys the internal opinion and tentative conclusion of the CBO regarding the bill's cost, representing a recommendation or estimate rather than an established fact or final policy.",,,,,,1
296,Somewhere in the $200-$300 range.,0,0,"The sentence provides a specific numerical range for a value, which represents an established fact or a determined figure rather than a matter where a final decision is still pending or being formed.","The content states a concrete fact or estimate rather than expressing an internal opinion, recommendation, or subjective view about how to proceed, thus it does not reflect the deliberative process.",,,,,,0
297,"Still, a very preliminary estimate.",0,1,The phrase 'very preliminary' explicitly indicates that the information is in an early stage and that a final decision or conclusion has not yet been reached.,"The sentence describes a tentative assessment or estimate rather than a settled fact or established policy, reflecting the internal, evolving nature of the agency's thought process.",,,,,,1
298,"I. Background: Under current law, states generally retain child support collected on behalf of TANF-assisted families as one of several sources of program financing.",0,0,"The sentence describes the current legal framework and existing practices regarding child support collection, which represents established facts and the status quo rather than a matter where a final agency decision is still pending.","The content states objective facts about the law and general practices rather than expressing a personal opinion, recommendation, or internal debate; it serves to provide context rather than reflect the deliberative process.",,,,,,0
299,This .support is split between the State and Federal Government  as  reimbursement  for  welfare  services.,0,0,"The sentence states a fact regarding the source of funding and the split between government levels for welfare services, which describes an existing arrangement rather than a matter where a final decision is still pending.","The content presents objective information about how support is distributed and reimbursed, rather than expressing an internal opinion, recommendation, or subjective view of the author.",,,,,,0
300,"Under welfare reform, states were given the option of continuing  the  previous  $50 pass-through,  but most states have opted not to do so.",0,0,"The sentence describes a past event where states made a choice regarding welfare reform funding, indicating that the matter has already been officially settled and a final decision was reached by the states in the past.","The sentence states an objective fact about the actions taken by states under existing law rather than expressing an internal opinion, recommendation, or personal view of an agency author regarding a future decision.",,,,,,0
301,"However, some pass-through a portion (typically $50) and disregard this amount in calculating the family's  TANF  benefits.",0,0,"The sentence describes a current practice or existing rule regarding how certain pass-through amounts are handled in TANF benefit calculations, which implies the matter is already established rather than a future decision pending resolution.","The sentence states a factual description of how benefits are calculated under current procedures rather than expressing a personal opinion, recommendation, or internal debate about policy options.",,,,,,0
302,A  few  (including  Wisconsin and Vermont) have federal waivers which allow them  to pass-through  all of the support collected to the family.,0,0,"The sentence states a current fact regarding the existence of federal waivers in specific states, which is an established condition rather than a matter where a final agency decision is still pending.","The content conveys objective information about existing legal authorities and state actions rather than expressing an internal opinion, recommendation, or subjective view of the author.",,,,,,0
303,Wisconsin disregards the support in calculating assistance -- Vermont does not.,0,0,"The sentence states a factual comparison of how two different states (Wisconsin and Vermont) currently handle a specific calculation, which describes existing conditions rather than a matter where a final agency decision is pending.","The content consists of objective facts regarding state policies rather than an internal opinion, recommendation, or subjective assessment of the agency's own decision-making process.",,,,,,0
304,II. Issues: 1) Disincentives: Non-custodial parents of TANF assisted children are discouraged from paying support because their money goes to the government and does not benefit their children directly.,0,1,"The sentence identifies a specific issue regarding disincentives for non-custodial parents within the TANF program, which represents a matter currently under review or analysis rather than a final decision that has already been made or officially settled.","The sentence articulates an internal assessment or opinion regarding the effects of current policies, reflecting the agency's deliberative process in analyzing problems and potential solutions rather than stating an established fact or final rule.",,,,,,1
305,Custodial parents also have less incentive to cooperate with the CSE agency since payments are generally not forwarded to them.,0,0,"The sentence describes a general observation about the current state of incentives for custodial parents and their interaction with the CSE agency, which reflects an existing condition rather than a specific issue where a final agency decision is currently pending or being formulated.","The content states a factual observation or established reality regarding payment forwarding and cooperation incentives, rather than expressing a personal opinion, recommendation, or internal debate about how the agency should proceed.",,,,,,0
306,"2) Burdens: Support is distributed according to when it accrues, whether a family is or ever was on public assistance and by which method it is collected.",0,1,"The sentence describes the criteria and methodology for distributing support, which appears to be an explanation of an existing rule or a proposed framework for future application, indicating that the specific implementation or final decision on these burdens has not yet been officially settled or finalized.","The sentence outlines the internal logic and reasoning behind how support is allocated, reflecting the agency's deliberative process in determining policy mechanics rather than stating an objective, settled fact or final opinion.",,,,,,1
307,This distribution system has proven burdensome and costly both in terms of programming and personnel.,0,0,"The sentence describes a current state of affairs regarding a distribution system, noting that it has 'proven' to be burdensome and costly. This indicates a factual assessment of existing conditions rather than a discussion of a future decision where no conclusion has been reached yet.","The content states objective facts about the system's performance (burdensome and costly) rather than expressing a personal opinion, recommendation, or internal debate. It describes the status quo which serves as a basis for decision-making but is not itself a deliberative opinion.",,,,,,0
308,"3)Unstable Financing: CSE caseloads have increased 44 percent since 1991, but TANF caseloads are decreasing.",0,0,"The sentence presents statistical data regarding caseload trends since 1991, which are historical facts rather than a discussion of a future decision that has not yet been made.","The content consists of objective facts and figures describing the state of financing and caseloads, rather than expressing an internal opinion, recommendation, or subjective deliberation.",,,,,,0
309,"As discussed, states retain TANF collections, but distribute non-TANF collections directly to the families.",0,0,"The sentence states a rule regarding how states handle TANF and non-TANF collections, which appears to be an established fact or existing policy rather than a matter where a final decision is still pending or being formulated.","The content describes an objective operational procedure or legal requirement rather than expressing a personal opinion, recommendation, or internal debate; it functions as a statement of fact about current agency operations.",,,,,,0
310,"Thus, increasing caseloads are generating a need for more resources, but the revenue-making portion of the caseloads is in flux.",0,1,"The sentence discusses current operational conditions and the resulting need for resources, which are factors considered during the decision-making process before a final allocation or policy change is made.","The sentence expresses an internal assessment and analysis of the relationship between caseloads, resource needs, and revenue uncertainty, reflecting the agency's deliberative evaluation of a situation rather than stating an established fact or final decision.",,,,,,1
311,III. Kohl Pass-Through Option Legislation,0,0,"The sentence is a section heading identifying a specific piece of legislation and does not inherently indicate that a final decision has not been made, as it could be part of a final report, a settled record, or a summary of existing laws.","The sentence is a factual title or label describing the subject matter of the document rather than expressing an opinion, recommendation, or internal deliberation about how to reach a decision.",,,,,,0
312,"Option to Pass-Through for TANF: States  are given  the option  to  pass-through  all  child support collections, including arrears, made on behalf of TANF families.",0,1,"The sentence describes a specific policy option regarding the pass-through of child support collections for TANF families, which represents a matter under consideration where a final agency decision or rule has not yet been made.","The sentence outlines a potential course of action or recommendation for how the agency should handle child support collections, reflecting an internal deliberation on policy options rather than stating an established fact or final agency policy.",,,,,,1
313,"If a state adopts a passÂ­ through policy, the state  can claim TANF MOE  for passed-through support,  even  if  that  support is not disregarded.",0,0,"The sentence states a rule regarding how states can claim funds under specific conditions, which appears to be an established legal interpretation or policy rather than a discussion of a pending decision or a draft recommendation.","The content presents a definitive statement of law or policy ('the state can claim...') rather than expressing an internal opinion, debate, or tentative recommendation, thus it does not reflect the deliberative process.",,,,,,0
314,(Current law only allows states to claim TANF MOE credit for disregarded support.),0,0,"The sentence states a fact regarding the current legal framework without indicating that a final agency decision on this specific point has been made or officially settled, suggesting the context is pre-decisional.","The sentence presents an established legal fact rather than an internal opinion, recommendation, or subjective assessment; because it states objective law rather than the 'give-and-take' of the deliberative process, it does not qualify as deliberative.",,,,,,0
315,Family Income Protection: States that adopt a pass-through policy must have budget   mechanisms in place so that child support income is not counted against TANF eligibility or benefits until the family has the child support in hand.,0,0,"The sentence outlines a specific policy requirement or rule regarding how states must handle child support income for TANF eligibility, which appears to be an established standard or a finalized provision rather than a matter currently under debate or awaiting a final decision.","The content states a factual requirement or a settled policy rule ('must have budget mechanisms') rather than expressing a personal opinion, recommendation, or internal deliberation about how to reach a conclusion.",,,,,,0
316,Income Treatment Options: State has options to:,0,1,"The sentence lists potential options available to a state regarding income treatment, which implies that a final decision on which option to select or how to implement it has not yet been made.","The sentence outlines a range of possibilities or recommendations for action rather than stating an established fact or final agency policy, reflecting the internal consideration of different approaches.",,,,,,1
317,(1) include child support as income when calculating eligibility for TANF;,0,1,"The sentence proposes a specific change to eligibility criteria for TANF, which indicates that the agency has not yet finalized this rule or made an official decision to adopt this specific calculation method.","The sentence functions as a recommendation or a draft provision rather than a statement of established fact or final agency policy, reflecting the internal deliberative process of formulating new rules.",,,,,,1
318,"(2) disregard child support in whole or in part when calculating the amount of a welfare benefit  for a family, but if the state disregards 50 percent or more of the total child support payments, determined either on a case by case basis or in an annual aggregate, that state is no longer required to repay or calculate the Federal share of the payment",0,0,"The sentence outlines a specific statutory rule regarding the calculation of welfare benefits and the conditions under which federal repayment is waived, which represents an established legal standard rather than a matter where a final agency decision is still pending.","The content states objective facts and legal requirements derived from the law, rather than expressing an internal opinion, recommendation, or personal view of an author regarding how to handle a specific case.",,,,,,0
319,"Maintenance of Effort: Requires states that adopt a pass-through policy to fund child support program at highest of 1995-1998 level to ensure that program is not defunded simply because more resources are going to families, excluding aufomated systems costs and enhancements.",0,0,"The sentence describes a statutory requirement or established rule regarding funding levels for child support programs, which represents an existing legal standard rather than a matter where a final agency decision is still pending or being formulated.","The content states an objective fact about the legal requirements for states (Maintenance of Effort) and specific exclusions for costs, rather than expressing a personal opinion, recommendation, or internal debate about how to interpret or apply the law.",,,,,,0
320,Child Support Pass-through,0,0,"The phrase 'Child Support Pass-through' appears to be a title, subject heading, or a specific program name rather than a statement concerning an issue where a final decision has not yet been made.","The phrase does not express an opinion, recommendation, or internal deliberation; it is a factual label or term of art describing a specific mechanism or policy area, not the personal views of an author.",,,,,,0
321,"Under AFDC, families applying for assistance assigned their child support rights to the state.",0,0,"The sentence states a historical fact regarding the legal requirements of the AFDC program, which is an established matter of law and policy rather than an issue where a final agency decision is currently pending.","The content describes an objective fact about how the program operated in the past, rather than expressing a personal opinion, recommendation, or internal debate about how to handle a specific case.",,,,,,0
322,Child support payments made by a noncustodial parent were thus paid to the child support agency rather than the AFDC family.,0,0,"The sentence describes a past event where child support payments were made to an agency rather than a family, indicating that the action has already occurred and the matter is settled, so it is not predecisional.","The sentence states a factual occurrence regarding the flow of funds rather than expressing an opinion, recommendation, or internal deliberation.",,,,,,0
323,"If the child support payment was not large enough to disqualify the family from AFDC, the first fifty dollars of the child support payment  was paid to  the AFDC family each month as a ""pass-through.''.",0,0,"The sentence describes a specific rule or mechanism regarding how child support payments were handled in the past to determine AFDC eligibility, which implies a settled policy or established fact rather than a pending decision.","The content states an objective fact about a payment procedure and its effect on eligibility, rather than expressing a personal opinion, recommendation, or internal debate about how the agency should act.",,,,,,0
324,"In addition, the pass-through was disregarded in the families' benefit computation.",0,0,"The sentence states a fact regarding a specific action that has already occurred (the pass-through was disregarded) in a past computation, indicating that the matter of the computation is settled and no longer pre-decisional.","The sentence conveys an objective fact about what happened in a specific calculation rather than expressing an internal opinion, recommendation, or subjective view on how to proceed.",,,,,,0
325,The remaining portion of the child support payment that was not paid to the AFDC family was split between the state and federal government as reimbursement for monthly cash assistance payments.,0,0,"The sentence describes a completed action where a specific portion of a payment was already split between the state and federal government, indicating that the matter has been officially settled and a final decision has been made.","The content states an objective fact regarding how funds were distributed rather than expressing an internal opinion, recommendation, or personal view of an author.",,,,,,0
326,"Under waivers, some states changed the pass-through amount and other states treated child support payments as unearned income, disregarding some portion of the payment for the purposes of benefit computation.",0,0,"The sentence describes past actions taken by various states under existing waivers, indicating that the events and decisions described have already occurred and are not pending future agency determination.","The sentence states objective facts regarding how different states handled specific financial calculations under established rules, rather than expressing an internal opinion, recommendation, or subjective view of the author.",,,,,,0
327,PRWORA repealed  the federal law requiring  the fifty dollar pass-through.,0,0,"The sentence states a fact about a law that has already been repealed, indicating that the matter is officially settled and no longer pending a decision.","The sentence conveys an established legal fact rather than an internal opinion, recommendation, or subjective view of an author.",,,,,,0
328,"Under  PRWORA, a portion of the child support payment is paid to the federal government based on the Medicaid match rate in effect September 1996.",0,0,"The sentence states a specific legal requirement and a historical fact regarding payment rates effective in September 1996, which is a settled matter of law rather than an issue where a final agency decision is still pending.","The content consists of objective facts and established legal provisions rather than personal opinions, recommendations, or internal deliberations about how to reach a decision.",,,,,,0
329,The remaining portion of the payment is kept by the states.,0,0,"The sentence states a fact regarding how payments are distributed, which implies an existing rule or established practice rather than a pending decision or a matter currently under debate.","The content describes an objective fact about the allocation of funds rather than expressing a personal opinion, recommendation, or internal deliberation about how to handle the issue.",,,,,,0
330,States may choose to discontinue the pass-through or maintain the pass-through at their own expense.,0,0,"The sentence describes a scenario where states have the option to make a choice regarding a policy mechanism, which implies that the specific decision for any given state has not yet been made and the matter is still open for action.","The sentence outlines potential future actions or options available to external entities (states) rather than expressing an internal agency opinion, recommendation, or debate about how the agency itself should proceed.",,,,,,0
331,"Table VI.6 shows that 18 states have maintained the fifty qollar pass-through that originated under AFDC, but 4 of those states have maintained the pass-through on a temporary basis.",0,0,"The sentence presents factual data regarding the status of state policies (specifically the number of states maintaining certain provisions), which describes an existing situation rather than a matter where a final agency decision is currently pending or being formulated.","The content consists of objective facts and statistical observations derived from a table, rather than expressing an internal opinion, recommendation, legal advice, or subjective assessment of policy options.",,,,,,0
332,Thirty-three states have changed the pass-through amount significantly.,0,0,"The sentence states a fact about actions taken by thirty-three states, which implies that the events described have already occurred and are not part of a pending decision-making process for the agency creating the record.","The sentence conveys an objective fact regarding the status of other states rather than expressing an internal opinion, recommendation, or subjective view of the author.",,,,,,0
333,"Of those, 29 states discontinued the child support pass-through completely and one state (Kansas) maintains the child support pass-through at a reduced level, passing through forty dollars of the child support payment to the families.",0,0,"The sentence presents specific historical facts and statistics regarding the actions of various states concerning child support pass-through, indicating that these events have already occurred and are not part of a pending decision-making process.","The content consists of objective data and established facts rather than an internal opinion, recommendation, or subjective assessment, failing to meet the criteria for being deliberative.",,,,,,0
334,"Two states increased the pass-through amount (Connecticut, Nevada), and one state (Wisconsin)  passes through the entire child support payment, allowing families to keep a larger portion of the child support payment each month without lowering the families' cash assistance benefits.",0,0,"The sentence describes factual data regarding actions already taken by specific states (Connecticut, Nevada, Wisconsin) and the resulting effects on families, indicating that the events described have occurred and are not part of a pending decision-making process.","The content consists of objective facts and statistics about state policies and their outcomes rather than expressing an internal opinion, recommendation, or subjective assessment by the author.",,,,,,0
335,"very strange -- i just asked Michele for paper on CS distribution rules, when this popped up.",0,0,"The sentence describes a reaction to an event that has already occurred ('when this popped up') and references a past request for information, indicating that the specific issue triggering the comment is no longer in the pre-decisional phase of generating new policy but is rather a retrospective observation.","The content expresses a personal reaction ('very strange') and confusion regarding a procedural anomaly rather than a substantive legal opinion, policy recommendation, or internal debate intended to assist in reaching a future decision.",,,,,,0
336,"Michele will look into getting paper, but this is a start.",0,1,"The sentence describes an action ('look into getting paper') that is being taken to address a need, implying that the specific solution or final decision regarding the paper requirement has not yet been finalized or completed.","The phrase 'this is a start' indicates a preliminary step in a process rather than a final conclusion, reflecting the internal give-and-take and ongoing nature of the agency's efforts to resolve the issue.",,,,,,1
337,"For those interested in an overall understanding of the federal rules that affect how child support collections are assigned and distributed, I recommend reading the Child Support enforcement section of the Green Book (http://www.access.gpo.gov/congress/wm001.htm1).",0,0,"The sentence provides a recommendation for reading an external resource to understand existing federal rules, which implies the rules are already established and the matter of their content is settled, rather than discussing a pending decision or future action.","The sentence states a fact about the existence of specific rules and offers a suggestion for further information; it does not reflect the internal give-and-take, personal opinions, or policy development process of the agency.",,,,,,0
338,For a more focused description of how child support distributions affect,0,1,"The sentence fragment discusses the effects of child support distributions, which is a subject matter that typically precedes a final agency determination or policy conclusion, indicating a pre-decisional context.","The sentence appears to be an incomplete thought or a heading intended to introduce an analysis or recommendation regarding how distributions affect a specific outcome, reflecting the internal deliberative process of formulating a position rather than stating a final fact or established policy.",,,,,,1
339,Here's what these reports basically say: For families that are currently on welfare the rules for distribution of child support collections are generally straightforward,0,0,"The sentence summarizes the content of existing reports regarding current rules for child support distribution, which describes established policies and facts rather than a matter where a final agency decision is still pending or being formed.","The sentence states objective facts and summaries of existing regulations found in reports, rather than expressing a personal opinion, recommendation, or internal debate about how the agency should proceed.",,,,,,0
340,(distribution rules for families that are not longer on welfare are  a little more complicated).,0,1,"The sentence discusses the complexity of distribution rules for a specific group, which implies a context where the application of these rules or the final determination of eligibility for specific families has not yet been resolved or officially settled.","The sentence expresses an internal assessment or opinion regarding the complexity of the rules rather than stating an objective fact or established policy, reflecting the deliberative nature of analyzing regulatory impacts.",,,,,,1
341,"Under AFDC, the first fifty dollars of child support collected on behalf of a family was ""passed-through"" to the family currently on welfare.",0,0,"The sentence describes a specific rule and mechanism under the AFDC program regarding how child support was handled, which represents an established fact or existing policy rather than a matter where a final decision is still pending.","The content states an objective fact about the operation of a law or program rather than expressing a personal opinion, recommendation, or internal debate about how the agency should proceed.",,,,,,0
342,The remaining child support collections were split between the state and federal government (according to state medicaid match rates).,0,0,"The sentence describes a completed action where child support collections have already been split between governments based on specific rates, indicating that the matter has been officially settled and a final decision has been executed.","The sentence states an objective fact regarding how funds were distributed according to established laws and rates, rather than expressing an internal opinion, recommendation, or subjective view of an author.",,,,,,0
343,"Since the $50 ""pass-through"" was not counted as income, it increased the amount of the welfare grant by  $50.",0,0,"The sentence states a factual outcome regarding how a specific amount was calculated and its effect on a welfare grant, which describes an established fact or result rather than a matter where a final decision is still pending.","The content presents an objective fact about the calculation of a grant amount rather than expressing an internal opinion, recommendation, or subjective view of the author.",,,,,,0
344,The idea behind this was to give mothers a financial incentive to cooperate with child support enforcement.,0,1,"The sentence describes the rationale or purpose behind a specific policy concept, which implies that the decision to adopt this idea is still in the planning or consideration phase and has not yet been finalized or officially enacted.","The sentence expresses the underlying reasoning and intent of the author regarding a policy proposal, reflecting an internal deliberation on the 'why' of a potential action rather than stating an established fact or final agency rule.",,,,,,1
345,"Under TANF, the fifty dollar ""pass-through"" was repealed and states must first pay the federal government its share of the child support collections (again, according to the state medicaid match rates).",0,0,"The sentence states a fact regarding the repeal of a specific provision under TANF and the resulting legal requirement for states, indicating that the matter has already been officially settled by legislation rather than being a pending decision.","The content describes established laws and regulatory requirements (objective facts) rather than expressing an internal opinion, recommendation, or personal view of an author regarding how to handle a matter.",,,,,,0
346,The rest of the child support collected on behalf of a family currently on welfare is distributed at the discretion of the state.,0,0,"The sentence describes an existing statutory framework or established practice regarding the distribution of child support funds, which implies a settled matter or current policy rather than a pending decision on a specific issue.","The statement conveys an objective fact about how funds are currently distributed under the law or existing regulations, rather than expressing a personal opinion, recommendation, or internal debate about a policy choice.",,,,,,0
347,"If the state wants to continue distributing $ 50  of the child support collected on behalf of a family to that family, it may do so (although the  $50  will come from the state's share of the child support  collection,  not  off  the top as under AFDC rules).",0,1,"The sentence outlines a conditional scenario regarding state distribution of child support funds, which implies a matter where the specific application or final determination of this rule has not yet been officially settled or acted upon in the context of the document.","The sentence expresses a legal interpretation and a recommendation on how the agency should handle a specific situation (distributing funds from the state's share), reflecting internal deliberation and policy advice rather than stating an established, final agency fact.",,,,,,1
348,"In this case, the welfare check again increases by $50.",0,0,"The sentence states a specific numerical increase in a welfare check, which appears to be a factual description of a calculation or a specific instance rather than a discussion of a pending decision or future policy outcome.","The content presents an objective fact or a specific data point regarding the amount of a payment, rather than expressing an internal opinion, recommendation, legal advice, or subjective assessment of policy options.",,,,,,0
349,"Unfortunately, most states (29 according to the ""One Year After"" paper) have decided not to pass-through any amount of the child support collected on behalf of a family with the result that  child support  collections  have no affect on the size of the ' welfare grant in these states",0,0,"The sentence describes a factual situation regarding the actions of 29 states and the resulting impact on welfare grants, which represents an established fact or a settled matter rather than a pending issue awaiting a final agency decision.","The content states objective facts and data derived from a specific paper rather than expressing an internal opinion, recommendation, or subjective view of the author regarding how the agency should proceed.",,,,,,0
350,"(unless, of course, the amount of child support collected is greater than the welfare  grant  at  which point the welfare grant is reduced to 0 and the family gets the full child support payment).",0,1,"The sentence describes a conditional scenario regarding the calculation of welfare grants and child support, which represents a hypothetical situation or a rule application that has not yet been finalized or acted upon in a specific case.","The sentence expresses an internal interpretation of how a policy should be applied in a specific circumstance, reflecting the author's reasoning and legal analysis rather than stating an established, final agency fact or policy.",,,,,,1
351,"In the 22 states with a child support  pass through, the size of the welfare grant is affected by child support collections, equal to the amount of the pass-through  (in most of these states, it is still $50.)",0,0,"The sentence states a current fact about how welfare grants are calculated in specific states based on existing laws and collection amounts, rather than discussing a future decision or a matter that has not yet been officially settled.","The content consists of objective data and established policy mechanisms regarding child support pass-throughs, rather than expressing an internal opinion, recommendation, or personal view of an author.",,,,,,0
352,I hope this clears  things up.,0,0,The sentence is a closing remark expressing a hope for clarity and does not pertain to a specific issue where a final agency decision is pending or being formulated.,"The sentence does not express an opinion, recommendation, or internal deliberation regarding policy or legal interpretation; it is a standard polite closing statement rather than a record of the decision-making process.",,,,,,0
353,"As far as the child support not affecting the cash grant, I just  interviewed a whole slew of women in sunflower county MS who said they  refused to stay on TANF because the cash grant was less than their child  support benefit so they chose to take the child support because they cannot  get both.",0,0,"The sentence describes past events and interview results regarding how individuals made choices between cash grants and child support, which are factual observations of past behavior rather than a discussion of a future decision that has not yet been made.","The content consists of objective facts gathered from interviews (what women said and did) rather than an internal opinion, recommendation, or legal advice; it does not reflect the 'give-and-take' of the deliberative process but rather provides data.",,,,,,0
354,This is a different point.,0,1,"The sentence indicates a shift in the discussion to a new topic, implying that the current point has not yet been fully resolved or that the decision-making process is ongoing and moving to address other considerations.","The sentence reflects the internal flow of a discussion or debate, representing the author's contribution to the exchange of ideas rather than stating an objective fact or established policy.",,,,,,1
355,The issue of whether receiving child support   makes the family better off than being on welfare is different than whether   receiving child support *changes* the size of the grant.,0,1,"The sentence discusses a conceptual distinction between two different policy questions regarding child support and welfare grants, which represents an issue being analyzed before a final agency determination or rule is established.","The sentence expresses an internal legal or policy analysis distinguishing between concepts, reflecting the author's reasoning and interpretation rather than stating an established fact or final agency opinion.",,,,,,1
356,"Now that this bill has actually been introduced (or will be shortly), it would be very helpful to go through it and identify key issues/concerns/implications/things we would like to see changed and things we like.",0,1,"The sentence explicitly states that the bill has not yet been enacted or finalized, noting it has only been introduced or will be shortly, which confirms the context is pre-decisional as no final agency action has occurred.","The sentence outlines a plan to analyze the bill to identify concerns, implications, and desired changes, which represents an internal recommendation and part of the deliberative process of formulating a position rather than stating a final fact or established policy.",,,,,,1
357,We'd like to have a conference call late next week to discuss this list of issues.,0,1,"The sentence proposes scheduling a future meeting to discuss a list of issues, indicating that the discussion and any resulting decisions regarding those issues have not yet occurred, placing the matter in a pre-decisional context.","The sentence expresses a recommendation or internal plan to hold a conference call to facilitate the decision-making process, reflecting the internal 'give-and-take' rather than stating an established fact or final policy.",,,,,,1
358,The version I have still has hand written changes so -- I assume we'll be able to pull the real thing off the web tomorrow.,0,1,"The sentence discusses obtaining a final document ('the real thing') from a web source, implying that the current version is a draft and the final decision or official record has not yet been finalized or released.","The sentence reflects the author's internal assessment and assumption about the status of the document and the timing of its availability, representing a personal view on the state of the record rather than an established fact or final agency policy.",,,,,,1
359,"Also, has anyone seen an up to date section by section summary from Bayh?",0,1,"The sentence inquires about the existence of a document that would assist in the decision-making process, indicating that the matter is still under consideration and no final decision has been made.","The sentence reflects the internal 'give-and-take' of the agency by seeking specific information to aid in the formulation of a decision, rather than stating an established fact or final policy.",,,,,,1
360,A few specific questions I have include:,0,0,"The sentence introduces a list of questions that are likely being asked to gather information or clarify issues before a final decision is reached, indicating a pre-decisional context.","The sentence itself is a neutral introductory phrase used to solicit input or identify areas for discussion; it does not express a personal opinion, recommendation, or substantive internal deliberation regarding policy or law.",,,,,,0
361,"1. looks like block grants are added to end of WtW section, so does this mean Secretary of Labor awards them?",0,1,"The sentence questions the implications of a proposed change to a document structure regarding who awards block grants, indicating that the final interpretation and decision on this matter have not yet been made.","The sentence reflects an internal inquiry and uncertainty about the legal or procedural consequences of a draft change, representing the 'give-and-take' of the decision-making process rather than a statement of established fact or final policy.",,,,,,1
362,Which Secretary awards media campaign funds?,0,0,"The sentence is a question inquiring about the allocation of funds, which implies that the decision regarding the awarding of funds has not yet been made or finalized.","The sentence does not express an opinion, recommendation, or internal deliberation; it is a factual inquiry seeking information about agency procedures or past actions rather than reflecting the internal give-and-take of the decision-making process.",,,,,,0
363,"2. I understand why there's a 50/50 split between ""formation and maintenance of married two parent families"" and ""fragile families and promotion of fatherhood"" but it's not at all clear how those would be defined.",1,1,"The sentence questions the clarity of definitions for specific program categories, indicating that the agency has not yet finalized or officially settled how these terms should be defined or applied.","The sentence expresses an internal concern, doubt, or recommendation regarding the drafting of policy definitions, reflecting the 'give-and-take' of the decision-making process rather than stating an established fact or final opinion.",,,,,,1
364,"3. WtW eligibility: does subclause (II) listing characteristics of the ""recipient or noncustodial parent"" (i.e. unemployed, underemployed, etc) impose a new eligibility test on all participants with 70% category -- both noncustodial parents and others?",0,1,"The sentence poses a specific legal question regarding the interpretation of a statute and its application to a particular group, indicating that the agency has not yet reached a final conclusion or official settlement on this issue.","The sentence reflects an internal inquiry and analysis of legal implications rather than a statement of established fact or final policy, representing the deliberative process of determining how the law applies.",,,,,,1
365,"The way we'd structured this, we had a separate category for long-term recipients an.d for non-custodial parents.",1,1,"The sentence describes a structural approach taken in a document or plan, which implies that the decision on how to structure the categories has not yet been finalized or officially adopted as a permanent agency policy.","The sentence reflects the internal reasoning and specific approach considered by the author regarding how to categorize recipients, representing a draft recommendation or part of the internal give-and-take rather than an established fact or final opinion.",,,,,,1
366,"Also, does  the 10% ""window"" just  apply  to subclause  (Ill), i.e.   the status of the child, or does it also waive (11), which is the status of the parent.",0,1,"The sentence poses a question regarding the interpretation of a legal provision before a final determination is made, indicating that the issue is still under consideration and no final decision has been reached.","The sentence reflects an internal inquiry and analysis of legal options (whether the waiver applies to the child or the parent), representing the 'give-and-take' of the decision-making process rather than stating an established fact or final policy.",,,,,,1
367,"4. Use of funds: use of term ""assistance"" could be narrower than intended.",0,1,"The sentence identifies a potential issue with the wording of a proposal regarding the use of funds, indicating that the final decision on the precise terminology and its legal implications has not yet been made.","The sentence expresses a specific legal concern and a recommendation to narrow the definition of a term, reflecting the internal deliberative process of refining a draft rather than stating an established agency policy or final fact.",,,,,,1
368,Note this substantially broadens the purpose of WtW funds.,0,1,"The sentence discusses the implications of a proposed change to the purpose of funds, which indicates a matter currently under consideration where a final decision or official settlement has not yet been reached.","The sentence expresses an internal assessment or opinion regarding the scope and effect of a policy proposal, reflecting the author's view on how the rule would operate rather than stating an established fact or final agency policy.",,,,,,1
369,5. What does state option to disregard child support collections for purposes of determining TANF eligibility achieve?,0,1,"The sentence poses a question regarding the effect of a specific policy option, indicating that the agency is still analyzing the issue and has not yet reached a final decision or official settlement on the matter.","The sentence represents an inquiry into the internal analysis of a policy proposal rather than a statement of established fact or final agency opinion, reflecting the deliberative process of evaluating options.",,,,,,1
370,"Can't states already set their own TANF eligibility rules, including how child support is counted?",0,1,"The sentence poses a question regarding the legal authority of states to set eligibility rules, which implies that the agency is currently considering or debating the scope of its own actions or the interpretation of the law, indicating that a final decision on this specific point has not yet been made.","The sentence reflects an internal inquiry or legal analysis about the boundaries of state versus federal authority, representing the 'give-and-take' of the decision-making process rather than stating an established fact or final policy.",,,,,,1
371,6. looks like they have not addressed most of the concerns around using child support funds for fatherhood program (other than to give slightly more definition to a fatherhood program),0,1,"The sentence identifies gaps in addressing specific concerns regarding the use of funds, indicating that a final decision or resolution on these issues has not yet been reached.","The sentence reflects an internal assessment and critique of a draft or proposal, representing the author's opinion on the adequacy of the current plan rather than stating an established fact or final agency policy.",,,,,,1
372,Bayh and Domenici will introduce Responsible Fatherhood bill at a press conference Thursday afternoon.,0,0,"The sentence states a factual event regarding the introduction of a bill by specific legislators at a specific time, which is a matter of public record and not a pending internal agency decision.","The sentence reports an objective fact about legislative activity rather than expressing an internal opinion, recommendation, or deliberation within an agency's decision-making process.",,,,,,0
373,"They expect to be joined by groups supporting the bill (I don't know exactly who, but they've been reaching out broadly to groups across the Fatherhood spectrum).",0,1,"The sentence discusses future expectations regarding groups joining a bill and ongoing outreach efforts, indicating that the situation is still developing and no final decision or official settlement has been reached.","The sentence reflects the author's internal assessment, uncertainty, and observations about the political landscape and strategy rather than stating established agency policy or objective facts.",,,,,,1
374,"Likely D co-sponsors include: Breaux, Landrieu, Lieberman, Lincoln, Robb, Grahan, Domenici is reaching to Rs.",0,0,"The sentence lists potential co-sponsors and notes that a specific individual is reaching out to others, which describes the current status of a legislative effort before a final decision on sponsorship or passage has been made.","The sentence provides factual information regarding the composition of a group and the actions of individuals involved in a process, rather than expressing an internal opinion, recommendation, or subjective assessment of policy.",,,,,,0
375,"Once the bill is introduced, they expect to do some fine tuning and gather more co-sponsors.",0,1,"The sentence describes actions expected to occur after a bill is introduced, indicating that the legislative process is ongoing and no final decision or conclusion has been reached yet, satisfying the pre-decisional criterion.",The sentence outlines a plan for future actions ('fine tuning' and 'gathering co-sponsors') which represents the internal deliberative process of shaping a policy or legislative proposal rather than stating an established fact or final opinion.,,,,,,1
376,"Bayh's staff has given Ron Haskins a heads up, and got the impression Johnson's bill will be on a somewhat slower track.",0,1,"The sentence discusses the projected timeline for a bill ('slower track'), which indicates a future event and a matter where a final legislative or agency decision has not yet been made.","The sentence conveys an internal assessment, impression, or prediction regarding the status of a bill based on staff communication, rather than stating an objective fact or established policy.",,,,,,1
377,"In summary, the bill :         1. authorizes $75 million in challenge grants for state and local media campaigns;",0,0,"The sentence lists a specific provision of a bill, which represents a factual description of the legislation's content rather than a discussion of an issue where a final agency decision has not yet been made.","The sentence states an objective fact regarding the authorization of funds in the bill, rather than expressing an internal opinion, recommendation, or subjective deliberation about how to proceed.",,,,,,0
378,2. authorizes $75 million for responsible parenting block grants to states;,0,0,"The sentence states an authorization of funds, which typically represents a final legislative or agency action rather than a pre-decisional discussion about whether to act.","The sentence declares a specific fact regarding the allocation of money and does not express an opinion, recommendation, or internal debate; it is a statement of established policy or law.",,,,,,0
379,3. authorizes $2 million for a national parenting support clearinghouse;,0,0,"The sentence states an authorization of funds, which typically represents a final legislative or agency action rather than a pre-decisional draft or discussion leading up to a decision.","The sentence presents a definitive fact regarding an authorized amount and does not express an opinion, recommendation, or internal deliberation; it is a statement of established policy or action.",,,,,,0
380,4. makes some WtW eligibility changes and raises allowable in-kind match to 75% (while not required by        5.),0,1,"The sentence describes specific proposed changes to eligibility and match requirements, indicating that these modifications are part of a draft or proposal and have not yet been finalized or officially adopted by the agency.","The content outlines specific recommendations or alterations to be made to a policy or rule, reflecting the internal deliberative process of shaping the final decision rather than stating an established fact or final opinion.",,,,,,1
381,5. encourages child support pass through by foregiving federal share of first $75 passed through to families that is disregarded from determining TANF eligibility and allows states to count their portion of pass-through toward TANF MOE;,0,1,"The sentence describes a specific provision or recommendation regarding child support pass-through and TANF eligibility rules, which implies a policy proposal or draft regulation where the final agency decision has not yet been made or officially settled.","The content reflects an internal recommendation or policy opinion on how to structure federal and state funding interactions, representing the 'give-and-take' of the decision-making process rather than stating an established, final agency fact or rule.",,,,,,1
382,6.  allows states who opt for child support pass through to use a similar amount of child support funds for fatherhood/parenting promotion without getting a waiver;,0,0,"The sentence describes a specific provision of law or an existing regulatory framework regarding child support funds, which represents an established fact or settled policy rather than a matter where a final agency decision is still pending.","The content states an objective fact about what the law allows states to do, rather than expressing a personal opinion, recommendation, or internal debate about how to proceed.",,,,,,0
383,7. explicitly lists family formation as one of purposes for which TANF HPB funds will be awarded.,0,0,"The sentence states a fact regarding the explicit listing of a purpose for fund awards, which describes an established rule or statutory requirement rather than a matter where a final agency decision is still pending or being formulated.","The content conveys an objective fact about the terms of a funding program rather than expressing an internal opinion, recommendation, or subjective deliberation about how to proceed.",,,,,,0
384,Based on conversation w/ Bayh's staff today:,0,1,"The sentence indicates that the content follows a recent conversation, implying that the information is being recorded or analyzed at a stage prior to a final agency decision or official settlement.","The sentence serves as a header or attribution for internal notes derived from a discussion, reflecting the ongoing exchange of information and preliminary thoughts rather than stating established policy or final facts.",,,,,,1
385,"1. they seem willing to consider going beyond the Kennedy technical to include the broader eligibility changes in Cardin's bill, particularly to include a broader group of low income fathers.",1,1,"The sentence discusses the potential willingness of a party to consider future legislative changes, indicating that a final decision or agreement on these specific eligibility changes has not yet been made.","The sentence expresses an assessment of another party's potential actions and internal analysis regarding policy options (Cardin's bill vs. Kennedy technical), reflecting the internal deliberative process of evaluating recommendations rather than stating an established fact or final policy.",,,,,,1
386,I sent them side-by-side of current law and Cardin's bill and Charlie will call DOL.,1,1,"The sentence describes actions taken to gather information and a plan for a future phone call to discuss the matter, indicating that the agency has not yet reached a final decision or official settlement on the issue.","The sentence outlines a procedural step and a recommendation to contact a specific official to facilitate the decision-making process, reflecting the internal 'give-and-take' and planning rather than stating established policy or objective facts.",,,,,,1
387,2. they generally want to be helpful on WtW but don't want to lose broader fatherhood approach.,1,1,"The sentence describes the preferences and constraints of a group ('they') regarding a specific approach ('WtW' vs 'broader fatherhood approach'), indicating that a final decision on how to balance these competing interests has not yet been made.","The sentence reflects the internal 'give-and-take' of the decision-making process by outlining the specific desires and limitations of the stakeholders involved, rather than stating an established agency policy or objective fact.",,,,,,1
388,Sounds like they fear more WtW will result in less R support.,1,1,"The sentence discusses a hypothetical scenario regarding the consequences of a specific action (WtW) on another factor (R support), indicating that the outcome has not yet occurred and a final decision on the matter is pending.","The sentence expresses an internal assessment, prediction, or opinion about the likely reactions and results of a proposed course of action, rather than stating an established fact or final agency policy.",,,,,,1
389,3. media campaign is intended to rec3ch a broad group of fathers all incomes and both those living with their kids and those not.,0,1,"The sentence describes the intended purpose and target audience of a media campaign, which implies the campaign is in a planning or proposal stage rather than a finalized, implemented action with a settled outcome.","The sentence outlines a strategic recommendation or plan for how the agency intends to conduct a media campaign, reflecting internal deliberation on policy implementation rather than stating an established fact or final opinion.",,,,,,1
390,Challenge grant approach and amount is based on ONDCP campaign.,0,1,"The sentence describes the basis for a specific grant approach and amount derived from an external campaign, which implies the decision regarding the grant has not yet been finalized or officially settled by the agency.","The sentence reflects an internal determination or recommendation regarding how to structure a grant based on external factors, representing the agency's internal deliberation on policy implementation rather than stating an established, final agency policy or objective fact.",,,,,,1
391,They understand TANF funds can also be used to promote formation of two parent families.,1,0,"The sentence states a fact regarding the statutory or regulatory allowance for using TANF funds, which is an established rule rather than a matter where a final agency decision is currently pending or being formed.","The content conveys an objective fact about existing funding guidelines rather than expressing a personal opinion, recommendation, or internal debate about how to proceed with a specific case or policy.",,,,,,0
392,"4. still don't have exact costs - waiting for scoring on child support pass-through, but envision something in the $2 8 over 5 years ballpark (w/ bulk of funds for pass-through).",0,1,"The sentence indicates that exact costs have not yet been determined and the agency is waiting for future scoring, which clearly places the matter in a pre-decisional state where a final conclusion has not been reached.","The sentence expresses an internal estimate or 'envisioned' figure based on incomplete data, reflecting the tentative nature of the deliberative process rather than stating a finalized fact or established policy.",,,,,,1
393,5. purposefully leaving block grant uses very vague to allow states to try a variety of approaches; have not yet done runs on block grant formula but realize they may need to set a small state floor.,1,1,"The sentence discusses a strategy regarding block grant formulas and the potential need to set a small state floor, indicating that the specific policy details and final decisions on these matters have not yet been finalized or officially settled.","The content reflects internal deliberations, including the rationale for keeping provisions vague to allow state experimentation and the consideration of future regulatory needs, which represents the 'give-and-take' of the decision-making process rather than established policy or final facts.",,,,,,1
394,6. they've coordinated w/ Kohl on pass through and see the major difference between their approaches as one of cost -- they cap amount of pass-through Feds will participate in at $75 whereas Kohl is open-ended.,0,1,"The sentence describes a comparison of different approaches regarding cost caps and participation limits, which represents an ongoing analysis of options before a final decision or policy is adopted.","The content reflects an internal evaluation and recommendation regarding the merits of different strategies (comparing one approach to another), rather than stating an established fact or final agency policy.",,,,,,1
395,They still understand that their propo al to allow state share of child support pass-through to count towards TANF MOE goes beyond what's currently allowed (HHS -TA here could be helpful.,1,1,"The sentence discusses a proposal that is currently under review and notes that it exceeds current legal allowances, indicating that a final decision on the proposal has not yet been made.","The sentence reflects an internal assessment of a policy proposal and suggests seeking external legal advice (HHS-TA), which represents the internal give-and-take and deliberative process of evaluating options rather than stating a final agency position.",,,,,,1
396,Charlie is reaching out to Lauren or Mary).,0,1,"The sentence describes a communication action that is taking place or planned, which occurs before any final agency decision or official settlement regarding the matter is reached, fitting the pre-decisional criteria.","The sentence records a specific internal communication or coordination step within the agency's workflow, representing the internal give-and-take of the process rather than stating an established fact or final policy.",,,,,,1
397,7. allowing states who elect child support pass-through to use $50 (this was purposefully less than the $75 to keep costs down) for fatherhood/parenting activities without getting a waiver is seen as a way to supplement the modest block grant funding.,1,1,"The sentence discusses a specific policy option regarding child support pass-through funds and cost-saving measures, which represents a consideration of a potential course of action before a final agency decision or rule has been officially adopted.","The sentence expresses an internal rationale and recommendation for a specific policy choice, explaining the reasoning behind a proposed figure to keep costs down, which reflects the deliberative process of weighing options rather than stating an established fact or final opinion.",,,,,,1
398,They seemed receptive to the concern that there should be some more direct benefit or connection to famllies involved with the child support program (HHS - TA here could be helpful),1,1,"The sentence discusses a reaction to a concern regarding a child support program and suggests that technical assistance (HHS - TA) could be helpful, indicating that the issue of providing direct benefits or connections is still being considered and no final decision has been made.","The sentence reflects an internal assessment of stakeholder receptiveness and a recommendation for potential assistance, representing the personal views and deliberative process of the author rather than stating an established agency policy or objective fact.",,,,,,1
399,8. reason for explicitly listing family formation as part of the High Performance Bonus: it's not included in current guidance and this will ensure it's included in future rule.,1,1,"The sentence discusses a proposed change to future guidance and rules, indicating that the final decision to include 'family formation' in the High Performance Bonus has not yet been made or officially settled.","The sentence provides a specific rationale and recommendation for a policy change, reflecting the internal deliberative process of justifying a proposed action rather than stating an established fact or final agency opinion.",,,,,,1
400,They'll probably revise the bill at least once more befor Thursday.,1,1,"The sentence predicts a future action (revising a bill) that has not yet occurred, indicating that the legislative process is ongoing and no final decision or version of the bill has been settled at this moment.","The sentence expresses a prediction or expectation about future events rather than stating an established fact or a formal agency policy, reflecting the internal assessment and speculation typical of the deliberative process.",,,,,,1
401,This memo outlines three things: first; the overarching theme we propose for the State of the Union;,0,1,"The sentence describes a proposal for the State of the Union theme, indicating that the specific theme has not yet been finalized or officially adopted by the agency, placing the matter in a pre-decisional context.","The sentence explicitly states that the content is a 'proposal' for a theme, which reflects the internal deliberative process and the author's recommendations rather than stating an established agency policy or final fact.",,,,,,1
402,"second, the ""big ideas"" initiative that should be the centerpiece of the speech and the budget;",0,1,"The sentence discusses the content of a speech and budget, which are typically prepared before a final decision is made or an official action is taken, indicating the matter is pre-decisional.","The sentence expresses a recommendation or internal suggestion regarding what should be the 'centerpiece' of the speech and budget, reflecting the author's opinion on how to structure the proposal rather than stating an established fact or final policy.",,,,,,1
403,"third, the eight signature policies that comprise the ""big ideas"" package.",0,1,"The sentence lists specific policies as part of a package, which implies a discussion of existing or proposed measures rather than a final decision that has already been made or officially settled.","The sentence functions as a descriptive list item within a larger document discussing policy options or recommendations, reflecting the internal consideration of which policies to include rather than stating an established fact or final agency position.",,,,,,1
404,I. THEME: RESPONSIBILITY FOR THE FUTURE,0,0,"The sentence serves as a title or heading for a section of a document and does not inherently concern a specific issue where a final decision has not yet been made, as titles can appear in both pre-decisional drafts and final published reports.","The sentence does not express a personal opinion, recommendation, or internal deliberation; it is a neutral descriptive label indicating the subject matter of the section rather than reflecting the give-and-take of the decision-making process.",,,,,,0
405,"The theme we recommend for the State of the Union is ""Responsibility for the Future.""",1,1,"The sentence discusses a recommendation for a specific event (State of the Union) that has not yet occurred, indicating that the final decision on the theme has not been made and the matter is still in the planning phase.","The sentence explicitly uses the word 'recommend' to propose a specific theme, reflecting the internal deliberative process and the personal or professional judgment of the author rather than stating an established, final agency policy.",,,,,,1
406,"This theme brings together all the major elements of your agenda: strengthening Medicare and Social Security, and reducing the debt; investing in and reforming public education; bridging the digital divide; investing in Scientific research; protecting the environment; promoting peace around th world; and closing the opportunity gap.",0,0,"The sentence lists various policy themes and agenda items, which are subjects of ongoing government consideration and do not represent a final decision that has already been made or officially settled.","The sentence functions as a summary or description of an agenda rather than expressing a specific internal opinion, legal advice, or recommendation regarding a particular course of action; it states established priorities rather than reflecting the personal views of an author in a deliberative process.",,,,,,0
407,"""Responsibility for the Future"" reinforces both liberal convictions about equity (leave no one behind) and Third Way sensibilities about accountability (let no one fail to do his part).",0,1,"The sentence discusses the underlying philosophical convictions and sensibilities that inform a policy or document, which are inherently part of the internal reasoning process that precedes a final decision or official adoption of a stance.","The sentence expresses the author's internal analysis, weighing different ideological frameworks (liberal convictions vs. Third Way sensibilities) to justify a position, rather than stating an objective fact or an established agency policy.",,,,,,1
408,"It is consistent with your longstanding theme of ""responsibility, opportunity; and community,"" and sets forth a powerful message that will resound long after we're gone.",0,1,"The sentence discusses the alignment of a proposal with an agency's established themes and the anticipated long-term impact of a message, which implies the content is being evaluated before a final decision is made or the message is officially adopted.","The sentence expresses a subjective assessment and recommendation regarding the value and effectiveness of a draft message, reflecting the internal deliberative process and the author's personal views rather than stating an objective fact or final agency policy.",,,,,,1
409,"The country has come a long way these seven years, enabling us to turn even more to challenges of the next generation.",0,0,"The sentence reflects on past events and current capabilities over a seven-year period, which are established facts rather than a discussion of a future decision that has not yet been made.","The statement expresses a general observation or conclusion about the state of affairs and future potential, but it does not represent the internal 'give-and-take' of a specific decision-making process, nor does it offer a tentative recommendation or legal advice subject to change.",,,,,,0
410,"II. BIG IDEA: CLOSING THE OPPORTUNITY GAP We believe your ""big idea"" for the budget and the State of the Union should be a ""Closing the Opportunity Gap"" initiative.",1,1,"The sentence proposes a specific theme for a future budget and State of the Union address, indicating that the final decision on the content of these documents has not yet been made and the proposal is still in the planning stage.","The sentence expresses a specific recommendation and internal opinion on what the agency's message should be, reflecting the 'give-and-take' of the policy formulation process rather than stating an established fact or final agency position.",,,,,,1
411,"It is a package of eight signature proposals described in the next section, and would highlight three or four major budget pieces.",0,1,"The sentence describes the composition and content of a proposal package intended for future consideration, indicating that the specific budget pieces have not yet been officially adopted or finalized by the agency.","The sentence functions as a descriptive summary of a draft or proposed set of actions rather than stating an established fact or final agency policy, reflecting the internal planning and deliberative nature of the document.",,,,,,1
412,"We had considered other  labels for this initiative (""Leaving  No One Behind,"" ""Every  Child's  Initiative,"" and  ""Education First"") but advocate ""Closing the Opportunity Gap"" because it shows continuity with your core philosophy and values, suggests a sweeping challenge worthy of a sweeping response, and provides a framework that will energize the entire economic and domestic team, from Summers and Herman to Shalala, Riley; and Cuomo.",1,1,"The sentence discusses the selection of a name for an initiative, indicating that the final decision on the label has not yet been made and the agency is still in the process of choosing between options.","The sentence expresses a specific recommendation to adopt a particular label based on internal reasoning regarding philosophy, impact, and team motivation, reflecting the personal views of the author rather than established agency policy.",,,,,,1
413,III. EIGHT SIGNATURE ELEMENTS OF CLOSING THE OPPORTUNITY  GAP,0,1,"The sentence serves as a heading for a section discussing specific elements required to close an opportunity gap, which implies a focus on future actions or a plan rather than a final decision that has already been made or officially settled.","The content represents a recommendation or a proposed framework (the 'eight signature elements') for achieving a goal, reflecting the internal deliberative process of how to address the issue rather than stating an established agency policy or objective fact.",,,,,,1
414,Your final State of the Union should  be  more than a  laundry  list  of  worthy  ideas (although we provide such a list in three longer memos which are attached).,1,1,"The sentence provides guidance on how a future document (the State of the Union) should be structured, indicating that the final version of this document has not yet been created or finalized.","The sentence expresses a subjective recommendation and an opinion on the quality and content of the upcoming document, reflecting the internal deliberative process of shaping the agency's output rather than stating an established fact or final policy.",,,,,,1
415,"Here, we outline a package of signature ""Opportunity Gap"" proposals.",1,1,"The sentence describes the presentation of a package of proposals, which implies that the specific decisions regarding these proposals have not yet been finalized or officially adopted by the agency.","The sentence functions as a recommendation or an outline of proposed actions rather than a statement of established fact or final policy, reflecting the internal deliberative process of formulating a course of action.",,,,,,1
416,These  proposals  representthe core of your doniestk vision; they are ambitious  ideas  that will  stick  in the  public  mind.,1,1,"The sentence discusses proposals that are described as 'ambitious ideas' and part of a 'vision', indicating that these are forward-looking concepts that have not yet been finalized or officially adopted as agency policy.","The content expresses a subjective assessment and recommendation regarding the nature and impact of the proposals, reflecting the internal deliberative process and the author's personal views on the merits of the ideas rather than stating established facts or final decisions.",,,,,,1
417,"They are bold enough to show that  your imperative is  action,  and appealing enough  to stand  a chance of enactment this year.",1,1,"The sentence discusses the potential for a proposal to be enacted 'this year,' indicating that the legislative or regulatory decision has not yet been made and the outcome is still uncertain.","The sentence expresses an internal assessment and opinion regarding the quality and likelihood of success of a specific proposal, reflecting the subjective views of the author on the merits of the draft rather than stating an established fact or final policy.",,,,,,1
418,"Together, they give purpose and principle to yom final year's agenda.",1,1,"The sentence refers to a 'final year's agenda,' which implies a plan or set of goals that has been established or is currently being formulated, but the context suggests it is part of the ongoing planning process rather than a statement about a matter that has been officially settled or a final decision already made.","The sentence expresses a subjective assessment of the value and function of certain elements ('give purpose and principle') within the agency's planning process, reflecting internal deliberation and the author's perspective on the agenda's composition rather than stating an objective fact or established policy.",,,,,,1
419,"The ""Opportunity Gap"" initiative consists of eight proposals:",0,1,The sentence introduces a list of proposals but does not indicate that a final decision has been made regarding these proposals; it suggests the content is part of a discussion or planning phase where the adoption of these specific proposals is still pending.,"The sentence describes the components of an initiative, which represents the internal development and formulation of policy options rather than established agency policy or objective facts, reflecting the deliberative nature of the proposal generation process.",,,,,,1
420,1) universal pre-school to give all poor children  a smart start;,0,1,"The sentence proposes a specific policy action (universal pre-school) for poor children, which indicates that a final decision on this matter has not yet been made and the agency is still considering options.","The sentence expresses a recommendation or a proposed course of action rather than stating an established fact or final agency policy, reflecting the internal deliberative process of formulating new initiatives.",,,,,,1
421,2) universal  after-school  to help kids meet  high standards;,0,1,"The sentence describes a proposed initiative or program component ('universal after-school') intended to help children meet standards, which implies a stage of planning or consideration where a final decision on implementation has not yet been made.","The sentence functions as a recommendation or a suggestion for a policy action rather than a statement of established fact or final agency policy, reflecting the internal deliberative process of formulating program ideas.",,,,,,1
422,3) a plan to turn around every failing school over the next decade;,0,1,"The sentence outlines a proposed plan for a future timeframe ('over the next decade'), indicating that the specific implementation details and final decision on this plan have not yet been made.","The content represents a recommendation or a draft policy proposal rather than an established agency fact or final rule, reflecting the internal deliberative process of formulating a strategy.",,,,,,1
423,4) measures to bridge the digital divide;,0,1,"The phrase lists a potential measure to address a specific issue, implying that the decision on whether to implement this measure or how to execute it has not yet been finalized.","The content represents a recommendation or a proposed action item within a list of options, reflecting the internal deliberative process of identifying solutions rather than stating an established fact or final policy.",,,,,,1
424,5) a set of new steps to help low-income students get into college and complete a degree;,0,1,"The sentence describes a proposed set of new steps to help students, which indicates that these steps are part of a planning or policy formulation process where a final decision on implementation has not yet been made.","The content represents a recommendation or a draft policy idea rather than an established agency fact or final rule, reflecting the internal deliberative process of developing new initiatives.",,,,,,1
425,6) proposals to encourage absent fathers to take responsibility for the support and love they owe their children;,0,1,"The sentence lists 'proposals' regarding a specific social issue, which indicates that these are ideas being considered to address a problem before a final agency decision or policy has been adopted.","The content represents a recommendation or a suggestion for future action rather than a statement of established fact or final agency policy, reflecting the internal deliberative process of generating options.",,,,,,1
426,7) a new bargain of tax cuts and other measures to reward work and family;,0,1,The sentence describes a proposed set of measures (tax cuts and rewards) which implies a policy option being considered rather than a final decision that has already been made or officially settled.,"The content represents a recommendation or a proposal for future action rather than an established agency fact or final opinion, reflecting the internal deliberative process of formulating policy.",,,,,,1
427,and 8) a major expansion of New Markets to help aH communities share in economic prosperityâ€¦,0,1,"The sentence describes a proposed action ('a major expansion') intended to achieve a future goal, indicating that the decision to implement this expansion has not yet been made or finalized.","The content expresses a recommendation or policy proposal regarding how to address economic prosperity, reflecting the internal deliberative process of formulating agency actions rather than stating an established fact or final rule.",,,,,,1
428,1.. Early Childhood/Universal Pre-School.,0,0,The sentence lists a topic or category ('Early Childhood/Universal Pre-School') without any context indicating that a final decision has been made or that the matter is settled; it appears to be part of a draft outline or agenda where decisions are yet to be finalized.,"The sentence does not express a personal opinion, recommendation, or internal debate; it is a neutral factual label or heading used to organize information, lacking the 'give-and-take' characteristic of deliberative process.",,,,,,0
429,"With a significant down payment in the FY2001 budget, you can lay the groundwork for achieving a  goal  that you,  the  Vice  President,  and  the First  Lady  have talked  about for  some time:   universal access to pre-school  for every 4-year-old.",1,1,"The sentence discusses a budget proposal and a goal that has been discussed for some time but implies the action (laying the groundwork via the down payment) is a future step to be taken, indicating the matter is not yet officially settled or finalized.","The sentence expresses a recommendation or internal advocacy for a specific course of action (making a down payment) to achieve a policy goal, reflecting the deliberative process of formulating a strategy rather than stating an established fact or final opinion.",,,,,,1
430,There  are a number  of ways to do this:,0,1,"The sentence introduces a discussion of methods to achieve a goal, implying that the specific approach has not yet been selected or finalized, which places the context in the pre-decisional phase.","The sentence itself is a neutral introductory statement listing potential options rather than expressing a specific personal opinion, legal advice, or substantive recommendation; however, in the context of FOIA analysis, such a sentence typically serves as a header for a list of deliberative options or alternatives being considered, making it part of the internal give-and-take process.",,,,,,1
431,â—¦ Dramatic increase in Head Start funding.,0,0,"The sentence describes a factual event or a proposed change in funding levels, but it does not explicitly indicate that a final decision has not yet been made regarding this specific item, as it could be a statement of fact in a final report or a settled matter.","The sentence states a specific fact or a headline regarding funding changes rather than expressing an internal opinion, recommendation, or subjective deliberation about how to proceed; it lacks the 'give-and-take' characteristic of the deliberative process.",,,,,,0
432,"'Could expand by $1 billion ver FY'00, to expand Head Start from 880,000 children to 11early 1,000,000 in FY '01.",1,1,"The sentence outlines a potential budget expansion and program growth for a future fiscal year (FY '01), indicating that the decision to implement these changes has not yet been finalized or officially adopted.","The content presents a specific proposal or recommendation to increase funding and enrollment numbers, reflecting an internal suggestion or plan rather than a statement of established fact or final agency policy.",,,,,,1
433,A path for future fund  increases to make Head Start universal  could also be established.,1,1,"The sentence discusses a potential future action regarding funding increases and the establishment of a universal program, indicating that no final decision has been made on this matter yet.","The sentence expresses a recommendation or a proposed course of action rather than stating an established fact or final policy, reflecting the internal deliberative process of considering options.",,,,,,1
434,Early Childhood Learning Fund. A dramatic increase in  the Early Childhood Leaming Fund combined with  a path for  future  increases.,1,1,"The sentence describes a proposed funding increase and a future path for growth, which indicates a matter that is still being considered and has not yet resulted in a final agency decision or official settlement.","The content reflects a recommendation or a proposal for policy change (increasing the fund) rather than stating an established fact or final agency policy, representing the internal deliberative process of formulating a budget or program strategy.",,,,,,1
435,Could expand  to $1  billion  for FY O1 - $400 million increase and aim for $10-$20 billion Over 10 years.,0,1,"The sentence outlines a proposed budget increase and a long-term funding goal, which indicates that the specific financial decision has not yet been finalized or officially adopted by the agency.","The content represents a recommendation or a strategic proposal regarding resource allocation rather than a statement of established fact or final policy, reflecting the internal deliberative process of formulating a budget.",,,,,,1
436,2. Universal  After-School.,0,0,"The sentence appears to be a list item or a heading rather than a statement concerning a specific issue where a final decision has not yet been made, as it lacks context regarding an ongoing deliberation or pending action.","The sentence does not express an opinion, recommendation, or internal deliberation; it is a factual label or title for a program or category and does not reflect the personal views of an author within the decision-making process.",,,,,,0
437,"By  doubling after-school  funding  in, the FY 2001 budget (from  $453 million in FY 2000 to at least $1 billion in FY 2001), you  can meet an urgent goal, which is to provide after-school and summer schoolto every student in a failing school.",1,1,"The sentence discusses a proposed budget increase for FY 2001 to meet an urgent goal, indicating that the decision regarding this funding level has not yet been finalized or officially adopted.","The sentence expresses a specific recommendation and internal argument for a policy change, reflecting the author's view on how to achieve a goal rather than stating an established fact or final agency policy.",,,,,,1
438,You called on states and districts to end social promotion in this year's  State  of  the  Union;  this initiative will enable you to say we're giving them the resources to end social promotion the right way and give every student in our worst schools the extra help they need.,1,1,"The sentence discusses an initiative and the resources needed to end social promotion, which implies a future action or policy implementation that has not yet been finalized or officially settled by the agency.","The sentence expresses a strategic recommendation and justification for a specific policy approach (ending social promotion the right way), reflecting the internal deliberative process of how to achieve a goal rather than stating an established fact or final opinion.",,,,,,1
439,"Over an 11, year period, we  can make after school and summer school universal for every Title I school  and with a sliding scale for students above 200% of poverty, we could eventually make  after school available  to every  student.",1,1,"The sentence outlines a long-term plan and future goals over an 11-year period, indicating that the specific implementation details and final decisions regarding this universal access have not yet been made.","The sentence expresses a recommendation and a strategic vision for policy expansion rather than stating an established fact or final agency rule, reflecting the internal deliberative process of planning.",,,,,,1
440,(Cost:   $20-30 billion over 10 years).,0,0,"The sentence provides a specific factual estimate regarding costs over a defined period, which is a piece of data used in the decision-making process but does not itself indicate that a final decision has not been made, as cost estimates can exist for both pending and settled matters.","The content states a quantitative fact or projection rather than expressing a personal opinion, recommendation, or internal debate; it represents established data or a calculation rather than the subjective 'give-and-take' of the deliberative process.",,,,,,0
441,3. Turning Around Every Failing School.,0,0,"The sentence appears to be a title or heading for a policy initiative or report section, which typically describes an established goal or a matter that has been officially settled rather than a pending issue awaiting a final decision.","The sentence states a factual description of a program or objective without expressing an internal opinion, recommendation, or subjective view; it functions as a label rather than a record of the deliberative process.",,,,,,0
442,"To close the opportunity gap, we must dose the achievement gap by focusing our efforts on the worst-performing schools.",1,1,"The sentence discusses a proposed strategy to address an ongoing issue (the opportunity and achievement gaps) and uses the phrase 'we must,' indicating that the specific action plan has not yet been finalized or officially adopted by the agency.",The sentence expresses a specific policy recommendation and internal opinion on how to allocate efforts (focusing on worst-performing schools) rather than stating an established fact or final agency rule.,,,,,,1
443,"With a series of accountability and performance initiatives in the FY 2001 budget (and the after-school pledge outlined above), you can credibly set forth an ambitious, defining goal for strengthening public education: turning around or shutting down every failing school in America overthe next decade.",1,1,"The sentence outlines a proposed goal for the future (strengthening public education over the next decade) within the context of a budget initiative, indicating that the specific implementation or final adoption of this ambitious goal is a matter yet to be decided.","The sentence expresses a strong recommendation and a strategic vision ('turning around or shutting down every failing school') rather than stating an established fact or final agency policy, reflecting the internal deliberative process of formulating policy objectives.",,,,,,1
444,"In addition to doubling after-school funding, the key steps include: expanding your accountability fund; reaching your goal of 3,000 charter schools before you leave office; funding a new performance bonus to reward states and school districts for increasing their percentage of qualified teachers, adopting statewide accountability systems and school report card; and requiring universal public school choice for students in failing schools.",1,1,"The sentence outlines a series of proposed actions and goals (such as doubling funding and reaching a specific number of charter schools) that appear to be part of a plan or strategy to be implemented in the future, indicating that a final decision on these specific measures has not yet been made or officially settled.","The content lists specific recommendations and policy proposals intended to guide future agency actions, reflecting the internal deliberative process of formulating a strategy rather than stating established facts or final opinions.",,,,,,1
445,We could also reintroduce a version of education opportunity zones.,1,1,"The sentence discusses a potential future action ('reintroduce') regarding a policy concept, indicating that a final decision on whether to pursue this option has not yet been made by the agency.","The sentence expresses a recommendation or a proposal for a specific course of action, reflecting the internal deliberative process and the author's view on how the agency should proceed rather than stating an established fact or final policy.",,,,,,1
446,(Cost: $3-5 billion over IO years).,0,0,"The sentence provides a specific cost estimate for a project or policy, which is a factual projection used to inform a decision but does not itself represent a final decision or an officially settled matter.","The sentence states a quantitative fact (a cost estimate) rather than expressing a personal opinion, legal advice, or subjective recommendation; factual data, even if preliminary, is generally not considered deliberative in the context of the deliberative process privilege.",,,,,,0
447,4. Closing the Digital Divide.,0,0,"The phrase 'Closing the Digital Divide' appears to be a title, heading, or topic label rather than a statement concerning a specific issue where a final decision has not yet been made; it describes a goal or subject matter without indicating the status of a pending agency action.","The text does not express an opinion, recommendation, or internal deliberation; it is a factual descriptor or a neutral heading used to categorize a section of a document, lacking the subjective 'give-and-take' characteristic of deliberative process.",,,,,,0
448,"If we are to close the opportunity gap in the next century, we must do all we can to address the emerging digital divide.",1,1,"The sentence discusses a future goal ('next century') and the necessity of addressing a current issue ('emerging digital divide'), indicating that the specific actions to achieve this goal have not yet been finalized or decided upon by the agency.","The sentence expresses a strong internal opinion, recommendation, or policy stance on how the agency should proceed to achieve a goal, reflecting the subjective views of the author rather than stating an established fact or final rule.",,,,,,1
449,Key elements could include:,0,1,"The phrase 'Key elements could include' suggests that the specific components of a plan or decision have not yet been finalized, indicating a pre-decisional context where options are being considered.","The use of the word 'could' implies that the list is tentative, speculative, or part of a brainstorming process rather than a statement of established fact or final policy, reflecting the internal deliberative nature of the document.",,,,,,1
450,Community Technology Centers.,0,0,"The sentence is a proper noun phrase identifying a specific type of organization and does not inherently concern an issue where a final decision has not yet been made, as it lacks any context of pending action or future planning.","The sentence states a factual entity name rather than expressing an opinion, recommendation, or internal deliberation; it does not reflect the give-and-take of the decision-making process.",,,,,,0
451,A more than four-fold increase in funding - from $32.5 million in FY 2000 to $132.5 million in FY 2001 as part of a major challenge to have Internet centers in all  poor communities.,0,0,"The sentence presents specific historical facts regarding funding amounts and years, which are established records rather than a matter where a final decision is currently pending or being formed.","The content consists of objective data and a description of a completed initiative or challenge, lacking any expression of personal opinion, recommendation, or internal debate characteristic of the deliberative process.",,,,,,0
452,"We could  challenge  the private sector to contribute hardware, software and man-hours  and possibly give them tax incentives  to donate used equipment.",1,1,"The sentence discusses a potential strategy involving challenges and tax incentives that has not yet been adopted or finalized by the agency, indicating the matter is still in the pre-decisional phase.",The sentence expresses a specific recommendation and internal deliberation on how to proceed (challenging the private sector and offering incentives) rather than stating an established fact or final policy.,,,,,,1
453,Develop Universal Internet Access.,0,1,"The sentence presents a goal or objective to be achieved in the future, indicating that the specific implementation or final decision on how to achieve this universal access has not yet been made.","The sentence expresses a recommendation or a proposed course of action rather than stating an established agency policy or objective fact, reflecting the internal deliberative nature of setting goals.",,,,,,1
454,Reserve a 100 million fund for public-private partnerships to bring affordable Internet access to poor families.,0,1,"The sentence proposes a specific allocation of funds and a policy action (creating a fund for public-private partnerships) that has not yet been officially adopted or finalized by the agency, indicating the matter is pre-decisional.","The sentence expresses a recommendation or a proposed course of action regarding how resources should be used, reflecting the internal deliberative process of formulating policy rather than stating an established fact or final rule.",,,,,,1
455,â—¦ Teacher Training for the Internet.,0,1,"The sentence lists a topic or activity ('Teacher Training for the Internet') without any context indicating that a final decision has been made or that the matter is settled, suggesting it is part of a planning or pre-decisional phase.","The sentence represents a proposed item, idea, or component of a plan rather than an established fact or final policy, reflecting the internal brainstorming or listing of potential actions typical of the deliberative process.",,,,,,1
456,"We could dedicate $100 million- perhaps from the existing technology literacy challenge initiative - to ensure all new teachers, or all middle-school teachers, receive training in how to use computers as a learning device.",1,1,"The sentence discusses a potential allocation of funds and specific target groups for training, indicating that the decision on how to spend the money and who to train has not yet been finalized or officially adopted by the agency.","The sentence expresses a specific recommendation and internal deliberation regarding budget usage and policy implementation, reflecting the author's proposed course of action rather than stating an established agency fact or final rule.",,,,,,1
457,â—¦ School Internet Modernization Fund.,0,0,The sentence lists a specific funding program name without any context indicating that a decision regarding this fund is pending or that it is part of a pre-decisional discussion.,"The sentence states a factual name of a fund rather than expressing an opinion, recommendation, or internal deliberation about policy or agency conduct.",,,,,,0
458,A discretionary counterpart to our school construction proposal to modernize schools for new teachers and Internet access.,0,1,"The sentence describes a proposal to modernize schools, which is a forward-looking initiative indicating that a final decision on the project has not yet been made or officially settled.","The phrase 'discretionary counterpart' suggests an internal recommendation or a proposed alternative within the agency's planning process, reflecting the deliberative nature of formulating policy options rather than stating established fact.",,,,,,1
459,5. Closing the Opportunity Gap for College.,0,0,"The sentence is a title or heading for a section and does not inherently indicate that a final decision has not been made, as titles can appear in both pre-decisional drafts and final published reports.","The sentence does not express an opinion, recommendation, or internal deliberation; it is a neutral descriptive label identifying a topic rather than reflecting the personal views of an author or the give-and-take of a decision-making process.",,,,,,0
460,"This element would focus on different aspects of closing the opportunity gap for college: helping more students aspire to and prepare for college, continuing to make college more affordable, and starting to address America's quiet crisis of dedining college completion rates.",1,1,"The sentence outlines proposed focus areas for a program or initiative, indicating that the specific implementation details and final decisions regarding these aspects have not yet been made or finalized.","The sentence reflects an internal recommendation or strategic planning opinion on how to address specific social issues, representing the author's deliberative thoughts on policy direction rather than stating established agency facts or final rules.",,,,,,1
461,Keeping Students on Track to College.,0,0,"The phrase 'Keeping Students on Track to College' does not indicate a specific issue where a final decision has not yet been made, as it appears to be a general title, slogan, or objective rather than a discussion of a pending agency action.","The phrase does not express an opinion, recommendation, or internal deliberation; it is a declarative statement of a goal or program name and lacks the subjective 'give-and-take' characteristic of the deliberative process.",,,,,,0
462,"we could increase access for impoverished young people through Youth Opportunity Grants, TRIO, GEAR UP, and Youth Build, increasing funding to a total of $500 million.",1,1,"The sentence outlines a potential course of action involving specific programs and a proposed funding increase, indicating that the decision to implement these changes has not yet been made or finalized by the agency.","The sentence expresses a recommendation and a strategic proposal to achieve a specific goal, reflecting the internal deliberative process and the author's views on how to proceed rather than stating an established fact or final policy.",,,,,,1
463,â—¦ AP Courses Online.,0,0,"The sentence lists a specific program name, 'AP Courses Online,' which is a factual reference to an existing entity or service rather than a discussion of an issue where a final decision has not yet been made.","The sentence does not express an opinion, recommendation, or internal deliberation; it is a neutral statement of fact or a list item that does not reflect the personal views of an author regarding agency policy.",,,,,,0
464,Small and poor schools often-lack the resources and teachers to  offer challenging courses.,0,0,"The sentence states a general condition or fact about the current state of small and poor schools regarding resources and teachers, rather than discussing a specific issue where a final agency decision is pending.","The content describes an objective reality or established fact about the educational system rather than expressing a personal opinion, recommendation, or internal debate within the agency's decision-making process.",,,,,,0
465,This distance learning initiative aims to ensure that students in underserved areas get access to Advanced Placement and other highÂ­ quality academic courses and ESL programs online.,0,1,"The sentence describes the stated goals and objectives of an initiative, which implies a forward-looking plan rather than a final decision that has already been made or officially settled.","The sentence expresses the agency's internal reasoning, policy direction, and strategic intent regarding how to achieve educational access, reflecting the deliberative process of formulating a program rather than stating an established fact or final rule.",,,,,,1
466,"Total funding for the initiative would be $225 million, including $50 million for grants, $25 million for course development, and.$125 million in increases in existing programs.",1,0,"The sentence provides specific factual data regarding budget allocations and funding amounts for an initiative, which are objective facts rather than a discussion of a pending decision or a matter where a final conclusion has not yet been reached.","The content consists of established numerical figures and financial details rather than an expression of opinion, recommendation, legal advice, or internal debate; it states facts about the funding structure rather than reflecting the personal views of an author during the deliberative process.",,,,,,0
467,â—¦ Test Prep for Poor Kids.,0,0,"The sentence appears to be a bullet point listing a program or activity, which does not inherently indicate that a final decision has not yet been made, as it could be part of a finalized list of services or a settled plan.","The sentence states a factual description of a program rather than expressing an internal opinion, recommendation, or subjective deliberation about how to reach a decision.",,,,,,0
468,"This program would support partnerships among high schools, proven providers of college test  prep courses (like Kaplan,  Princeton Review), and community-based organizations to offer high-need students SAT/ACT preparation arid other services related to college admissions.",0,1,"The sentence describes a proposed program structure and its intended functions, indicating that the program is in a planning or proposal stage where a final decision to implement or fund it has not yet been made.","The sentence outlines a specific recommendation for how the program should operate, reflecting the internal deliberative process of designing policy rather than stating an established fact or final agency rule.",,,,,,1
469,"Grants of $30 million would serve approximately  50,000 students.",0,0,"The sentence states a factual projection regarding the number of students served by a specific grant amount, which is a matter of fact rather than a discussion of an issue where a final decision has not yet been made.","The sentence presents objective data and statistics rather than an opinion, recommendation, or internal deliberation reflecting the personal views of an author.",,,,,,0
470,A couple of announcements that would make real sense to announce at the DLC:     (1) EITC -- new proposal plus victory lap on record,1,1,"The sentence discusses potential announcements to be made at a future event (DLC), indicating that the decision to announce these items and the specific timing have not yet been finalized or officially settled.","The content reflects internal deliberations regarding what information should be released and the strategic value of certain announcements (like the 'victory lap'), representing the agency's internal give-and-take rather than established public policy or final facts.",,,,,,1
471,(2) Child support -- new proposals plus new accomplishments data (see below)    .,1,1,"The sentence references 'new proposals' and 'new accomplishments data', indicating that the content relates to future actions and ongoing matters where a final decision or official settlement has not yet been reached.","The mention of 'new proposals' suggests the inclusion of recommendations, policy ideas, or internal deliberations regarding how to handle child support, rather than stating established agency policy or objective historical facts.",,,,,,1
472,"(3) Welfare to work success -- new numbers from Welfare to Work Partnership (hiring, retention) plus general accomplishments",1,0,"The sentence lists data points and accomplishments from a partnership, which are factual records of past events and statistics rather than a discussion of a pending decision or future action.","The content consists of objective facts (new numbers, hiring, retention, accomplishments) and does not express an opinion, recommendation, or internal debate about policy options.",,,,,,0
473,And of course we could add our food stamp car and IDA car policies.,1,1,"The sentence discusses the potential addition of specific policies (food stamp car and IDA car) to a proposal, indicating that the decision to include these policies has not yet been finalized or officially adopted by the agency.","The sentence expresses a recommendation or suggestion regarding the content of a policy document, reflecting the internal deliberative process of considering options rather than stating an established fact or final agency position.",,,,,,1
474,These announcements could work either before or after the VP announces the $250 million employment grants for fathers and families.,1,1,"The sentence discusses the timing of announcements relative to a specific event (the VP's announcement of grants), indicating that the final decision on when to make these announcements has not yet been made and the matter is still in the planning phase.","The sentence expresses an internal assessment or recommendation regarding the effectiveness of different timing options ('could work either before or after'), reflecting the deliberative process of evaluating policy implementation strategies rather than stating a final fact or established rule.",,,,,,1
475,New Child Support Data We will have new data which show i) child support collections have nearly doubled under this Administration (from $8 billion in 1992 to and estimated $15.5 billion in 1999);,0,0,"The sentence presents historical data and statistics regarding child support collections from 1992 to 1999, which are established facts rather than a matter where a final agency decision is pending.","The content consists of objective numerical facts and reported figures rather than an internal opinion, recommendation, or subjective assessment of policy options.",,,,,,0
476,ii) of that $15.5 billion a record $1.3 billion came from seizing tax returns (up 18 percent over last  year);,0,0,"The sentence presents specific historical data regarding tax return seizures and funding amounts from a previous year, which are established facts rather than an issue where a final decision is currently pending.","The content consists of objective statistical facts and figures rather than an opinion, recommendation, or internal deliberation about how to proceed with a policy.",,,,,,0
477,"iii) the new child support computer system proposed by the Administration in 1994 and enacted in 1996 located nearly 3 million delinquent parents and over 650,000 of their bank accounts last year;",0,0,"The sentence describes actions that have already occurred (enacted in 1996, located accounts last year), indicating that the matter is no longer pending a decision but is instead a record of past events.","The sentence states objective facts regarding the results of a system rather than expressing an internal opinion, recommendation, or subjective view of the author.",,,,,,0
478,"and iv) a child support law enforcement initiative launched by the Administration last year has inve tigated nearly 1,000 cases of the worst offenders, making nearly 300 arrests and obtaining $5.3 million in restitution orders.",0,0,"The sentence describes past events, specifically an initiative launched last year and the resulting statistics from nearly 1,000 cases, indicating that the matter has already occurred and is not a pending issue requiring a future decision.","The content consists of objective facts, specific numbers, and historical data regarding arrests and restitution, rather than expressing an opinion, recommendation, or internal debate about policy.",,,,,,0
479,These descriptions are still accurate.,0,0,"The sentence asserts that descriptions remain accurate, which implies a statement of fact regarding the current status of information rather than a discussion of a pending decision or a future action to be taken.","The content represents an objective assertion of fact or a confirmation of existing data rather than an internal opinion, recommendation, or subjective view involved in the deliberative process.",,,,,,0
480,"The details of the tobacco policy are still being worked out, but you could use this generic language as a placeholder.",1,1,"The sentence explicitly states that the tobacco policy details are 'still being worked out,' indicating that a final decision or established policy has not yet been made, which satisfies the predecisional criterion.","The sentence offers a specific recommendation to use 'generic language as a placeholder' while the policy is under development, reflecting the internal give-and-take and advisory nature of the deliberative process rather than stating a final fact or settled policy.",,,,,,1
481,"Donâ€™t call it tobacco ""penalty""",1,1,"The sentence suggests a change in terminology or labeling, which implies that the final decision on how to refer to the measure has not yet been made or officially settled.","The sentence expresses a specific recommendation or preference regarding the wording to be used, reflecting the internal deliberative process of how to frame a policy rather than stating an established fact or final opinion.",,,,,,1
482,Tobacco - Raising the Price of Cigarettes so Fewer Young People will Smoke.,0,1,"The sentence describes a proposed policy action (raising cigarette prices) aimed at a specific outcome (reducing youth smoking), which indicates that the decision to implement this measure has not yet been finalized or officially adopted by the agency.","The sentence functions as a title or a summary of a recommendation or a draft policy idea rather than a statement of established fact or final agency policy, reflecting the internal deliberative process of considering potential regulatory changes.",,,,,,1
483,Public health experts agree that the single most effective way to cut youth smoking is to raise the price of cigarettes.,0,0,"The sentence cites an agreement among experts regarding a method to achieve a goal, but it does not explicitly indicate that a specific agency decision is currently pending or that a final conclusion has not yet been reached on this specific matter.","The sentence states a widely accepted fact or consensus among public health experts rather than expressing the personal views, recommendations, or internal deliberations of a specific agency author.",,,,,,0
484,"To reduce youth smoking, the budget will include a combination of excise taxes and assessments on the industry if companies fail to meet youth smoking reduction targets.",0,1,"The sentence outlines a proposed budgetary measure and policy approach to address youth smoking, indicating that the specific implementation or final adoption of these measures is a matter yet to be decided by the agency.","The sentence presents a specific policy recommendation and strategic plan (combining taxes and assessments) rather than stating an established fact or final agency opinion, reflecting the internal deliberative process of formulating a solution.",,,,,,1
485,Listed below are the descriptions of the budget initiatives in your area that could be rolled out prior to the SOTU that I have included in the DPC memo regarding rollout.,0,1,"The sentence discusses budget initiatives that 'could be rolled out' prior to a specific event (SOTU), indicating that the decision to implement these initiatives has not yet been finalized or officially settled.","The sentence describes a list of potential actions included in a memo regarding rollout, which reflects the internal planning and consideration of policy options rather than stating established agency policy or final facts.",,,,,,1
486,"Please let me know if you have any edits, updates, changes, etc. to these descriptions.",0,1,"The sentence is a request for feedback on descriptions that are clearly in a draft or pre-final stage, indicating that the content has not yet been officially adopted or settled by the agency.","The sentence facilitates the internal 'give-and-take' of the decision-making process by soliciting edits and updates, which is characteristic of deliberative communications aimed at refining a document before a final decision is made.",,,,,,1
487,Any additions in blank areas would be greatly appreciated.,0,1,"The sentence implies that the document is still in a draft stage and that a final decision or version has not yet been reached, as it invites further input before completion.","The sentence reflects the internal deliberative process by soliciting recommendations and feedback to shape the final content, rather than stating established facts or final agency policy.",,,,,,1
488,Philanthropy/Faith-Based Initiatives.,0,0,"The phrase 'Philanthropy/Faith-Based Initiatives' does not inherently concern an issue where a final decision has not yet been made, as it appears to be a categorical label or subject heading rather than a statement regarding a pending specific action or conclusion.","The phrase does not express an opinion, recommendation, or internal deliberation; it is a neutral classification or topic title that does not reflect the personal views of an author or the give-and-take of a decision-making process.",,,,,,0
489,Among the possible announcements we can make are         1) steps to increase involvement of community- and faith-based groups in after-school and other important programs; and 2) new tax incentives to promote increased charitable giving by all taxpayers.,1,1,"The sentence lists potential announcements that the agency is considering making, indicating that the decision on which specific announcements to release has not yet been finalized or officially settled.","The content reflects internal deliberations and recommendations regarding future public communications, representing the 'give-and-take' of the decision-making process rather than stating established agency policy or final facts.",,,,,,1
490,Responsible Fatherhood Initiative: Promoting responsible fatherhood is the critical next stage of welfare reform and one of the most important things we can do to reduce child poverty.,1,1,"The sentence discusses the 'critical next stage' of welfare reform, indicating that the agency is currently considering or planning future actions rather than having reached a final, settled conclusion on the matter.","The sentence expresses a strong internal opinion and policy recommendation that promoting responsible fatherhood is the most important action to take, reflecting the subjective views of the author on the direction of the agency rather than stating an established fact or final rule.",,,,,,1
491,We could a) announce new data showing the dramatic increases in child support collections made by this Administration and at the same time put forward a package of proposals to,1,1,"The sentence discusses potential future actions ('We could...') regarding announcements and proposals, indicating that the decision to take these specific steps has not yet been made or finalized.","The sentence expresses a recommendation or a proposal for a course of action, reflecting the internal deliberative process of considering options rather than stating an established fact or final agency policy.",,,,,,1
492,b.) ensure every unemployed parent who owes child support goes to work and supports his children;,1,1,"The sentence outlines a specific action or goal regarding unemployed parents and child support, which represents a proposed measure or objective that has not yet been finalized or officially adopted as agency policy.","The content expresses a recommendation or a desired outcome within the decision-making process rather than stating an established fact or final agency opinion, reflecting the internal deliberation on how to address the issue.",,,,,,1
493,c) collect more child support from parents who can afford to pay;,1,1,"The sentence outlines a specific action to be taken regarding child support collection, which implies a future course of action or policy implementation that has not yet been finalized or officially adopted by the agency.","The sentence represents a recommendation or a proposed course of action within the internal decision-making process, reflecting the author's suggestion on how to proceed rather than stating an established fact or final agency policy.",,,,,,1
494,d) revise outdated rules to ensure mothers and children receive more of the support the father pays;,1,1,"The sentence outlines a proposed action to revise rules, indicating that the current rules are considered outdated and that a change has not yet been finalized or officially adopted by the agency.","The content expresses a specific recommendation or policy goal regarding how to support mothers and children, reflecting an internal deliberation on what the agency should do rather than stating an established fact or final decision.",,,,,,1
495,and e) promote efforts to ensure fathers returning from prison become responsible fathers and responsible members of society.,1,1,"The sentence outlines a specific goal or objective to be achieved, which implies that the action has not yet been fully realized or finalized, placing it in a pre-decisional context regarding the implementation of this goal.","The sentence expresses a policy recommendation or an internal directive to promote specific efforts, reflecting the agency's deliberative process in determining what actions to take rather than stating an established fact or final opinion.",,,,,,1
496,Jack said you were asking about the food stamps immigrant proposals.,0,0,"The sentence reports on a past conversation regarding proposals, but it does not inherently indicate that a final decision on the matter has not been made, as it could be referencing a settled topic or historical inquiry.","The sentence is a factual report of what someone said; it does not express an internal opinion, recommendation, or subjective deliberation by the author regarding agency policy or conduct.",,,,,,0
497,Let me know if you need more info.,0,0,"The sentence is a general offer to provide information and does not inherently concern a specific issue where a final agency decision has not yet been made, as it lacks context regarding a pending determination.","The sentence does not express an opinion, recommendation, or internal deliberation; it is a standard administrative communication used to facilitate information exchange rather than reflecting the give-and-take of a decision-making process.",,,,,,0
498,"The reproposal of last year's food stamps elderly policy will help 10,000 people by FY05.",1,1,"The sentence discusses a specific policy proposal ('reproposal') and its projected impact ('will help 10,000 people'), indicating that the policy is still in a proposal stage and a final decision or implementation has not yet occurred.","The sentence expresses an internal assessment or recommendation regarding the benefits of a specific policy change, reflecting the agency's deliberative process on how to address the issue rather than stating an established, final fact or settled policy.",,,,,,1
499,"The new proposal, to restore benefits to pre 8/22/96 adults in families with kids, will help 150,000 people by FY05.",1,1,"The sentence discusses a 'new proposal' regarding the restoration of benefits, indicating that the agency is currently considering this option and a final decision has not yet been made or officially settled.","The sentence expresses an internal assessment and recommendation about the impact of the proposal (helping 150,000 people), reflecting the author's view on the merits of the policy change rather than stating an established fact or final agency rule.",,,,,,1
500,"Apparently our parents of CHIP proposal as currently scored wouldn't give states the option of covering legal immigrant parents, despite the fact that we propose to cover legal immigrant kids under CHIP.",1,1,"The sentence discusses a proposal and its scoring implications regarding legal immigrant parents and children, indicating that the policy has not yet been finalized or officially adopted by the agency.","The sentence reflects an internal assessment and explanation of the consequences of a proposed policy change, representing the agency's deliberative process and reasoning rather than stating an established fact or final decision.",,,,,,1
501,"(Under current law legal immigrant children who arrived pre 8/96 can be covered by CHIP or Medicaid at state option, and we have proposed and will re-propose to allow the Medicaid/CHIP state option for immigrant children arriving post-8/96.)",0,1,"The sentence discusses a proposed change to existing law regarding eligibility for CHIP or Medicaid, indicating that the agency is currently considering a new policy rather than having reached a final, settled decision on the matter.","The sentence explicitly states that the agency 'has proposed and will re-propose' a specific legal interpretation and policy change, reflecting an internal recommendation and the 'give-and-take' of the decision-making process rather than stating an established fact or final agency opinion.",,,,,,1
502,Mendelson and I realized this yesterday and he's got folks scoring the additional cost.,1,1,"The sentence describes an action taken yesterday regarding realizing a specific issue and assigning a task to score costs, which indicates that the agency is actively working through the problem and has not yet reached a final decision or official settlement on the matter.","The sentence reflects the internal 'give-and-take' of the decision-making process by documenting the realization of a problem and the immediate assignment of a task to address it, representing the personal views and ongoing deliberations of the authors rather than established policy or final facts.",,,,,,1
503,If the parents proposal flies (and I hope it does) I think it would be embarrassing if we left out legal immigrants.,1,1,"The sentence discusses a hypothetical scenario ('If the parents proposal flies') and the potential consequences of a future decision, indicating that the agency has not yet made a final determination on the matter.","The sentence expresses the author's personal opinion ('I think it would be embarrassing') and a recommendation regarding how to handle legal immigrants if a specific proposal is adopted, reflecting internal deliberation rather than established policy.",,,,,,1
504,We spoke again to Barbara Chow and others at OMB on other legal immigrant matters.,1,0,"The sentence describes a past action of communicating with external parties regarding legal matters, which is a factual record of an event that has already occurred rather than a document created to assist in reaching a future decision.","The sentence states a fact about a meeting taking place and does not express an opinion, recommendation, or internal deliberation regarding policy or legal advice.",,,,,,0
505,OMB thinks we can pay for re-proposing our proposals from last year plus maybe a small add on which would be helpful but fall short of the advocates wish list.,1,1,"The sentence discusses a potential funding strategy for re-proposing initiatives from the previous year, indicating that the final decision on how to proceed and fund these proposals has not yet been made.","The sentence expresses the internal opinion and assessment of the Office of Management and Budget (OMB) regarding the feasibility and sufficiency of a proposed budget, reflecting the deliberative process rather than stating an established fact or final policy.",,,,,,1
506,"The attached table has more information, but broadly:",0,0,"The sentence introduces a table containing information that likely pertains to a matter under consideration, suggesting the context is before a final decision or official settlement has been reached.","The sentence functions as a transitional phrase introducing a summary or overview of data rather than expressing a specific personal opinion, legal advice, or substantive recommendation; it describes the existence of information rather than the internal deliberative process itself.",,,,,,0
507,"Re-proposing FY 2000 proposals: $1.9 billion over 5 years, $11.6 billion over 10.",1,1,"The sentence presents specific financial figures and timeframes for a proposal, which indicates that the agency is in the process of formulating or reconsidering a plan rather than having made a final, settled decision on the matter.","The content represents a draft recommendation or a specific proposal for funding levels, reflecting the internal deliberative process of developing policy options rather than stating an established agency fact or final rule.",,,,,,1
508,"FY 2000 proposals plus small add-on: $2.1-2.4 billion over 5 years, $12.3-$12.6 billion over 10.",1,0,"The sentence presents specific numerical figures regarding budget proposals for future years (FY 2000 and beyond), which indicates a context where a final decision on the budget has not yet been made and the matter is still in the planning or proposal stage.","The content consists of factual data, estimates, and specific dollar amounts rather than an expression of an opinion, legal advice, or subjective recommendation; it states the 'what' of the proposal rather than the internal 'why' or 'how' of the deliberative process.",,,,,,0
509,"Advocates wish list: $7.2 billion over 5 years, at least $26 billion over 10",1,1,"The sentence lists specific funding amounts requested by advocates, which represents a proposal or a matter under consideration rather than a final agency decision that has already been made or officially settled.","The sentence reflects the internal assessment of external requests and the agency's consideration of these figures as part of the policy formulation process, rather than stating an established fact or final policy.",,,,,,1
510,Mary and NEC have been working with DOT to develop a package of '01 tribal transportation proposals.,1,1,"The sentence describes ongoing work to develop proposals, indicating that the final decision on these proposals has not yet been made and the matter is still in the process of being formulated.","The sentence reflects the internal activities and collaborative efforts of the agency in formulating policy or program proposals, representing the 'give-and-take' of the decision-making process rather than stating established facts or final agency positions.",,,,,,1
511,We worked to make sure they gave serious consideration to allowing tribes to apply directly for Access to Jobs grants (as you know we've been going back and forth with FTA about this for a while).,1,1,"The sentence describes an ongoing process of negotiation and consideration regarding a specific policy issue (tribes applying for grants), indicating that a final decision or official settlement has not yet been reached.","The sentence reflects the internal 'give-and-take' of the decision-making process by describing the agency's efforts and the back-and-forth nature of discussions with another entity (FTA), rather than stating an established fact or final policy.",,,,,,1
512,"Yesterday, DOT agreed to propose appropriations language that will allow tribes to apply directly for Access to Jobs grants.",1,0,"The sentence describes an agreement to propose language in the future, indicating that the final decision or the legislative action itself has not yet occurred, placing the context in the pre-decisional phase.","The sentence states a factual occurrence (an agreement reached) rather than expressing an internal opinion, recommendation, or subjective deliberation about how to reach a decision; it reports on a settled course of action rather than the process of debating it.",,,,,,0
513,"They also plan to set aside $5 M within the $150 M for tribes, but they think this can be done administratively through the application process.",1,1,"The sentence discusses future plans and administrative methods for allocating funds, indicating that the specific implementation details and the method of execution have not yet been finalized or officially settled.","The sentence reflects internal deliberations regarding how to achieve a goal (setting aside funds) and the author's opinion on the feasibility of doing so administratively, rather than stating an established fact or final policy.",,,,,,1
514,Apparently they also plan to do a similar set-aside for projects in the Delta.,1,1,"The sentence discusses future plans ('plan to do') regarding projects in the Delta, indicating that the specific actions or decisions have not yet been finalized or officially settled.","The sentence conveys information about internal intentions and proposed actions rather than stating established agency policy or objective facts, reflecting the internal deliberative process of planning.",,,,,,1
515,Set-aside grants would still have to follow the ATJ program requirements.,1,1,"The sentence states a requirement that must be followed for set-aside grants, which implies an ongoing or future regulatory context where the application of these rules to specific grants has not yet been finalized or decided upon for every instance.","The sentence expresses a legal interpretation or policy recommendation regarding how specific grants must be handled, reflecting the internal deliberative process of defining program rules rather than stating an objective fact or a final, settled agency opinion.",,,,,,1
516,Can you call Jennifer Friedman and work with her to figure out how to spend the $15 million?,1,1,"The sentence concerns a specific task regarding the allocation of funds that has not yet been finalized or decided upon, indicating the matter is still in a pre-decisional stage where the agency is determining how to use the resources.","The sentence reflects an internal recommendation and a request for collaboration to develop a plan, representing the 'give-and-take' of the decision-making process rather than stating an established fact or final policy.",,,,,,1
517,(Since this is discretionary we would only worry about the year 1 costs.) .,0,1,"The sentence discusses a hypothetical scenario regarding cost concerns for a discretionary item, indicating that a final decision on the scope or necessity of the item has not yet been made.","The sentence expresses an internal assessment and recommendation to limit financial consideration to specific years based on the discretionary nature of the project, reflecting the author's personal judgment rather than established agency policy.",,,,,,1
518,I think your summary looks fine but it's essentially a much more articulate version of what we proposed last year and couldn't get the ag appropriators to fund.,1,1,"The sentence discusses a proposal from the previous year that was not funded, indicating that the specific issue of funding has already been addressed and settled, meaning the current context is not pre-decisional regarding that specific outcome.","The sentence expresses a personal opinion ('I think') and a recommendation ('looks fine') regarding a draft document, reflecting the internal give-and-take of the decision-making process rather than stating an established agency policy or objective fact.",,,,,,1
519,Jennifer and Jeff Farkas are trying to figure out if they can squirrel away some of the $15 million elsewhere in a place that will be more likely to get funded.,1,1,"The sentence describes an ongoing effort to determine the feasibility of reallocating funds, indicating that a final decision on the funding location has not yet been made and the matter is still in the planning stage.","The content reflects the internal deliberations and strategic considerations of the individuals involved as they weigh options to achieve a specific goal, rather than stating established agency policy or objective facts.",,,,,,1
520,Attached is my version of FNS's version that was axed by the Secretary's office and;,1,0,"The sentence describes a document that has already been modified ('axed') by a higher authority, indicating that the specific decision to remove or alter the content has been made, which suggests the matter regarding that specific version is no longer in a pre-decisional state.","The sentence is a factual statement describing the status and history of a document rather than expressing an internal opinion, recommendation, or subjective view on how to proceed; it reports on an action already taken.",,,,,,0
521,"therefore, never went to OMB for consideration.",1,0,"The sentence indicates that a specific action (seeking OMB consideration) was not taken, which implies a decision was made to proceed without that step or that the matter was handled differently, suggesting the context involves the reasoning behind a final determination or a settled course of action rather than an ongoing pre-decisional process.","The sentence states a factual outcome regarding the procedural history of a document or decision (that it was not sent to OMB) rather than expressing an internal opinion, recommendation, or debate about policy options.",,,,,,0
522,I made some changes to it adding some language on working poor and playing down some of their nutritional education ideas and playing up on the outreach (education about eligibility) aspects.,1,1,"The sentence describes actions taken on a document prior to its finalization, indicating that the content and decisions regarding the document are not yet settled or final.","The sentence reflects the author's internal reasoning, specific choices, and subjective judgment on how to frame certain issues (working poor, nutritional education vs. outreach), which constitutes the internal give-and-take of the decision-making process.",,,,,,1
523,I didn't remember you telling me that you already mentioned bumping it up to $15 million to Barbara.,1,0,"The sentence discusses a past communication regarding a specific figure ($15 million) that was allegedly already mentioned to a third party, indicating that the matter of the amount has been discussed and potentially decided upon in prior interactions rather than being a pending issue for a new decision.","The sentence is a factual recollection or denial of a previous statement made by another individual; it does not express an internal opinion, recommendation, or subjective view regarding policy or agency conduct.",,,,,,0
524,Cynthia A. Rice,0,0,"The sentence is a proper name and does not concern an issue where a final decision has not yet been made, as it contains no substantive content regarding a pending matter or action.","The sentence does not express an opinion, recommendation, or internal deliberation; it is merely an identifier of a person and lacks any deliberative content.",,,,,,0
525,"As you know I asked Barbara to up the number to $15 million, and at the welfare meeting late this afternoon Jennifer Friedman said OMB is prepared to go to $15 million but is looking for a place to put some of it that will be more likely to get enacted and wanted to know if we have any ideas.",1,1,"The sentence describes a discussion regarding a proposed budget increase and the search for a legislative strategy to enact it, indicating that the final decision on the funding amount and the specific mechanism for enactment has not yet been made.","The sentence reflects the internal give-and-take of the decision-making process by reporting on a request for ideas and the agency's current stance on a potential budget figure, rather than stating a final, settled policy or objective fact.",,,,,,1
526,What is the attachment below?,0,0,"The sentence is a question asking for identification of a document rather than discussing an issue where a final decision has not yet been made, so it does not fit the predecisional criteria regarding the status of a policy or action.","The sentence does not express an opinion, recommendation, or internal deliberation; it is a simple factual inquiry about the existence or nature of an attachment, lacking any subjective element of the decision-making process.",,,,,,0
527,Is that FNS's original proposal?,0,0,"The sentence is a question inquiring about the origin of a proposal, which implies that the proposal exists but the status of the agency's final decision or adoption of that specific proposal is not yet determined.","The sentence does not express an opinion, recommendation, or internal deliberation; rather, it is a factual inquiry seeking clarification about the source of a document, which does not reflect the personal views of the author regarding policy or decision-making.",,,,,,0
528,"OMB included in passback $7 million for nutritional education, of which not less than $5 million is for educating food stamp eligibles not currently participating in the program -- including the working poor, welfare leavers, elderly, and ABAWD's of their ability to apply for food stamps.",0,0,"The sentence states a factual allocation of funds by OMB that has already occurred, indicating that the decision regarding the budget has been made and the matter is settled.","The content consists of objective facts regarding the amount of money included and the specific categories of recipients, rather than expressing an internal opinion, recommendation, or subjective deliberation.",,,,,,0
529,I'm not a big FORK fan - I think it's overly prescriptive but this is what it does:,0,1,"The sentence expresses a personal preference and critique regarding a specific tool or approach ('FORK') before a final decision is made, indicating the context is pre-decisional.","The content clearly reflects the personal views and subjective opinions of the author ('I'm not a big fan', 'I think it's overly prescriptive') rather than established agency policy or objective facts, fitting the definition of internal deliberation.",,,,,,1
530,Requires FNS to conduct annual on-site inspections of local food stamp offices in every state and authorizes appropriations for this purpose.,0,0,"The sentence describes a statutory requirement or an established legal mandate for the agency to conduct inspections, which represents a settled matter of law rather than an issue where a final agency decision is still pending.","The content states an objective fact regarding the scope of authority and legal obligations derived from a law, rather than expressing a personal opinion, recommendation, or internal debate about how to proceed.",,,,,,0
531,(current FNS regulations require inspections but they can be desk audits which do not require annual visits.,0,0,"The sentence states existing regulatory requirements regarding inspections and desk audits, which describes established rules rather than a matter where a final agency decision is currently pending or being formed.","The content presents objective facts about current regulations and procedures rather than expressing an internal opinion, recommendation, or subjective view of the author.",,,,,,0
532,Authorizes a demonstration project in which FNS works with state caseworkers to develop caseworker training materials and guidebooks to help state provide clearer information about fs to TANF recipients.,0,1,"The sentence describes an authorization for a demonstration project, which implies the project is in a planning or implementation phase rather than a matter that has been officially settled or where a final decision on the project's existence has already been rendered in a way that excludes further discussion.","The sentence outlines the scope and purpose of a proposed initiative (developing training materials and guidebooks) to achieve a specific goal, reflecting the internal planning and policy formulation process rather than stating an established fact or final opinion.",,,,,,1
533,Authorizes a competitive grant program to be administered by USDA in consultation with HHS to develop local strategies for improving food stamp access and educating working families about their eligibility.,0,0,"The sentence describes the authorization of a grant program, which represents a legislative or regulatory action that has been established or finalized, rather than a matter where a final decision is still pending or being debated.","The content states an established fact regarding the scope and administration of a program (developing strategies and educating families) rather than expressing a personal opinion, recommendation, or internal deliberation about how to reach a decision.",,,,,,0
534,"These grants will go to food banks, schools, WIC clinics etc.",0,0,"The sentence describes the intended recipients of grants, which outlines a plan or allocation that has not yet been fully executed or finalized as an official agency action.","The sentence states specific factual details regarding the distribution of funds (food banks, schools, WIC clinics) rather than expressing an internal opinion, legal advice, or subjective recommendation about how the decision should be made.",,,,,,0
535,(Part of determining the cost is how many of these grants will authroized),0,1,"The sentence discusses a factor ('how many of these grants will be authorized') that is part of a calculation or determination process, implying that the final number of authorized grants has not yet been decided.","The sentence reflects an internal consideration regarding the scope of a program and the associated costs, representing a preliminary thought or analysis rather than a statement of established fact or final policy.",,,,,,1
536,Requires state TANF programs to provide clear info about ts eligibility  to people being diverted from TANF and people exiting TAIF.,0,0,"The sentence describes a requirement for state programs to provide information, which appears to be a statement of an established rule or statutory obligation rather than a discussion of a pending decision or a draft policy under consideration.","The content states a factual requirement or legal mandate regarding eligibility information, rather than expressing an internal opinion, recommendation, or subjective view of an author during the deliberative process.",,,,,,0
537,Authorizes a tax credit for businesses who are designated as information partners by USDA because they contribute substantial goods or services to help expand the toll-free hotline.,0,0,"The sentence describes a specific authorization or provision of a tax credit, which typically represents a final legislative or regulatory action rather than a pre-decisional discussion leading up to a choice.","The content states an established fact regarding the existence of a tax credit and its criteria, rather than expressing an internal opinion, recommendation, or subjective view of an author during the deliberative process.",,,,,,0
538,How does the FORK act work -- how does it provide outreach funds in a way that needs to be scored?,0,1,"The sentence asks for an explanation of how a specific act works and how to score its funding, which implies the agency is currently analyzing the legislation and has not yet made a final decision on how to implement or score it.","The sentence reflects an internal inquiry and the process of gathering information to form a recommendation or conclusion, representing the 'give-and-take' of the decision-making process rather than stating established policy or final facts.",,,,,,1
539,They don't ask for a specific amount - CBO and JCT are scoring it.,0,1,"The sentence indicates that a specific amount has not yet been determined because the Congressional Budget Office (CBO) and Joint Committee on Taxation (JCT) are currently in the process of scoring the proposal, meaning a final decision or figure has not been reached.","The sentence describes the status of an internal or inter-agency review process (scoring) rather than stating an established fact or final policy, reflecting the ongoing deliberative nature of the agency's work to determine the specific amount.",,,,,,1
540,There rough estimate is $20/ 5 years but Levin's staff admitted that she really doesn't know.,0,1,"The sentence discusses a rough estimate and an admission of uncertainty regarding a specific figure, which indicates that a final, accurate determination or decision has not yet been made on the matter.","The sentence reflects the internal state of knowledge and the tentative nature of the information available to the agency, representing the 'give-and-take' of gathering facts and forming a preliminary view rather than stating an established policy or final fact.",,,,,,1
541,Cynthia A. Rice,0,0,"The sentence is a proper name and does not concern an issue where a final decision has not yet been made, as it contains no substantive content regarding a pending matter or action.","The sentence does not express an opinion, recommendation, or internal deliberation; it is merely an identifier of a person and lacks any deliberative content.",,,,,,0
542,"I see Coyne, Levin et al don't ask for a specific amount for food starnp outreach.",0,1,"The sentence discusses the content of a proposal or request from specific individuals (Coyne, Levin et al.) regarding funding for food stamp outreach, which implies that a final decision on the amount or the request itself has not yet been made by the agency.","The sentence reflects an internal observation or assessment of a draft proposal or external request, representing the author's view on the state of the deliberative process rather than stating an established agency policy or final fact.",,,,,,1
543,At what level was the funding in the FORK act?,0,0,"The sentence is a question asking for specific factual information regarding funding levels in a specific act, rather than discussing an issue where a final agency decision is pending or being formulated.","The sentence seeks an objective fact or data point rather than expressing an opinion, recommendation, or internal deliberation about policy options.",,,,,,0
544,"Short Version Propose $500 million in FY 2001, with $500 million in out-years, for Welfare-to-Work competitive grants.",0,1,"The sentence proposes a specific funding amount for a future fiscal year, indicating that the decision regarding this budget allocation has not yet been made and the proposal is part of the pre-decisional process.","The sentence functions as a recommendation or a draft proposal for a specific policy action (allocating funds), reflecting the internal deliberative process of formulating a budget rather than stating an established fact or final agency opinion.",,,,,,1
545,"These grants could fund projects in three key areas impbrtant to sustaining ,the success of welfare reform: 1) to help the hardest to employ move from welfare to work and succeed in the work force;",0,1,"The sentence outlines potential funding areas for grants, which represents a proposal or consideration of future actions rather than a statement regarding a final decision that has already been made or officially settled.","The sentence expresses a recommendation or internal assessment of where funds should be directed to achieve specific goals, reflecting the deliberative process of formulating policy rather than stating established agency facts or final rules.",,,,,,1
546,"2) to help low income fathers work, pay child support and reconnect with their children;",0,1,"The sentence lists a specific objective or goal (helping low income fathers) which implies a future action or policy direction that has not yet been finalized or implemented, placing it in a pre-decisional context.","The sentence expresses a policy recommendation or a stated purpose for an action rather than an objective fact, reflecting the internal deliberative process of defining agency goals.",,,,,,1
547,"3) to increase job retention, skills upgrading and supports (including outreach on food stamps, Medicaid, child care, and EITC) for low-income working families, including those who have left welfare, through local one-stop employment centers",0,1,"The sentence outlines specific objectives and strategies for a program, which are considerations for future action rather than a statement regarding a final decision that has already been made or officially settled.","The content represents a proposal or recommendation for policy implementation (increasing job retention, skills upgrading, etc.) rather than an established agency fact or final rule, reflecting the internal deliberative process of formulating a plan.",,,,,,1
548,"Long Version Propose $500 million in FY 2001, with $500 million in out-years, for Welfare-to-Work competitive grants.",0,1,"The sentence proposes a specific funding amount for a future fiscal year, indicating that the decision regarding this budget allocation has not yet been made and the proposal is part of the pre-decisional process.","The sentence functions as a recommendation or a draft proposal for a specific policy action (allocating funds), reflecting the internal deliberative process of formulating a budget rather than stating an established fact or final agency opinion.",,,,,,1
549,These funds could address three key issues related to sustaining the success of welfare reform:,1,1,"The sentence discusses the potential application of funds to address specific issues, which implies a consideration of future actions or a proposal before a final decision on fund allocation has been made.","The sentence outlines a recommendation or a strategic approach to solving problems, reflecting the internal deliberative process of how to utilize resources rather than stating an established fact or final policy.",,,,,,1
550,1) $250 million for innovative local projects in communities that need the most help to move the hardest to employ from welfare to wolk and succeeding in the workforce.,0,1,"The sentence outlines a specific funding proposal for projects aimed at helping individuals transition from welfare to the workforce, which represents a matter where a final decision on the allocation or approval of these funds has not yet been made.","The content expresses a recommendation or a proposed course of action regarding how funds should be distributed, reflecting the internal deliberative process of formulating policy rather than stating an established fact or final agency opinion.",,,,,,1
551,"This would honor the original intent of the Welfare-to-Work program, by focusing on the hardest to employ and getting the funds directly to locals.",1,1,"The sentence discusses a proposed approach to implementing or interpreting a program, which implies that the specific method or final decision on how to proceed has not yet been officially adopted or settled.","The sentence expresses a specific policy recommendation and rationale (honoring original intent, focusing on the hardest to employ) rather than stating an established fact or final agency opinion, reflecting the internal deliberative process of weighing options.",,,,,,1
552,"Within this amount, forrimla grants for tribes could be continued at current level of $15 Mor increased to $30 Mas proposed in FY 2000..",0,1,"The sentence discusses potential funding levels for grants, presenting options to continue at a current level or increase to a proposed amount, which indicates that a final decision on the funding amount has not yet been made.","The sentence reflects an internal recommendation or proposal regarding budget allocation rather than stating an established agency policy or objective fact, representing the deliberative process of determining future funding.",,,,,,1
553,"2) $150 million for responsible fatherhood initiatives that help low income fathers work, pay  child support, and reconnect with their children.",0,0,"The sentence lists a specific funding amount and program description, which typically represents a finalized budget request, appropriation, or established policy rather than a matter where a final decision is still pending.","The content states objective facts regarding the allocation of funds and the purpose of the initiative, rather than expressing an internal opinion, recommendation, or subjective deliberation about how to proceed.",,,,,,0
554,This is consistent with the President's strong emphasis on fathers in our FY 2000 WtW reauthorization and positions to engage with the Hill as we expect Fatherhood bills to gain momentum next year.,0,1,"The sentence discusses future legislative momentum and upcoming engagement strategies for the next year, indicating that the specific actions and outcomes regarding Fatherhood bills have not yet been finalized or officially settled.","The sentence expresses an internal assessment of the President's emphasis and the agency's expected positioning, reflecting a strategic opinion and recommendation on how to proceed rather than stating an established, final agency policy or objective fact.",,,,,,1
555,"3) $100 million to increase job retention, skills upgrading and supports (including outreach  on food stamps, Medicaid, child care, and EITC) for low income working families, including those who have left welfare through local one-stop centers.",0,1,"The sentence outlines a specific funding proposal and programmatic details, which represents a matter where a final decision on the allocation or implementation of these funds has not yet been made.","The content expresses a recommendation or a proposed course of action regarding how resources should be distributed, reflecting the internal deliberative process of formulating policy rather than stating an established fact or final agency opinion.",,,,,,1
556,This would build on the Workforce Investment Act and help address the issues of the non-welfare working poor.,0,1,"The sentence discusses a proposal to build on existing legislation to address specific issues, indicating that the agency is still considering this approach and a final decision or official settlement on this specific strategy has not yet been made.","The sentence expresses an internal assessment and recommendation regarding the utility of a policy approach, reflecting the author's opinion on how to solve a problem rather than stating an established fact or final agency rule.",,,,,,1
557,We are  also exploring ways to increase access to employment  services for  individuals  with  disabilities through this proposal.,1,1,"The sentence discusses a proposal to increase access to employment services, indicating that the agency is currently considering options and has not yet made a final decision or adopted an official policy on the matter.","The sentence expresses an internal assessment and recommendation regarding a specific course of action (exploring ways to increase access), reflecting the deliberative process of formulating policy rather than stating an established fact or final rule.",,,,,,1
558,"OMB staff is currently proposing a total of$750 million for FY '01, all dedicated to the third category, but are also receptive to competitive grants in the other two areas:",1,1,"The sentence describes a current proposal and indicates that the agency is still 'receptive' to other funding mechanisms, which implies that the final decision on the funding structure has not yet been made or officially settled.","The sentence reflects an internal recommendation and a tentative position regarding budget allocation, representing the 'give-and-take' of the decision-making process rather than stating an established final policy or objective fact.",,,,,,1
559,We're  waiting for them to finish Director's review today to find out where they're ending up.,1,1,"The sentence describes a situation where a final outcome ('where they're ending up') is currently unknown and depends on a pending review process, indicating that a final decision has not yet been made.","The sentence reflects the internal status of the decision-making process and the anticipation of a future determination, representing the 'give-and-take' or progression of deliberation rather than stating an established fact or final policy.",,,,,,1
560,"Based on info Amy provided on the marriage stats,  I'd  replace  the  2nd  graph  of  3d)  in  the 11/24 memo to BR/EL with the following.",1,1,"The sentence describes a proposed modification to a specific memo based on new information, indicating that the final version of the document and the decision to include the new graph have not yet been finalized or officially adopted.","The sentence expresses a specific recommendation and internal suggestion regarding how to alter a document, reflecting the author's personal view on the best course of action rather than stating an established agency policy or objective fact.",,,,,,1
561,I'm sending you a hard copy of the info from HHS (which is what they'd shared earlier but I'd misplaced).,0,0,"The sentence describes the transmission of factual information that was previously shared and misplaced, rather than discussing an issue where a final agency decision is pending or being formulated.","The content is purely factual and administrative, serving to correct a record of information sharing, and does not express any internal opinion, recommendation, or subjective deliberation regarding policy or decision-making.",,,,,,0
562,Something not proposed by the VP which we could add is funding- for National Center for Health Statistics to improve data on marriage and divorce.,1,1,"The sentence discusses a potential addition to a proposal that has not yet been finalized or adopted, indicating that the decision regarding this funding is still pending and the matter is pre-decisional.","The sentence expresses a specific recommendation and internal suggestion to add funding, reflecting the personal views of the author on how to proceed rather than stating an established agency policy or final fact.",,,,,,1
563,In the past several years they have stopped collecting detailed information from states due to budgetary pressures and concerns about the quality  of the data.,0,0,"The sentence describes actions that have already occurred over the past several years, indicating that the matter of stopping data collection is a historical fact rather than a pending issue where a final decision has not yet been made.","The sentence states objective facts regarding past agency behavior and the reasons for it (budgetary pressures and data quality concerns) rather than expressing a personal opinion, recommendation, or internal debate about a future course of action.",,,,,,0
564,"This has received a surprising amount of press attention, some have used this to criticize the Administration for being 'weak on marriage', and House W&M staff have expressed interest in restoring funding.",0,1,"The sentence describes current events, media reactions, and the expressed interest of staff regarding funding, which are factors being considered before a final decision on funding restoration is made, indicating a pre-decisional context.","The sentence summarizes external pressures and internal staff sentiments (interest in restoring funding) rather than stating an established fact or final policy, reflecting the internal give-and-take and considerations of the decision-making process.",,,,,,1
565,"We could either wait for them to do so, or pre-empt them with a modest funding proposal.",1,1,"The sentence presents two alternative courses of action regarding a future situation, indicating that no final decision has been made and the agency is still considering options.",The sentence expresses a recommendation or strategic consideration ('We could...') reflecting the internal deliberative process of weighing different approaches rather than stating an established fact or final policy.,,,,,,1
566,"HHS' very preliminary  estimates show  it would cost about $750,000 in the first year to assess states' ability to report these data, with annual costs of $7 - $10 million to implement a high quality reporting system.",0,1,"The sentence presents preliminary estimates regarding future costs for a proposed system, indicating that the final decision on implementation or budget has not yet been made.","The content reflects internal analysis, preliminary data, and cost projections used to inform a decision, rather than stating established agency policy or final facts.",,,,,,1
567,I assume you'll work on this?,0,1,"The sentence is a question regarding future action on a specific task, indicating that the work has not yet been completed or assigned, which places the matter in a pre-decisional context where the outcome is not yet determined.","The sentence reflects an internal communication and assumption about the workflow between colleagues, representing the informal give-and-take of the agency's operations rather than a statement of established fact or final policy.",,,,,,1
568,Let me know if you'd like us to do anything.,0,1,"The sentence indicates that a decision or action has not yet been determined, as the speaker is offering options for future steps rather than reporting on a finalized outcome.","The sentence reflects an internal communication regarding potential future actions and the willingness to engage in further discussion, which characterizes the informal give-and-take of the decision-making process rather than stating established policy or objective facts.",,,,,,1
569,As a quick cut I would reorganize this to be:,0,1,"The sentence discusses a proposed reorganization of a document, indicating that the final structure or content has not yet been decided upon and the action is still in a pre-decisional phase.","The phrase 'I would reorganize' expresses a specific recommendation and the personal view of the author regarding how a document should be structured, rather than stating an established fact or final policy.",,,,,,1
570,I am pleased that today the House.,1,0,"The sentence appears to be a fragment expressing a sentiment about a current event or a completed action in the House, rather than discussing an issue where a final agency decision is still pending or being formulated.","The content expresses a personal feeling or reaction ('I am pleased') rather than an internal recommendation, legal advice, or policy opinion intended to assist in reaching a future decision; it reflects a reaction to an event rather than the deliberative process itself.",,,,,,0
571,"Commerce committee voted [vote # if good] on a bipartisan basis for the Work Incentives Improvement Act, which would remove significant barriers to work for millions of people with disabilities by increasing their access to health care and employment services.",1,0,"The sentence describes a vote that has already occurred ('voted'), indicating that the matter has been officially settled and a final decision has been made, which excludes it from being predecisional.","The sentence states a factual record of a legislative action and the purpose of the resulting law rather than expressing an internal opinion, recommendation, or draft advice.",,,,,,0
572,"I strongly support this legislation and the Senate version championed by Senators Jeffords, Kennedy, Roth and Moynihan and which XX members of the Senate have co-sponsored.",1,1,"The sentence expresses a personal stance on legislation that is currently pending or under consideration, indicating that a final decision or vote has not yet been made by the relevant body.","The content clearly reflects the personal views and strong support of the author regarding a specific policy proposal, rather than stating an established agency fact or final rule.",,,,,,1
573,I call upon the leadership of the House and Senate to work together to pass this legislation by the Memorial  Day recess.,1,0,"The sentence is a public call to action urging legislative bodies to pass a bill by a specific date, which occurs after the agency's internal decision-making process regarding the legislation is complete and represents a final position rather than a pre-decisional draft.","The sentence expresses a firm public stance and a request for external action rather than an internal opinion, recommendation, or debate within the agency; it functions as a final communication or statement of policy intent rather than a deliberative record.",,,,,,0
574,No one should have to make a choice between earning an income and health care access.,1,0,The sentence expresses a normative statement or a principle of fairness rather than a discussion of a specific pending agency decision or a factual matter where a final conclusion has not yet been reached.,"The content represents a value judgment or a policy goal rather than an internal opinion, recommendation, or draft advice regarding a specific decision; it states a desired outcome or ethical standard rather than the deliberative process itself.",,,,,,0
575,"Obviously we may want to have more on what the bill does, etc.",1,1,"The sentence discusses a potential addition to a document regarding a bill, indicating that the content of the document is not yet finalized and the decision on what to include has not been made.","The phrase 'we may want to have more' expresses a recommendation and an internal consideration about the scope of a document, reflecting the deliberative process of drafting rather than stating a final fact or established policy.",,,,,,1
576,and maybe the plug for no heath weakening amendments too.,1,1,"The sentence discusses potential content to be included in a document, indicating that the final decision on what to include has not yet been made and the matter is still in a draft or pre-final stage.","The sentence expresses a recommendation or suggestion regarding the inclusion of specific arguments (no health weakening amendments), reflecting the internal deliberative process of shaping a document rather than stating an established fact or final policy.",,,,,,1
577,"â€¢ The Administration strongly supports S. 311/H.R. 1180, which would remove significant barriers to work for millions of people with disabilities by increasing their access to health care and employment services.",0,0,"The sentence states a position of support for specific legislation, which is a policy stance rather than a document created to assist in reaching a final decision on an unsettled matter; the support itself represents an established or declared policy position.","The content expresses a definitive policy position and public stance rather than an internal recommendation, draft opinion, or personal view subject to further debate within the agency.",,,,,,0
578,"In his January 19th State of the Union Address, the President expressed his ongoing commitment to empower people with disabilities and urged the Congress to pass the landmark Work Incentives Improvement Act.",0,0,"The sentence describes a past event (the President's State of the Union Address) and a legislative action that has already occurred (urging Congress to pass the Act), meaning it does not concern an issue where a final agency decision is currently pending or being formed.","The sentence states objective facts regarding historical events and public statements rather than expressing internal opinions, recommendations, or the 'give-and-take' of an agency's decision-making process.",,,,,,0
579,"The President's FY 2000 Budget fully funds the bill's health care options in Medicare and Medicaid as well as the ""Ticket to Work"" provisions for individuals with disabilities.",0,0,"The sentence states a fact regarding the content of an already released and finalized budget document (FY 2000), indicating that the decision to fund these options has been made and the matter is officially settled.","The sentence conveys established policy and objective facts about the budget rather than expressing an internal opinion, recommendation, or draft deliberation.",,,,,,0
580,"During the last year, White House staff worked intensely with the disability community and with Congress to develop a proposal that provides the services necessary to enable people with disabilities to work.",0,1,"The sentence describes past actions taken to develop a proposal, indicating that the specific proposal mentioned has not yet been finalized or officially adopted as agency policy, placing the context in the pre-decisional phase.","The sentence outlines the internal process of developing a policy proposal through collaboration, reflecting the deliberative 'give-and-take' of the decision-making process rather than stating an established fact or final opinion.",,,,,,1
581,"The ""ticket to work"" program helps address this need.",0,0,The sentence states a fact about the purpose of an existing program rather than discussing a matter where a final agency decision has not yet been made or a future action is being considered.,"The sentence conveys an objective fact or established description of a program's function rather than expressing a personal opinion, recommendation, or internal deliberation about how to reach a decision.",,,,,,0
582,But it is also essential to ensure access to health insurance coverage.,0,1,"The sentence discusses a general principle regarding health insurance coverage without indicating that a specific final decision has been made or that the matter is officially settled, suggesting the context involves ongoing policy considerations.","The sentence expresses a value judgment or policy recommendation that access to coverage is essential, reflecting the internal deliberative process and the author's views on what should be prioritized rather than stating an objective fact or established rule.",,,,,,1
583,"Senators Jeffords, Kennedy, Roth, and Moynihan have successfully developed a fully paid-for proposal that accomplishes these policy goals.",0,0,"The sentence describes a proposal that has already been developed by Senators, which is an external fact about the existence of a specific legislative idea rather than an internal agency document created to assist in reaching a final decision.","The sentence states an objective fact regarding the status of a proposal by external parties (that it is fully paid-for and developed) rather than expressing an internal opinion, recommendation, or subjective view of the agency author.",,,,,,0
584,The Administration thus opposes any agiendments that weaken the bill's indispensable health provisions: no one should have to make a choice between earning an income and health care access.,0,1,"The sentence states the Administration's current position on a legislative issue, which implies that a final decision or official settlement regarding the amendments has not yet been reached, placing the context in the pre-decisional phase.","The sentence expresses a specific policy stance and internal recommendation to oppose certain amendments, reflecting the agency's deliberative process and advocacy position rather than stating an objective fact or a final, settled rule.",,,,,,1
585,Most of the offsets that were included in last year's  version of  JK  were dropped.,0,0,"The sentence describes actions that have already occurred (offsets being dropped from a previous version), indicating that the matter has been officially settled or finalized rather than being in a pre-decisional stage.","The sentence states a factual record of what was included and subsequently removed in a prior document, rather than expressing an internal opinion, recommendation, or subjective view on how to proceed.",,,,,,0
586,The exceptions  were the  prisoner  provision  and the  clergy open season.,0,0,"The sentence lists specific exceptions to a rule or provision, which implies that the decision regarding these exceptions has already been made or the matter is officially settled, rather than being a pre-decisional draft.","The sentence states established facts or final determinations regarding what was excluded (the prisoner provision and clergy open season) rather than expressing an internal opinion, recommendation, or ongoing deliberation.",,,,,,0
587,When JKRM -introduced the bill this session they included a series of tax provisions (including user  fees and tax  credits)  to  pay for  the bill.,0,0,"The sentence describes a past event where a bill was introduced and specific provisions were included, which is a statement of historical fact rather than a discussion of a future decision or an issue where a final agency determination has not yet been made.","The content states objective facts about the legislative history and the inclusion of tax provisions, rather than expressing an internal opinion, recommendation, or subjective assessment regarding agency policy.",,,,,,0
588,"I was wondering about the provisions that save money, whether those offsets were essentially being used in both bills (Jeffords-Kennedy and foster care).",0,1,"The sentence inquires about specific provisions and their application in two different bills, indicating that the analysis of these legal and financial details is part of an ongoing process where a final conclusion or decision has not yet been reached.","The sentence reflects an internal question or consideration regarding the substance of proposed legislation, representing the 'give-and-take' of the decision-making process rather than stating an established fact or final agency policy.",,,,,,1
589,"Yes, the ""treatment  of prisoners""  language is included in S. 331  and H.R. 631;  ( I need to  check if the provisions are identical, but in concept, they are the same.",0,1,"The sentence discusses the status of legislative provisions in specific bills and indicates a need to verify if they are identical, which implies that the final determination of their equivalence has not yet been made and the matter is still in progress.","The sentence expresses a preliminary legal assessment and a tentative conclusion ('in concept, they are the same') rather than a final, settled fact or established agency policy, reflecting the internal deliberative process of analyzing legislation.",,,,,,1
590,"Also, many of the-other H.R. 631 offsets are assumed in the FY 2000 Budget.)",0,0,"The sentence references assumptions made in a specific budget document (FY 2000 Budget), which implies that the budgetary decisions and calculations were finalized and officially adopted at that time, rather than being part of a pending decision-making process.","The sentence states a factual assertion regarding the content of an official budget document (that offsets are assumed) rather than expressing a personal opinion, recommendation, or internal debate about policy.",,,,,,0
591,"On Friday 3/26, ED staff (Curtis Richards and others) met with W&M staff for about an hour to discuss the Bunning-Kennelly bill & this year's Kennedy-Jeffords bill.",0,0,"The sentence describes a past meeting that occurred to discuss specific legislation, which is a factual record of an event rather than a document created specifically to assist a decision-maker in reaching a future conclusion, as the discussion itself is the record of the interaction.","The sentence states objective facts regarding the time, participants, and subject matter of a meeting; it does not express an opinion, recommendation, or internal deliberation regarding policy or legal advice.",,,,,,0
592,I apologize for the delay in sending this summary out.,0,0,The sentence is an apology regarding the timing of sending a document and does not concern an issue where a final decision has not yet been made; it is a communication about administrative logistics rather than a pre-decisional matter.,"The sentence expresses a personal sentiment of regret but does not reflect the internal give-and-take of the decision-making process, nor does it contain recommendations, legal advice, or policy opinions; it is purely administrative correspondence.",,,,,,0
593,"One of the main purposes of this meeting was to brief W&M staff on how the State VR programs work (e.g., the fact that priority is given to serving individuals with the most significant disabilities).",0,0,"The sentence describes the purpose of a meeting that has already occurred to explain existing programs and priorities, indicating that the matter of how the programs work is established and not a pending issue requiring a new decision.","The sentence states objective facts about the program's operations and priority rules rather than expressing an internal opinion, recommendation, or debate; it explains the rationale behind an established policy rather than participating in the deliberative process to create it.",,,,,,0
594,Below is a brief summary of the other important items that were discussed.,0,0,"The sentence describes a summary of items that were already discussed, which implies the discussion has occurred, but it does not explicitly state whether a final decision has been made or if the matter is officially settled; however, summaries of past discussions often precede final conclusions.","The sentence is a neutral statement of fact regarding the existence of a summary and does not express an opinion, recommendation, legal advice, or internal deliberation; it merely describes the content of the document rather than participating in the decision-making process itself.",,,,,,0
595,"Agreement with State Rehab Agency: W&M staff asked ED about the purpose of sec. 1148(c)(3){D) in the Senate bill, which states that no payment can be made to an employment network who either makes referrals to a State agency in violation of their agreement  with the agency, or has not entered into an agreement.",0,1,"The sentence describes a specific inquiry made by staff regarding the purpose of a legislative provision, which is an ongoing matter of interpretation and clarification rather than a final decision that has already been made or officially settled.","The content reflects the internal process of seeking legal or policy clarification to understand a statute, representing the 'give-and-take' of the decision-making process rather than stating an established agency fact or final opinion.",,,,,,1
596,"ED staff noted that this language is intended to prevent employment networks from ""double dipping""  by referring an individual to  a State  VR agency for specific services, and then being reimbursed for the services provided,by the State VR agency.",0,1,"The sentence describes the intent behind specific language in a document, which implies that the final decision or the finalized text containing this language has not yet been officially adopted or released, placing the context in the pre-decisional phase.","The sentence reflects an internal explanation and interpretation of policy goals (preventing 'double dipping') rather than stating an established, final agency fact or rule, representing the deliberative process of justifying the proposed language.",,,,,,1
597,W&M staff was concerned that the bill language would essentially  reassign the  ticket  to the VR agency.,0,1,"The sentence discusses concerns regarding a specific bill language before any final agency action or official settlement has occurred, indicating the matter is still in a pre-decisional phase.","The sentence expresses the internal concerns and subjective views of staff members regarding the potential impact of the legislation, reflecting the 'give-and-take' of the decision-making process rather than stating an established fact or final policy.",,,,,,1
598,"ED said the language just requires the provider to reimburse the Rehab agency, not give up the ticket, but said that it would look into this issue.",0,1,"The sentence indicates that the issue has not been officially settled or finalized, as the speaker stated they would 'look into this issue,' implying a future decision or determination is pending.","The sentence conveys a specific legal interpretation and a recommendation to investigate further, reflecting the internal deliberative process and the personal views of the speaker rather than stating an established agency policy or final fact.",,,,,,1
599,"Mode of Election for Reimbursement: W&M staff asked about Sec. 1148 (c)(1) in the Senate bill, which gives only State agencies the option of  operating  under  the  old or the  new  payment  system, on a case by case basis.",0,1,"The sentence discusses a specific provision in a Senate bill and a question raised by staff regarding how it applies, indicating that the agency has not yet made a final decision or adopted a policy on this matter.","The sentence reflects an internal analysis and consideration of a legal provision and staff inquiries, representing the 'give-and-take' of the decision-making process rather than stating an established agency fact or final opinion.",,,,,,1
600,"ED justified this language by  saying that, under  this  bill, the m.ost  difficult and risky cases (e.g., the most severely disabled) will most  likely  wind  up  in  the  State  agencies rather then private providers, and that the reimbursements for  these  individuals  would  usually  be lower under the new payment system.",0,1,"The sentence discusses the justification for language in a bill and the anticipated outcomes of a new payment system, which represents a matter where the final implementation or official settlement of the policy has not yet occurred.","The sentence expresses an internal analysis, prediction, and rationale regarding how the law will affect specific cases and reimbursements, reflecting the agency's deliberative process and reasoning rather than stating an established, final fact.",,,,,,1
601,W&M staff said that  they  were  concerned  that  private providers do not have the same option in the Senate bill.,0,1,"The sentence reports on concerns expressed by staff regarding a specific legislative proposal (the Senate bill), which indicates that the matter is still under consideration and a final decision or official stance has not yet been reached.","The sentence conveys the internal concerns and subjective opinions of the staff members rather than stating objective facts or established agency policy, reflecting the internal give-and-take of the decision-making process.",,,,,,1
602,Big Picture -- Competition: W&M staff asked ED if both they and the State rehab agencies are generally concerned that this legislation would increase competition between State rehab agencies and private providers.,1,1,"The sentence describes a query regarding the potential impact of legislation on competition, which is a matter currently under consideration and where a final decision or conclusion has not yet been reached.","The sentence reflects the internal process of gathering information and assessing concerns from staff and agencies to inform a future decision, representing the 'give-and-take' of the deliberative process rather than stating a final agency policy or fact.",,,,,,1
603,"ED noted that they support the  Kennedy-Jeffords legislation in its  current form (though they have concerns  with, for instance, the P&A language),  and that competition isn't a major issue with the Department because there are more than enough people for both the State rehab agencies and private providers to serve.",1,1,"The sentence discusses the Department's stance on legislation and market competition, which represents an ongoing evaluation of a policy matter where a final decision or official settlement has not yet been reached.","The sentence expresses the internal views, support, and specific concerns of the Department regarding the legislation and the competitive landscape, reflecting the personal opinions and deliberations of the author rather than stating an established, final agency policy.",,,,,,1
604,"P&A: ED brought up it's concern that the Senate bill only provides a generic reference to providing information on obtaining employment and advocacy, rather than the more specific P&A language included in last year's draft H.R.  3433.",1,1,"The sentence describes a discussion regarding a specific legislative proposal (the Senate bill) and compares it to a previous draft, indicating that the agency is currently evaluating options and has not yet made a final decision on which language to adopt.","The sentence records a specific concern raised by an individual (ED) during an internal discussion, reflecting the 'give-and-take' of the decision-making process and the weighing of different policy options rather than stating a final agency opinion or established fact.",,,,,,1
605,W&M said that they'd take ED's  concern under advisement.,1,1,"The sentence indicates that a decision or response has not yet been made, as the entity is merely considering a concern 'under advisement' rather than issuing a final ruling or settled conclusion.","The phrase 'take under advisement' signifies an internal process of reviewing and deliberating on a matter before reaching a final conclusion, reflecting the give-and-take of the decision-making process rather than stating an established fact or final policy.",,,,,,1
606,I agree with Jonathan's comment.,1,1,"The sentence indicates a response to a comment within an ongoing discussion, implying that the matter being discussed has not yet reached a final decision or official settlement.","The sentence expresses a personal agreement with another individual's view, reflecting the internal 'give-and-take' of the decision-making process rather than stating an established agency policy or objective fact.",,,,,,1
607,"I also would suggest that the first paragraph be made longer, Jeanne what do you think and what  would  you add?",1,1,"The sentence discusses modifying a document (making a paragraph longer) and solicits input before a final version is approved, indicating that the decision regarding the document's content has not yet been made.","The sentence explicitly expresses a suggestion for change and seeks internal feedback ('what do you think'), which reflects the internal give-and-take of the decision-making process rather than stating a final fact or established policy.",,,,,,1
608,"so that  the balance  is  right,  e.g.,  there's 99% we absolutely love and 1% we'd amend slightly.",1,1,"The sentence discusses a proposed adjustment to a document or policy where the final version has not yet been completed, indicating that the decision on the exact wording or content is still pending.","The sentence expresses a subjective opinion and a recommendation regarding how to modify a document to achieve a specific balance, reflecting the internal deliberative process rather than stating an established fact or final agency policy.",,,,,,1
609,I would also amend the second graph as follows:,1,1,"The sentence indicates a proposed change to a document (amending a graph), which implies that the final version of the document has not yet been completed or officially released, placing the context in a pre-decisional stage.","The sentence expresses a specific recommendation or suggestion regarding how to modify a document, reflecting the author's internal deliberation and judgment on the content rather than stating an established fact or final agency policy.",,,,,,1
610,"The Administration, AQW urges the Senate to amend the bill to authorize the Work Incentives Assistance Grants proposal included in the President's FY 2000 Budget.",0,1,"The sentence urges the Senate to amend a bill regarding a specific budget proposal, which indicates that the legislative action and the agency's stance on the matter are still pending and have not been officially settled or finalized.","The sentence expresses a specific recommendation and policy position (urging amendment to authorize grants) rather than stating an objective fact or established policy, reflecting the internal deliberative process of advocating for a specific outcome.",,,,,,1
611,"This proposal would authorize grants, for benefits planning and assistaa e counseling to facilitate access to information about work incentives and for state and local partnerships to better imegrate coordinate services for people with disabilities who work or are returning to work.",0,1,"The sentence describes a specific proposal for authorizing grants and services, which indicates that the matter is currently in the proposal stage and a final decision to adopt or reject this specific authorization has not yet been made.","The sentence outlines the content of a recommendation or a draft policy initiative rather than stating an established fact or final agency opinion, reflecting the internal deliberative process of formulating a new program.",,,,,,1
612,Looks good.,1,1,"The phrase 'Looks good' implies that the document or proposal is being reviewed before a final decision is made, indicating a pre-decisional context where the content is still under consideration.","The phrase represents a subjective assessment or internal opinion regarding the quality or readiness of a draft, reflecting the personal views of the reviewer rather than an established agency fact or final policy.",,,,,,1
613,"I suggest you drop the ""however"" in the second paragraph.",1,1,"The sentence proposes a specific change to a document that has not yet been finalized, indicating that the decision regarding the text is still pending and the matter is pre-decisional.","The sentence expresses a specific recommendation and internal editing opinion from the author regarding how a document should be written, reflecting the personal views of the author rather than established agency policy.",,,,,,1
614,"It has the unintended effect of diminishing our support in the first paragraph (e.g., ""I like you but ... "").",1,1,"The sentence discusses the potential negative impact of a specific phrasing on the document's effectiveness, which is a consideration made during the drafting or editing phase before the final version is released, indicating the matter is pre-decisional.","The sentence expresses an internal evaluation and recommendation to avoid a specific phrase to maintain support, reflecting the subjective judgment and deliberative process of the author rather than stating an objective fact or final agency policy.",,,,,,1
615,"It would read fine simply: ""The Administration urges.:.""",1,1,The sentence discusses a proposed text for a statement ('The Administration urges') which implies the content is being drafted or considered before a final official release or decision is made.,"The sentence reflects an internal suggestion or recommendation regarding how a message should be phrased, representing the 'give-and-take' of the drafting process rather than a final, established agency opinion or fact.",,,,,,1
616,"Work Incentives Improvement Act Meeting: Administration and Disability Advocates April 7, 1999",0,0,"The sentence is a title or header for a meeting that took place in the past, indicating that the event has already occurred rather than describing a current issue where a final decision is pending.","The sentence provides factual information about the name, participants, and date of a meeting; it does not express an opinion, recommendation, or internal deliberation regarding a specific policy choice.",,,,,,0
617,Agenda,0,0,"The word 'Agenda' is a generic heading that does not inherently indicate whether a final decision has been made or is pending, as agendas can be created for both settled matters and ongoing discussions.","The word 'Agenda' is a neutral label used to list items for discussion and does not express an opinion, recommendation, or internal deliberation; it lacks the substantive content required to reflect the give-and-take of the decision-making process.",,,,,,0
618,I. Welcome/Introductions: Jonathan Young (OPL) Attendees expected to include:,0,0,"The sentence lists expected attendees for a meeting or event, which is a logistical detail regarding the conduct of a proceeding rather than a document created to assist in reaching a specific substantive decision on a policy issue.","The content consists of factual information about who is expected to attend and serves as a header for an agenda; it does not express an opinion, recommendation, legal advice, or internal debate about agency policy.",,,,,,0
619,"A. Disability Advocates: Marty Ford{The Arc), Tony Young (UCPA), David Fields (UCPA), Andrew Sperling (NAMI), Suellen Galbraith (ANCOR), Mary Gennaro (NADDC), Sallie Rhodes (NAPAS)",0,0,"The sentence lists names of disability advocates and does not discuss a specific issue where a final decision has not yet been made, nor does it imply a pending agency action regarding these individuals.","The content consists of factual data (a list of names and organizations) rather than an opinion, recommendation, or internal deliberation about policy or legal advice.",,,,,,0
620,"B. White House: Cynthia Rice (DPC), Jeanne Lambrew (NEC), Eric Gould (DPC), Lisa Brown (OVP), Jonathan Young (OPL)",0,0,"The sentence lists names and titles associated with the White House but does not describe a specific issue where a final decision is pending, nor does it indicate that the matter is pre-decisional in nature.","The content consists of factual information regarding personnel assignments and does not express any opinions, recommendations, or internal deliberations about policy or decision-making.",,,,,,0
621,"C. OMB: Barbara Chow, Joanne Cianci, Melinda Haskins, Larry Matlack, Jeff F rkas:",0,0,"The sentence lists names of individuals associated with the Office of Management and Budget (OMB) but does not describe a specific issue, proposal, or matter where a final decision is pending; it is merely an identification of personnel.","The sentence does not express an opinion, recommendation, legal advice, or internal deliberation; it is a factual listing of names and does not reflect the 'give-and-take' of the decision-making process.",,,,,,0
622,"D. DOL: Becky Ogle, Gary Reed, Bill McKinnon",0,0,"The sentence lists names associated with the Department of Labor but does not describe a specific issue where a final decision is pending, nor does it indicate that these individuals are currently deliberating on a matter; it appears to be a static list of contacts or signatories.","The content consists of proper nouns identifying individuals and does not express any opinion, recommendation, legal advice, or internal debate; it is purely factual information regarding personnel.",,,,,,0
623,"E. SSA: Susan Daniels, Judy Chesser, Jim O'Donnell",0,0,"The sentence lists names associated with the SSA but does not describe a specific issue or context where a final decision is pending; without surrounding text indicating a draft or pre-decisional context, it is neutral.","The sentence is a factual listing of names and does not express any opinion, recommendation, legal advice, or internal deliberation regarding policy or decision-making.",,,,,,0
624,F. HHS: Bob Williams,0,0,"The sentence is a simple notation of a name and an agency abbreviation, which does not inherently concern an issue where a final decision has not yet been made, as it lacks any context regarding a pending action or debate.","The sentence does not express an opinion, recommendation, or internal deliberation; it is merely an identifier or signature line and contains no substantive content reflecting the give-and-take of the decision-making process.",,,,,,0
625,"IL Work Incentives Planners/DOL Grants: Cynthia (DPC), Barbara (0MB), Becky (DOL), and Susan (SSA)",0,0,"The sentence lists specific individuals and their associated agencies or roles, which describes the current status of personnel involved in a matter rather than discussing an issue where a final decision has not yet been made.","The content consists of factual information regarding names and organizational affiliations, representing established facts about who is involved rather than expressing an opinion, recommendation, or internal deliberation.",,,,,,0
626,III. Overall Strategy: Jonathan (OPL) and Cynthia (DPC)         A. House Update         B. Senate Update         C. Future Meetings:,0,1,"The sentence outlines a structure for a document containing updates and future meeting plans, which implies that the content within these sections is being developed to inform future actions or decisions rather than reflecting a finalized conclusion.","The sentence serves as a header for a section detailing internal communications and strategic planning (House Update, Senate Update, Future Meetings), which represents the internal give-and-take and coordination necessary to formulate a policy or strategy, rather than stating established facts or final opinions.",,,,,,1
627,This is just 7 lines.,0,0,"The sentence is a brief comment on the length of a document and does not inherently concern an issue where a final decision has not yet been made, as it could be part of a final report or a settled matter.","The sentence states a simple fact regarding the number of lines in a document and does not express an opinion, recommendation, or internal deliberation about policy or legal advice.",,,,,,0
628,"If Marie and Laura each take one, 0MB takes two, Jeanne takes one, I'll join Cynthia in her office, patch in Connie, leaving one extra line.",0,1,"The sentence outlines a proposed allocation of resources and seating arrangements, which represents a plan or draft consideration that precedes a final decision or official action by the agency.","The content reflects the internal 'give-and-take' of the decision-making process, specifically detailing a recommendation or logistical plan regarding how to distribute lines and offices, rather than stating an established fact or final policy.",,,,,,1
629,Call is at 12:30 pm,0,0,"The sentence states a specific time for a scheduled event, which is a factual detail about an upcoming occurrence rather than a discussion regarding a final agency decision that has not yet been made.","The sentence conveys an objective fact (the time of a call) rather than an opinion, recommendation, or internal deliberation about policy or legal interpretation.",,,,,,0
630,"Cynthia, can you look this over before I circulate it?",0,1,"The sentence explicitly asks for a review before circulation, indicating that the document is in a draft stage and a final decision or official action has not yet been made.","The sentence reflects the internal give-and-take of the decision-making process by soliciting feedback and input from a colleague, which is a key characteristic of deliberative records.",,,,,,1
631,Thanks.,0,0,"The sentence 'Thanks' is a brief expression of gratitude and does not concern an issue where a final decision has not yet been made, as it contains no substantive content regarding agency actions or pending matters.","The sentence does not express an opinion, recommendation, or internal deliberation; it is a simple social courtesy and does not reflect the give-and-take of the decision-making process.",,,,,,0
632,"I Background: One of the original titles of the JK Legislation concerned setting up ""Work Incentives Planners,"" on a competitive state-by-state grant basis, to inform people on SSI and SSDI about their options for obtaining employment and taking advantage of the JK War Incentives.",0,0,"The sentence provides background information on the history and original titles of specific legislation, which describes past events and established facts rather than a matter where a final agency decision is currently pending or being formed.","The content consists of objective historical facts regarding the legislative process and the nature of the 'Work Incentives Planners' program, rather than expressing an internal opinion, recommendation, or subjective deliberation about how to proceed.",,,,,,0
633,"The Senate bill propsed to fund this program out of SSA 1 for $23 million a year max over five years, starting in year 2.",0,0,"The sentence describes the terms of a proposed Senate bill, which represents a legislative proposal that has not yet been enacted into law or resulted in a final agency decision, placing the context in a pre-decisional state regarding the funding.","The sentence states specific factual details about the content of the bill (amount, duration, start year) rather than expressing an internal opinion, recommendation, or subjective assessment of policy options; it reports on external legislative facts rather than internal deliberation.",,,,,,0
634,"During our budget process, we developed a proposal that combined the Planners with one of the Task Force recommendations for Systems Change in DOL, for a total of $50 million a year, beginning year one (roughly $23 million going to the Planners, the rest for Systems Change).",0,1,"The sentence describes a proposal developed during a budget process, which is inherently a pre-decisional activity as it outlines a plan before a final budgetary decision or appropriation has been made.","The sentence details a specific recommendation and internal planning strategy (combining programs and allocating funds) rather than stating an established fact or final agency policy, reflecting the internal deliberative process of formulating a budget.",,,,,,1
635,"We proposed this change to the Senate during, but the bill was passed out of Finance Committee without our recommended change, sticking by the $23 million in SSA.",0,0,"The sentence describes a past event where a bill was already passed by the Finance Committee without a specific recommendation, indicating that the legislative decision on this matter has already been made and is no longer pending.","The sentence recounts a factual history of a legislative outcome rather than expressing an internal opinion, recommendation, or ongoing deliberation about a future agency action.",,,,,,0
636,Reason for Meeting: Senate staff and disability groups are operating under the assumption that the bill language obligates/mandates SSA to fund the program.,0,0,"The sentence describes the context and assumptions held by external parties regarding a bill, which serves as background information for a meeting where a final decision on the interpretation or funding has not yet been made.","The sentence states a fact about the assumptions of others rather than expressing the internal personal views, recommendations, or legal advice of the agency author; it reports on the external environment rather than the internal deliberative process.",,,,,,0
637,They are separately exploring ways to appropriate funds for the Task Force Systems Change component.,1,1,"The sentence describes an ongoing process of 'exploring ways' to appropriate funds, which indicates that a final decision on funding has not yet been made and the matter is still in a pre-decisional stage.","The sentence reflects the internal deliberative process of the agency as it considers various options for funding a specific component, representing the give-and-take of policy formation rather than stating an established fact or final rule.",,,,,,1
638,"But, as we have discussed in recent meetings, the language would require SSA to fund the Planners out of its discretionary Administrative account, and SSA cannot therefore guarantee it will have the resources  to  operate the program.",1,1,"The sentence discusses a potential legal and financial constraint regarding the funding of a program, indicating that the agency has not yet made a final decision on how to proceed or if the program can operate as proposed, placing the matter in a pre-decisional context.","The sentence expresses an internal assessment and warning about resource limitations based on a specific interpretation of the law, reflecting the agency's deliberative process and internal reasoning rather than stating an established, final policy or objective fact.",,,,,,1
639,We want to inform the Congress and the advocates about our concern so that we do not run into greater problems down the road.,1,1,"The sentence discusses a proactive measure to address potential future issues ('greater problems down the road') before they escalate, indicating that the situation is not yet officially settled or that a final resolution has not been reached.","The sentence expresses the agency's internal concern and a strategic recommendation to communicate with external parties to mitigate risk, reflecting the subjective judgment and deliberative process of the authors rather than stating an established fact or final policy.",,,,,,1
640,Proposed Agenda for Meeting: 1) Introductions; 2) Review history and content of our DOL combined proposal; 3) Review concerns about current Senate language; 4) Q & A.,0,1,"The sentence outlines a plan for an upcoming meeting to review a proposal and discuss concerns, which clearly occurs before any final decision is made or a matter is officially settled, indicating it is pre-decisional.","The content represents the internal planning and coordination of the decision-making process, specifically the agenda for discussing and deliberating on policy options, rather than stating established facts or final agency policy.",,,,,,1
641,"Attendance at Meeting: 1) Administration Representatives from DPC/NEC, 0MB (health and income maintenance divisions), W.H. Legislative Affairs, SSA, DOL, OVP, OPL; 2) Leading disability community advocates (4-6).",0,0,"The sentence lists the attendees of a meeting, which is a factual record of who was present. While the meeting itself may have been pre-decisional, the sentence does not concern an issue where a final decision has not yet been made in the sense of expressing a pending outcome; it is a static record of an event.","The sentence states objective facts regarding the names and affiliations of the people present at the meeting. It does not express an opinion, recommendation, legal advice, or internal deliberation; it is purely informational.",,,,,,0
642,"Administration offices not  mentioned  above, but  wishing  to  attend, may do so.",0,0,"The sentence outlines a procedural rule regarding attendance eligibility for administration offices, which appears to be an established policy or factual statement about who is permitted to attend rather than a consideration of a future decision.","The content states a clear condition or fact about attendance rights without expressing an internal opinion, recommendation, or debate; it reflects established agency policy rather than the personal views of an author in the deliberative process.",,,,,,0
643,Just let me know.,0,0,"The sentence is a general request for communication that does not inherently concern a specific issue where a final decision has not yet been made, as it lacks context regarding a pending agency action or policy determination.","The sentence does not express an opinion, recommendation, or internal deliberation; it is a simple administrative instruction or request for information rather than a reflection of the internal give-and-take of the decision-making process.",,,,,,0
644,"From the response I've heard so far, this appears to be the best (and perhaps only) workable time.",0,1,"The sentence discusses a potential time frame that is being evaluated as 'workable' but has not yet been officially selected or finalized by the agency, indicating the matter is still in the pre-decisional phase.","The phrase 'appears to be the best' expresses a subjective assessment, recommendation, or internal opinion regarding the optimal course of action rather than stating an objective fact or established policy.",,,,,,1
645,"Please let me know if this does NOT work for representation from OMB (Health and Ed), DPC/NEC, SSA, DOL, and Leg. Affairs.",0,1,"The sentence is a request for feedback regarding the feasibility of representation from specific agencies, indicating that the final decision on how to proceed or which representation to use has not yet been made.","The sentence reflects an internal inquiry and consideration of options within the agency's decision-making process, representing the author's need to evaluate potential paths rather than stating a final policy or established fact.",,,,,,1
646,"In the meantime, interested parties please hold date/time for meeting with disability representatives.",0,1,"The sentence refers to a future meeting with disability representatives, indicating that the specific decision or outcome regarding the matter has not yet been finalized or officially settled.","The sentence expresses a recommendation or instruction to interested parties to prepare for a future interaction, reflecting an internal step in the process rather than stating an established fact or final agency policy.",,,,,,1
647,"There will probably be no perfect time, so I'd like to hold this one unless it poses a major problem.",0,1,"The sentence discusses a potential future action regarding holding an event or item, indicating that a final decision on whether to proceed has not yet been made.","The sentence expresses a personal preference and a tentative recommendation ('I'd like to hold') based on a subjective assessment of potential problems, rather than stating an established fact or final agency policy.",,,,,,1
648,Thanks.,0,0,"The sentence 'Thanks' is a brief expression of gratitude and does not concern an issue where a final decision has not yet been made, as it contains no substantive content regarding agency actions or pending matters.","The sentence does not express an opinion, recommendation, or internal deliberation; it is a simple social courtesy and does not reflect the give-and-take of the decision-making process.",,,,,,0
649,"[This message doesn't apply to all of you, but I thought it easier to send it to everyone, rather than risk leaving someone out.]",0,1,"The sentence describes the sender's reasoning for distributing a message to a broad audience to ensure no one is missed, which is a consideration made prior to the finalization of the communication strategy or the decision on how to distribute the information.","The sentence expresses the sender's personal judgment and internal deliberation regarding the most effective way to communicate, reflecting the 'give-and-take' of the decision-making process rather than stating an established agency policy or objective fact.",,,,,,1
650,RE: Setting up meeting with groups,0,0,"The subject line indicates a meeting is being arranged to discuss future actions or plans, implying that the specific decisions regarding those plans have not yet been made.","The phrase is a neutral administrative subject line used to identify the topic of correspondence; it does not express an opinion, recommendation, or internal debate, nor does it reflect the substantive give-and-take of the deliberative process.",,,,,,0
651,"We discussed meeting with the groups Tuesday or Wednesday, April 6-7.",0,0,"The sentence describes a discussion about scheduling a meeting for specific dates in the past or near future, which is an administrative arrangement rather than a document created to assist in reaching a substantive final decision on a policy or legal matter.","The content states a factual record of a conversation regarding logistics (dates and participants) rather than expressing an internal opinion, legal advice, or policy recommendation.",,,,,,0
652,"I'd like to suggest two windows of time: 11 :00 AM to 2:00 PM gn Tuesday, and 10:00 AM to 4:00 PM on Wednesday.",0,1,"The sentence proposes specific times for a meeting or action, indicating that the scheduling decision has not yet been finalized or officially adopted by the agency.","The content expresses a personal suggestion and recommendation regarding the timing of an event, reflecting the internal deliberative process of the author rather than stating an established agency policy or objective fact.",,,,,,1
653,"We need representatives from the following: OMB (including Barbara Chow and Dan Mendelson, if possible), SSA, DOL (that includes PTFEAD), Leg Affairs, and OPD.",0,1,"The sentence lists specific individuals and agencies to be contacted for a task, which implies that the final decision regarding the matter or the completion of the task has not yet occurred, placing it in a pre-decisional context.","The sentence reflects the internal planning and coordination required to move a matter forward, representing the 'give-and-take' of the agency's internal process rather than stating an established fact or final policy.",,,,,,1
654,We'd like to keep this meeting manageable by keeping numbers small.,0,1,"The sentence discusses a preference for the size of a meeting, which is a logistical consideration made before the meeting occurs and before any final decision on the meeting's format is officially adopted.","The sentence expresses a subjective preference or recommendation ('We'd like to keep') regarding how to conduct the meeting, reflecting the internal deliberative process of planning rather than stating an established agency policy or objective fact.",,,,,,1
655,"But if  you're not from one of  these offices and really  want to attend, let me know.",0,1,"The sentence addresses a situation where attendance is being considered or requested, implying that the final determination of who can attend or the official invitation has not yet been made, placing it in a pre-decisional context.","The sentence expresses a personal willingness to accommodate a request ('let me know') and reflects the informal, internal give-and-take of the decision-making process rather than stating an established agency policy or objective fact.",,,,,,1
656,I suggest the following approach to identify a time.,0,1,"The sentence proposes a method for identifying a time, which implies that the specific time has not yet been determined and a final decision on the matter is still pending.","The sentence explicitly uses the word 'suggest' to offer a specific approach, indicating an internal recommendation or opinion rather than a statement of established fact or final agency policy.",,,,,,1
657,"I've listed below nine hour-long blocks, with numbers.",0,0,"The sentence describes a list of time blocks and numbers, which is a factual description of data or a schedule rather than a discussion of an issue where a final agency decision is pending.","The sentence states objective facts about the content of a list (nine blocks, hour-long, numbered) and does not express any opinion, recommendation, legal advice, or internal debate regarding policy or decision-making.",,,,,,0
658,Just email me back with the numbers of the times that do NOT work for you (and your office).,0,0,"The sentence is a request for information regarding specific times that do not work, which is a factual inquiry rather than a discussion of an issue where a final agency decision has not yet been made.","The sentence does not express an opinion, recommendation, or internal deliberation; it is a logistical instruction to gather data, lacking the subjective 'give-and-take' characteristic of the deliberative process.",,,,,,0
659,I hope that there will be at least one hour that works.,0,1,"The sentence expresses a hope regarding a future scheduling arrangement, indicating that a final decision on the timing has not yet been made or finalized.","The sentence reflects the personal views and subjective preferences of the author rather than established agency policy or objective facts, representing an internal element of the decision-making process.",,,,,,1
660,"[Cynthia, please coordinate OPD/Leg Affairs representation]",0,1,"The sentence is an instruction to coordinate legal representation, which is an action taken during the process of handling a matter before a final decision or official settlement is reached, indicating a pre-decisional context.","The sentence reflects an internal administrative step and the coordination of legal advice within the agency's decision-making process, representing the internal 'give-and-take' rather than a final opinion or established policy.",,,,,,1
661,"[Joanne, please coordinate 0MB representation]",0,1,"The sentence is an instruction to coordinate representation, which implies that the matter requiring representation is currently active and has not yet been resolved or officially settled, placing it in a pre-decisional context.","The sentence reflects an internal administrative action and the author's specific recommendation or directive regarding how to handle a legal or procedural issue, representing the internal give-and-take of the agency's operations rather than a final, established policy.",,,,,,1
662,"[Marie, please coordinate SSA representation]",0,1,"The sentence is an instruction to coordinate representation, which implies that the matter requiring representation is currently active and has not yet reached a final conclusion or official settlement.","The sentence represents an internal directive and part of the agency's internal workflow to manage a legal or administrative issue, reflecting the operational deliberations necessary to reach a final outcome rather than stating an established policy or fact.",,,,,,1
663,"[Becky, please coordinate DOL representation]",0,1,"The sentence is an instruction to coordinate representation, which implies that the matter requiring representation is currently active and has not yet reached a final conclusion or official settlement.",The sentence reflects an internal administrative action and the 'give-and-take' of the agency's operational process rather than stating an established policy or objective fact.,,,,,,1
664,"#1: Tuesday, April 6, 11:00 AM - 12:00 PM",0,0,"The sentence provides a specific date and time for an event, which is a factual detail rather than a discussion of an issue where a final decision has not yet been made.","The content is purely informational and logistical, stating a scheduled time without expressing any opinion, recommendation, or internal deliberation regarding policy or decision-making.",,,,,,0
665,"#2: Tuesday, April 6, 12:00 PM - 1 :00 PM",0,0,"The sentence provides a specific date and time for an event, which is a factual detail rather than a discussion of an issue where a final decision has not yet been made.","The content is purely informational and logistical, stating a scheduled time without expressing any opinion, recommendation, or internal deliberation regarding policy or decision-making.",,,,,,0
666,"#3: Tuesday, April 6, 1:00 PM - 2:00 PM",0,0,"The sentence provides a specific date and time for an event, which is a factual detail rather than a discussion of an issue where a final decision has not yet been made.","The content is purely informational and logistical, stating a scheduled time without expressing any opinion, recommendation, or internal deliberation regarding policy or decision-making.",,,,,,0
667,"#4: Wednesday, April 7, 10:00 AM - 11:00 AM",0,0,"The sentence provides a specific date and time for an event, which is a factual detail rather than a discussion of an issue where a final decision has not yet been made.","The content is purely informational and logistical, stating a scheduled time without expressing any opinion, recommendation, or internal deliberation regarding policy or decision-making.",,,,,,0
668,"#5: Wednesday, April 7, 11:00 AM - 12:00 PM",0,0,"The sentence provides a specific date and time for an event, which is a factual detail about scheduling rather than a discussion of an issue where a final decision has not yet been made.","The content is purely factual information regarding a meeting schedule and does not express any opinion, recommendation, legal advice, or internal deliberation about policy or agency conduct.",,,,,,0
669,"#6: Wednesday, April 7, 12:00 PM - 1:00 PM",0,0,"The sentence provides a specific date and time for an event, which is a factual detail rather than a discussion of an issue where a final decision has not yet been made.","The content is purely informational and logistical, stating a scheduled time without expressing any opinion, recommendation, or internal deliberation regarding policy or decision-making.",,,,,,0
670,"#7: Wednesday,  April 7,  1 :00   PM - 2:00 PM",0,0,"The sentence provides a specific date and time for an event, which is a factual detail rather than a discussion of an issue where a final decision has not yet been made.","The sentence states a concrete schedule or fact and does not express an opinion, recommendation, or internal deliberation regarding policy or decision-making.",,,,,,0
671,"#8: Wednesday, April 7,  2:00 PM - 3:00 PM",0,0,"The sentence provides a specific date and time for an event, which is a factual detail rather than a discussion of an issue where a final decision has not yet been made.","The sentence states a concrete schedule or fact and does not express an opinion, recommendation, or internal deliberation regarding policy or decision-making.",,,,,,0
672,"#9: Wednesday, April 7, 3:00 PM - 4:00 PM",0,0,"The sentence provides a specific date and time for an event, which is a factual detail rather than a discussion of an issue where a final decision has not yet been made.","The sentence states a concrete fact regarding scheduling and does not express any opinion, recommendation, or internal deliberation about policy or agency conduct.",,,,,,0
673,"Once we get a time that works internally, I'll take care of notifying the groups and setting up room arrangements, clearance, etc.",0,1,"The sentence describes future actions contingent on an internal agreement on a time, indicating that the specific scheduling decision has not yet been finalized or made.","The sentence outlines the author's plan to handle logistical arrangements and notifications, reflecting the internal planning and coordination phase of a process rather than stating a final agency policy or objective fact.",,,,,,1
674,Feel free to give me a call if you have any questions.,0,0,The sentence is a general invitation for communication and does not pertain to a specific issue where a final agency decision is pending or being formulated.,"The sentence does not express an opinion, recommendation, or internal deliberation; it is a standard administrative courtesy and does not reflect the give-and-take of the decision-making process.",,,,,,0
675,Thanks everyone for your commitment to this bill.,0,0,The sentence expresses gratitude for past actions regarding a bill and does not indicate that a final decision is pending or that the matter is in a pre-decisional stage.,"The sentence is a statement of appreciation and does not reflect an internal opinion, recommendation, or deliberation about policy options; it is a factual acknowledgment of behavior rather than a subjective view on how to proceed.",,,,,,0
676,It would be a tremendous victory to get this signed by the President this year.,0,1,"The sentence expresses a hope or expectation regarding a future event (the President signing a document) that has not yet occurred, indicating that the final decision or action is still pending and the matter is pre-decisional.","The sentence reflects the author's personal opinion, enthusiasm, and subjective assessment of a potential outcome rather than stating an established fact or a formal agency policy, which characterizes it as deliberative.",,,,,,1
677,Keep up the good work.,0,0,The sentence is a general expression of appreciation and does not pertain to a specific issue where a final agency decision is pending or being formulated.,"The sentence does not express an opinion, recommendation, or internal deliberation regarding policy or legal matters; it is a standard administrative courtesy or feedback rather than a record of the decision-making process.",,,,,,0
678,"Today SSA met with W&M staff (led by  Kim Hildred 'and  Sandy  Wise), plus  a  cast  of  thousands from the Hill, to discuss changes made since the Bunning-Kennelly bill passed  the House last  year.",0,0,"The sentence describes a meeting that occurred after a specific legislative event (the passing of a bill) to discuss changes that have already been made, indicating that the primary decision-making phase regarding the bill's passage is complete and the context is post-decisional.","The sentence states a factual occurrence of a meeting and the participants involved, rather than expressing an internal opinion, recommendation, or subjective deliberation about a policy choice.",,,,,,0
679,We worked from a copy of the  8-K  bill that  was  marked  up  to  reflect  changes.,0,0,The sentence describes the source material used for drafting a document (a marked-up bill) but does not explicitly indicate that a final decision on the bill's content has been made or that the current document is part of an ongoing deliberative process leading to a specific agency action.,"The sentence states a factual description of the document's origin and the process of using a specific version of a bill, rather than expressing an opinion, recommendation, or internal debate about policy or legal interpretation.",,,,,,0
680,"Although  HCFA sent a representative, no one from ED or DOL was present.",0,0,"The sentence describes a factual occurrence regarding the attendance of representatives at a meeting, which is a record of an event that has already happened rather than a document created to assist in reaching a future decision.","The content states objective facts about who was present and who was absent, rather than expressing an opinion, recommendation, or internal debate about policy or legal interpretation.",,,,,,0
681,Here is a  summary  of  some  of  the issues discussed (Medicaid and offsets were not discussed):,0,0,"The sentence introduces a summary of issues that have already been discussed, indicating that the deliberation on these specific topics has occurred and the matter is moving toward a conclusion or is being documented as part of a finalized record.","The sentence itself is a factual statement describing the contents of a document rather than expressing a personal opinion, recommendation, or internal debate; it serves to inform the reader about what is included in the summary rather than contributing to the deliberative process.",,,,,,0
682,Scoring.,0,0,"The word 'Scoring' is a fragment that does not inherently indicate whether a final decision has been made or is pending, as it could refer to a completed analysis or a future step without context.","The fragment does not express an opinion, recommendation, or internal deliberation; it is merely a label or a noun describing a process or result, lacking the substantive content required to reflect the give-and-take of the decision-making process.",,,,,,0
683,"Kim and Sandy noted that while the 8-K bill produced savings over five years, the changes made to these provisions by the Senate now result in costs.",0,1,"The sentence discusses the financial implications of legislative changes (the 8-K bill and Senate modifications) which are factual observations about the status of a matter currently under consideration or analysis, indicating that a final decision or settlement regarding these costs has not yet been made.","The sentence presents an internal assessment and analysis of the economic impact of proposed or pending legislative changes, reflecting the agency's deliberative process of weighing costs and benefits rather than stating an established, final agency policy or objective fact.",,,,,,1
684,Work Incentive Grants.,0,0,The phrase 'Work Incentive Grants' is a noun phrase identifying a specific program or category of funding rather than discussing a specific issue where a final decision has not yet been made.,"The phrase does not express an opinion, recommendation, or internal deliberation; it is a factual label or title of a program rather than a record of the decision-making process.",,,,,,0
685,"W&M staff noted the specialists proposed in 8-K were no longer in the bill, and asked SSA to explain the new grants.",1,1,"The sentence describes a situation where a bill has changed (specialists proposed in 8-K are no longer in the bill) and a request for explanation is being made, indicating that the final legislative or administrative outcome regarding these grants has not yet been determined or settled.","The sentence records an internal observation and a specific request for clarification regarding the discrepancy between a previous proposal and the current bill, reflecting the internal give-and-take and inquiry process rather than stating an established fact or final policy.",,,,,,1
686,"I added that the budget did not include the JKRM grants, but rather included an alternative grant program based in DOL.",1,0,"The sentence describes a factual correction regarding the content of a budget document, indicating that a specific error was identified and fixed, which suggests the matter of the budget's accuracy has been addressed rather than being in a pre-decisional state of uncertainty.","The sentence states an objective fact about the composition of the budget (that it excluded specific grants and included an alternative) rather than expressing a subjective opinion, legal advice, or a recommendation for future action.",,,,,,0
687,Kim and Sandy requested to see any paper/legislative language the Administration developed on these grants.,1,0,"The sentence describes a request for information regarding documents that may have been developed in the past, but it does not explicitly indicate that a final decision on the grants is currently pending or that the document is being created to assist in a specific upcoming decision.","The sentence records a factual event (a request for documents) rather than expressing an internal opinion, recommendation, or subjective deliberation about policy or law.",,,,,,0
688,Prisoner Provision -- Privacy Act Exemption.,0,0,"The sentence identifies a specific legal classification or exemption status for a prisoner provision, which typically relates to established rules and regulations rather than a pending decision or a matter currently under active deliberation.","The sentence states a fact regarding the application of the Privacy Act rather than expressing an internal opinion, recommendation, or subjective view; it describes the nature of the record itself rather than the process of deciding how to handle it.",,,,,,0
689,Sandy noted that the prisoner provision language was changed and she asked for the rationale.,1,1,"The sentence describes an interaction where a rationale for a change is being sought, indicating that the decision regarding the provision or the justification for the change has not yet been finalized or fully explained, placing it in a pre-decisional context.","The sentence reflects the internal give-and-take of the decision-making process by documenting a request for reasoning and the exchange of views regarding a specific policy change, rather than stating an established fact or final opinion.",,,,,,1
690,We explained that  SSA  did not  need to  be exempt  from the entire Privacy Act in order to collect and  share  the  information  under  this  provision.,1,1,"The sentence discusses a legal interpretation regarding the applicability of the Privacy Act to SSA, which represents a matter where a final decision or official settlement on the scope of the exemption has not yet been made.","The sentence expresses a specific legal opinion and reasoning regarding why an exemption is not necessary, reflecting the internal deliberative process and the author's legal analysis rather than stating an established, final agency policy.",,,,,,1
691,The substitute language is meant to  only exempt  SSA  from the necessary  provisions.,1,1,"The sentence discusses the intent behind specific legal language ('substitute language') regarding an exemption, which implies the final decision on the text or the scope of the exemption has not yet been finalized or officially adopted.","The sentence expresses the author's interpretation and purpose of a proposed legal change, reflecting an internal opinion or recommendation about how the law should be applied rather than stating an established fact or final agency policy.",,,,,,1
692,We  also  noted that OMB-OGC and SSA-OGC continue to discuss this issue.,1,1,"The sentence describes an ongoing discussion between agencies regarding a specific issue, indicating that the matter is still being considered and no final decision or official settlement has been reached yet.","The sentence reflects the internal status of the deliberative process by noting that discussions are continuing, which is a key indicator of the 'give-and-take' phase of decision-making rather than a statement of established fact or final policy.",,,,,,1
693,"W&M seems to be  fine  with  the change as long as the data sharing can still occur, and requested that we share any future changes with them.",1,1,"The sentence describes the current status of negotiations and conditions set by an external party (W&M) regarding a potential change, indicating that the final decision on whether to proceed with the change under these conditions has not yet been made by the agency.","The sentence reflects an internal assessment of external constraints and a recommendation or consideration of how to proceed (sharing future changes), representing the 'give-and-take' of the decision-making process rather than a statement of established fact or final policy.",,,,,,1
694,Funding.,0,0,"The single word 'Funding' does not inherently indicate that a final decision has not been made, as it could be a factual reference to an existing budget, a settled appropriation, or a topic in a final report.","The word itself does not express an opinion, recommendation, or internal deliberation; it is a neutral noun or subject heading that states a topic rather than reflecting the personal views of an author or the give-and-take of a decision-making process.",,,,,,0
695,In several places the Senate changed authorization language to language that looks  more like appropriations language.,0,0,"The sentence describes a factual observation about changes made to legislation by the Senate, which is an established event or fact rather than a matter where a final agency decision is currently pending or being formulated.","The sentence states an objective fact regarding the content of a bill rather than expressing an internal opinion, recommendation, or subjective assessment of policy options.",,,,,,0
696,House staff hypothesized this  may  have  been  to  avoid  offsetting certain provisions.,0,1,"The sentence discusses a hypothesis regarding the motivation behind a specific action or provision, indicating that the reasoning or final determination of why this occurred has not yet been officially settled or finalized by the agency.","The content expresses a speculative opinion or internal theory ('hypothesized') about the intent of an action, rather than stating an established fact or final agency policy, which fits the definition of internal deliberation.",,,,,,1
697,"However, they  also  noted  that  the  funds  should  not  be  appropriated  through this bill, and would be supject to the discretionary caps.",0,1,"The sentence discusses a recommendation regarding how funds should be appropriated and the constraints they would face, indicating that the final legislative or administrative decision on the appropriation method has not yet been made.","The sentence expresses a specific legal or policy recommendation (that funds should not be appropriated through the bill) rather than stating an objective fact or established policy, reflecting the internal deliberative process of weighing options.",,,,,,1
698,Someone on House staff volunteered  to raise the issue with the appropriators.,0,0,"The sentence describes a past event where an individual volunteered to take action, which is a factual statement about an occurrence rather than a document created to assist in reaching a future decision.","The sentence states a fact about who performed an action (volunteering) rather than expressing an opinion, recommendation, or internal debate about policy or law.",,,,,,0
699,He felt it was unlikely the House would pass the language.,0,1,"The sentence discusses a prediction about a future legislative outcome (the House passing language), indicating that the final result has not yet been determined and the matter is still pending.","The sentence expresses a subjective assessment or opinion ('felt it was unlikely') regarding the likelihood of an event, rather than stating an objective fact or established policy, which characterizes it as part of the internal deliberative process.",,,,,,1
700,Reauthorization of the Ticket.,0,0,"The phrase 'Reauthorization of the Ticket' refers to a legislative or administrative action that is a subject of discussion or planning, implying that the final decision to reauthorize has not yet been made.","The phrase is a brief subject heading or topic identifier rather than a statement expressing an opinion, recommendation, or internal debate; it does not reflect the personal views of an author or the 'give-and-take' of the deliberative process.",,,,,,0
701,"W&M is unhappy with the reauthorization language {staff referred to it as a ""five year sunset provision with a grandfather clause"").",0,1,"The sentence describes a reaction to specific legislative language regarding reauthorization, which implies that the agency is currently evaluating the proposal and has not yet made a final decision on whether to adopt or reject the language.","The sentence conveys the internal assessment and reaction of the agency (or staff) to external feedback, representing the 'give-and-take' of the decision-making process rather than stating an established fact or final policy.",,,,,,1
702,"CBO noted that the change has little effect on 5 year numbers, but virtually all of the program's savings are lost over the 10 year period.",0,0,"The sentence cites a specific finding from the Congressional Budget Office (CBO) regarding the financial impact of a change over specific time periods, which represents an established fact or data point rather than a matter where a final agency decision is still pending.","The content conveys objective data and factual analysis from an external source (CBO) rather than expressing the internal personal views, recommendations, or subjective deliberations of the agency's decision-makers.",,,,,,0
703,CLARIFICATION POINTS Continuing Disability Reviews.,0,0,"The phrase 'CLARIFICATION POINTS Continuing Disability Reviews' serves as a heading or label for a section of a document and does not inherently indicate that a specific decision is pending or that the content is pre-decisional, as it could be part of a final explanatory document.","The text does not express an opinion, recommendation, or internal deliberation; it is a neutral title identifying a topic rather than reflecting the personal views of an author or the give-and-take of the decision-making process.",,,,,,0
704,There is some  confusion in  W&M  (as  in  SSA  and EXOP)  about  how the  two  provisions  that  eliminate   work  activity  as  a  trigger  for  a  disability  review  relate  to  each other.,1,1,"The sentence describes a current state of confusion regarding the interpretation of specific legal provisions within the agency, indicating that the correct application of these rules has not yet been finalized or officially settled.","The sentence reflects an internal assessment of the agency's understanding and the ongoing deliberative process required to resolve the ambiguity between two provisions, rather than stating an established fact or final policy.",,,,,,1
705,SSA volunteered to provide a written rationale for the changes it would like to make.,1,1,"The sentence describes an action taken by the SSA to propose changes, which implies that the specific changes have not yet been finalized or officially adopted by the agency, placing the context in a pre-decisional stage.","The sentence outlines the SSA's internal intent and proposed modifications, reflecting the agency's deliberative process of formulating a position rather than stating an established fact or final policy.",,,,,,1
706,Advisory Panel.,0,1,"The phrase 'Advisory Panel' identifies a group that typically provides recommendations before a final agency decision is made, implying the context involves pre-decisional deliberations.","The phrase itself is a proper noun or title identifying a body rather than expressing a specific opinion, recommendation, or internal debate; however, in the context of FOIA classification, references to advisory panels are often treated as indicators of the deliberative process because the panel's function is to generate predecisional advice.",,,,,,1
707,"W&M staff wanted to know if the Administration opposed the panel proposed in the Senate -- twice the size of the House panel and broader scope (SSA-based panel advises HHS, DOL, ED).",1,1,"The sentence describes a query regarding the Administration's stance on a proposed panel before that stance has been officially determined or communicated, indicating the matter is in a pre-decisional phase.","The sentence reflects the internal process of gathering information and formulating a response to a specific inquiry, representing the 'give-and-take' of the decision-making process rather than stating an established fact or final policy.",,,,,,1
708,"SSA and I stated that while we preferred to build off of an  existing  interagency  panel  focused on employment for individuals with disabilities, we would not oppose the Senate panel.",1,0,"The sentence describes a past statement made regarding a preference and a lack of opposition to a Senate panel, indicating that the agency's position on this specific issue has already been articulated and effectively settled at the time of the statement.","The content reflects a final position or established policy stance rather than an internal debate, draft recommendation, or personal opinion in the process of being formed; it justifies a decision that has already been made.",,,,,,0
709,State Agency Participation in the Ticket Program.,0,0,"The sentence is a title or subject heading regarding a program and does not inherently indicate that a final decision has not been made, as it could refer to an established, settled program or a final report on participation.","The sentence states a factual topic or subject matter rather than expressing an opinion, recommendation, or internal deliberation; it does not reflect the personal views of an author or the give-and-take of a decision-making process.",,,,,,0
710,The Senate version enables State VR agencies to select payment methods on a case by case basis and to develop contracts with other participating providers/managers.,0,1,"The sentence describes the provisions of a specific legislative version (the Senate version) regarding state agency powers, which represents a matter of law or policy that has not yet been officially adopted or settled by the agency, placing it in a pre-decisional context.","The sentence functions as an analysis or recommendation regarding the implications of a proposed law, reflecting the internal deliberative process of evaluating different legislative options rather than stating an established, final agency policy or objective fact.",,,,,,1
711,Kim Hildred wants to speak to someone from ED about these changes.,0,1,"The sentence describes a request for communication regarding proposed changes, which implies that the changes have not yet been finalized or officially adopted by the agency, placing the context in a pre-decisional phase.","The sentence records a specific request or preference from an individual (Kim Hildred) regarding how to proceed with the changes, reflecting an internal matter of communication and potential negotiation rather than an established fact or final policy.",,,,,,1
712,Medicare.,0,0,"The sentence is a single noun referring to a specific government program and does not inherently concern an issue where a final decision has not yet been made, as it lacks any context of pending action or future determination.","The sentence does not express an opinion, recommendation, or internal deliberation; it is a factual reference to an entity and contains no subjective content or debate.",,,,,,0
713,W&M staff asked several questions to get a better understanding of the provision.,0,1,"The sentence describes an action taken to gather information before a final decision is reached, indicating that the issue regarding the provision is still under consideration and no final conclusion has been made.","The sentence reflects the internal process of inquiry and information gathering necessary to inform a decision, representing the 'give-and-take' of the deliberative process rather than stating established policy or final facts.",,,,,,1
714,"Specifically, they asked about the 10 year window, whether  disability  reviews  would be  conducted after an individual stops receiving DI cash benefits (they read it as ""no""), and costs.",0,1,"The sentence describes questions raised by external parties regarding specific policy details (the 10-year window, disability reviews, and costs) that have not yet been officially answered or settled by the agency, indicating the matter is pre-decisional.","The sentence records the internal analysis and consideration of these specific inquiries, reflecting the agency's deliberative process of determining how to respond to the questions rather than stating established facts or final policy.",,,,,,1
715,Expedited Eligibility Provision.,0,0,"The phrase 'Expedited Eligibility Provision' appears to be a title, heading, or reference to a specific statutory or regulatory concept rather than a discussion of a pending issue where a final decision has not yet been made.","The phrase does not express an opinion, recommendation, or internal deliberation; it is a factual label or term of art describing a provision, lacking the subjective 'give-and-take' characteristic of the deliberative process.",,,,,,0
716,"This was not discussed in detail, though Kathy Ruffing (CBO) did note that she scored it as a small caster instead of a small saver.",1,0,"The sentence describes a past event where a specific issue was not discussed in detail, indicating that the matter has already been considered and a determination (scoring it as a small caster) has been made, rather than being in a pre-decisional phase awaiting a final conclusion.","The sentence states an established fact regarding what occurred in a previous meeting and the specific outcome of that discussion (the scoring decision), rather than expressing a personal opinion, recommendation, or ongoing internal debate.",,,,,,0
717,SSA will provide a  written rationale for this provision.,1,1,"The sentence describes a future action where the agency intends to provide a rationale, indicating that the specific justification or the final decision regarding the provision has not yet been fully articulated or finalized in this document.","The sentence outlines the intent to create a document containing legal or policy reasoning, which is inherently part of the internal deliberative process of justifying a decision rather than stating an established fact or final opinion.",,,,,,1
718,ADDITIONAL ISSUES,0,0,"The phrase 'ADDITIONAL ISSUES' is a generic heading that does not inherently indicate whether a final decision has been made or is pending, as it could appear in both pre-decisional drafts and final reports summarizing unresolved matters.","The phrase does not express a specific opinion, recommendation, or internal deliberation; it is merely a neutral label used to categorize information and lacks the substantive content required to reflect the give-and-take of the decision-making process.",,,,,,0
719,Milestone Payments.,0,0,The phrase 'Milestone Payments' is a noun phrase identifying a specific topic or category of financial transactions rather than discussing an issue where a final decision has not yet been made.,"The phrase does not express an opinion, recommendation, or internal deliberation; it is a factual label or heading describing a subject matter without reflecting the personal views of an author or the give-and-take of a decision-making process.",,,,,,0
720,SSA again requested that more specific language be adopted regarding milestones only being paid after an individual starts a job.,1,1,"The sentence describes a request for specific language adoption regarding payment milestones, which implies that the final wording and the associated policy decision have not yet been finalized or officially settled by the agency.","The sentence reflects an internal discussion or consideration of how to draft specific regulatory language in response to a request, representing the 'give-and-take' of the decision-making process rather than stating an established fact or final opinion.",,,,,,1
721,Kim and Sandy believe the language that enables the Commissioner to determine the timing and amount ofpayments is sufficient.,1,1,"The sentence expresses a belief regarding the sufficiency of legal language before a final determination or official action has been taken by the agency, indicating the matter is still in a pre-decisional phase.","The sentence explicitly states the personal views ('believe') of specific individuals (Kim and Sandy) regarding a legal interpretation, which constitutes internal deliberation and advice rather than an established agency policy or objective fact.",,,,,,1
722,Individual Work Plans.,0,0,The phrase 'Individual Work Plans' is a noun phrase identifying a type of document or category of work rather than describing a specific issue where a final decision has not yet been made.,"The phrase does not express an opinion, recommendation, or internal deliberation; it is a neutral title or heading that does not reflect the give-and-take of the decision-making process.",,,,,,0
723,Senate language provides detailed requirements of what the plans must include and takes away the Commissioner ability to waive  the plans in  certain cases.,0,0,"The sentence describes existing statutory language and its legal effects, which are established facts rather than a matter where a final agency decision is currently pending or being formulated.","The content states objective facts about the law and the Commissioner's authority, rather than expressing an internal opinion, recommendation, or subjective view of the author regarding how to proceed.",,,,,,0
724,W&M  and SSA both prefer the House language.,1,1,"The sentence indicates a preference held by two entities regarding specific language, which implies that a final decision on which language to adopt has not yet been made, placing the matter in a pre-decisional context.","The sentence expresses the internal preferences and recommendations of the entities involved rather than stating an established, final agency policy or objective fact, reflecting the deliberative nature of the discussion.",,,,,,1
725,Qualification for Employment Networks.,0,0,"The phrase 'Qualification for Employment Networks' appears to be a title, heading, or subject matter label rather than a statement concerning a specific issue where a final decision has not yet been made; it does not inherently indicate a pending decision-making process.","The text does not express an opinion, recommendation, or internal deliberation; it is a factual descriptor or topic name that does not reflect the personal views of an author or the give-and-take of a decision-making process.",,,,,,0
726,W&M staff are concerned that the flexibility built into the Senate language may allow McDonalds or other large employers to qualify for payments.,0,1,"The sentence discusses a potential interpretation of legislative language regarding future payments to large employers, indicating that the final determination of whether this flexibility will be applied or how it will be enforced has not yet been made.","The sentence expresses a specific concern and internal assessment by staff regarding the implications of the Senate language, reflecting a subjective opinion and part of the internal give-and-take of the decision-making process rather than an established fact or final policy.",,,,,,1
727,SSA does not believe the language would do this.,1,1,"The sentence expresses the agency's current stance on a specific legal or operational issue, implying that a final determination or conclusion regarding the effect of the language has not yet been reached or is still under consideration.","The sentence reflects the internal legal opinion or belief of the agency (SSA) regarding the interpretation of language, which constitutes a recommendation or advisory view rather than an established fact or final policy.",,,,,,1
