row,sentence,y_true,agent1_pred,agent1_step1,agent1_step2,agent2_assessment,agent2_issues,agent2_suggestion,agent3_pred,agent3_rationale,y_pred
0,"Issue Given opposition to the provision in the President's budget to intercept gambling winnings from parents who owe child support, should we: (1) Officially amend the proposal to make it a small scale demonstration, with voluntary participation on the part of gambling establishments, submitting a budget amendment with substitute pay-fors; or (2) Agree to not push the proposal.",0,1.0,"The sentence presents options for future action regarding a budget proposal, indicating that a final decision has not yet been made.",The sentence expresses internal recommendations and a choice between alternative courses of action rather than stating established facts or final agency policy.,,,,,,1.0
1,Background on the Proposal The responsible fatherhood initiative in the President's budget includes new measures to:     1) collect child support from parents who can afford to pay;,0,0.0,"The sentence describes existing measures included in the President's budget, which suggests the proposal has already been formulated and potentially approved, rather than discussing an issue where a final decision is still pending.","The sentence states factual details about specific measures (collecting child support) rather than expressing an internal opinion, recommendation, or personal view of an author.",,,,,,0.0
2,2) ensure that more child support goes directly to families; and,0,0.0,"The sentence describes a specific action or goal ('ensure that more child support goes directly to families') rather than discussing a pending decision, a draft policy, or an internal recommendation. It reads like a statement of objective or a list item from a finalized plan rather than a pre-decisional document.","The sentence states a factual goal or an operational requirement rather than expressing a personal opinion, legal advice, or an internal debate. It does not reflect the 'give-and-take' of the decision-making process.",,,,,,0.0
3,"3) provide funds to help more ""deadbroke"" fathers who owe child support go to work.",0,1.0,"The sentence proposes a specific action to provide funds to a particular group, indicating that the decision to implement this program has not yet been finalized.",The sentence expresses a recommendation or a proposal for policy action rather than stating an established fact or final agency opinion.,,,,,,1.0
4,"The package of child support collection initiatives includes intercepting gambling winnings from parents who owe support, which will collect about $350 million for families and raise nearly $190 million in federal revenues over five years.",0,0.0,"The sentence describes a finalized package of initiatives with specific projected outcomes, indicating that the decision to include these measures has already been made rather than discussing a pending issue.","The sentence states factual projections regarding revenue collection and program scope rather than expressing an internal opinion, recommendation, or personal view.",,,,,,0.0
5,Gaming establishments currently must report to the IRS certain gambling winnings,0,0.0,"The sentence states a current legal requirement for gaming establishments to report winnings to the IRS, indicating that the rule is already established and in effect rather than a matter pending a final decision.","The sentence states an objective fact regarding existing statutory or regulatory obligations rather than expressing a personal opinion, recommendation, or internal discussion.",,,,,,0.0
6,"under this proposal, they would also check to see if these individuals owe child support, and if so, retain winnings for the gamblers' children",0,1.0,"The sentence describes a specific mechanism ('check to see if... retain winnings') within a 'proposal', indicating that the final policy or rule has not yet been adopted or finalized.","The sentence outlines a recommended course of action or a procedural step to be taken under a proposed plan, rather than stating an established fact or final agency opinion.",,,,,,1.0
7,"1 Under current law, tribal and nontribal gambling establishments must complete and send to the IRS form W2G, reporting the name, social security number and amount of winnings for patrons with keno winnings above $1,500, bingo and slot machine winnings above $1,200, and winnings above $600 when the winnings are at least 300 times the amount of the wager.",0,0.0,"The sentence describes existing legal requirements and current laws regarding gambling reporting, indicating that the issue is already settled and not a matter where a final decision is yet to be made.","The sentence states objective facts about statutory obligations and specific dollar thresholds rather than expressing an opinion, recommendation, or internal deliberation.",,,,,,0.0
8,"2 For all gambling winners exceeding the thresholds listed above, the gambling establishment would transmit the individual's name, social security number and amount of winnings via computer to a secure internet site where it would be matched against information on parents who owe at least $500 in child support.",0,1.0,"The sentence describes a proposed mechanism for transmitting data and matching it against child support records, which implies a future action or policy implementation rather than a finalized decision that has already been executed.","The sentence outlines a specific operational procedure involving the transmission of sensitive personal data (names, SSNs) and the logic for matching records, which functions as a recommendation or draft policy description rather than a statement of established fact or final agency opinion.",,,,,,1.0
9,The match inquiry would report back: 1) there is no match and the individual does not owe past due child support;,0,0.0,"The sentence describes a potential future outcome of an inquiry ('would report back') regarding whether an individual owes child support, indicating that the final determination of the match and the debt status has not yet been made.","The sentence outlines the expected findings of a process (no match, no debt) rather than expressing a personal opinion, legal advice, or internal debate; it states the factual result the agency anticipates receiving.",,,,,,0.0
10,"2) the individual owes past due child support which exceeds the amount of the individual's winnings, therefore, the entire amount of winnings should be retained;",0,0.0,"The sentence discusses a specific calculation regarding past due child support versus winnings and concludes that the winnings should be retained. This language ('should be retained') indicates a final determination or an order has already been made regarding this specific issue, rather than a discussion on how to reach a decision.","The sentence states a factual comparison (support exceeds winnings) and a resulting directive. It does not express a personal opinion, a draft recommendation, or internal debate; it presents a settled conclusion or a final ruling.",,,,,,0.0
11,"or 3) the individual owes child support but the amount does not exceed the amount of winnings; therefore, only the amount of child support owed should be retained.",0,0.0,"The sentence discusses a specific calculation regarding child support and winnings, which implies a decision or determination is being made or explained, but the text itself appears to be a justification for a final outcome rather than a pre-decisional draft discussing options.","The sentence states a factual condition (amount owed vs. amount of winnings) and a consequent action (retain only the support amount), functioning as an explanation of a rule or a final determination rather than expressing a personal opinion or internal debate.",,,,,,0.0
12,Reaction to the Proposal Opposition to.,0,1.0,"The sentence fragment 'Reaction to the Proposal Opposition to.' suggests a discussion regarding feedback or responses to a proposal, which implies the proposal is still in a stage where reactions are being gathered or analyzed, indicating a final decision has likely not yet been made.","The content describes 'Reaction' and 'Opposition,' which are subjective assessments and internal evaluations of a proposal rather than objective facts or established policy.",,,,,,1.0
13,the child support gambling proposal has come from several sources.,0,0.0,"The sentence discusses the origin of a proposal, which implies the proposal is currently under consideration and a final decision has not yet been made.","The sentence states a factual observation regarding the sources of the proposal rather than expressing an internal opinion, recommendation, or legal advice.",,,,,,0.0
14,"Trtbal organizations have numerous concerns, including  that the proposal  was  made without consultation, violates their sovereignty by requiring them to enforce federal and state laws, and requires their gambling establishments to dedicate  staff time  and  other resources  to  collecting child support.",0,0.0,"The sentence lists specific concerns raised by Tribal organizations regarding a proposal, indicating that the agency is still in the process of evaluating these issues and a final decision has not yet been made.","The sentence expresses the opinions and objections of an external group (Tribal organizations) regarding the proposal rather than reflecting the internal give-and-take, personal views, or recommendations of the agency's decision-making process.",,,,,,0.0
15,"The National Indian Gaming Commission, the federal agency  with  oversight  of tribal gaming, opposes the proposal.",0,1.0,"The sentence states that an agency opposes a proposal, which implies the proposal is still under consideration and a final decision has not yet been made.",The sentence expresses the agency's position or recommendation regarding the proposal rather than stating an objective fact.,,,,,,1.0
16,"Democratic members of Congress, in particular Rep. Shelley Berkley (D-NV), have also called for us to abandon the proposal because of the burden it would  impose on the industry.",0,0.0,"The sentence discusses external pressure from Congress regarding a proposal, but it does not indicate whether a final internal decision has been made or not; it describes the current state of affairs and external reactions rather than the timing of an internal decision process.","The sentence states a fact about what Democratic members of Congress have called for, rather than expressing an internal opinion, recommendation, or personal view of the agency author.",,,,,,0.0
17,Child support legislation is likely to move through the Ways and Means Committee this Spring.,0,1.0,"The sentence discusses a future legislative event ('likely to move through... this Spring') indicating that the final outcome or timing has not yet been determined, suggesting the issue is pre-decisional regarding the legislative process.","The sentence expresses a prediction or assessment of probability ('likely') rather than stating an established fact, representing an internal opinion or expectation about the legislative timeline.",,,,,,1.0
18,Human Resources Subcommittee  staff are planning  a hearing in late March  and  a markÂ­ up in April.,0,0.0,"The sentence describes future scheduling of a hearing and a markup, indicating that the specific actions and decisions regarding these events have not yet occurred.","The sentence states factual plans and schedules regarding upcoming events rather than expressing an opinion, legal advice, or internal debate.",,,,,,0.0
19,"There is bipartisan consensus on the need to simplify the current child support  distribution rules, to ensure more child support goes directly to families, and the committee will need child support collection proposals to help offset the costs.",0,1.0,"The sentence discusses a 'bipartisan consensus' and states that a committee 'will need' proposals, indicating that the final rules and specific cost-offsetting proposals have not yet been finalized or decided upon.",The sentence expresses a collective opinion ('bipartisan consensus') and a recommendation for future action ('will need... proposals') rather than stating established facts or final agency policy.,,,,,,1.0
20,"Currently, the committee staff have the gambling proposal, as well our other child support budget proposals, on their proposed list, which is not yet public.",0,1.0,"The sentence states that the proposals are on a 'proposed list' which is 'not yet public,' indicating that the final decision to include or exclude these items has not been made and the process is ongoing.","The sentence describes the status of internal documents (proposals) within a committee staff context, reflecting the internal working phase rather than stating established facts or final agency policy.",,,,,,1.0
21,"However, Democratic staff think that because CBO has scored the gambling provision as raising only $36 miilion (compared to our nearly $190 millionscore), that  they will drop the gambling proposal if they receive protests.",0,1.0,"The sentence discusses a potential future reaction by Democratic staff ('they will drop the gambling proposal') based on current scoring data, indicating that a final decision regarding the proposal's fate has not yet been made.","The sentence expresses the internal opinion and prediction of Democratic staff ('Democratic staff think that...') regarding how they would react to specific circumstances, rather than stating an established fact or final agency policy.",,,,,,1.0
22,"Pay-for Options Â· If we submit a budget amendment officially changing our proposal in a way that lowers the savings, OMB believes we should propose substitute pay-fors.",1,1.0,"The sentence discusses a hypothetical scenario regarding a future budget amendment and a potential proposal to change the current plan, indicating that no final decision has been made yet.","The sentence expresses an internal belief or recommendation ('OMB believes we should') regarding how to proceed with a substitute proposal, rather than stating an established fact or final policy.",,,,,,1.0
23,Several child support options are currently being examined;,1,1.0,"The sentence states that options are 'currently being examined,' which indicates that no final decision has been made yet and the process is ongoing.","The sentence describes the status of an internal review process ('being examined') rather than stating a specific fact, established policy, or final conclusion.",,,,,,1.0
24,early estimates show they likely will raise only about $50 million of the cost.,1,1.0,"The sentence discusses 'early estimates' regarding future funding amounts, indicating that the final financial outcome or decision has not yet been made.",The sentence presents a projection or estimate ('likely will raise') rather than stating an established fact or final agency policy.,,,,,,1.0
25,"The remaining costs could be made up by proposing a pay-for that HHS vigorously protested during the development of the budget, which would moderately reduce the amount of performance-based child support funds made available to states at the same time we make other changes that are advantageous to states.",1,1.0,"The sentence discusses potential budget adjustments and funding mechanisms that are currently being considered or proposed, indicating that a final decision on these specific financial arrangements has not yet been made.","The sentence expresses a recommendation or a proposal to use a specific mechanism ('pay-for') to offset costs, reflecting internal deliberation on how to structure the budget rather than stating an established fact or final policy.",,,,,,1.0
26,"If they really want to go ahead with this meeting, I would think we should talk about the tribal and nontribal parts of this proposal at the same time, which would lead me to think Leg Affairs should be invited.",1,1.0,"The sentence discusses a potential future meeting and proposes inviting a specific office (Leg Affairs) to discuss parts of a proposal, indicating that the decision regarding the meeting and the proposal structure has not yet been finalized.","The sentence expresses the author's personal opinion ('I would think') and a recommendation on how to proceed with the proposal and who should be invited, rather than stating established facts or final agency policy.",,,,,,1.0
27,Should we suggest?,1,1.0,"The sentence 'Should we suggest?' indicates that a decision has not yet been made, as it is phrased as a question seeking input before a final conclusion is reached.","The sentence expresses an internal inquiry or consideration regarding a potential course of action, reflecting the deliberative process rather than stating an established fact or final policy.",,,,,,1.0
28,"John will have a deadbeat dads/indian gaming meeting on Thursday, March 9th at 11:00am.",0,0.0,"The sentence describes a scheduled meeting for a future date, indicating that the event and any associated discussions have not yet occurred, so a final decision regarding the matter has not been made.","The sentence states a factual schedule of an upcoming event rather than expressing an opinion, recommendation, or internal deliberation about policy or legal advice.",,,,,,0.0
29,The meeting will be in John's office.,0,0.0,"The sentence describes a scheduled event (a meeting) rather than a discussion regarding an issue where a final decision is pending. Scheduling logistics are administrative facts, not pre-decisional deliberations on policy or outcomes.","The sentence states a factual arrangement regarding time and location. It does not express an opinion, recommendation, legal advice, or internal debate.",,,,,,0.0
30,Please call me with any questions/problems.,0,0.0,The sentence is a general instruction regarding communication and does not indicate that a specific final decision is pending or being considered.,"The sentence is a factual statement of intent to communicate and does not express an opinion, recommendation, or internal deliberation.",,,,,,0.0
31,Manifest is:,0,0.0,"The sentence 'Manifest is:' is a fragment that introduces information but does not contain any substantive content regarding a decision, opinion, or fact. Without context indicating a pending decision or an internal discussion, it cannot be determined if it concerns an issue where a final decision has not yet been made.","The sentence 'Manifest is:' does not express an opinion, recommendation, or internal deliberation. It is a neutral introductory phrase that lacks any personal views or policy opinions from an author.",,,,,,0.0
32,"John will have a deadbeat dads/indian gaming meeting on Thursday, March 9th at 11:00am.",0,0.0,"The sentence describes a scheduled meeting for a future date, indicating that the event and any associated discussions have not yet occurred, so a final decision regarding the matter has not been made.","The sentence states a factual schedule of an upcoming event rather than expressing an opinion, recommendation, or internal deliberation about policy or legal advice.",,,,,,0.0
33,The meeting will be in John's office.,0,0.0,"The sentence describes a scheduled event (a meeting) rather than a discussion regarding an issue where a final decision is pending. Scheduling logistics are administrative facts, not pre-decisional deliberations on policy or outcomes.","The sentence states a factual arrangement regarding time and location. It does not express an opinion, recommendation, legal advice, or internal debate.",,,,,,0.0
34,Please call me with any questions/problems.,0,0.0,The sentence is a general instruction regarding communication and does not indicate that a specific final decision is pending or being considered.,"The sentence is a factual statement of intent to communicate and does not express an opinion, recommendation, or internal deliberation.",,,,,,0.0
35,Manifest is:,0,0.0,"The sentence 'Manifest is:' is a fragment that introduces information but does not contain any substantive content regarding a decision, opinion, or fact. Without context indicating a pending decision or an internal discussion, it cannot be determined if it concerns an issue where a final decision has not yet been made.","The sentence 'Manifest is:' does not express an opinion, recommendation, or internal deliberation. It is a neutral introductory phrase that lacks any personal views or policy opinions from an author.",,,,,,0.0
36,Maria -- you asked where we were in setting up an internal meeting to discuss next steps on child support and gaming.,0,0.0,"The sentence discusses planning for a future meeting to discuss next steps, indicating that the specific actions regarding child support and gaming have not yet been finalized.","The sentence is a factual statement describing a request for information about the status of meeting arrangements; it does not express an opinion, recommendation, or internal deliberation.",,,,,,0.0
37,"As I have discussed with Lynn, Broderick, and Barbara, we are prepared to scale this proposal back to a demonstration, with voluntary participation on the part of a select number of gaming establishments.",1,1.0,"The sentence discusses a proposal that is being modified to a demonstration phase, indicating that the final decision regarding the scope and implementation of the project has not yet been finalized.",The sentence expresses a recommendation or internal plan ('we are prepared to scale...') rather than stating an established fact or final agency policy.,,,,,,1.0
38,"Thus, our legislative proposal would be to test this  idea, and we would seek gaming  establishments willing to participate voluntarily.",1,1.0,"The sentence discusses a 'legislative proposal' and a plan to 'test this idea,' indicating that the final decision or implementation has not yet occurred and the matter is still in the planning stage.",The sentence expresses a recommendation or a proposed course of action ('would be to test') rather than stating an established fact or final agency policy.,,,,,,1.0
39,This should satisfy all concerns. .,1,0.0,"The sentence expresses a conclusion that concerns have been satisfied, which implies a decision or determination has been reached regarding the sufficiency of the matter, rather than discussing an issue where a final decision is still pending.","The sentence states a definitive conclusion ('This should satisfy') rather than expressing an internal opinion, recommendation, or the 'give-and-take' of a deliberative process.",,,,,,0.0
40,"Since changing our proposal will result in losing budget revenue, we need substitute pay-fors.",1,1.0,"The sentence discusses a potential change to a proposal and the financial consequences of that change, indicating that a final decision on the proposal has not yet been made.","The sentence expresses a recommendation or internal reasoning ('we need') regarding how to handle the budget issue, rather than stating an established fact or final policy.",,,,,,1.0
41,OMB folks have been working diligently on this effort (we've been helping where we can).,1,0.0,"The sentence describes ongoing work and assistance provided by OMB, which implies the effort is currently in progress and a final decision or conclusion regarding the specific outcome of this effort has not yet been reached.","The sentence states facts about the actions taken (working diligently, helping) rather than expressing a personal opinion, legal advice, or a specific recommendation for a future course of action.",,,,,,0.0
42,"As you know, uncontroversial pay-fors are h_ard to find, but we have several good things inÂ·development.",1,1.0,"The sentence mentions items 'in development,' which indicates that the final decisions regarding these pay-fors have not yet been made, satisfying the pre-decisional criterion.","The sentence expresses an internal assessment and recommendation ('we have several good things') regarding future actions rather than stating established facts or final agency policy, satisfying the deliberative criterion.",,,,,,1.0
43,"Once we've crossed this hurdle, we should be ready to go.",1,1.0,"The sentence uses the conditional phrase 'Once we've crossed this hurdle,' which indicates that the specific obstacle or decision point has not yet been resolved, meaning a final decision or action is not currently in place.","The sentence expresses a future projection and internal assessment ('we should be ready') regarding the status of the project or process, rather than stating an established fact or final agency policy.",,,,,,1.0
44,"I think we all agree that we all have an interest in making sure this doesn't get out prematurely, because we a) don't want to get hopes up too early given the complications of the budget pay-for issues and",1,1.0,"The sentence discusses the timing of releasing information before a final decision or outcome is reached, specifically referencing 'complications' and the risk of getting 'hopes up too early', indicating the matter is still in progress and not settled.","The sentence explicitly uses the phrase 'I think' and expresses a collective opinion on the strategy of withholding information to manage public expectations, which constitutes an internal recommendation or view rather than a statement of established fact.",,,,,,1.0
45,b) we want to have a coordinated roll-out to make sure all our friends get alerted properly and can take proper credit.,1,1.0,"The sentence discusses a future plan for a 'coordinated roll-out' and ensuring friends are 'alerted properly,' indicating that the action has not yet occurred and a final decision on the execution details is still being formulated.","The sentence expresses a desire or recommendation ('we want to have') regarding how an operation should be conducted, reflecting internal planning and strategy rather than stating established facts or final agency policy.",,,,,,1.0
46,"Thus, we tried to the extent possible to make our meeting today with the National Indian Gaming Association into a listening session.",1,0.0,"The sentence describes a past event (a meeting that already took place) and the intent behind organizing it, rather than discussing an issue where a final decision is currently pending or being formulated.","The sentence states a factual description of the meeting's format and the agency's approach to it, rather than expressing a personal opinion, legal advice, or a recommendation regarding a specific policy choice.",,,,,,0.0
47,They raised many good points.,1,1.0,"The sentence indicates that points were raised, which implies an ongoing discussion or review process where a final decision has not yet been made.",The sentence expresses a subjective evaluation or opinion regarding the quality of arguments ('good points') rather than stating an objective fact.,,,,,,1.0
48,"I was planning that we could all meet again once we had vetted budget pay-fors, but I am happy to meet earlier  if others so desire.",0,1.0,"The sentence discusses future scheduling contingent on a pending action (vetting budget pay-fors), indicating that the final decision regarding the meeting time has not yet been made.","The sentence expresses the author's personal intent and willingness to adjust plans based on others' desires, reflecting internal communication and planning rather than established fact or final policy.",,,,,,1.0
49,"I believe we should stick to the same plan we worked out before -- we start off by saying we understand there are problems with our original proposal, and we'd like to hear from them about their concerns, and proceed to have mainly a listening session.",0,1.0,"The sentence discusses a proposed approach for an upcoming interaction ('we start off by saying...', 'proceed to have mainly a listening session') which indicates that the specific strategy for this engagement has not yet been finalized or executed.","The sentence explicitly uses the phrase 'I believe' to express a personal opinion and recommendation regarding how to handle a situation, rather than stating an established fact or final agency policy.",,,,,,1.0
50,Lynn has forwarded to us a copy of NIGA's recent resolution on the subject.,0,0.0,The sentence describes the receipt of an external document (a resolution) rather than discussing an internal issue where a final agency decision has not yet been made.,"The sentence states a factual occurrence regarding the forwarding of a document and does not express an opinion, recommendation, or internal deliberation.",,,,,,0.0
51,Barbara I'll fax you a copy.,0,0.0,"The sentence is a logistical instruction regarding the transmission of a document and does not inherently concern an issue where a final decision has not yet been made, as it lacks any reference to policy, recommendations, or pending agency actions.","The sentence states a factual action (faxing a copy) rather than expressing an opinion, recommendation, or internal deliberation.",,,,,,0.0
52,Eric -- some additional information from IRS's gambling industry experts.,0,0.0,"The sentence indicates that information is being gathered or shared before a final decision is reached, as it is part of the process of obtaining expert input to inform a future action.","The sentence describes the transmission of factual information from experts rather than expressing a personal opinion, recommendation, or internal debate about policy.",,,,,,0.0
53,Hope this is helpful.,0,0.0,"The sentence does not concern an issue where a final decision has not yet been made, as it is a generic closing remark unrelated to any specific decision-making process.","The sentence does not express an opinion, recommendation, or internal deliberation; it is a polite social courtesy rather than a statement of fact or policy.",,,,,,0.0
54,Please confirm receipt.,0,0.0,"No, confirming receipt is an administrative action regarding the status of communication, not a pre-decisional step toward a substantive agency decision.","No, this sentence is a factual request for acknowledgment rather than an expression of opinion, recommendation, or internal deliberation.",,,,,,0.0
55,Thanks.,0,0.0,"No, the sentence does not concern an issue where a final decision has not yet been made as it is a simple acknowledgment with no reference to a pending decision.","No, the sentence does not express an opinion, recommendation, or internal deliberation; it is a factual statement of gratitude.",,,,,,0.0
56,-- Liz ',0,0.0,,,,,,,,0.0
57,"Good moring sorry I missed you  last week as I was on the road, and came home to quite a mess.",0,0.0,"The sentence describes a personal absence due to being on the road and returning to a messy home, which does not concern an issue where a final government decision has not yet been made.","The sentence expresses a personal greeting and an explanation of a personal situation rather than an opinion, recommendation, or internal deliberation regarding government policy or action.",,,,,,0.0
58,In certain circumstances District Directors have authorized the internal control environment.,0,0.0,"The sentence describes a past action where District Directors have already authorized an internal control environment in certain circumstances, indicating that a decision has been made rather than one pending.","The sentence states a fact regarding an established authorization policy or past action rather than expressing a personal opinion, recommendation, or internal debate.",,,,,,0.0
59,"This has been approved because slot machines in denominations of $25 dollars and above ""lock-up"" at every win under the $1200 rule:",0,0.0,"The sentence states that a specific action ('This') has already been approved and cites an existing rule ('$1200 rule') as the justification, indicating that a final decision has been made rather than one pending.","The sentence explains the factual basis and legal reasoning for a decision that has already occurred, describing established policy mechanics rather than expressing a personal opinion or internal recommendation.",,,,,,0.0
60,"Under the aggregation permission, the IRS gets one report which reflects the total of all reportable transactions  audit  trails are  in place to ensure compliance.",0,0.0,The sentence describes an existing operational mechanism (aggregation permission) and current compliance measures (audit trails) rather than a discussion on how to reach a future decision.,"The sentence states factual information about how the IRS currently operates and ensures compliance, rather than expressing a personal opinion, recommendation, or internal debate.",,,,,,0.0
61,"This eases taxpayer burden, I would be happy to brief your office as to the details.",0,1.0,"The sentence discusses a potential benefit ('eases taxpayer burden') and offers future assistance ('happy to brief'), indicating that the specific details and the formal action have not yet been finalized or decided upon.","The sentence expresses a personal willingness to provide information and an opinion on the benefits of a proposed action, rather than stating an established fact or final agency policy.",,,,,,1.0
62,"2:    W-2G's as they apply to Keno, Bingo and slots have been required since the mid?",0,0.0,"The sentence discusses a legal requirement that has existed since the mid-20th century, indicating the issue is settled and not pending a final decision.","The sentence states a factual historical fact regarding tax regulations rather than expressing an opinion, recommendation, or internal deliberation.",,,,,,0.0
63,The dollar thresholds as they apply to these games  were written  at  a time when a $1200 dollar  jackpot was relatively  uncommon,0,0.0,"The sentence describes a historical fact regarding when specific dollar thresholds were established and the rarity of a $1200 jackpot at that time, rather than discussing an issue where a final decision has not yet been made.","The sentence states an objective fact about past conditions and policy history, rather than expressing a personal opinion, recommendation, or internal deliberation.",,,,,,0.0
64,Things have changed.,0,0.0,The sentence 'Things have changed' is a general statement of fact regarding a current state of affairs rather than a discussion of a specific issue where a final decision is pending. It does not inherently indicate that a decision-making process is ongoing for a specific matter.,"The sentence is a declarative statement of fact or observation. It does not express a personal opinion, recommendation, legal advice, or internal deliberation regarding how to handle a specific issue.",,,,,,0.0
65,As you may recall laat year we began a study on raising the threshold to $500.0 and eliminate 85% of W-2G filings: Taxpayers argued that winners just itemized the losses against the wins and the Treasury was not really getting any revenue.,0,0.0,"The sentence describes a study that began last year regarding a specific policy change (raising the threshold to $500.0 and eliminating 85% of W-2G filings). The use of past tense ('began', 'argued') and the summary of past arguments suggests the agency is recounting historical context or established facts rather than discussing a current, undecided issue. While the study itself was pre-decisional when created, the sentence as a statement of past events and arguments does not necessarily indicate that a final decision is currently pending or that the content is part of an ongoing deliberative process for a new decision.","The sentence states facts about a past study and summarizes the arguments made by taxpayers and the Treasury at that time. It does not express the author's personal opinion, recommendation, or internal deliberation on how to proceed. It reads as a factual background statement rather than a subjective view.",,,,,,0.0
66,Early results indicated that this would be to costly.,0,1.0,"The sentence discusses 'early results' regarding costs, which implies the final decision on the project or policy has not yet been made, as the evaluation is still ongoing.",The sentence expresses an observation or finding ('indicated that this would be too costly') based on preliminary data rather than stating an established fact or final agency policy.,,,,,,1.0
67,We are currently working to find a revenue  neutral number.,0,1.0,"The sentence indicates that the agency is in the process of determining a specific number ('revenue neutral number'), implying that the final decision or figure has not yet been established.","The sentence describes an ongoing action or status ('working to find') rather than stating a settled fact, a final policy, or a specific recommendation; it reflects the internal process of calculation or negotiation.",,,,,,1.0
68,"Indian gaming offers some.unique challenges due to the sovereignty issue: that being said, Indian casinos have the same requirements as commercial casinos.",0,0.0,"The sentence discusses general requirements and challenges regarding Indian gaming, which appears to be an established policy or factual statement rather than a discussion on a specific issue where a final decision has not yet been made.","The sentence states facts about the requirements of Indian casinos compared to commercial casinos and mentions sovereignty issues as a challenge, rather than expressing a personal opinion, recommendation, or internal deliberation.",,,,,,0.0
69,For the most part the Indian casinos are in compliance.,0,0.0,"The sentence states a current status of compliance, which implies a factual assessment of existing conditions rather than a discussion of a future decision that has not yet been made.","The sentence presents an objective observation or fact regarding the state of Indian casinos rather than expressing a personal opinion, recommendation, or internal debate.",,,,,,0.0
70,"In rare circumstances where they refuse to permit an audit, we cannot attest to any compliance in any area.",0,0.0,"The sentence describes a conditional scenario ('In rare circumstances where they refuse...') and the resulting inability to perform a specific function ('we cannot attest'). It does not indicate that a final decision regarding a specific audit or compliance matter is currently pending or being formulated; rather, it states a general policy limitation or a factual consequence of a client's action.","The sentence states a factual limitation on the agency's ability to attest to compliance based on external conditions. It does not express a personal opinion, a recommendation, or an internal debate about how to proceed. It reads as an established rule or a statement of fact regarding the scope of work.",,,,,,0.0
71,"""E/GE will soon be responsible for this issue.",0,1.0,"The sentence indicates a future assignment of responsibility ('will soon be responsible'), suggesting that the final decision regarding who handles the issue has not yet been made or is in the process of being finalized.",The sentence expresses a recommendation or an internal determination about future agency operations rather than stating an established fact or final policy.,,,,,,1.0
72,To assist them we have develpped an Indian Gaming text and outreach publication.,0,0.0,"The sentence describes the creation of a publication intended to assist with an ongoing activity (Indian Gaming), implying that the process or the specific outreach strategy is still in development and a final, settled outcome has not been reached.","The sentence states a fact regarding the existence and purpose of a document ('we have developed'), rather than expressing a personal opinion, legal advice, or a specific recommendation within an internal debate.",,,,,,0.0
73,"Backup withholding from reportable gaming transactions is, a difficult number as all backup witholding is lumped together.",0,0.0,"The sentence discusses the current state of data regarding backup withholding, noting that it is difficult to isolate specific numbers because all withholding is lumped together. This appears to be a statement of fact describing an existing administrative or reporting condition rather than a discussion of a future decision or a draft policy.","The sentence states an objective fact about how data is aggregated (lumped together) and the resulting difficulty in analysis. It does not express a personal opinion, a recommendation, or an internal debate about how to proceed.",,,,,,0.0
74,We could attempt to study this issue shhuld you require a better number.,0,1.0,"The sentence discusses a potential future action ('could attempt') contingent on a hypothetical requirement ('should you require'), indicating that no final decision has been made regarding the study.",The sentence expresses a conditional recommendation or suggestion rather than stating an established fact or final policy.,,,,,,1.0
75,"That being said, if people stood to lose all their winnings, to child support or just 31% if they refused identification;",0,1.0,"The sentence discusses a hypothetical scenario regarding potential consequences for refusing identification, which implies a situation where a final rule or decision regarding these consequences has not yet been finalized or implemented.","The sentence presents a conditional outcome ('if people stood to lose...') rather than stating an established fact or final agency policy, reflecting an internal consideration of potential impacts.",,,,,,1.0
76,I think it would be fair to say backup withholding would increase.,0,1.0,"The sentence discusses a potential outcome ('backup withholding would increase') using tentative language ('I think it would be fair to say'), indicating that a final decision or established fact regarding this specific projection has not yet been made.",The sentence explicitly expresses a personal opinion ('I think') and a prediction rather than stating an objective fact or established agency policy.,,,,,,1.0
77,"The children however, would not get the  money the treasury would.",0,0.0,"The sentence discusses a comparison of financial outcomes for children versus the treasury, which implies a scenario where a decision regarding funding or distribution is being considered or analyzed, suggesting no final decision has been made yet.","The sentence presents a specific outcome or projection regarding who receives money, which functions as a factual statement or a prediction of consequences rather than an expression of an internal opinion, recommendation, or legal advice.",,,,,,0.0
78,I have some questions that I'm sure you can answer.,0,0.0,The sentence does not indicate that a final decision is pending or being considered; it is a simple inquiry without reference to a specific decision-making process.,"The sentence is a factual statement of intent to ask questions and does not express an opinion, recommendation, or internal deliberation.",,,,,,0.0
79,Please give  me a call 202-622-5563,0,0.0,"The sentence is a request for contact information and does not pertain to an issue where a final decision has not yet been made, as it contains no decision-making context.","The sentence is a factual instruction or request for communication rather than an expression of an opinion, recommendation, or internal deliberation.",,,,,,0.0
80,Are there any situations where a casino does not stop operations to secure a W-2G?,0,0.0,"The sentence is a question seeking information about operational procedures and specific scenarios, indicating that the agency is currently investigating or clarifying rules before making a final determination or policy change.","The sentence does not express a personal opinion, recommendation, or internal deliberation; instead, it is an inquiry seeking factual or procedural information.",,,,,,0.0
81,"I.e., do they continue operations if a card holder  exceeds the $1200.00 dollar limit because they have the individuals TIN?",0,1.0,"The sentence poses a question regarding a specific operational scenario (whether operations continue if a limit is exceeded due to a TIN), indicating that the agency is currently investigating or defining the rules for this situation rather than stating a finalized policy or past fact.","The sentence is interrogative in nature, seeking clarification on internal procedures or potential outcomes, which reflects the internal give-and-take of the decision-making process rather than stating established agency policy or objective facts.",,,,,,1.0
82,How long has the W-2G filing requirement been in place?,0,0.0,"The sentence asks for historical information regarding the duration of a specific filing requirement, which implies the matter is established and not a pending issue requiring a new decision.","The sentence requests a factual answer about the timeline of a regulation rather than expressing an opinion, recommendation, or internal thought process.",,,,,,0.0
83,Do we have any idea how often a casino has to backup withhold because the winner fails to provide a TIN #?,0,1.0,"The sentence questions the frequency of a specific withholding scenario, indicating that the agency is currently investigating or determining the rules and procedures rather than having finalized a decision on this matter.","The sentence expresses an inquiry about internal knowledge or policy application rather than stating an established fact or final agency position, reflecting the internal give-and-take of determining how to handle a situation.",,,,,,1.0
84,The student loan offset was enacted in the 2000 appropriations a t.,0,0.0,"The sentence states that a specific action (the student loan offset) was already enacted in a past year (2000), indicating that a final decision has been made and the matter is settled.","The sentence presents a factual statement regarding the enactment of a law rather than expressing an opinion, recommendation, or internal deliberation.",,,,,,0.0
85,"We have another idea about using NDNH for other kinds of Federal debt collection, implemented through Treasury/FMS.",1,1.0,"The sentence discusses a future or alternative approach ('another idea') regarding the implementation of a program, indicating that a final decision on this specific usage has not yet been made.","The phrase 'another idea' clearly expresses a recommendation, suggestion, or internal deliberation rather than stating an established fact or final policy.",,,,,,1.0
86,"It came up late in the budget process, so we didn't have time to develop it for the 01 budget, ie we don't have a savings estimate.",1,0.0,"The sentence discusses a situation where a specific task (developing a savings estimate) was not completed due to timing constraints in the budget process, indicating that the final decision or data regarding the 01 budget savings has not yet been established or finalized.","The sentence states a factual observation about the timeline and the resulting lack of a specific estimate rather than expressing an internal opinion, recommendation, or legal advice.",,,,,,0.0
87,"We're getting that process going again with our Treasury branch colleagues now, too.",1,0.0,"The sentence describes an action ('getting that process going again') that is currently underway or being initiated, indicating that the matter is not yet finalized and a final decision or completed outcome has not been reached.","The sentence states a factual status of an ongoing operational activity rather than expressing a personal opinion, legal recommendation, or internal debate about policy.",,,,,,0.0
88,Did we use all of the student loan offset to pay for SDUs last year?,0,0.0,"The sentence asks about a past event (last year) regarding the use of student loan offsets, which implies the action has already occurred and the decision to use the funds was made previously, rather than concerning an issue where a final decision has not yet been made.","The sentence is a factual inquiry seeking specific data or confirmation of a past action, rather than expressing an opinion, recommendation, or internal deliberation.",,,,,,0.0
89,"If not, that may be a possibility",0,1.0,"The sentence discusses a potential future scenario ('that may be a possibility'), indicating that no final decision has been made regarding the matter.",The sentence expresses a tentative opinion or speculation rather than stating an established fact or final policy.,,,,,,1.0
90,Barbara  Chow spoke  to Jack  about child support and  gambling.,1,0.0,"The sentence describes a past event where a conversation occurred regarding specific topics, but it does not indicate that a final decision is currently pending or being formulated at this moment.","The sentence states a factual occurrence of a meeting or conversation rather than expressing an opinion, recommendation, or internal legal/policy deliberation.",,,,,,0.0
91,His first reaction  was  'do we really need to drop this?',1,1.0,"The sentence describes an initial reaction to a potential action ('drop this'), indicating that the final decision to drop the matter has not yet been made.",The sentence expresses a personal opinion or internal questioning ('do we really need to...') rather than stating an established fact or final agency policy.,,,,,,1.0
92,but once he got beyond  that his only  issue is that he insists  we need to have another  pay-for to make up the savings.,1,1.0,"The sentence discusses a specific issue regarding 'pay-for' savings that is currently being considered or insisted upon, indicating that a final decision on this matter has not yet been made.","The sentence expresses a specific viewpoint or insistence ('he insists we need to have another pay-for') regarding a course of action, which reflects an internal opinion or recommendation rather than a statement of established fact or final policy.",,,,,,1.0
93,OMB  will work on this with our help.,1,1.0,"The sentence indicates future action ('will work on this'), implying that the specific implementation or final resolution of the matter has not yet occurred, suggesting a pre-decisional context.","The sentence describes a plan of action or an internal arrangement between agencies rather than stating an objective fact, a final opinion, or established policy.",,,,,,1.0
94,"I impressed  upon Barbara  the need to move quickly, to give it less time to leak out and 'to allow us to put it out sufficiently in advance of the President's trip.",1,1.0,"The sentence discusses actions taken to manage the timing of information release relative to a future event (the President's trip), indicating that the final decision on the release strategy or the specific timing has not yet been finalized or is currently being maneuvered.",The sentence expresses a subjective recommendation and internal strategy ('I impressed upon... the need to move quickly') rather than stating an objective fact or established policy.,,,,,,1.0
95,"Barbara thought one way we could pitch the voluntary option.is to talk about it as a pilot, saying we've realized there are some implementation questions and we want to test how it would work before we go national.",1,1.0,"The sentence discusses a proposed strategy to pitch a voluntary option as a pilot program before a national rollout, indicating that the final decision on how to present or implement the option has not yet been made.","The sentence expresses a specific opinion and recommendation from an individual (Barbara) regarding how to frame the message, reflecting internal deliberation rather than stating established facts or final agency policy.",,,,,,1.0
96,"Participation in the pilot would of course be voluntary, and we might throw in some financial incentives to cover paperwork and computer costs for those who participate.",1,1.0,"The sentence discusses potential terms for a pilot program, specifically mentioning that participation would be voluntary and suggesting the possibility of financial incentives. Since these are proposed conditions and not final rules or established policies, a final decision on the specific structure of the pilot has not yet been made.",The sentence expresses a recommendation or internal consideration ('we might throw in') regarding how to structure the pilot program. It reflects the internal give-and-take of planning rather than stating an objective fact or a finalized agency policy.,,,,,,1.0
97,I think this makes some sense.,1,1.0,"The sentence expresses a personal thought regarding a matter, implying that a final decision or conclusion has not yet been reached or finalized.",The phrase 'I think' explicitly indicates a personal opinion or internal deliberation rather than an established fact or final agency policy.,,,,,,1.0
98,There's a commission relating to child support medical support issues (e.g. doing more to ensure the father's health plan covers the child as part of the child support order) that has just reported to HHS.,1,0.0,"The sentence describes a commission that has already reported its findings to HHS, indicating that the reporting event is complete, but it does not explicitly state whether a final decision based on that report has been made or if the issue is currently under active deliberation for a new decision.","The sentence states a factual occurrence regarding the existence and reporting of a commission rather than expressing an internal opinion, recommendation, or personal view of an author.",,,,,,0.0
99,HHS is apparently reviewing the recommendations,1,0.0,"The sentence indicates that a review of recommendations is currently in progress, implying that a final decision has not yet been made.","The sentence describes an ongoing administrative action (reviewing recommendations) rather than expressing a specific personal opinion, legal advice, or internal debate about policy.",,,,,,0.0
100,"I don't really know what's in them, but there may be some savings associated with some of them (perhaps reduced Medicaid costs by ensuring kids get on their father's private insurance) that we could use to replace the gambling savings.",1,1.0,"The sentence discusses potential future savings and the possibility of using them to replace other funds, indicating that a final decision regarding the budget or specific savings has not yet been made.","The sentence explicitly states uncertainty ('I don't really know') and offers a speculative possibility ('there may be some savings'), which reflects an internal opinion or consideration rather than a statement of established fact or final policy.",,,,,,1.0
101,"In general I think these recommendations could have potential, and I told Olivia several weeks ago I'd like  them to move quickly in their review and to come over and give us  a briefing.",1,1.0,"The sentence discusses future actions ('move quickly', 'give us a briefing') and the potential of recommendations, indicating that a final decision or conclusion has not yet been reached.","The sentence explicitly states personal opinions ('I think these recommendations could have potential') and expresses a recommendation for internal process ('I'd like them to move quickly'), rather than stating established facts or final agency policy.",,,,,,1.0
102,Barbara Pryor says Sen. Rockefeller would like to introduce a bill shortly (I think he and Sen Snowe were responsible for the legislation creating the commission).,0,1.0,"The sentence discusses a potential future action by a Senator to introduce a bill, indicating that no final decision or legislation has been enacted yet.","The sentence conveys information about a third party's intent and includes the author's personal speculation ('I think'), which reflects internal communication regarding potential legislative developments rather than established facts or final agency policy.",,,,,,1.0
103,"We need to accelerate work on the independent contractor option, which Barbara thinks would pick up about half the savings needed.",1,1.0,"The sentence discusses accelerating work on a specific option and references a projected outcome ('pick up about half the savings'), indicating that the final decision regarding this option has not yet been made.","The sentence expresses a recommendation to 'accelerate work' and includes a personal opinion attributed to an individual ('Barbara thinks'), rather than stating an established fact or final agency policy.",,,,,,1.0
104,"She will get Smalligan and Ahern working on this, but you guys should work closely with them.",1,1.0,"The sentence discusses assigning specific individuals to a task and instructing others on how to collaborate, which implies the work is ongoing and a final decision on the matter has not yet been reached.",The sentence expresses an internal instruction and recommendation regarding personnel assignment and workflow rather than stating an objective fact.,,,,,,1.0
105,"As I recall, we've asked Treasury for some information, but have not yet reached out to DOL and SBA?",1,1.0,"The sentence indicates that the agency has not yet contacted the Department of Labor (DOL) and the Small Business Administration (SBA), meaning the final decision or action regarding these outreach efforts has not been made.","The sentence uses the phrase 'As I recall' and poses a question about the status of internal communications, reflecting the author's memory and the ongoing internal discussion rather than stating established facts or final policy.",,,,,,1.0
106,"And, though it is more OMB's responsibility than ours, we should try to think of any other possible pay-fors in our area (defined broadly).",1,1.0,"The sentence discusses brainstorming for potential 'pay-fors' and explicitly states that a final decision has not yet been made, indicating the issue is pre-decisional.",The sentence expresses a recommendation ('we should try to think') and reflects internal deliberation regarding future options rather than stating established facts or final policy.,,,,,,1.0
107,One possibly promising area are the recommendations on child support medical support made by the commission to HHS,1,1.0,"The sentence discusses recommendations made by a commission to HHS, which implies an ongoing process or a proposal that has not yet resulted in a final agency decision or established policy.","The sentence explicitly mentions 'recommendations' and describes a 'possibly promising area,' indicating that it reflects internal deliberation, suggestions, or policy opinions rather than stating established facts or final conclusions.",,,,,,1.0
108,perhaps one of those have some savings (perhaps reduced Medicaid costs by ensuring kids get on their father's private insurance) that we could use to replace the gambling savings.,1,1.0,"The sentence discusses potential funding sources and cost-saving measures that have not yet been finalized or implemented, indicating that a final decision on how to replace the gambling savings has not been made.","The sentence uses speculative language such as 'perhaps' and proposes a hypothetical scenario regarding Medicaid costs and private insurance, reflecting an internal consideration or recommendation rather than stating an established fact or final policy.",,,,,,1.0
109,Eric -- I know you got an (unofficial?) update from Legler on this can you fill the rest of us in?,1,0.0,"The sentence is a request for information regarding an update on a specific matter, implying that the situation is currently ongoing and a final decision or comprehensive status has not yet been reached.","The sentence does not express an opinion, recommendation, or internal deliberation; instead, it is a factual inquiry seeking information from a colleague.",,,,,,0.0
110,And we should also think more broadly than child support.,1,1.0,"The sentence suggests considering a broader scope than just child support, indicating that a final decision on the scope of the matter has not yet been made.","The phrase 'we should also think' expresses a recommendation or an internal opinion on how to approach the issue, rather than stating an established fact or final policy.",,,,,,1.0
111,Genie -- can you check to see if any of the bills introduced so far in Congress that have been referred to Ways and Means or Finance had any little pay-fors that weren't horrendous?,1,0.0,"The sentence is a request for information regarding bills that have already been introduced and referred, indicating the legislative process is ongoing and no final decision on these specific bills has been made yet.","The sentence asks for a factual check on specific details (pay-fors) of existing bills rather than expressing an internal opinion, recommendation, or legal advice.",,,,,,0.0
112,Can anyone think of anything else?,1,1.0,"The sentence asks for additional ideas or considerations, implying that the discussion is ongoing and a final decision has not yet been reached.","The sentence is a request for input rather than a statement of fact, indicating it is part of an internal brainstorming or discussion process.",,,,,,1.0
113,We're hoping to be able to seriously restructure our proposal to satisfy both tribal and non-tribal concerns.,1,1.0,"The sentence indicates that the proposal is currently being worked on and restructured, implying that a final decision or finalized version of the proposal has not yet been made.","The sentence expresses a hope and an internal plan to modify a proposal to address various concerns, which reflects the internal give-and-take and recommendations of the decision-making process rather than stating established facts or final policy.",,,,,,1.0
114,Barbara Chow is talking to Jack and Sylvia about how to handle the budget implications.,1,0.0,"The sentence describes an ongoing discussion about handling budget implications, which implies that a final decision on how to handle these implications has not yet been made.","The sentence describes the act of discussing or talking about a topic rather than stating a specific fact, opinion, or recommendation itself. It reports on a deliberative activity but does not contain the internal 'give-and-take' or personal views within the sentence structure.",,,,,,0.0
115,"If we revise our plan, we want to make sure our friends get credit, so we need to keep this under wraps until we're ready to roll it out.",1,1.0,"The sentence discusses a future action ('revise our plan', 'ready to roll it out') and explicitly states the need to keep information 'under wraps' until a specific future point, indicating that no final decision or public release has occurred yet.","The sentence expresses an internal recommendation or strategy ('we want to make sure', 'we need to') regarding how to handle the upcoming release, reflecting the internal give-and-take of planning rather than stating established facts or final policy.",,,,,,1.0
116,We're going to go ahead and have the already-scheduled meeting With tribal gaming folks on Tuesday and tell them we recognize our current proposal won't work and seek their advice.,1,1.0,"The sentence describes a plan to hold a meeting and communicate a specific stance (that the current proposal won't work) before a final decision is reached, indicating the issue is not yet settled.",The sentence expresses a recommendation or internal plan to seek advice from tribal gaming folks rather than stating an established fact or final agency policy.,,,,,,1.0
117,Cynthia--I know you've had a couple of meetings on this issue including one recently with doj,1,0.0,"The sentence mentions past meetings regarding an issue, but does not explicitly state whether a final decision has been made or is pending; however, the context of discussing ongoing meetings suggests the matter is still in progress rather than settled.","The sentence states factual information about meetings that have already occurred (past tense 'had', 'including one recently') rather than expressing an opinion, recommendation, or internal deliberation.",,,,,,0.0
118,"Can you send me an email detailing the, issues as you see them and your plans for how  we're  going to resolve some of the outstanding issues, not limited to the Indian sovereignty but also how we're going to get the industry to cooperate?",1,1.0,"The sentence asks for details on issues and plans to resolve them, indicating that the resolution process is ongoing and a final decision has not yet been made.","The sentence requests the sender's personal views ('as you see them') and their internal plans for resolution, which reflects the internal give-and-take of the decision-making process rather than stating established facts or final policy.",,,,,,1.0
119,"â€¢ I've looked into the option of having gaming establishments collect and report to the federal child support database tie gambling winner's name, social security number, home address and possibly his employer's name and address.",1,1.0,"The sentence discusses a potential option for gaming establishments to collect and report specific data to a federal database, indicating that this is a proposal under consideration rather than a finalized policy or action.","The sentence expresses a personal observation or recommendation ('I've looked into the option') regarding a specific course of action, reflecting internal deliberation rather than stating established facts or final agency policy.",,,,,,1.0
120,"In my view, the option would do little.to collect child support and we would still need to exempt tribes (lest we renege on our long standing support for tribal sovereignity).",1,1.0,"The sentence discusses potential outcomes of an option and the need to exempt tribes, indicating that a final decision on the matter has not yet been made.","The sentence explicitly states 'In my view' and offers a recommendation regarding the necessity of exempting tribes, reflecting personal opinion and internal deliberation rather than established fact or final policy.",,,,,,1.0
121,"The only advantage would be that it gives us a quasi-face-saving way to minimize opposition without abandoning our proposal altogether, which may be the best we can hope for at this point.",1,1.0,"The sentence discusses a potential strategy ('quasi-face-saving way') to handle opposition regarding a proposal that has not yet been finalized, indicating the decision-making process is ongoing and a final decision has not been made.",The sentence expresses an internal opinion and recommendation about the merits of a specific approach ('may be the best we can hope for') rather than stating an established fact or final agency policy.,,,,,,1.0
122,Please advise on how I should proceed.,1,1.0,"The sentence asks for guidance on future actions, indicating that a final decision has not yet been made.","The sentence is a request for input rather than a statement of fact, opinion, or established policy, reflecting the internal give-and-take of the decision-making process.",,,,,,1.0
123,We need to resolve this by Monday (before a scheduled meeting with tribes on Tuesday) and OMB may need to come up with another pay-for.,1,1.0,"The sentence discusses a deadline to resolve an issue before a scheduled meeting, indicating that a final decision has not yet been made and the matter is still in progress.","The sentence expresses a need to take action and suggests a potential future requirement ('may need to come up with'), reflecting internal planning and recommendations rather than stating established facts or final agency policy.",,,,,,1.0
124,"Should I begin selling .this reporting only option, with a tribal exemption, to 0MB,HHS, Leg Affairs, etc.?",1,1.0,"The sentence asks whether to begin selling a specific reporting option, indicating that the decision to launch this product has not yet been made and is currently under consideration.",The sentence poses a question regarding a course of action and reflects internal deliberation or a recommendation from an individual rather than stating an established fact or final agency policy.,,,,,,1.0
125,Keep in mind Lynn Cutler specifically requested a meeting where she and others would be at the table to weigh in (but she should like this option).,1,1.0,"The sentence discusses a future meeting where individuals will 'weigh in' on an option, indicating that a final decision has not yet been made.","The sentence expresses a personal preference or internal note regarding how a specific individual ('she') should feel about an option, rather than stating an established fact or final policy.",,,,,,1.0
126,"See below for more on the pros and cons of this option, and see the attached document for the wide range of unsavory options available to us..",1,1.0,"The sentence discusses evaluating options and their pros and cons, which indicates that a final decision has not yet been made.","The sentence expresses an internal assessment of options and references a document containing recommendations or analysis, reflecting the give-and-take of the decision-making process rather than stating established facts or final policy.",,,,,,1.0
127,Require only reporting from tribes and nontribal gaming establishments,0,1.0,"The sentence proposes a specific regulatory requirement ('Require only...'), indicating that the rule or policy has not yet been finalized or implemented, thus it concerns an issue where a final decision has not yet been made.","The sentence expresses a recommendation or a proposed course of action regarding who should be subject to reporting, rather than stating an established fact or final agency policy.",,,,,,1.0
128,"Pros: Likely to generate less opposition from gambling establishments, because it would require them only to report winnings, not collect child support.",1,1.0,"The sentence discusses potential outcomes ('Likely to generate less opposition') regarding a proposed policy change, indicating that a final decision on the matter has not yet been made.",The sentence expresses a recommendation or an internal assessment of pros and cons ('Pros') rather than stating an established fact or final agency opinion.,,,,,,1.0
129,Allows us to minimize opposition without abandoning the proposal altogether .,1,1.0,"The sentence discusses a strategy to manage opposition regarding a proposal, implying that the proposal is still under consideration and a final decision has not yet been made.",The sentence expresses a strategic recommendation or internal consideration on how to proceed (minimizing opposition) rather than stating an objective fact.,,,,,,1.0
130,"Cons: Unlikely to generate information the child support.office doesn't already have, and thus is unlikely to result in more child support collections or federal revenues.",1,1.0,"The sentence discusses the potential outcomes of a specific action (generating information and increasing collections) using language like 'unlikely to result,' which indicates that the final decision regarding whether to proceed with this action has not yet been made.",The sentence expresses an opinion or assessment of the effectiveness of a proposed course of action rather than stating an established fact or final agency policy.,,,,,,1.0
131,"For examnple, the child support office will already have access to the home address on the individual's drivers license, and in this process will only get a more up-to-date address if the individual volunteers it to the gambling establishment",1,0.0,"The sentence describes an existing operational process where the child support office accesses data and updates occur only if the individual volunteers information, implying the procedure is established rather than a pending decision on a specific case.","The sentence states factual details about how data access and address updates function within the current system, rather than expressing an opinion, recommendation, or internal debate.",,,,,,0.0
132,"lf employer's name and address are also collected, this will require gambling establishments to collect more information than they generally do for the W2G and will increase opposition tb the proposal.",1,1.0,"The sentence discusses the potential consequences of collecting additional information on employer names and addresses, specifically noting that this would increase opposition to a proposal. Since the text refers to a 'proposal' and analyzes the impact of a change that has not yet been finalized, the issue concerns a matter where a final decision has not yet been made.",The sentence expresses a prediction or an opinion regarding the likely outcome (increased opposition) of a proposed action. It reflects internal deliberation about the feasibility and public reaction to a policy change rather than stating an established fact or final agency position.,,,,,,1.0
133,"ln addition, this impinges on tribal sovereignty by having the federal government impose a requirement on tribes",1,1.0,"The sentence discusses a potential negative impact on tribal sovereignty resulting from a federal requirement, which implies the issue is currently being analyzed or debated rather than a final decision that has already been made and settled.",The sentence expresses an opinion or a legal argument regarding the implications of a policy (impinging on sovereignty) rather than stating an objective fact.,,,,,,1.0
134,"(the proposal builds on current law, requiring tribes to report and in some cases withhold funds for federal income taxes, which also impinges on tribal sovereignty.)",1,1.0,"The sentence describes a proposal that builds on current law and outlines specific requirements for tribes, indicating that the agency is currently considering or drafting a policy change rather than stating a final, settled decision.","The sentence expresses the content and implications of a proposal, reflecting an internal recommendation or draft position regarding how the agency intends to proceed, rather than stating established agency policy or objective facts.",,,,,,1.0
135,"We could therefore exempt tribes from this reporting requirement, generating more concerns from nontribal establishments.",1,1.0,"The sentence discusses a potential action ('exempt tribes') and its hypothetical consequences, indicating that a final decision has not yet been made.",The sentence expresses a conditional opinion or consideration of a policy option ('We could therefore...') rather than stating an established fact or final agency position.,,,,,,1.0
136,"Following up from our meeting on Child Support last Tuesday; we plan to meet with NIGA (the nongovernmental group)  on Tues, 2/15 at 2 pm in 472  in OEOB.",0,0.0,"The sentence describes a future meeting scheduled for a specific date to discuss an ongoing topic, indicating that no final decision has been made yet.","The sentence states a logistical plan and a schedule for a future event rather than expressing an opinion, legal advice, or a recommendation regarding policy.",,,,,,0.0
137,Attendees from HHS and Treasury should send me your DOB and SSN..,0,0.0,"The sentence is a request for specific personal data (DOB and SSN) from attendees, which does not inherently concern an issue where a final agency decision has not yet been made; it is an administrative instruction rather than a pre-decisional document regarding policy or action.","The sentence is a factual request for information and does not express an opinion, recommendation, or internal deliberation regarding agency policy or legal advice.",,,,,,0.0
138,I am really sorry I missed the meeting this afternoon.,0,0.0,"The sentence expresses regret for missing a meeting that has already occurred, indicating the event is past and no future decision regarding that specific meeting is pending.","The sentence is a statement of personal regret or fact regarding attendance, not an expression of an opinion, recommendation, or internal deliberation on a policy or decision.",,,,,,0.0
139,I got completely  swamped  with some other  work.,0,0.0,"The sentence describes the author's current workload and lack of time, which does not indicate a specific issue where a final agency decision is pending or being considered.","The sentence states a factual circumstance regarding the author's availability rather than expressing an opinion, recommendation, or internal deliberation on a policy or legal matter.",,,,,,0.0
140,will try to catch up with one of you tomorrow afternoon to hear how things went.,0,0.0,"The sentence describes a future meeting to discuss past events ('how things went'), but it does not explicitly concern an issue where a final decision has not yet been made; it is a logistical arrangement for communication rather than a draft or pre-decisional document regarding a specific policy outcome.","The sentence states a factual plan of action ('will try to catch up') rather than expressing an opinion, recommendation, or internal deliberation about a specific matter.",,,,,,0.0
141,"Here are the numbers you asked for: Although, please let me know before you intend to use these in any public documents.",1,0.0,"The sentence provides data requested by the recipient and includes a warning about future public use, but it does not explicitly describe an internal process leading up to a specific agency decision or policy conclusion.","The sentence states facts (providing numbers) and offers a procedural caution regarding public disclosure, rather than expressing a personal opinion, legal advice, or a recommendation on how to decide a matter.",,,,,,0.0
142,"We try not to lay out all of the underlying assumptions in our estimates since, needless to say, developing these estimates is not an exact science.",1,1.0,"The sentence discusses the methodology and inherent uncertainties of developing estimates, which implies the estimates are still being formulated or refined rather than representing a finalized, settled decision.","The sentence expresses the internal reasoning and perspective of the agency regarding how they handle assumptions and the nature of their work, rather than stating an objective fact.",,,,,,1.0
143,"I would want to be careful about how they are used, particularly in light of some of the new information we got from Treasury.",1,1.0,"The sentence discusses a hypothetical approach ('I would want to be careful') regarding the future use of information based on new data, indicating that a final decision on how to proceed has not yet been made.",The sentence expresses a personal opinion and a recommendation for caution rather than stating an established fact or final agency policy.,,,,,,1.0
144,"The first year is an anomaly, since we assume an implementation lag.",0,1.0,"The sentence discusses an assumption regarding an implementation lag and characterizes a specific year as an anomaly, which suggests the analysis is part of a process evaluating data or planning rather than stating a finalized, settled fact about the past.","The sentence expresses an internal assumption ('we assume') and an interpretive judgment ('is an anomaly') regarding data, reflecting the agency's internal reasoning rather than stating an objective, established fact.",,,,,,1.0
145,"In the second through fifth years, we assume 54,000, 52,000, 49,000, and 46,000 intercepts.",0,1.0,"The sentence presents specific numerical assumptions for future years, which indicates that the final decision or outcome regarding these intercepts has not yet been made and the document is part of the planning or projection phase.","The sentence expresses a projection or assumption rather than stating an established fact or a finalized policy, reflecting the internal reasoning used to estimate future outcomes.",,,,,,1.0
146,â€¢ Michelle - how many people did HHS estimate they would capture a year (over five years) who would actually have their gambling winnings interepted because they owed child support? ',0,0.0,"The sentence is a question inquiring about specific estimates regarding future data collection or enforcement outcomes, indicating that the final figures or the decision on how to handle this data have not yet been finalized.","The sentence does not express an opinion, recommendation, or internal deliberation; instead, it requests factual information or data points from a colleague.",,,,,,0.0
147,"I previously provided some or all of this information orally {by voicemail), but I neglected to  forward this email.",0,0.0,The sentence discusses a past administrative error regarding the forwarding of an email and does not concern an issue where a final decision has not yet been made.,"The sentence states a factual occurrence (neglecting to forward an email) rather than expressing an opinion, recommendation, or internal deliberation.",,,,,,0.0
148,"If  Cynthia needs more information, just let me know.",0,0.0,The sentence does not concern an issue where a final decision has not yet been made; it is a procedural instruction regarding communication rather than a step in a decision-making process.,"The sentence does not express an opinion, recommendation, or internal deliberation; it is a factual statement of procedure or an offer to assist.",,,,,,0.0
149,"Otherwise, I think I've closed the DoC loop.",0,1.0,"The sentence indicates that a communication loop with the Department of Commerce has been completed, suggesting the immediate administrative step is finished, but it does not explicitly confirm that a final substantive decision on the underlying matter has been made or that the record is a final opinion.","The sentence expresses the author's personal assessment or opinion ('I think') regarding the status of an internal communication process, rather than stating an objective fact.",,,,,,1.0
150,I spoke with Monica.,0,0.0,"The sentence states a completed action of speaking with a person, which does not inherently indicate that a final decision is pending or that the record is being created to assist in reaching a future conclusion.","The sentence is a factual statement regarding a communication event and does not express an opinion, recommendation, legal advice, or internal deliberation.",,,,,,0.0
151,"This statute, and another relating to deep sea  mining which was not covered in the  White House memo, are ahead of  their  time as the benefits of working in and around the deep sea vents are not  yet  known  and the  costs are substantial.",0,1.0,"The sentence discusses the timing and readiness of a statute regarding deep sea mining, suggesting that the benefits are unknown and costs are substantial, which implies the issue is still being evaluated and a final decision on the statute's implementation or status has not yet been made.","The sentence expresses an opinion or judgment that the statute is 'ahead of its time' based on the unknown benefits and substantial costs, rather than stating an objective fact.",,,,,,1.0
152,Monica tells me t_hat  these licenses can theoretic ally be given to individuals but the investment to carry out the work is so great that licenses will almost always be sought by companies and institutions.,0,1.0,"The sentence discusses the theoretical possibility of issuing licenses to individuals versus the practical reality of companies seeking them due to high investment costs. This analysis appears to be part of an ongoing evaluation of policy implementation or market trends rather than a discussion of a specific, finalized decision that has already been made.",The sentence expresses an opinion and a prediction about future behavior ('almost always be sought') based on economic factors ('investment... is so great'). It reflects internal reasoning about how a policy might play out in practice rather than stating established agency policy or objective facts.,,,,,,1.0
153,Kit and Jim - I am re-sending the message that Craig sent out last week.,0,0.0,The sentence is a procedural notification regarding the re-sending of a previous message and does not indicate that a final decision is pending or being considered.,"The sentence states a factual action taken by the sender (re-sending a message) rather than expressing an opinion, recommendation, or internal deliberation.",,,,,,0.0
154,Apparently you  did not  receive it.,0,0.0,The sentence 'Apparently you did not receive it' is a statement regarding the status of communication delivery rather than a discussion of a pending agency decision or policy formulation. It does not concern an issue where a final decision has not yet been made in the context of deliberative process.,"The sentence states a factual observation about the receipt of a document or message. It does not express an opinion, recommendation, legal advice, or internal deliberation regarding agency policy.",,,,,,0.0
155,I hope this answers the mail.,0,0.0,The sentence does not concern an issue where a final decision has not yet been made; it is a statement regarding the completion of a task (answering mail) rather than a precursor to a policy or legal decision.,"The sentence does not express an opinion, recommendation, or internal deliberation; it is a factual statement about the status of correspondence.",,,,,,0.0
156,Sorry for  the confusion.,0,0.0,"The sentence 'Sorry for the confusion' does not concern an issue where a final decision has not yet been made, as it is a post-event apology rather than a document created to assist in reaching a conclusion.","The sentence expresses a sentiment or apology rather than an opinion, recommendation, or internal deliberation regarding policy or legal advice.",,,,,,0.0
157,Monica,0,0.0,"The sentence 'Monica' is a single name and does not contain any information regarding a decision-making process, an issue pending resolution, or a final decision. Therefore, it is impossible to determine if it concerns an issue where a final decision has not yet been made based solely on this text.","The sentence 'Monica' is a proper noun representing a name. It does not express an opinion, a recommendation, or an internal deliberation. It is a factual identifier rather than a statement of view.",,,,,,0.0
158,Kit - to close the loop re child support matter.,0,0.0,"The sentence refers to closing a matter, which implies the issue is currently active and a final resolution or decision has not yet been reached.","The sentence is a brief instruction or note regarding the status of a case rather than an expression of an opinion, legal advice, or internal debate.",,,,,,0.0
159,"Of the licenses noted, NoAA only issues those re Ocean Thermal Energy Conversion (42 USC 9111).",0,0.0,"The sentence states a current fact about the types of licenses the agency issues based on a specific statute, indicating that the policy or rule regarding these licenses is established and not a matter pending a final decision.","The sentence conveys an objective fact regarding statutory authority and agency practice rather than expressing a personal opinion, recommendation, or internal debate.",,,,,,0.0
160,"We have never issued such a license, however.",0,0.0,"The sentence states a historical fact that no such license has ever been issued, indicating that the agency's position on this specific matter is already established and settled, rather than being in the process of making a new decision.","The sentence asserts an objective fact about past agency actions rather than expressing a personal opinion, recommendation, or internal debate.",,,,,,0.0
161,"With regard to the other statutes: 43 (actually46) use 7101, 46 use 7103, 46 use 7104, 46 use 7112, 46 USC 7316, 46 USC 7317 and 46 USC ap1718, all of these statutes are administered by the US Coast Guard (actually, the Secretary of the department with the Coast Guard in it,  i.e. the DApartment  of Transportation).",0,0.0,"The sentence lists specific statutes and identifies the agency responsible for administering them, which are established facts rather than a matter pending a final decision.","The sentence states objective information regarding statutory citations and administrative jurisdiction, rather than expressing an opinion, recommendation, or internal debate.",,,,,,0.0
162,This should finalize NOAA's input into this project.,0,1.0,"The sentence discusses finalizing input, which implies the process of providing input is ongoing or nearing completion, but a final decision on the project itself has not yet been made.",The sentence expresses a recommendation or an internal action plan ('This should finalize...') rather than stating an objective fact.,,,,,,1.0
163,"On another note, could you please have some advise us on what criterion your office uses for promotion of attorney from GS 14 to 15.",0,0.0,"The sentence is a request for information regarding the criteria used for promotion, which implies that the specific decision for a particular individual or the finalization of the criteria themselves has not yet been made at the time of writing.","The sentence is a factual inquiry asking for existing standards or guidelines rather than expressing an internal opinion, recommendation, or personal view on how to handle a specific matter.",,,,,,0.0
164,thanks.,0,0.0,"The sentence 'thanks' does not concern an issue where a final decision has not yet been made, as it is a simple expression of gratitude with no reference to a pending decision or policy matter.","The sentence 'thanks' does not express an opinion, recommendation, or internal deliberation; it is a factual statement of social courtesy rather than a reflection of the decision-making process.",,,,,,0.0
165,Craig,0,0.0,"The sentence 'Craig' is a single proper noun and does not contain any information regarding a decision-making process, an issue pending resolution, or a final decision. Therefore, it is impossible to determine if it concerns an issue where a final decision has not yet been made based solely on this text.","The sentence 'Craig' is a name and does not express an opinion, recommendation, legal advice, or internal deliberation. It is a factual identifier rather than a statement of view.",,,,,,0.0
166,Federal Agency Welfare Hiring Update,0,0.0,"The sentence 'Federal Agency Welfare Hiring Update' appears to be a title or subject line indicating a status report on hiring activities. It does not explicitly describe a specific issue where a final decision is pending, nor does it contain language suggesting a decision-making process is currently underway for a specific outcome. It reads more like a factual header or a notification of an update rather than a pre-decisional document.","The sentence is a noun phrase acting as a title. It does not express an opinion, recommendation, legal advice, or personal view. It states a topic (hiring update) rather than reflecting the internal 'give-and-take' of a decision-making process.",,,,,,0.0
167,"Attached are not-yet-released numbers from OPM showing that federal agencies have hired 2,834 welfare recipients since the President's March 8th, 1997 executive order and the April 10th Cabinet meeting  where agencies  made hiring commitments.",0,0.0,"The sentence describes data regarding hiring commitments made during a past event (April 10th Cabinet meeting) and an executive order from March 1997. The numbers are presented as established facts from a completed period, not as a draft or internal discussion leading to a future decision.","The sentence states specific statistical figures (2,834 hires) and references historical events. It does not express an opinion, recommendation, or internal debate; it reports on what has already occurred.",,,,,,0.0
168,"We are planning to have an event in March or April to commemorate the one year anniversary of this initiative and to publicly share our progress toward the goal of hiring 10,000 welfare recipients by the year 2000.",0,0.0,"The sentence discusses future plans for an event in March or April and mentions a goal to be achieved by the year 2000, indicating that the specific timing and execution of the event have not yet been finalized.","The sentence states factual intentions regarding scheduling and program goals rather than expressing a personal opinion, legal advice, or internal debate about policy.",,,,,,0.0
169,The event may focus on federal agencies' efforts to encourage contrators to hire from the welfare rolls.,0,1.0,"The sentence uses the word 'may' and discusses a potential focus for an event, indicating that the final decision regarding the event's content has not yet been made.",The sentence expresses a possibility or a proposed direction for the event rather than stating an established fact or final policy.,,,,,,1.0
170,"Key contacts: myself or Susan Valaskovic, National Performance Review, 632-0354.",0,0.0,"The sentence lists contact information for individuals involved in a process, but it does not explicitly describe a specific issue where a final decision is pending or being formulated at this moment. It functions as a directory or logistical note rather than a document created to assist in reaching a specific conclusion.","The sentence provides factual contact details (names and phone numbers) rather than expressing an opinion, recommendation, legal advice, or internal debate. It does not reflect the 'give-and-take' of the decision-making process.",,,,,,0.0
171,Child Support Enforcement Request,0,0.0,"The phrase 'Child Support Enforcement Request' appears to be a title or subject line describing a specific administrative action or a request for information rather than a draft document discussing a pending decision. It does not inherently indicate that a final decision is being formulated at this moment, nor does it describe the internal process leading to a decision.","The phrase is a noun phrase identifying a topic or a specific request. It does not express an opinion, recommendation, legal advice, or internal deliberation. It states a fact about the existence of a request or the subject matter of a file.",,,,,,0.0
172,"Currently, we require states to deny drivers and professional licenses to parents who owe child support, but we allow such parents to obtain federal licenses.",0,0.0,"The sentence describes an existing requirement and current policy regarding license denial for parents owing child support, indicating that the issue has already been decided and is in effect.","The sentence states established facts about current agency rules rather than expressing a personal opinion, recommendation, or internal debate about what the rules should be.",,,,,,0.0
173,We are considering talkng action to remedy this situation.,1,1.0,"The sentence states that the agency is 'considering' taking action, which indicates that a final decision has not yet been made and the matter is still in the planning or evaluation phase.",The sentence expresses an internal consideration or intent to act rather than stating an established fact or a final policy; it reflects the internal deliberation of the decision-making process.,,,,,,1.0
174,Will you please respond to the following questions by Friday February 17,0,0.0,The sentence is a request for information with a deadline and does not indicate that a final decision has been made or is currently being deliberated on a specific policy issue.,"The sentence is a factual administrative instruction regarding a deadline rather than an expression of an opinion, recommendation, or internal deliberation.",,,,,,0.0
175,"In your February 17, l 998 memorandum you discussed child support enforcement.",0,0.0,"The sentence references a past memorandum from February 17, 1998, discussing a specific topic. Since the memorandum is dated in the past and the sentence describes a discussion that has already occurred, it does not necessarily concern an issue where a final decision has not yet been made at the time of the record's creation. However, without context confirming the decision was pending at that specific time, we look at the nature of the statement itself. The statement is a factual reference to a past event.","The sentence states a fact: that a memorandum was discussed in a specific date. It does not express an opinion, recommendation, legal advice, or internal deliberation. It is a descriptive statement about a document's content or existence.",,,,,,0.0
176,You pointed out that states are required to deny drivers and professional licenses to parents who owe child support and that the Administratton is considering taking action to deny federal licenses to such parents.,0,1.0,"The sentence indicates that the Administration is currently 'considering taking action,' which means a final decision has not yet been made regarding the policy change.","The sentence describes the status of an internal consideration and references a point raised by another party, functioning as part of the internal discussion or briefing leading up to a potential decision rather than stating an established fact or final policy.",,,,,,1.0
177,You provided a preliminary list of federal licenses and asked EPA to identify any that are missing from the list and to answer several questions about those licenses.,0,0.0,"The sentence describes a request for information and an instruction to identify missing items, which occurs before a final determination or decision regarding the licenses is made.","The sentence outlines a procedural task (identifying missing licenses and answering questions) rather than expressing a personal opinion, legal advice, or a recommendation on how to decide a matter.",,,,,,0.0
178,The information you requested is attached.,0,0.0,"No, the sentence does not concern an issue where a final decision has not yet be made; it is a statement of fact regarding the status of a document.","No, the sentence does not express an opinion, recommendation, or internal deliberation; it is a factual statement about the existence of an attachment.",,,,,,0.0
179,"As you can see from the attachment, very few of the ""licenses"" granted by EPA go to individuals, as opposed to business entities.",0,0.0,"The sentence presents a factual observation about the distribution of licenses granted by the EPA, indicating that most go to business entities rather than individuals. It does not discuss a pending decision or a future action that has not yet been made.","The sentence states an objective fact derived from an attachment rather than expressing a personal opinion, recommendation, or internal deliberation. It describes the current state of affairs regarding license recipients.",,,,,,0.0
180,Accordingly we believe that few benefits and potentially significant costs could result from any effort to amend the various environmental licensing programs to include child support enforcement provisions.,1,1.0,"The sentence discusses potential benefits and costs of amending environmental licensing programs, indicating that a final decision on whether to make these amendments has not yet been made.","The sentence expresses the author's belief and opinion regarding the likely outcomes of a proposed action, rather than stating established facts or final agency policy.",,,,,,1.0
181,"For purposes of this exercise considered the term ""license"" broadly to include licenses, permits, certification accreditations, and approvals that allow persons  to  undertake  activities within EPA's jurisdiction.",0,1.0,"The sentence describes a definition adopted for a specific exercise or draft context, indicating that the final scope of the term 'license' has not yet been permanently established or finalized for all future agency actions.","The sentence expresses a proposed interpretation or recommendation on how to define a term rather than stating an objective, settled fact of the agency's current operations.",,,,,,1.0
182,"The following is a list of licenses, permits, certifications,  accreditations and approvals issue (hereinafter licenses) by EPA",0,0.0,"The sentence lists existing licenses, permits, certifications, accreditations, and approvals that have already been issued by the EPA, indicating that the actions regarding these items are final and not pending a new decision.","The sentence states factual information about a list of issued documents rather than expressing an opinion, recommendation, or internal deliberation.",,,,,,0.0
183,In many cases the licenses are available both to individuals (mcluding those acting in a business capacity as a sole proprietor) to  ness entities such as partnerships and corporations.,0,0.0,"The sentence describes the general availability of licenses to various types of entities, which appears to be an established fact or policy rather than a discussion regarding a specific, pending decision.","The sentence states objective information about who is eligible for licenses and does not express a personal opinion, recommendation, or internal debate.",,,,,,0.0
184,"It is probable that most of them are held by businesses rather than individuals, but we have included any license that might be granted to an individual",0,1.0,"The sentence discusses the probable location of licenses and the agency's current practice of including licenses for individuals, which suggests the matter is in a state of analysis or policy formation rather than a finalized, settled decision.","The sentence expresses a probability ('It is probable') and describes an internal inclusion criterion ('we have included'), reflecting the agency's internal reasoning and policy choices rather than stating established external facts.",,,,,,1.0
185,(including those acting in an individual business capacity or as an employee required to have a specific  to do his or her job).,0,0.0,"The sentence fragment discusses the scope of individuals acting in business or employment capacities, which appears to be a factual description of categories rather than a discussion of a pending decision or policy formation.","The sentence states specific conditions or definitions regarding who is included, presenting facts about roles and capacities rather than expressing an opinion, recommendation, or internal debate.",,,,,,0.0
186,"You should also note that the authority to issue most of these licenses can be, and in most cases is, delegated to states (and in some cases tribes) under EPAs various statutes.",0,0.0,"The sentence discusses the existing statutory authority and current delegation of license issuance to states and tribes, which describes established legal facts rather than a future decision or an issue where a final decision has not yet been made.","The sentence states objective facts regarding the EPA's statutes and the delegation of authority; it does not express a personal opinion, recommendation, or internal deliberation.",,,,,,0.0
187,If a state or tribe has been d egated or authorized to issue the license EPA generally does not perform that function for that jurisdiction.,0,0.0,"The sentence describes a general rule or established practice regarding when the EPA does not perform a licensing function, implying the policy is already set rather than discussing a specific issue where a final decision has not yet been made.","The sentence states a factual condition or an established agency policy ('EPA generally does not perform that function') rather than expressing a personal opinion, recommendation, or internal deliberation.",,,,,,0.0
188,"Where the state or tribe is not delegated or authorized to perform this function, EPA would perform the function.",0,1.0,"The sentence describes a conditional scenario regarding future agency action (EPA performing a function) if certain conditions are not met by a state or tribe, indicating that the specific application of this rule to a situation has not yet been finalized or decided upon.","The sentence expresses a policy recommendation or an internal determination of how the agency intends to operate under specific circumstances, rather than stating an established fact or a final, binding opinion.",,,,,,1.0
189,"Thus, to be complete, any approach to child support enforcement in this area would have to deny these types of licenses whether they are issued by EPA, by the states, or by tribes..",0,1.0,"The sentence discusses a hypothetical requirement for an approach to child support enforcement, implying that a final decision or established policy on this specific enforcement method has not yet been finalized.","The sentence expresses a recommendation or a logical conclusion regarding what an approach 'would have to' do, reflecting internal deliberation on policy options rather than stating an objective fact.",,,,,,1.0
190,"We do not have readily available information that would allow us to determine how many individual as opposed to business entities, have each of these kinds of licenses, but we  try to indicate below relative proportions of individuals as opposed to business entities receiving each kind of license.",0,0.0,"The sentence discusses the current state of available data and the agency's attempt to provide relative proportions based on that data, rather than discussing a specific future decision or policy choice that has not yet been made.","The sentence states a fact regarding the lack of specific data and describes an action taken to present relative proportions, which is an informational statement rather than an expression of personal opinion, legal advice, or internal debate.",,,,,,0.0
191,"As you will see, we believe that only a few individuals receive these kinds of licenses from EPA, or from states and tnbes under EPA-delegated or authorized programs.",0,1.0,"The sentence discusses the current status and frequency of license issuance, which appears to be a statement of fact regarding existing programs rather than a discussion of a future decision or policy change that has not yet been made.","The sentence expresses the agency's belief or opinion ('we believe') regarding the scope of license recipients, which indicates an internal perspective rather than a neutral statement of established fact.",,,,,,1.0
192,"Thus, there would not be much benefit from attempting to deny these kinds of licenses for people who have not paid child support, and dojng so may add considerable burden and complexity to federal, state, and tribal administration of these programs.",1,1.0,"The sentence discusses the potential negative consequences and lack of benefit of a specific policy action (denying licenses for unpaid child support), implying that a final decision on this matter has not yet been made or is currently under consideration.","The sentence expresses an internal opinion and recommendation regarding the feasibility and administrative burden of a proposed course of action, rather than stating established facts or final agency policy.",,,,,,1.0
193,"Finally we do not believe we would have the authority under current law to be able to deny these licenses to individuals because they owe child support, accordingly ""legislation would Be neededâ€",1,1.0,"The sentence discusses a current legal assessment regarding the authority to deny licenses based on child support debt, indicating that the agency has not yet made a final decision on how to handle such cases and is identifying a need for future legislation.","The sentence expresses the internal opinion and legal conclusion of the author that current law does not permit denying licenses for this reason, representing a recommendation that legislation is needed rather than stating an established fact or final agency policy.",,,,,,1.0
194,"Given the low potential payoff from using environmental licensing as a tool for child support enforcement, we are concerned that such legislation might become a vehicle for other, unwarranted changes in the environmental laws.",1,1.0,"The sentence discusses potential future legislative changes and expresses concern about the consequences of using environmental licensing for child support, indicating that a final decision on this matter has not yet been made.",The sentence expresses an internal opinion and concern regarding the potential misuse of legislation rather than stating established facts or final agency policy.,,,,,,1.0
195,The EPA contact with whom you should coordinate as you develop possible policy on this issue is Mark Badalamente at (202)260-4724.,0,0.0,"The sentence provides contact information for coordinating on the development of possible policy, indicating that the policy itself has not yet been finalized or decided upon.","The sentence is factual in nature as it identifies a specific person and phone number for coordination; it does not express an opinion, recommendation, or internal deliberation regarding the policy content itself.",,,,,,0.0
196,Please find below the first installment from the Department of Commerce on this issue.,0,0.0,"The sentence indicates that information is being provided regarding an issue, but it does not explicitly state whether a final decision has been made or is pending. It describes the delivery of a report installment rather than the status of a decision-making process.","The sentence is a factual statement regarding the transmission of a document. It does not express an opinion, recommendation, or internal deliberation; it simply states that a report is being sent.",,,,,,0.0
197,"(It's in the form of a memo from Kit Lunney, Deputy General Counsel here, to me.)",0,0.0,"The sentence describes the format and origin of a document (a memo from Deputy General Counsel) rather than discussing the specific content or status of a pending decision. Without information about the subject matter of the memo, it is impossible to determine if the underlying issue has a final decision or is still pending.","The sentence states a factual observation about the existence and sender of a document. It does not express an opinion, recommendation, or internal deliberation regarding a policy or legal matter.",,,,,,0.0
198,"As I advised you in my telephone message, more is due from NOAA early next week.",0,0.0,"The sentence discusses a future event ('early next week') regarding a payment or delivery, but it appears to be stating a fact or a scheduled obligation rather than discussing an issue where a final decision is still being formed or debated internally.","The sentence states a specific fact or confirmation of an obligation ('more is due') rather than expressing an opinion, recommendation, or internal deliberation.",,,,,,0.0
199,I appreciate  your patience; please feel free to  call me with any questions or comments on the information.,0,0.0,The sentence does not concern an issue where a final decision has not yet been made; it is a closing remark regarding communication after information has been provided.,"The sentence does not express an opinion, recommendation, or internal deliberation; it is a factual statement of availability for contact.",,,,,,0.0
200,"If you need it in a more formal format, I can arrange that, too.",0,0.0,"The sentence discusses the logistical arrangement of providing a document in a different format, which does not inherently concern an issue where a final substantive decision has not yet been made regarding policy or action.","The sentence expresses a willingness to perform an administrative task (arranging a format) rather than expressing an opinion, recommendation, or internal deliberation on a policy matter.",,,,,,0.0
201,"Per your request, I have canvassed OGC to obtain ahswers to the questions raised in the Child Support Enforcement inquiry from the White House.",0,0.0,"The sentence describes the action of seeking answers from the Office of General Counsel regarding a specific inquiry, which implies the matter is still in progress and a final decision or set of answers has not yet been finalized.","The sentence states a factual action taken by the sender (canvassing OGC) rather than expressing a personal opinion, recommendation, or internal debate about policy.",,,,,,0.0
202,"I provided copies of the memo to those agencies that on the face  of  the statutes noted appeared to  be  responsible  for  administering  them, specifically ITA, NOAA, PTO and BXA.",0,0.0,"The sentence describes an action of distributing copies of a memo to specific agencies based on statutory interpretation, which implies the decision regarding which agencies to contact has already been made and executed.","The sentence states a factual account of who received the documents and the criteria used (statutes noted on the face), rather than expressing an internal opinion, recommendation, or personal view.",,,,,,0.0
203,"Their answers are detailed below, also posed the  questions  raised at  a Senior  Staff  meeting this  week to  see if any other Commerce bureaus had licenses of the type discussed.",0,0.0,"The sentence describes actions taken to gather information and pose questions during a meeting to investigate a specific topic, indicating that a final decision or conclusion regarding the licenses has not yet been reached.","The sentence reports on the collection of facts and the procedural steps taken to address raised questions, rather than expressing a personal opinion, recommendation, or internal debate about policy.",,,,,,0.0
204,The answer from around the table was no.,0,1.0,"The sentence describes a consensus reached during a discussion, which implies that a decision or conclusion has not yet been finalized or officially adopted by the agency.",The sentence expresses the outcome of an internal discussion ('around the table') rather than stating an objective fact or established policy.,,,,,,1.0
205,"In addition, I spoke to my Assistant General Counsels and members of their staff  to  see if  they  were aware of any additional licenses of this type and again the answer was no..",0,0.0,"The sentence describes a fact-finding activity (checking for licenses) that occurred prior to a final decision, indicating the issue is not yet resolved.","The sentence reports on the results of an inquiry (the answer was no) rather than expressing a personal opinion, recommendation, or internal debate.",,,,,,0.0
206,Questions Presented and Answered:,0,0.0,"The phrase 'Questions Presented and Answered' indicates that specific questions have been formulated and responses provided, suggesting a process where issues are being analyzed and resolved, which often precedes a final agency action or decision.","This phrase describes the structure of a document containing inquiries and their corresponding answers. While the answers themselves might contain opinions or facts, the phrase as a standalone header does not explicitly express a personal opinion, recommendation, or internal 'give-and-take' of the decision-making process; it merely labels the content.",,,,,,0.0
207,1. How many people currently have these licenses?,0,0.0,"The sentence asks for current factual data regarding the number of license holders, which does not inherently concern an issue where a final decision is pending; it is a request for existing information rather than a step in a decision-making process.","The sentence requests a specific fact (a count of people) rather than expressing an opinion, recommendation, or internal deliberation.",,,,,,0.0
208,The Department of Commerce does not currently issue licenses or certificates for foreign traveling salesmen.,0,0.0,"The sentence states a current fact about the Department of Commerce's existing policies and practices, indicating that no decision is pending or being made at this moment.","The sentence conveys an established fact regarding the agency's operational status rather than expressing a personal opinion, recommendation, or internal debate.",,,,,,0.0
209,No person currently holds such a license or certificate.,0,0.0,"The sentence states a current fact regarding the status of licenses or certificates, indicating that no one holds them at this time. Since it describes an existing state of affairs rather than a future action or a pending decision, it does not concern an issue where a final decision has not yet been made in the context of a deliberative process.","The sentence expresses an objective fact about the current regulatory status rather than an opinion, recommendation, or internal discussion. It does not reflect the personal views of an author or the 'give-and-take' of a decision-making process.",,,,,,0.0
210,"2. Would we, through regulation, be able to deny these licenses to people who owe child support, or would a legislative change be required?",0,1.0,"The sentence poses a hypothetical question regarding the legal mechanism (regulation vs. legislation) needed to achieve a specific outcome, indicating that no final decision or policy has been made yet.","The sentence expresses an inquiry into the feasibility of a course of action rather than stating a fact or established policy, reflecting the internal consideration of options.",,,,,,1.0
211,"The Department of Commerce cannot deny a license through regulation, which it currently does not issue.",0,0.0,"The sentence states a current fact about the Department of Commerce's regulatory authority and the non-existence of a specific regulation, indicating that no future decision or action is being considered at this moment.","The sentence expresses an established fact regarding the agency's legal capacity and current practices rather than an internal opinion, recommendation, or draft policy.",,,,,,0.0
212,3. Who is the agency contact with whom we should coordinate as we develop possible policy on this issue?,0,1.0,"The sentence asks about coordinating to develop possible policy, indicating that no final decision or policy has been made yet.","The sentence is a question regarding the process of developing policy and identifying contacts, which reflects internal planning and deliberation rather than stating established facts or final agency positions.",,,,,,1.0
213,No agency contact is available because the Department of Commerce does not issue such licenses or certificates ..,0,0.0,"The sentence states a current fact about the Department of Commerce's lack of authority to issue specific licenses, indicating that no decision-making process regarding a specific case is currently underway or pending.","The sentence conveys an established fact or policy limitation rather than an internal opinion, recommendation, or draft thought process.",,,,,,0.0
214,Background: The purpose of 22 USC 6503 was to enforce the provisions of certain conventions entered into with foreign governments that permit commercial travelers (foreign traveling salesmen) of Contracting Parties to operate in the United States.,0,0.0,"The sentence describes the established purpose and statutory intent of a specific law (22 USC 6503) regarding commercial travelers, which represents a settled legal fact rather than an issue where a final agency decision is pending.","The sentence states objective facts about the legislative history and purpose of a statute rather than expressing a personal opinion, recommendation, or internal debate.",,,,,,0.0
215,"Enacted in 1922, this Act authorized the Department of Commerce to 1) issue licenses to manufacturers, merchants and traders domiciled in the other Contracting Party to operate as commercial travelers in the United States, and",0,0.0,"The sentence describes an Act that was enacted in 1922, indicating a final decision has already been made and the matter is settled.","The sentence states historical facts regarding the authorization granted by the Act, rather than expressing an opinion, recommendation, or internal deliberation.",,,,,,0.0
216,"2) issue certificates  attesting  that  a manufacturer, merchant or trader domiciled in the United States was a commercial traveler.",0,1.0,"The sentence describes a specific action to issue certificates, which appears to be a proposed rule or a draft provision rather than a final decision that has already been made or implemented.",The sentence expresses a recommendation or a draft provision for a regulatory action (issuing certificates) rather than stating an established fact or final agency policy.,,,,,,1.0
217,"This Act has apparently not  been enforced in the last twenty years, if ever.",0,0.0,"The sentence discusses the historical enforcement status of an Act, which appears to be a statement of fact regarding past events rather than a discussion of a future decision or pending action.","The sentence states a factual observation about the lack of enforcement over a twenty-year period, rather than expressing an internal opinion, recommendation, or legal advice.",,,,,,0.0
218,A search of the Federal Register back to 1980 indicates that no regulations have been passed to implement this licensing and certification process.,0,0.0,The sentence states a fact about the current status of regulations (that none have been passed) rather than discussing a future decision or a matter currently under active deliberation to reach a conclusion.,"The sentence conveys an objective fact regarding the existence or absence of regulations found in the Federal Register, rather than expressing a personal opinion, recommendation, or internal debate.",,,,,,0.0
219,The Department of Commerce currently does not issue licenses or certificates for foreign traveling salesmen (commercial travelers).,0,0.0,"The sentence describes the current status of the Department of Commerce regarding license issuance, indicating that no decision is pending on this specific matter as it is an established fact of current policy.","The sentence states a factual condition about existing regulations rather than expressing a personal opinion, recommendation, or internal debate.",,,,,,0.0
220,The State Department was contacted to determine if they administer a similar process.,0,0.0,The sentence describes an action taken to gather information (contacting the State Department) to determine if a similar process exists. This indicates that the agency is in the fact-finding stage and a final decision regarding the process has not yet been made.,"The sentence states a factual action of contacting another entity to verify a process. It does not express an opinion, recommendation, legal advice, or internal debate; it is a record of an investigative step.",,,,,,0.0
221,The State Department does not issue licenses or certificates for foreign traveling salesmen (commercial travelers).,0,0.0,"The sentence states an established fact regarding the State Department's current policy and lack of authority to issue specific licenses, indicating that the matter is already settled and not a pending issue requiring a new decision.","The sentence conveys an objective fact about the agency's operational rules rather than expressing a personal opinion, recommendation, or internal debate.",,,,,,0.0
222,b) How many people currently have these licenses?,0,0.0,"The sentence asks for current factual data regarding the number of license holders, which does not inherently concern an issue where a final decision is pending; it is a request for existing information rather than a step in a decision-making process.","The sentence requests a specific fact (a count of people) rather than expressing an opinion, recommendation, or internal deliberation.",,,,,,0.0
223,"The PTO issues over 100,000 patents per year.",0,0.0,"No, this sentence states a historical statistic about the number of patents issued annually, which is a matter of established fact rather than an issue where a final decision is pending.","No, this sentence presents an objective fact or statistic rather than an opinion, recommendation, or internal deliberation.",,,,,,0.0
224,"Most patent applications are owned by legal entities, such as corporations and universities, to whom the inventor has assigned his or her rights (usually in accordance with an employment contract).",0,0.0,The sentence states a general fact about patent ownership and assignment practices rather than discussing a specific issue where a final decision has not yet been made.,"The sentence provides established factual information regarding how patent rights are typically assigned, rather than expressing a personal opinion, recommendation, or internal deliberation.",,,,,,0.0
225,"â€¢ c) Would we, through regulation, be able to deny these licenses to people who owe child support, or would a legislative change be required?",0,1.0,"The sentence poses a hypothetical question regarding the legal mechanism (regulation vs. legislation) needed to deny licenses, indicating that no final decision or established policy on this specific enforcement method has been made yet.","The sentence expresses an inquiry into potential legal pathways and options rather than stating a fact or a finalized agency opinion, reflecting the internal consideration of how to proceed.",,,,,,1.0
226,Patents issue when the PTO determines that the applicant has complied with the requirements of the Patent Act.,0,0.0,"No, this sentence describes a statutory rule stating when patents issue based on compliance with the Patent Act, which is an established legal standard rather than a specific issue where a final agency decision has not yet been made.","No, this sentence states a factual legal principle regarding the issuance of patents and does not express a personal opinion, recommendation, or internal deliberation.",,,,,,0.0
227,The PTO would need statutory authority to deny a patent grant because an applicant owes child support.,0,1.0,"The sentence discusses a hypothetical legal requirement regarding the Patent and Trademark Office's authority to deny a patent based on child support obligations, indicating that a final decision on this specific legal mechanism has not yet been made.","The sentence expresses a legal opinion or recommendation about the necessity of statutory authority, reflecting internal deliberation on policy or legal constraints rather than stating an established fact.",,,,,,1.0
228,"In addition, since most patent applications are owned by legal entities such as corporations and universities, it is not clear how this provision would be applicable.",0,1.0,"The sentence discusses the applicability of a provision to patent applications owned by legal entities, indicating that the agency is currently analyzing how the rule applies and has not yet reached a final conclusion on this specific issue.","The sentence expresses uncertainty ('it is not clear') regarding the application of a legal provision, which reflects an internal analysis and opinion rather than stating an established fact or final policy.",,,,,,1.0
229,d) Who is the agency contact with whom we should coordinate as we develop possible policy on this issue?,0,1.0,"The sentence asks about coordinating to develop possible policy, indicating that no final decision or policy has been made yet.",The sentence reflects an internal inquiry regarding the process of developing policy rather than stating established facts or final agency positions.,,,,,,1.0
230,Are there are licenses missing from the list?,0,0.0,"The sentence asks about the status of licenses, which implies a current state of affairs or a fact-checking process rather than a discussion leading up to a final agency decision on a policy matter.","The sentence is a factual inquiry regarding the existence or absence of specific items on a list, not an expression of an opinion, recommendation, or internal debate.",,,,,,0.0
231,The PTO issues licenses to individuals to practice before the PTO in patent matters.,0,0.0,"No, this sentence describes a general, established statutory function of the Patent and Trademark Office (issuing licenses) rather than a specific issue where a final decision is currently pending or being considered.","No, this sentence states an objective fact regarding the agency's authority and routine operations, rather than expressing a personal opinion, recommendation, or internal debate.",,,,,,0.0
232,"Currently, there are approximately 20,000 registered patent practitioners.",0,0.0,"The sentence states a current fact about the number of registered patent practitioners, which implies the status of the registry is established and not a matter pending a future decision.","The sentence provides a specific numerical fact rather than expressing an opinion, recommendation, or internal discussion.",,,,,,0.0
233,"However, most of these practitioners are attorneys, and therefore already subject to denial of their state license.",0,0.0,"The sentence states a current fact regarding the legal status of practitioners (that they are attorneys and subject to license denial), implying the regulatory framework is already established rather than discussing a pending decision.","The sentence expresses an objective fact about the applicability of existing laws to a specific group, rather than offering an opinion, recommendation, or internal deliberation.",,,,,,0.0
234,The denial of their state license would ordinarily result in the denial of their license to practice before the PTO in patent and trademark matters.,0,0.0,"The sentence describes a standard legal consequence or established rule regarding the relationship between a state license and a PTO license, rather than discussing a specific, pending decision on a particular case where the outcome is uncertain.","The sentence states a factual legal principle or a matter of established policy ('would ordinarily result') rather than expressing a personal opinion, recommendation, or internal debate about how to handle a specific situation.",,,,,,0.0
235,The PTO believes that th Commissioner has authority to promulgate substantive regulations regarding patent practitioners.,0,1.0,"The sentence discusses the authority to promulgate regulations, which implies a potential future action or a matter currently under consideration rather than a finalized decision that has already been officially settled and explained.","The sentence expresses the belief or opinion of the PTO regarding the legal authority of the Commissioner, representing an internal view or recommendation rather than an established fact or final agency policy.",,,,,,1.0
236,"See 35 U.S.C. 6  31 (""The Commissioner, subject to the approval of the Secretary of  Commerce, may prescribe regulations governing the recognition and conduct of agents, attorneys, or other persons representing  applicants  or  other  parties  before the Patent and Trademark Office ... "").",0,0.0,"The sentence cites a specific section of the United States Code (35 U.S.C. 6 31) which establishes the statutory authority for the Commissioner to prescribe regulations. This is a statement of existing law and established authority, not a discussion of an issue where a final agency decision has not yet been made.","The sentence quotes a legal statute to state a fact regarding the Commissioner's powers. It does not express a personal opinion, a recommendation, or an internal deliberation about how to proceed; it merely states what the law currently says.",,,,,,0.0
237,NOAA is still working on an answer regarding the  nine  statutes  listed in the memo.,0,0.0,"The sentence indicates that the agency is currently in the process of formulating a response, meaning a final decision or answer has not yet been made.","The sentence describes the status of an ongoing internal task rather than stating a specific fact, opinion, or recommendation about the content of the statutes themselves.",,,,,,0.0
238,I hope to get an answer back from them soon.,0,0.0,The sentence expresses a hope for future communication but does not indicate that a specific final decision is currently pending or being formulated regarding a substantive issue.,"The sentence states a personal hope or expectation rather than offering an opinion, recommendation, legal advice, or internal deliberation on a policy matter.",,,,,,0.0
239,The following relates to statutes not listed in the memo.,0,0.0,The sentence does not indicate that a final decision has been made or not made; it merely references the scope of statutes discussed in a memo without addressing the status of a specific decision.,"The sentence states a factual observation about the content of a document (that certain statutes are not listed) rather than expressing an opinion, recommendation, or internal deliberation.",,,,,,0.0
240,(a) The National Marine Fisheries Service (NMFS) issues licenses and permits under a number of statutes that conserve and manage living marine resources.,0,0.0,"The sentence describes the statutory authority and general function of the National Marine Fisheries Service to issue licenses and permits, which represents an established agency policy and fact rather than a specific issue where a final decision is pending.","The sentence states objective facts regarding the agency's legal mandate and operational scope; it does not express a personal opinion, recommendation, or internal deliberation.",,,,,,0.0
241,"Some licenses are issued to vessels, others to individuals.",0,0.0,"No, the sentence describes a general fact about how licenses are currently issued to different entities (vessels and individuals) rather than discussing a specific issue where a final decision has not yet been made.","No, the sentence states an objective fact or established procedure regarding license issuance rather than expressing a personal opinion, recommendation, or internal deliberation.",,,,,,0.0
242,These statutes include:,0,0.0,"No, the sentence does not concern an issue where a final decision has not yet been made because it is merely a transitional phrase introducing a list of existing laws and does not address a pending decision or policy formation.","No, the sentence does not express an opinion, recommendation, or internal deliberation; it is a factual statement of fact indicating that a list of statutes follows.",,,,,,0.0
243,"Northern Pacific Halibut Act, 16 USC 773 et seq.",0,0.0,The sentence cites a specific statute and does not indicate that a final decision is pending or being considered.,"The sentence states a factual citation of a law rather than expressing an opinion, recommendation, or internal deliberation.",,,,,,0.0
244,"Tuna Conventions Act, 16 USC 951 et seq.",0,0.0,The sentence cites a specific statute and does not indicate any ongoing discussion or pre-decisional context regarding a future action.,"The sentence states a factual citation of a law rather than expressing an opinion, recommendation, or internal deliberation.",,,,,,0.0
245,"Atlantic Tunas ConÂ·vention Act, 16 USC 971 et seq.",0,0.0,"The sentence cites a specific statute (Atlantic Tunas Convention Act) and does not discuss an ongoing issue where a final decision is pending, so it is not pre-decisional.","The sentence states a factual citation of a law rather than expressing an opinion, recommendation, or internal deliberation.",,,,,,0.0
246,"South Pacific Tuna Act, 16 USC 973 et seq.",0,0.0,The sentence cites a specific statute and does not indicate any ongoing discussion or pre-decisional context regarding a future action.,"The sentence states a factual citation of a law rather than expressing an opinion, recommendation, or internal deliberation.",,,,,,0.0
247,"Marine Mammal Protection Act, 16 USC 1361 et seq.",0,0.0,The sentence cites a specific statute and does not indicate any ongoing discussion or draft status regarding a future decision.,"The sentence states a factual citation of a law rather than expressing an opinion, recommendation, or internal deliberation.",,,,,,0.0
248,"Endangered Species Act, 16 USC 1531 et seq.",0,0.0,"The sentence cites a specific statute and does not discuss an ongoing issue or a future decision, so it is not pre-decisional.","The sentence states a factual citation of a law rather than expressing an opinion, recommendation, or internal deliberation.",,,,,,0.0
249,Magnuson-Stevens.,0,0.0,"The sentence mentions a specific statute name without any context regarding a pending decision or future action, so it is impossible to determine if a final decision has not yet been made based solely on this text.","The sentence states a proper noun (the name of a law) and does not express an opinion, recommendation, or internal deliberation.",,,,,,0.0
250,"Fishery Conservation  and Management  Act, 16 USC  1801..et seq.",0,0.0,"The sentence cites a specific statute (Fishery Conservation and Management Act) and its code section, which represents an established law rather than an issue where a final agency decision is pending.","The sentence states a factual citation of existing legislation and does not express any personal opinion, recommendation, or internal deliberation.",,,,,,0.0
251,"Antarctic Marine Living Resources Convention Act, 16 USC 2431 et seq.",0,0.0,The sentence cites a specific statute and does not indicate any ongoing discussion or pre-decisional context regarding a future action.,"The sentence states a factual citation of a law rather than expressing an opinion, recommendation, or internal deliberation.",,,,,,0.0
252,"High Seas Fishing Compliance Act, 16 USC 5501 et seq.",0,0.0,The sentence cites a specific statute and does not discuss an ongoing issue where a final decision has not yet been made.,"The sentence states a factual citation of a law rather than expressing an opinion, recommendation, or internal deliberation.",,,,,,0.0
253,(b) The number of licenses and permits issued by NMFS numbers in the several  thousands.,0,0.0,"No, the sentence states a historical fact about the number of licenses and permits already issued, indicating a final action has occurred rather than a pending decision.","No, the sentence presents a specific statistic or fact regarding the volume of issued permits, not an opinion, recommendation, or internal discussion.",,,,,,0.0
254,(c) None of the statutes NMFS administers explicitly authorizes NMFS to deny licenses and permits to people who owe child support.,0,0.0,"The sentence discusses the current legal authority of NMFS regarding license denials for child support debtors, which appears to be a statement of existing statutory law rather than a discussion of a pending decision or future action.","The sentence states a factual observation about what the statutes do or do not authorize, rather than expressing a personal opinion, recommendation, or internal debate.",,,,,,0.0
255,Our initial reaction is that legislative change would be required.,0,1.0,"The sentence uses the phrase 'initial reaction' and discusses a requirement for 'legislative change,' indicating that the agency is currently considering options and a final decision or policy has not yet been established.","The sentence explicitly states 'Our initial reaction,' which expresses a subjective opinion or internal assessment rather than stating an objective fact or established policy.",,,,,,1.0
256,"BXA's export licenses are granted primarily to corporate entities as , opposed to individuals.",0,0.0,"The sentence describes the current, established practice of granting export licenses to corporate entities rather than individuals, indicating that the policy or procedure is already in place and not a matter pending a final decision.","The sentence states a factual observation about the agency's existing operational pattern rather than expressing a personal opinion, recommendation, or internal debate about how to handle a specific case.",,,,,,0.0
257,The Bureau grants no other licenses.,0,0.0,"No, the sentence states a current fact or established policy regarding the Bureau's licensing actions, indicating that no decision is pending on this specific point.","No, the sentence states an objective fact or a statement of existing policy rather than expressing a personal opinion, recommendation, or internal debate.",,,,,,0.0
258,"Thank you, Judge.",0,0.0,"The sentence 'Thank you, Judge.' is a polite closing remark and does not concern an issue where a final decision has not yet been made, nor does it relate to the decision-making process itself.","The sentence is a statement of gratitude and does not express an opinion, recommendation, or internal deliberation regarding agency policy or legal advice.",,,,,,0.0
259,Can you get me something in writing re: what Virginia has done and what results they have had -- or give me a name and number to call?,1,0.0,"The sentence is a request for information regarding past actions and results taken by another entity (Virginia), which implies the subject matter is already established and not a future decision awaiting a final conclusion.","The sentence is a factual inquiry seeking specific data or contact information rather than expressing an internal opinion, recommendation, or personal view of the author.",,,,,,0.0
260,"I want to know, can we credible say this has ""worked"" in Virginia?",1,1.0,"The sentence questions whether a specific outcome has been achieved in Virginia, indicating that the agency is still evaluating the success of a program or policy and has not yet made a final determination on its effectiveness.","The sentence expresses a personal inquiry and seeks an opinion or assessment regarding the credibility of a claim, rather than stating an established fact or final agency position.",,,,,,1.0
261,"We have talked about it and decided that, absent legislation - similar to what we have in the law regarding state license revocation, booting cannot be mandated by regulation.",1,0.0,"The sentence states that a decision has already been reached ('decided that... booting cannot be mandated'), indicating the matter is no longer pre-decisional but rather post-decisional or final.","The sentence expresses a final conclusion and policy determination regarding the legal authority to mandate booting, rather than reflecting an internal opinion, draft recommendation, or ongoing deliberation.",,,,,,0.0
262,"As you may know, the State of Virginia has begun a very aggressive program of booting and the State Director there tells me that i has been very successful.",0,0.0,"The sentence discusses an ongoing program that has already begun and reports on its current success, indicating that the matter is not in a pre-decisional phase where a final conclusion is being sought.","The sentence states a fact regarding the existence and success of a program rather than expressing an internal opinion, recommendation, or personal view of the author.",,,,,,0.0
263,"I have asked the editor of our Child- Support Report that goes to  employees  across  the nation, to  feature  the Virginia I project in an article ..",1,1.0,"The sentence describes a request to feature a specific project in an upcoming article, indicating that the final decision on the content of the report or the specific inclusion of the project has not yet been finalized or officially settled.","The sentence expresses a recommendation or an internal communication regarding how a report should be structured, reflecting the author's personal view or suggestion rather than stating an established agency policy or a final fact.",,,,,,1.0
264,We also do a best practices manual.,0,0.0,"The sentence describes the creation of a 'best practices manual,' which is typically a reference document or policy guide rather than a draft intended to assist in reaching a specific, pending decision on a particular matter. The existence of such a manual does not inherently indicate that a final decision on a specific issue has not yet been made.","The sentence states a fact about the agency's activities (creating a manual) rather than expressing a personal opinion, recommendation, or internal debate regarding a specific course of action.",,,,,,0.0
265,"If the resuits continue to be beneficial, we will include it in a future edition.",1,1.0,"The sentence discusses a potential future action contingent on ongoing results, indicating that a final decision to include the item has not yet been made.",The sentence expresses a conditional recommendation or internal consideration regarding future policy rather than stating an established fact or final agency position.,,,,,,1.0
266,"It might b e worthwhile, however, for the President to mention it in some future child support radio address.",1,1.0,"The sentence discusses a potential future action by the President regarding a radio address, indicating that no final decision has been made yet.",The sentence expresses a recommendation or suggestion ('might be worthwhile') rather than stating an established fact or final policy.,,,,,,1.0
267,Hope this helps.,0,0.0,"The sentence does not concern an issue where a final decision has not yet been made, as it is a closing remark unrelated to the substance of a decision.","The sentence does not express an opinion, recommendation, or internal deliberation; it is a standard polite closing phrase.",,,,,,0.0
268,David Ross.,0,0.0,"The sentence 'David Ross.' is a proper noun and does not contain any information regarding a decision-making process, an issue pending resolution, or a final decision. Therefore, it is impossible to determine if it concerns an issue where a final decision has not yet been made based solely on this text.","The sentence 'David Ross.' is a name and does not express an opinion, recommendation, legal advice, or internal deliberation. It is a factual identifier rather than a statement of view.",,,,,,0.0
269,"Yes   -- we  require states to have the authority to suspend licenses, but they decide when to  apply,  which is  what I think  we should do for booting cars.",1,1.0,"The sentence discusses a proposed approach ('what I think we should do') regarding the suspension of licenses versus booting cars, indicating that a final decision on this specific policy application has not yet been made.","The sentence explicitly expresses a personal opinion ('what I think we should do') and a recommendation on how the agency should proceed, rather than stating an established fact or final agency policy.",,,,,,1.0
270,"Generally, as you know, states report that they get funds by threatening to revoke licenses",0,0.0,"The sentence discusses a general practice of states regarding funding and license revocation, which appears to be an established fact or a description of existing behavior rather than a discussion of a specific, pending decision where a final outcome has not yet been determined.","The sentence states a factual observation about how states operate ('states report that they get funds by...') rather than expressing a personal opinion, recommendation, or internal debate about a specific course of action.",,,,,,0.0
271,they rarely actually have to follow through and actually suspend them but requiring the state to have the procedure gives the child support .,0,1.0,"The sentence discusses the practical application of a procedure and the benefits of requiring a state to have that procedure, which implies the policy or its implementation is still being evaluated or discussed rather than a final decision having been made and executed.","The sentence expresses an opinion or observation about the likelihood of enforcement ('rarely actually have to follow through') and the value of a procedural requirement ('gives the child support'), reflecting internal deliberation rather than stating established facts.",,,,,,1.0
272,agency a new tool to collect overdue funds.,0,1.0,"The sentence describes the proposal or consideration of a new tool, indicating that the decision to implement this tool has not yet been finalized.",The sentence expresses a recommendation or a proposal for action rather than stating an established fact or final policy.,,,,,,1.0
273,"Let me get more information on Virginia's car booting program to make sure we can credibly say ""'this works."" '.",1,1.0,"The sentence indicates that the speaker is currently gathering information to evaluate a program, implying that a final decision on the program's credibility or continuation has not yet been made.",The sentence expresses an internal intent to verify facts and form a conclusion ('make sure we can credibly say') rather than stating an established fact or final policy.,,,,,,1.0
274,"Current law re: licenses reads as follows: states must have ""procedures under which the State has (and uses in appropriate cases) authority to withhold or suspend, or to restrict the use of  driver's licenses, professional and occupational licenses, and recreational  licenses  of  individuals  owing overdue support or failing, after receiving appropriate notice, to comply with subpoenas or warrants relating to paternity or child support proceedings""",0,0.0,"The sentence cites existing statutory language regarding current laws and procedures for license suspension, indicating that the legal framework and rules are already established rather than discussing a future decision or draft policy.","The sentence states objective facts about what the law currently requires, specifically quoting the text of a statute, rather than expressing an internal opinion, recommendation, or personal view.",,,,,,0.0
275,"On drivers licenses, we mandate that they have legislation to give themselves the option to do it, right?",0,1.0,"The sentence discusses the potential for legislation regarding driver's licenses and uses phrasing like 'give themselves the option' and ends with a question mark, indicating that a final decision or established policy on this specific legislative approach has not yet been made.",The sentence expresses a tentative opinion or a question about a proposed course of action ('mandate that they have legislation') rather than stating an objective fact or an established agency policy.,,,,,,1.0
276,Is that what we'd do here?,1,1.0,"The sentence is a question asking for confirmation of a potential course of action, indicating that no final decision has been made yet.","The sentence reflects an internal inquiry or discussion regarding how to proceed, representing the give-and-take of the decision-making process rather than stating an established fact or final policy.",,,,,,1.0
277,Sure. He is a lawyer named Stephen Grant.,0,0.0,"The sentence provides a factual identification of a person's name and profession, which does not inherently concern an issue where a final decision has not yet been made, as it is a statement of fact rather than a decision-making process.","The sentence states a verifiable fact about an individual's identity rather than expressing an opinion, recommendation, or internal deliberation.",,,,,,0.0
278,He is our International Officer  and his telephone number is 202 260 5943.,0,0.0,"No, the sentence provides factual contact information about a current officer and does not concern an issue where a final decision is pending.","No, the sentence states objective facts regarding a person's title and phone number rather than expressing an opinion, recommendation, or internal deliberation.",,,,,,0.0
279,IRS - I am working on the other two issues.,0,0.0,"The sentence indicates that work is currently in progress on specific issues, implying that a final decision or resolution has not yet been reached.","The sentence is a factual statement regarding the status of an employee's workload and does not express an opinion, recommendation, or internal deliberation.",,,,,,0.0
280,"Also, I have been asked whether it be possible for the federal government, through regulation, to require states to ""boot"" the cars of owners who owe child support, the way state and local governments boot cars of people who owe traffic tickets?",1,1.0,"The sentence discusses a potential future regulatory action regarding the federal government requiring states to boot cars for child support debt, indicating that no final decision or established policy on this specific federal regulation has been made yet.","The sentence poses a question about the feasibility of a specific regulatory approach rather than stating a fact, expressing a personal inquiry or seeking internal consideration on a policy option.",,,,,,1.0
281,I wonder if there's a way to interpret section 368 of PL 104-193 regarding liens or section 369 regarding licenses to do this?,1,1.0,"The sentence discusses potential legal interpretations of specific statutes before a final decision or official action has been taken, indicating the issue is pre-decisional.","The sentence expresses a personal inquiry and uncertainty ('I wonder') regarding how to apply the law, which reflects internal deliberation and the search for a legal path rather than stating established facts or final policy.",,,,,,1.0
282,"This was suggested at a high level meeting, and we will be expected to report back.",1,1.0,"The sentence indicates that a report back is expected in the future, implying that the final decision or outcome regarding the suggestion has not yet been made.","The sentence describes a suggestion made at a meeting and an expectation to report, which reflects the internal discussion and planning phase rather than stating established facts or final agency policy.",,,,,,1.0
283,"As you requested, attached is a list of federal licenses that might be subject to either  suspension or denial.",0,0.0,"The sentence discusses licenses that 'might be' subject to suspension or denial, indicating that the status of these licenses is not yet finalized and a decision has not been made.","The sentence provides a factual list of licenses based on a request, rather than expressing an internal opinion, recommendation, or personal view of the author regarding how to handle the matter.",,,,,,0.0
284,Much more  work needs  to  be done by the legal staff of the  various  agencies  and  departments  before  we could actually ask the President to promulgate an executive order.,1,1.0,"The sentence explicitly states that 'much more work needs to be done' before a specific action (asking the President to promulgate an executive order) can occur, indicating that a final decision has not yet been made.","The sentence expresses a recommendation or internal assessment regarding the necessity of further legal work, reflecting the internal deliberation process rather than stating established facts or final policy.",,,,,,1.0
285,"The listing if a result of searches of the U.S. Code, Code of Federal Regulations, and other resources.",0,0.0,"The sentence describes the methodology used to compile a list based on existing laws and regulations, which implies the data is factual and established rather than part of a pending decision-making process.","The sentence states objective facts regarding the sources of the information (U.S. Code, CFR, etc.) rather than expressing an opinion, recommendation, or internal debate.",,,,,,0.0
286,"While many of the ninety-two licenses listed are arcnane and unlikely to prove effective as enforcement tools, this is at least an appropriate starting point for discussions with other federal agencies to identify federal powers which might be used to encourage compliance with child support orders.",1,1.0,"The sentence discusses a proposed 'starting point for discussions' and evaluates the potential effectiveness of licenses as enforcement tools, indicating that a final decision on how to proceed or which specific powers to use has not yet been made.","The sentence expresses an opinion and recommendation regarding the utility of the licenses and suggests a course of action (discussions with other agencies), rather than stating established facts or final agency policy.",,,,,,1.0
287,Here is more information about what I'd like you to get from the law library:,0,1.0,"The sentence indicates that the speaker is requesting information to be gathered from a law library, which implies that the final decision or conclusion regarding the legal matter has not yet been reached.","The sentence expresses a request for internal information gathering rather than stating an established fact or final policy, reflecting the internal process of preparing for a decision.",,,,,,1.0
288,1) Attached is a list of licenses granted by the federal government to individuals.,0,0.0,"No, the sentence describes a list of licenses that have already been granted, indicating the action is complete and not a matter pending a final decision.","No, the sentence states a factual record of existing licenses rather than expressing an opinion, recommendation, or internal deliberation.",,,,,,0.0
289,a) Are there licenses missing from this list?,0,0.0,"The sentence asks a question regarding the status of licenses on a list, which implies that the final determination of whether licenses are missing has not yet been made.","The sentence is a factual inquiry seeking specific information about the contents of a list rather than expressing an opinion, recommendation, or internal deliberation.",,,,,,0.0
290,b) How many people have these licenses?,0,0.0,"The sentence asks for a count of existing licenses, which implies the licenses are already issued and the data exists, rather than discussing a future decision or policy change.","The sentence is a factual inquiry requesting specific data points (a number) rather than expressing an opinion, recommendation, or internal debate.",,,,,,0.0
291,"c) Would we, through regulation, be able to deny these licenses to people who owe i.  child support, or would a legislativeÂ·change be required?",0,1.0,"The sentence poses a hypothetical question regarding the feasibility of denying licenses via regulation versus requiring a legislative change, indicating that no final decision on the matter has been made yet.","The sentence expresses an inquiry into legal and policy options rather than stating established facts or final agency positions, reflecting the internal deliberation process.",,,,,,1.0
292,"2) Would it be possible for the federal government, through regulation, to require states to ""boot"" bars of owners who owe child support, perhaps through an interpretation of section 368 of PL :104-193 regarding liens or section 369 regarding licenses?",0,1.0,"The sentence poses a hypothetical question about the feasibility of a future regulatory action, indicating that no final decision or interpretation has been made yet.",The sentence expresses an inquiry into potential legal strategies and regulatory options rather than stating established facts or final agency policy.,,,,,,1.0
293,(See attached for statutory language.),0,0.0,"The sentence references attached statutory language, which is a pre-existing law, not a matter where a final agency decision is pending or being formed.","The sentence is a directive to view an attachment containing facts (statutory text) rather than expressing an internal opinion, recommendation, or personal view.",,,,,,0.0
294,I spoke to Kohl's staff today.,0,0.0,"The sentence describes a past event of speaking to staff, which is a factual record of communication rather than a document created to assist in reaching a future decision.","The sentence states a fact about an interaction that occurred; it does not express an opinion, recommendation, or internal deliberation.",,,,,,0.0
295,"After very preliminary conversations with CBO, they think the bill will cost ""a few hundred million dollars.""",0,1.0,"The sentence discusses a preliminary cost estimate regarding a bill, indicating that the final decision or official cost determination has not yet been made.",The sentence expresses the opinion or recommendation of the CBO based on preliminary conversations rather than stating an established fact or final agency policy.,,,,,,1.0
296,Somewhere in the $200-$300 range.,0,0.0,"The sentence provides a specific numerical range for a cost or value, which appears to be a factual statement or a specific data point rather than a discussion about an issue where a final decision is pending.","The sentence states a fact or a specific estimate regarding a monetary range; it does not express an opinion, recommendation, legal advice, or internal deliberation.",,,,,,0.0
297,"Still, a very preliminary estimate.",0,1.0,The phrase 'very preliminary estimate' indicates that the information is in an early stage of development and a final decision or accurate figure has not yet been made.,The sentence expresses a tentative assessment or opinion regarding the status of data rather than stating an established fact or final policy.,,,,,,1.0
298,"I. Background: Under current law, states generally retain child support collected on behalf of TANF-assisted families as one of several sources of program financing.",0,0.0,"The sentence describes the existing legal framework and current practices regarding child support retention by states, which represents established facts rather than a matter where a final decision is pending.","The sentence states objective facts about the law and program financing sources without expressing personal opinions, recommendations, or internal deliberations.",,,,,,0.0
299,This .support is split between the State and Federal Government  as  reimbursement  for  welfare  services.,0,0.0,"The sentence describes an existing arrangement regarding how support is split between governments for welfare services, which implies the policy or funding structure is already established rather than a matter where a final decision is yet to be made.","The sentence states a factual description of a current reimbursement arrangement rather than expressing a personal opinion, recommendation, or internal debate.",,,,,,0.0
300,"Under welfare reform, states were given the option of continuing  the  previous  $50 pass-through,  but most states have opted not to do so.",0,0.0,"The sentence describes a past event where states made a choice regarding welfare reform options, indicating that the decision-making process for this specific issue has already concluded.","The sentence states a factual outcome (most states opted not to continue the pass-through) rather than expressing an internal opinion, recommendation, or draft thought process.",,,,,,0.0
301,"However, some pass-through a portion (typically $50) and disregard this amount in calculating the family's  TANF  benefits.",0,0.0,"The sentence describes a specific mechanism or fact regarding how certain individuals handle pass-through amounts in TANF benefit calculations, which appears to be an established procedure rather than a matter where a final decision is pending.","The sentence states a factual observation about current practices ('some pass-through... and disregard') rather than expressing a personal opinion, recommendation, or internal debate.",,,,,,0.0
302,A  few  (including  Wisconsin and Vermont) have federal waivers which allow them  to pass-through  all of the support collected to the family.,0,0.0,"The sentence states existing facts about federal waivers currently held by specific states, indicating that a final decision on these waivers has already been made and is in effect.","The sentence conveys objective information regarding the status of legal waivers rather than expressing an opinion, recommendation, or internal discussion.",,,,,,0.0
303,Wisconsin disregards the support in calculating assistance -- Vermont does not.,0,0.0,"The sentence states a factual comparison regarding how Wisconsin and Vermont currently calculate assistance, indicating that a final decision on the matter has already been made and is being described.","The sentence expresses established facts about agency policies rather than an internal opinion, recommendation, or personal view of an author.",,,,,,0.0
304,II. Issues: 1) Disincentives: Non-custodial parents of TANF assisted children are discouraged from paying support because their money goes to the government and does not benefit their children directly.,0,0.0,"The sentence identifies a specific problem or issue regarding non-custodial parents and TANF assistance, which serves as a factual premise for potential future policy decisions rather than describing a decision that has already been finalized.","The sentence states an objective fact about the current situation where money goes to the government instead of children directly; it does not express a personal opinion, recommendation, or internal debate.",,,,,,0.0
305,Custodial parents also have less incentive to cooperate with the CSE agency since payments are generally not forwarded to them.,0,0.0,"The sentence discusses a general observation about the incentives of custodial parents regarding cooperation with an agency, which appears to be a statement of fact or a description of a current situation rather than a discussion of a specific, pending decision where a final conclusion has not yet been made.","The sentence states a factual condition or observation about the relationship between payments and parental cooperation, rather than expressing a personal opinion, recommendation, or internal deliberation on how to handle a specific matter.",,,,,,0.0
306,"2) Burdens: Support is distributed according to when it accrues, whether a family is or ever was on public assistance and by which method it is collected.",0,0.0,"The sentence describes the criteria and timing for distributing support, which appears to be an established rule or policy rather than a discussion about a specific issue where a final decision has not yet been made.","The sentence states factual conditions regarding how support is distributed (when it accrues, family status, collection method) rather than expressing a personal opinion, recommendation, or internal debate.",,,,,,0.0
307,This distribution system has proven burdensome and costly both in terms of programming and personnel.,0,1.0,"The sentence describes a current state of affairs regarding a distribution system that is already in place and has already incurred costs and programming burdens, suggesting the issue is not in the pre-decisional phase of creating a new system but rather an assessment of an existing one.","The sentence expresses an evaluative opinion or assessment (that the system is 'burdensome and costly') rather than stating an objective fact, which fits the definition of deliberative content.",,,,,,1.0
308,"3)Unstable Financing: CSE caseloads have increased 44 percent since 1991, but TANF caseloads are decreasing.",0,0.0,The sentence presents statistical data regarding caseload trends (increases in CSE and decreases in TANF) without indicating that a final decision has been made or that the document is part of a pre-decisional process.,"The sentence states objective facts and statistics rather than expressing an opinion, recommendation, or internal deliberation.",,,,,,0.0
309,"As discussed, states retain TANF collections, but distribute non-TANF collections directly to the families.",0,0.0,"The sentence describes an established rule regarding how states handle TANF and non-TANF collections, indicating that the policy or procedure is already in place rather than discussing a future decision.","The sentence states a factual description of current distribution practices and does not express a personal opinion, recommendation, or internal debate.",,,,,,0.0
310,"Thus, increasing caseloads are generating a need for more resources, but the revenue-making portion of the caseloads is in flux.",0,1.0,"The sentence discusses current operational conditions and future resource needs ('generating a need') while noting that a specific component ('revenue-making portion') is currently unstable ('in flux'), indicating that a final decision on resource allocation or policy adjustment has not yet been made.","The sentence presents an observation of the current state of affairs and a logical inference regarding resource requirements rather than stating an established fact, a final opinion, or a settled policy; it reflects the internal assessment of the agency's situation.",,,,,,1.0
311,III. Kohl Pass-Through Option Legislation,0,0.0,The sentence is a section heading that identifies a topic regarding legislation but does not indicate whether a final decision has been made or if the matter is still under consideration.,"The sentence is a factual label or title describing a subject matter rather than expressing an opinion, recommendation, or internal deliberation.",,,,,,0.0
312,"Option to Pass-Through for TANF: States  are given  the option  to  pass-through  all  child support collections, including arrears, made on behalf of TANF families.",0,0.0,"The sentence describes a specific policy mechanism or rule regarding how states can handle child support collections for TANF families. It outlines a provision that appears to be part of an established statute, regulation, or finalized policy rather than a draft proposal or an internal discussion about whether to adopt such a rule. Since the text states the option exists as a fact of the program's design, it does not clearly concern an issue where a final decision is still pending in the context of internal agency deliberation.","The sentence states a factual description of a program provision (the existence of an option for states). It does not express a personal opinion, a recommendation, legal advice, or an internal debate. It reads like a statement of established policy or law rather than a subjective view or a draft recommendation.",,,,,,0.0
313,"If a state adopts a passÂ­ through policy, the state  can claim TANF MOE  for passed-through support,  even  if  that  support is not disregarded.",0,0.0,"The sentence discusses a conditional scenario ('If a state adopts...') regarding the application of a specific policy rule (TANF MOE). It does not indicate that a final decision on this specific matter has been made or that the agency is currently debating whether to adopt a stance; rather, it appears to be stating a rule or a hypothetical outcome based on existing or proposed regulations.","The sentence states a factual consequence or a rule interpretation ('the state can claim...') rather than expressing a personal opinion, recommendation, or internal debate. It reads like an explanation of how a policy works or a statement of law, not a draft opinion or advice.",,,,,,0.0
314,(Current law only allows states to claim TANF MOE credit for disregarded support.),0,0.0,"The sentence states a fact regarding the current legal framework and what is permitted under existing law, rather than discussing a future decision or an issue where a final decision has not yet been made.","The sentence presents an established legal fact or rule rather than expressing a personal opinion, recommendation, or internal deliberation.",,,,,,0.0
315,Family Income Protection: States that adopt a pass-through policy must have budget   mechanisms in place so that child support income is not counted against TANF eligibility or benefits until the family has the child support in hand.,0,0.0,"The sentence describes a specific policy requirement or rule regarding how states must handle child support income for TANF eligibility, which implies an established standard or final policy rather than a pending decision.","The sentence states a factual requirement or a rule ('States that adopt... must have...') rather than expressing a personal opinion, recommendation, or internal debate.",,,,,,0.0
316,Income Treatment Options: State has options to:,0,1.0,"The sentence lists options available to the state, which implies that a final decision on which option to select has not yet been made.",The sentence presents a list of potential courses of action rather than stating established facts or final agency policy.,,,,,,1.0
317,(1) include child support as income when calculating eligibility for TANF;,0,1.0,"The sentence proposes a specific policy change regarding how child support is treated in TANF eligibility calculations, indicating that a final decision on this matter has not yet been made.",The sentence functions as a recommendation or a draft provision rather than stating an established fact or final agency policy.,,,,,,1.0
318,"(2) disregard child support in whole or in part when calculating the amount of a welfare benefit  for a family, but if the state disregards 50 percent or more of the total child support payments, determined either on a case by case basis or in an annual aggregate, that state is no longer required to repay or calculate the Federal share of the payment",0,0.0,"The sentence describes a specific statutory rule or condition regarding the calculation of welfare benefits and federal repayment requirements, which appears to be an established policy or legal standard rather than a matter where a final decision is pending.","The sentence states objective criteria and conditions ('disregard child support', 'no longer required to repay') rather than expressing a personal opinion, recommendation, or internal debate.",,,,,,0.0
319,"Maintenance of Effort: Requires states that adopt a pass-through policy to fund child support program at highest of 1995-1998 level to ensure that program is not defunded simply because more resources are going to families, excluding aufomated systems costs and enhancements.",0,0.0,"The sentence describes a specific statutory requirement or rule regarding funding levels for child support programs, which appears to be an established policy or fact rather than a matter where a final decision is still pending.","The sentence states a mandatory condition ('Requires states...') and defines specific exclusions for costs; it does not express a personal opinion, recommendation, or internal debate but rather articulates a fixed rule.",,,,,,0.0
320,Child Support Pass-through,0,0.0,"The phrase 'Child Support Pass-through' appears to be a title, label, or subject heading rather than a sentence describing an ongoing process or a specific issue where a decision is pending. Without context indicating that a decision is being made on this topic, it is difficult to determine if it is pre-decisional, but titles generally do not contain the substance of a decision-making process.","The phrase is a noun phrase acting as a label. It does not express an opinion, recommendation, legal advice, or internal deliberation. It states a subject matter or a category rather than reflecting the 'give-and-take' of a decision.",,,,,,0.0
321,"Under AFDC, families applying for assistance assigned their child support rights to the state.",0,0.0,"The sentence describes a statutory requirement under AFDC regarding the assignment of child support rights, which is an established fact of existing law rather than an issue where a final decision has not yet been made.","The sentence states a factual condition of the program rather than expressing an opinion, recommendation, or internal deliberation.",,,,,,0.0
322,Child support payments made by a noncustodial parent were thus paid to the child support agency rather than the AFDC family.,0,0.0,"The sentence describes a completed action where payments were already made to an agency, indicating the matter is settled and not a future decision.","The sentence states a factual occurrence regarding the destination of payments rather than expressing an opinion, recommendation, or internal debate.",,,,,,0.0
323,"If the child support payment was not large enough to disqualify the family from AFDC, the first fifty dollars of the child support payment  was paid to  the AFDC family each month as a ""pass-through.''.",0,0.0,"The sentence describes a specific rule or mechanism regarding how child support payments were handled for AFDC families, which appears to be an established policy or factual description of a program rather than a discussion on an issue where a final decision has not yet been made.","The sentence states a fact about the payment structure (the 'pass-through' of the first fifty dollars) rather than expressing a personal opinion, recommendation, or internal deliberation.",,,,,,0.0
324,"In addition, the pass-through was disregarded in the families' benefit computation.",0,0.0,"The sentence describes a specific action (disregarding a pass-through) that has already occurred in a benefit computation, indicating the matter is not in a pre-decisional phase but rather reflects a completed calculation or fact.","The sentence states a factual outcome of a computation rather than expressing an opinion, recommendation, or internal deliberation.",,,,,,0.0
325,The remaining portion of the child support payment that was not paid to the AFDC family was split between the state and federal government as reimbursement for monthly cash assistance payments.,0,0.0,"The sentence describes a completed action where a specific portion of a child support payment has already been split between the state and federal government, indicating that the matter is settled and not pending a final decision.","The sentence states a factual outcome regarding how funds were distributed rather than expressing an opinion, recommendation, or internal debate.",,,,,,0.0
326,"Under waivers, some states changed the pass-through amount and other states treated child support payments as unearned income, disregarding some portion of the payment for the purposes of benefit computation.",0,0.0,"The sentence describes actions that have already occurred in various states regarding waivers and child support treatment, indicating that the events are past and not a matter where a final decision is currently pending.","The sentence states factual information about how different states handled specific financial calculations under existing waivers, rather than expressing an opinion, recommendation, or internal debate.",,,,,,0.0
327,PRWORA repealed  the federal law requiring  the fifty dollar pass-through.,0,0.0,"The sentence states a fact about a law that has already been repealed, indicating the matter is settled and not a pending issue requiring a new decision.","The sentence conveys an established legal fact regarding the status of a statute rather than expressing an opinion, recommendation, or internal discussion.",,,,,,0.0
328,"Under  PRWORA, a portion of the child support payment is paid to the federal government based on the Medicaid match rate in effect September 1996.",0,0.0,"The sentence describes a specific statutory requirement and a historical fact regarding payment rates effective in September 1996, indicating that the legal framework and the rate itself are established matters rather than an issue where a final decision is pending.","The sentence states objective facts about the law (PRWORA) and the calculation method (Medicaid match rate) without expressing any personal opinion, recommendation, or internal debate.",,,,,,0.0
329,The remaining portion of the payment is kept by the states.,0,0.0,"The sentence describes a current state of affairs regarding how payments are distributed, which implies a finalized rule or policy rather than a pending decision.","The sentence states a factual condition about the allocation of funds rather than expressing an opinion, recommendation, or internal debate.",,,,,,0.0
330,States may choose to discontinue the pass-through or maintain the pass-through at their own expense.,0,1.0,"The sentence discusses potential future actions ('may choose') that states have not yet taken, indicating that a final decision regarding the continuation or discontinuation of the pass-through has not been made.",The sentence expresses a possibility or recommendation regarding policy options rather than stating an established fact or final agency opinion.,,,,,,1.0
331,"Table VI.6 shows that 18 states have maintained the fifty qollar pass-through that originated under AFDC, but 4 of those states have maintained the pass-through on a temporary basis.",0,0.0,"The sentence presents factual data regarding the status of state policies (specifically which states maintain a pass-through and whether it is temporary), indicating that the underlying facts are established rather than discussing a future decision in progress.","The sentence states objective facts and statistics derived from a table, rather than expressing an opinion, recommendation, or internal debate.",,,,,,0.0
332,Thirty-three states have changed the pass-through amount significantly.,0,0.0,"No, the sentence states a fact about actions already taken by thirty-three states, indicating that the issue of those specific state changes is settled and not a matter where a final decision is yet to be made by the agency.","No, the sentence presents an objective fact regarding the number of states and the nature of their changes, rather than expressing an opinion, recommendation, or internal deliberation.",,,,,,0.0
333,"Of those, 29 states discontinued the child support pass-through completely and one state (Kansas) maintains the child support pass-through at a reduced level, passing through forty dollars of the child support payment to the families.",0,0.0,"The sentence presents factual data regarding the current status of child support pass-through policies in various states, indicating that decisions have already been made and implemented rather than discussing a future decision.","The sentence states objective facts and statistics about existing laws and policies without expressing an opinion, recommendation, or internal deliberation.",,,,,,0.0
334,"Two states increased the pass-through amount (Connecticut, Nevada), and one state (Wisconsin)  passes through the entire child support payment, allowing families to keep a larger portion of the child support payment each month without lowering the families' cash assistance benefits.",0,0.0,"The sentence describes established facts regarding current laws in specific states (Connecticut, Nevada, and Wisconsin) rather than discussing a future decision or a matter under active consideration.","The sentence states objective facts about how child support payments are handled in those jurisdictions; it does not express an opinion, recommendation, or internal debate.",,,,,,0.0
335,"very strange -- i just asked Michele for paper on CS distribution rules, when this popped up.",0,0.0,"The sentence describes a reaction to an unexpected event ('this popped up') and a recent inquiry for information, but it does not explicitly discuss a specific issue where a final agency decision is currently pending or being formulated.","The sentence expresses a personal observation ('very strange') and recounts a specific action taken by the author (asking Michele for paper), rather than offering a policy recommendation, legal advice, or internal opinion on how to handle a matter.",,,,,,0.0
336,"Michele will look into getting paper, but this is a start.",0,1.0,"The sentence describes a future action ('will look into') regarding obtaining paper, indicating that the final decision or outcome has not yet been reached.",The sentence expresses a tentative plan or internal step ('this is a start') rather than stating an established fact or final policy.,,,,,,1.0
337,"For those interested in an overall understanding of the federal rules that affect how child support collections are assigned and distributed, I recommend reading the Child Support enforcement section of the Green Book (http://www.access.gpo.gov/congress/wm001.htm1).",0,0.0,"The sentence provides a recommendation for reading an existing external document to understand established rules, rather than discussing an internal issue where a final agency decision has not yet been made.","The sentence expresses a personal recommendation to the reader about what to read, but it does not reflect the internal give-and-take of a decision-making process, nor does it contain legal advice or policy opinions regarding a pending agency action.",,,,,,0.0
338,For a more focused description of how child support distributions affect,0,0.0,The sentence fragment discusses the effects of child support distributions but does not indicate whether a final decision has been made or if the discussion is part of a pre-decisional process.,"The sentence appears to be stating a factual relationship or seeking a description of effects rather than expressing a personal opinion, recommendation, or internal deliberation.",,,,,,0.0
339,Here's what these reports basically say: For families that are currently on welfare the rules for distribution of child support collections are generally straightforward,0,0.0,"The sentence summarizes the content of existing reports regarding current rules for families on welfare, indicating that the subject matter involves established regulations rather than a pending decision or future action.","The sentence states facts about what reports say and describes the nature of current rules as 'generally straightforward,' which are objective descriptions of policy rather than personal opinions, recommendations, or internal deliberations.",,,,,,0.0
340,(distribution rules for families that are not longer on welfare are  a little more complicated).,0,0.0,"The sentence discusses distribution rules for families no longer on welfare, which implies an existing policy or set of regulations rather than a pending decision on whether to create such rules. The phrasing suggests these are current operational guidelines.","The sentence states a fact about the complexity of existing rules rather than expressing a personal opinion, recommendation, or internal debate about what the rules should be.",,,,,,0.0
341,"Under AFDC, the first fifty dollars of child support collected on behalf of a family was ""passed-through"" to the family currently on welfare.",0,0.0,"The sentence describes a specific rule or mechanism regarding how child support was handled under the AFDC program, which appears to be an established fact or policy rather than a matter where a final decision is currently pending.","The sentence states a factual description of a program's operation ('passed-through') rather than expressing a personal opinion, recommendation, or internal debate.",,,,,,0.0
342,The remaining child support collections were split between the state and federal government (according to state medicaid match rates).,0,0.0,"The sentence describes a completed action where collections have already occurred and been split according to established rates, indicating a final decision or settled matter rather than a pending issue.","The sentence states a factual outcome regarding how funds were distributed based on specific match rates, rather than expressing an opinion, recommendation, or internal debate.",,,,,,0.0
343,"Since the $50 ""pass-through"" was not counted as income, it increased the amount of the welfare grant by  $50.",0,0.0,The sentence describes a past event where a specific financial calculation was already completed and the result (an increased grant amount) was finalized.,"The sentence states a factual outcome regarding how a specific sum was treated and its effect on a grant, rather than expressing an opinion, recommendation, or internal debate.",,,,,,0.0
344,The idea behind this was to give mothers a financial incentive to cooperate with child support enforcement.,0,1.0,"The sentence describes the conceptual purpose or rationale behind a proposed initiative, indicating that the specific implementation or final policy decision regarding this incentive has not yet been finalized or executed.","The sentence expresses the underlying reasoning, motivation, or 'idea' rather than stating an objective fact, which characterizes it as part of the internal deliberative process.",,,,,,1.0
345,"Under TANF, the fifty dollar ""pass-through"" was repealed and states must first pay the federal government its share of the child support collections (again, according to the state medicaid match rates).",0,0.0,"The sentence describes a repealed provision and an existing statutory requirement regarding child support collections, indicating that the legal status and rules are already established rather than pending a final decision.","The sentence states objective facts about the repeal of a specific dollar amount and the current obligation for states to pay federal shares based on Medicaid match rates, rather than expressing an opinion, recommendation, or internal debate.",,,,,,0.0
346,The rest of the child support collected on behalf of a family currently on welfare is distributed at the discretion of the state.,0,0.0,"The sentence describes a current, established distribution method for child support funds, indicating that the policy or procedure is already in place and operational rather than discussing a future decision that has not yet been made.","The sentence states a factual description of how funds are distributed under existing rules ('at the discretion of the state') rather than expressing a personal opinion, recommendation, or internal debate about a specific course of action.",,,,,,0.0
347,"If the state wants to continue distributing $ 50  of the child support collected on behalf of a family to that family, it may do so (although the  $50  will come from the state's share of the child support  collection,  not  off  the top as under AFDC rules).",0,1.0,"The sentence discusses a conditional scenario ('If the state wants...') regarding the distribution of funds, indicating that a final decision on this specific mechanism has not yet been made or is currently under consideration.","The sentence expresses a recommendation or an explanation of a potential course of action ('it may do so') and clarifies the funding source for that proposed action, rather than stating an established fact or final policy.",,,,,,1.0
348,"In this case, the welfare check again increases by $50.",0,0.0,"The sentence states a specific numerical fact regarding a welfare check increase, which implies a finalized action or a recorded event rather than a future decision in progress.","The sentence presents an objective fact or data point about a financial adjustment, not an opinion, recommendation, or internal discussion.",,,,,,0.0
349,"Unfortunately, most states (29 according to the ""One Year After"" paper) have decided not to pass-through any amount of the child support collected on behalf of a family with the result that  child support  collections  have no affect on the size of the ' welfare grant in these states",0,0.0,"The sentence describes a situation where most states have already made a final decision not to pass through child support collections, indicating that the decision-making process for this specific issue is complete rather than pending.","The sentence states established facts regarding the policies of 29 states and the resulting lack of effect on welfare grants, rather than expressing a personal opinion, recommendation, or internal debate.",,,,,,0.0
350,"(unless, of course, the amount of child support collected is greater than the welfare  grant  at  which point the welfare grant is reduced to 0 and the family gets the full child support payment).",0,0.0,"The sentence describes a conditional outcome based on a comparison of financial amounts (child support vs. welfare grant) and states the resulting action (reducing the grant to 0). This appears to be a statement of established policy or a factual description of how a program operates, rather than a discussion of an issue where a final decision has not yet been made.","The sentence does not express a personal opinion, recommendation, or internal deliberation. Instead, it outlines a specific rule or mechanism for calculating payments, which represents established policy or a factual condition rather than the 'give-and-take' of the decision-making process.",,,,,,0.0
351,"In the 22 states with a child support  pass through, the size of the welfare grant is affected by child support collections, equal to the amount of the pass-through  (in most of these states, it is still $50.)",0,0.0,"The sentence describes an existing statutory mechanism and current financial status in 22 states, indicating that the policy and its effects are already established rather than discussing a future decision or draft policy.","The sentence states objective facts regarding how welfare grants are calculated based on child support collections in specific states, rather than expressing an opinion, recommendation, or internal debate.",,,,,,0.0
352,I hope this clears  things up.,0,0.0,The sentence does not concern an issue where a final decision has not yet been made; it is a closing remark indicating that a previous explanation or document has already been provided.,"The sentence does not express an opinion, recommendation, or internal deliberation; it is a statement of hope regarding the recipient's understanding.",,,,,,0.0
353,"As far as the child support not affecting the cash grant, I just  interviewed a whole slew of women in sunflower county MS who said they  refused to stay on TANF because the cash grant was less than their child  support benefit so they chose to take the child support because they cannot  get both.",0,0.0,"The sentence describes past events and data collected from interviews regarding how individuals chose between child support and cash grants, indicating that the factual situation has already occurred rather than proposing a future decision.","The sentence states specific facts and observations gathered from interviews about the behavior of women in Sunflower County, rather than expressing an internal opinion, recommendation, or legal advice.",,,,,,0.0
354,This is a different point.,0,1.0,"The sentence 'This is a different point' does not provide enough context to determine if a final decision has been made or not, as it is a fragment discussing the flow of an argument rather than the status of a specific agency action.","The sentence expresses a transitional thought or an opinion regarding the direction of a discussion, which fits the definition of internal deliberation rather than stating an objective fact.",,,,,,1.0
355,The issue of whether receiving child support   makes the family better off than being on welfare is different than whether   receiving child support *changes* the size of the grant.,0,1.0,"The sentence discusses a conceptual distinction between two different policy questions regarding child support and welfare grants, implying that a final decision or settled policy on this specific distinction has not yet been made.",The sentence expresses an analytical observation or a recommendation to distinguish between two concepts rather than stating an established fact or final agency opinion.,,,,,,1.0
356,"Now that this bill has actually been introduced (or will be shortly), it would be very helpful to go through it and identify key issues/concerns/implications/things we would like to see changed and things we like.",0,1.0,"The sentence discusses a bill that has been introduced or is about to be introduced, indicating that the legislative process is ongoing and no final decision or official policy regarding the bill's content has been settled yet.","The sentence explicitly proposes an internal action ('it would be very helpful to go through it') to identify issues, concerns, and desired changes, reflecting a recommendation and the internal give-and-take of the decision-making process rather than stating established facts or final agency policy.",,,,,,1.0
357,We'd like to have a conference call late next week to discuss this list of issues.,0,1.0,"The sentence discusses scheduling a future meeting to discuss issues, indicating that the decision-making process regarding these issues has not yet been finalized.",The sentence expresses a recommendation or plan for future action (scheduling a conference call) rather than stating an established fact or final policy.,,,,,,1.0
358,The version I have still has hand written changes so -- I assume we'll be able to pull the real thing off the web tomorrow.,0,1.0,"The sentence discusses a document that is not yet finalized because it contains handwritten changes and is expected to be retrieved from a web source the following day, indicating that the final version and any associated decisions regarding it have not yet been made.","The sentence expresses the author's personal assumption about the future availability of a document rather than stating an established fact or policy, reflecting the internal status of the document creation process.",,,,,,1.0
359,"Also, has anyone seen an up to date section by section summary from Bayh?",0,0.0,"The sentence asks for a document that may be needed to assist in a future decision or review, indicating that a final decision has not yet been made.","The sentence is a request for information rather than an expression of an opinion, recommendation, or internal deliberation.",,,,,,0.0
360,A few specific questions I have include:,0,0.0,"The sentence lists questions to be asked, which implies a future interaction or inquiry where a final decision or answer has not yet been reached.","The sentence itself is a transitional phrase introducing a list of inquiries; it does not express an opinion, recommendation, or internal deliberation regarding policy or agency action.",,,,,,0.0
361,"1. looks like block grants are added to end of WtW section, so does this mean Secretary of Labor awards them?",0,1.0,"The sentence discusses a potential change to a regulation (adding block grants to the WtW section) and questions the resulting authority of the Secretary of Labor, indicating that the final interpretation or decision regarding this specific implementation has not yet been made.","The sentence expresses uncertainty and asks a question about the implications of a proposed change rather than stating an established fact or final agency policy, reflecting an internal inquiry or deliberation on how a rule might be applied.",,,,,,1.0
362,Which Secretary awards media campaign funds?,0,0.0,"The sentence asks about the criteria or rules for awarding funds, which implies the decision-making process regarding the allocation of funds is either ongoing or the rules are being defined, rather than stating a final, settled fact about a specific past award.","The sentence is a question seeking information about policy or procedure rather than stating an established fact, an opinion, or a recommendation; however, in the context of FOIA classification, questions regarding internal allocation criteria often relate to the deliberative process of determining how decisions are made.",,,,,,0.0
363,"2. I understand why there's a 50/50 split between ""formation and maintenance of married two parent families"" and ""fragile families and promotion of fatherhood"" but it's not at all clear how those would be defined.",1,1.0,"The sentence discusses the definition of specific program categories ('formation and maintenance of married two parent families' and 'fragile families') which implies a stage where final rules or definitions have not yet been established, indicating the issue is pre-decisional.","The sentence expresses the author's personal uncertainty and internal questioning about how terms should be defined, reflecting the internal give-and-take of the decision-making process rather than stating established facts or final policy.",,,,,,1.0
364,"3. WtW eligibility: does subclause (II) listing characteristics of the ""recipient or noncustodial parent"" (i.e. unemployed, underemployed, etc) impose a new eligibility test on all participants with 70% category -- both noncustodial parents and others?",0,1.0,"The sentence questions the interpretation of a specific clause regarding eligibility tests, indicating that the agency is currently analyzing the rules and has not yet issued a final determination on how this clause applies.","The sentence poses a specific legal or policy question about the scope of an eligibility test, reflecting an internal inquiry and analysis rather than stating an established fact or final agency policy.",,,,,,1.0
365,"The way we'd structured this, we had a separate category for long-term recipients an.d for non-custodial parents.",1,0.0,The sentence describes a structural arrangement ('separate category') that appears to be an established fact or a description of an existing system rather than a discussion of a future decision or a draft proposal.,"The sentence states a factual description of how a system was organized ('The way we'd structured this') rather than expressing a personal opinion, legal advice, or a recommendation for future action.",,,,,,0.0
366,"Also, does  the 10% ""window"" just  apply  to subclause  (Ill), i.e.   the status of the child, or does it also waive (11), which is the status of the parent.",0,1.0,"The sentence questions the scope of a specific rule or clause regarding whether a waiver applies to a child's status or a parent's status, indicating that the interpretation of this rule has not yet been finalized.",The sentence poses a question seeking clarification on the application of a policy rather than stating an established fact or final agency opinion.,,,,,,1.0
367,"4. Use of funds: use of term ""assistance"" could be narrower than intended.",0,1.0,"The sentence discusses the potential scope of a term ('assistance') within a document regarding the use of funds, indicating that the final wording or interpretation of the document has not yet been finalized.","The sentence expresses a specific concern or recommendation about the semantic scope of a word, reflecting an internal opinion on how the document should be drafted rather than stating an established fact or final policy.",,,,,,1.0
368,Note this substantially broadens the purpose of WtW funds.,0,1.0,"The sentence discusses the scope of funds in a way that suggests an analysis of a proposal or draft policy, indicating that a final decision on the specific application or interpretation of these funds has not yet been made.",The sentence expresses an observation or opinion regarding the effect of a proposed action ('substantially broadens') rather than stating an established fact or final agency policy.,,,,,,1.0
369,5. What does state option to disregard child support collections for purposes of determining TANF eligibility achieve?,0,1.0,"The sentence is a question inquiring about the effects or outcomes of a specific policy option, which implies the decision regarding this option or its implementation has not yet been finalized.","The sentence asks for an analysis or explanation of a policy mechanism rather than stating a fact, an established rule, or a final conclusion.",,,,,,1.0
370,"Can't states already set their own TANF eligibility rules, including how child support is counted?",0,1.0,"The sentence questions the current legal framework regarding state TANF eligibility rules, implying that the issue of how these rules are applied or interpreted is still under consideration or debate rather than being a settled final fact.",The sentence expresses a query or an internal line of questioning about policy interpretation rather than stating an established fact or final agency opinion.,,,,,,1.0
371,6. looks like they have not addressed most of the concerns around using child support funds for fatherhood program (other than to give slightly more definition to a fatherhood program),0,1.0,"The sentence discusses concerns regarding the use of child support funds for a fatherhood program and notes that these concerns have not been fully addressed, indicating that a final decision or resolution on the matter has not yet been made.","The sentence expresses an observation and an assessment of the status of internal discussions or responses ('looks like they have not addressed'), reflecting the internal give-and-take of the decision-making process rather than stating an established fact or final policy.",,,,,,1.0
372,Bayh and Domenici will introduce Responsible Fatherhood bill at a press conference Thursday afternoon.,0,0.0,"The sentence describes a scheduled future event (a press conference) where specific individuals will introduce a bill. While the event is in the future, the statement itself is a factual report of a planned action rather than a document created to assist a decision-maker in reaching a conclusion on a pending issue. The decision to introduce the bill appears to have been made, and this sentence announces the execution of that decision.","The sentence states a fact regarding who will do what and when. It does not express an opinion, recommendation, legal advice, or internal debate. It is an objective statement of a scheduled public event.",,,,,,0.0
373,"They expect to be joined by groups supporting the bill (I don't know exactly who, but they've been reaching out broadly to groups across the Fatherhood spectrum).",0,1.0,"The sentence discusses future expectations regarding groups joining a bill and mentions ongoing outreach efforts, indicating that the final composition of supporters and the ultimate legislative outcome have not yet been determined.",The sentence expresses uncertainty ('I don't know exactly who') and describes internal observations about outreach activities rather than stating established facts or final agency policy.,,,,,,1.0
374,"Likely D co-sponsors include: Breaux, Landrieu, Lieberman, Lincoln, Robb, Grahan, Domenici is reaching to Rs.",0,0.0,"The sentence lists potential co-sponsors and indicates that a specific individual is reaching out to others, which suggests the legislative process is ongoing and a final decision on the bill's sponsorship or passage has not yet been made.","The sentence provides factual information regarding the names of individuals and the status of outreach efforts rather than expressing an internal opinion, recommendation, or legal advice.",,,,,,0.0
375,"Once the bill is introduced, they expect to do some fine tuning and gather more co-sponsors.",0,1.0,"The sentence discusses future actions ('Once the bill is introduced') and expectations for the future ('expect to do'), indicating that the final decision or the full legislative process has not yet been completed.","The sentence expresses an expectation and a plan for future activities ('fine tuning', 'gather more co-sponsors') rather than stating established facts or final agency policy.",,,,,,1.0
376,"Bayh's staff has given Ron Haskins a heads up, and got the impression Johnson's bill will be on a somewhat slower track.",0,1.0,"The sentence discusses the status of a legislative bill ('Johnson's bill') and indicates that it is on a 'somewhat slower track,' implying that the legislative process is ongoing and a final decision or outcome has not yet been reached.","The sentence conveys an internal impression or assessment ('got the impression') regarding the future trajectory of a bill, rather than stating an established fact or final agency policy.",,,,,,1.0
377,"In summary, the bill :         1. authorizes $75 million in challenge grants for state and local media campaigns;",0,0.0,"The sentence describes specific provisions of a bill (authorizing funds), which appears to be a statement of fact regarding the content of the legislation rather than a discussion on whether a final decision has been made or not.","The sentence states a factual detail about what the bill does (authorizes grants) rather than expressing an opinion, recommendation, or internal deliberation.",,,,,,0.0
378,2. authorizes $75 million for responsible parenting block grants to states;,0,0.0,"The sentence describes an authorization of funds, which typically represents a final legislative or administrative action rather than a pre-decisional discussion.","The sentence states a specific fact regarding the allocation of money and does not express an opinion, recommendation, or internal deliberation.",,,,,,0.0
379,3. authorizes $2 million for a national parenting support clearinghouse;,0,0.0,"The sentence uses the verb 'authorizes', which indicates a final, official action has been taken to allocate funds, meaning a decision has already been made rather than one being considered.","The sentence states a specific factual outcome (the authorization of funds) rather than expressing an opinion, recommendation, or internal discussion about whether to authorize the funds.",,,,,,0.0
380,4. makes some WtW eligibility changes and raises allowable in-kind match to 75% (while not required by        5.),0,1.0,"The sentence describes specific proposed changes to eligibility rules and match requirements, indicating that these are suggestions or drafts for a final rule rather than a finalized decision.","The sentence outlines specific modifications to be made, which represents an internal recommendation or part of the policy formulation process rather than stating established facts or final agency policy.",,,,,,1.0
381,5. encourages child support pass through by foregiving federal share of first $75 passed through to families that is disregarded from determining TANF eligibility and allows states to count their portion of pass-through toward TANF MOE;,0,0.0,"The sentence describes a specific policy mechanism regarding child support pass-through and TANF eligibility rules, which appears to be a finalized provision or a description of an established program rather than a draft discussion on an undecided issue.","The sentence states factual details about how a program functions (forgiving federal share, disregarding amounts for eligibility, counting toward MOE) rather than expressing a personal opinion, recommendation, or internal debate.",,,,,,0.0
382,6.  allows states who opt for child support pass through to use a similar amount of child support funds for fatherhood/parenting promotion without getting a waiver;,0,0.0,"The sentence describes a provision that allows states to use funds without a waiver, which appears to be an established rule or policy rather than a discussion about a future decision that has not yet been made.","The sentence states a factual condition regarding how funds can be used under a specific program provision, rather than expressing an internal opinion, recommendation, or personal view.",,,,,,0.0
383,7. explicitly lists family formation as one of purposes for which TANF HPB funds will be awarded.,0,0.0,"The sentence describes a specific provision that explicitly lists a purpose for fund awards, which suggests the policy or rule regarding these funds has already been established and finalized rather than being under active consideration for a future decision.","The sentence states a factual description of what the funds will be used for based on an existing rule, rather than expressing a personal opinion, recommendation, or internal debate about how the funds should be used.",,,,,,0.0
384,Based on conversation w/ Bayh's staff today:,0,1.0,"The sentence indicates that a conversation occurred today, implying the information is current and likely precedes any final decision or official action regarding the matter discussed.","The sentence serves as a header or introductory phrase referencing an internal communication (a conversation) rather than stating an established fact, final opinion, or settled policy.",,,,,,1.0
385,"1. they seem willing to consider going beyond the Kennedy technical to include the broader eligibility changes in Cardin's bill, particularly to include a broader group of low income fathers.",1,1.0,"The sentence discusses the potential willingness of a party to consider future legislative changes, indicating that a final decision on these specific eligibility changes has not yet been made.",The sentence expresses an assessment or opinion regarding the likelihood of a policy shift ('they seem willing') rather than stating an established fact or final agency position.,,,,,,1.0
386,I sent them side-by-side of current law and Cardin's bill and Charlie will call DOL.,1,0.0,"The sentence describes actions taken to compare current law with a specific bill and a planned future call to the Department of Labor, indicating that the legislative or administrative process regarding these items is ongoing and a final decision has not yet been made.","The sentence describes factual actions (sending documents, making a call) rather than expressing an opinion, recommendation, or internal debate about policy or legal interpretation.",,,,,,0.0
387,2. they generally want to be helpful on WtW but don't want to lose broader fatherhood approach.,1,1.0,"The sentence discusses the preferences and constraints of a group ('they') regarding a specific approach ('broader fatherhood approach') versus a specific task ('WtW'). Since it outlines current desires and potential conflicts before any final policy or action is determined, the issue concerns a matter where a final decision has not yet been made.","The sentence expresses the subjective views, preferences, and internal considerations of the group ('want to be helpful', 'don't want to lose'). It reflects the internal 'give-and-take' of how to balance competing goals rather than stating an objective fact or an established agency policy.",,,,,,1.0
388,Sounds like they fear more WtW will result in less R support.,1,1.0,"The sentence discusses a potential future outcome ('will result in') regarding the impact of a specific action ('WtW') on support levels ('R support'), indicating that the situation is ongoing and a final decision or conclusion regarding this specific dynamic has not yet been made.","The sentence expresses an assessment or opinion about the fears and likely consequences of a policy or action, rather than stating an established fact or the final agency position.",,,,,,1.0
389,3. media campaign is intended to rec3ch a broad group of fathers all incomes and both those living with their kids and those not.,0,1.0,"The sentence describes the intended scope and target audience of a media campaign, which implies the campaign is in a planning or execution phase where the final strategy and outcomes have not yet been realized or finalized.","The sentence expresses the intent and purpose of the campaign ('is intended to') rather than stating established facts or final agency policy, reflecting the internal planning and strategic thinking of the agency.",,,,,,1.0
390,Challenge grant approach and amount is based on ONDCP campaign.,0,0.0,"The sentence describes the basis for a grant approach and amount derived from an existing campaign, which suggests the decision regarding the grant parameters has already been determined or is based on established policy rather than a future, undecided issue.","The sentence states a factual basis for a decision (that the approach and amount are based on a specific campaign) rather than expressing a personal opinion, recommendation, or internal debate.",,,,,,0.0
391,They understand TANF funds can also be used to promote formation of two parent families.,1,0.0,"The sentence discusses the usage of TANF funds for promoting two-parent families, which appears to be a statement of existing policy or established fact regarding fund eligibility rather than a discussion of a pending decision or draft recommendation.","The sentence states a fact or policy interpretation about how funds can be used, rather than expressing a personal opinion, internal debate, or recommendation.",,,,,,0.0
392,"4. still don't have exact costs - waiting for scoring on child support pass-through, but envision something in the $2 8 over 5 years ballpark (w/ bulk of funds for pass-through).",0,1.0,"The sentence indicates that exact costs have not yet been determined and the agency is waiting for further scoring, meaning a final decision or specific figure has not been made.",The sentence expresses an internal estimate or expectation ('envision something in the... ballpark') rather than stating established facts or final agency policy.,,,,,,1.0
393,5. purposefully leaving block grant uses very vague to allow states to try a variety of approaches; have not yet done runs on block grant formula but realize they may need to set a small state floor.,1,1.0,"The sentence discusses a potential future action ('may need to set') and notes that a specific analysis ('runs on block grant formula') has not yet been completed, indicating that a final decision or policy has not been made.","The sentence expresses internal considerations, recommendations, and tentative thoughts ('purposefully leaving... vague', 'realize they may need') regarding policy options rather than stating established facts or final agency positions.",,,,,,1.0
394,6. they've coordinated w/ Kohl on pass through and see the major difference between their approaches as one of cost -- they cap amount of pass-through Feds will participate in at $75 whereas Kohl is open-ended.,0,0.0,"The sentence discusses a comparison of approaches between two entities regarding cost caps, which appears to be part of an ongoing analysis or discussion rather than a finalized decision.","The sentence presents factual observations about the differences in approaches (specifically the $75 cap versus an open-ended approach) rather than expressing a personal opinion, recommendation, or internal debate.",,,,,,0.0
395,They still understand that their propo al to allow state share of child support pass-through to count towards TANF MOE goes beyond what's currently allowed (HHS -TA here could be helpful.,1,1.0,"The sentence discusses a proposal regarding child support pass-through rules that is currently under review or being evaluated against existing limitations, indicating that a final decision on the proposal has not yet been made.","The sentence expresses an internal assessment of the proposal's feasibility and suggests seeking external guidance (HHS-TA), which reflects the internal give-and-take and deliberative nature of the decision-making process rather than stating established fact or final policy.",,,,,,1.0
396,Charlie is reaching out to Lauren or Mary).,0,0.0,The sentence describes a communication action between individuals but does not indicate whether a final decision has been made or is pending regarding a specific issue.,"The sentence states a factual occurrence of someone reaching out to others rather than expressing an opinion, recommendation, or internal deliberation.",,,,,,0.0
397,7. allowing states who elect child support pass-through to use $50 (this was purposefully less than the $75 to keep costs down) for fatherhood/parenting activities without getting a waiver is seen as a way to supplement the modest block grant funding.,1,1.0,"The sentence discusses a proposed policy mechanism regarding child support pass-through funds and explicitly mentions a strategic choice to set the amount at $50 instead of $75 to manage costs, indicating that the final decision on the funding structure has not yet been finalized.","The sentence expresses an internal assessment or opinion on the strategic value of the proposed action, describing it as a 'way to supplement' funding, which reflects the deliberative 'give-and-take' of policy formulation rather than stating an established fact or final agency position.",,,,,,1.0
398,They seemed receptive to the concern that there should be some more direct benefit or connection to famllies involved with the child support program (HHS - TA here could be helpful),1,1.0,"The sentence discusses a situation where stakeholders 'seemed receptive' to a concern regarding the child support program, indicating that the matter is still in a discussion or evaluation phase rather than a finalized decision.","The sentence expresses an observation about receptiveness and suggests that 'HHS - TA here could be helpful,' which represents an internal recommendation or opinion on how to proceed rather than a statement of established fact or final policy.",,,,,,1.0
399,8. reason for explicitly listing family formation as part of the High Performance Bonus: it's not included in current guidance and this will ensure it's included in future rule.,1,1.0,"The sentence discusses a proposed change to future guidance and rules, indicating that the final decision on including 'family formation' in the High Performance Bonus has not yet been finalized.","The sentence provides a rationale and recommendation for a specific policy action, reflecting internal deliberation rather than stating an established fact or final agency opinion.",,,,,,1.0
400,They'll probably revise the bill at least once more befor Thursday.,1,1.0,"The sentence discusses a future action (revising the bill) that has not yet occurred, indicating that a final decision or completion of the task has not been made.",The sentence expresses a prediction or expectation ('probably') regarding future events rather than stating an established fact or a formal policy.,,,,,,1.0
401,This memo outlines three things: first; the overarching theme we propose for the State of the Union;,0,1.0,"The sentence describes a proposal for the State of the Union theme, indicating that the final decision on the theme has not yet been made.","The sentence explicitly uses the word 'propose' and outlines a theme, which reflects an internal recommendation or opinion rather than a settled fact or final agency policy.",,,,,,1.0
402,"second, the ""big ideas"" initiative that should be the centerpiece of the speech and the budget;",0,1.0,"The sentence discusses potential content for a future speech and budget, indicating that the final decision on what to include has not yet been made.","The sentence expresses a recommendation or suggestion regarding the 'big ideas' initiative, reflecting an internal opinion on how the speech and budget should be structured rather than stating an established fact.",,,,,,1.0
403,"third, the eight signature policies that comprise the ""big ideas"" package.",0,0.0,"The sentence lists specific policies that already exist as part of a defined package, indicating the subject matter is established rather than a future decision in progress.","The sentence states a factual description of the composition of a policy package rather than expressing an opinion, recommendation, or internal debate.",,,,,,0.0
404,I. THEME: RESPONSIBILITY FOR THE FUTURE,0,0.0,The sentence is a section header or title indicating a topic for discussion rather than a statement regarding a specific issue where a final decision has not yet been made.,"The sentence states a theme or title and does not express an opinion, recommendation, or internal deliberation.",,,,,,0.0
405,"The theme we recommend for the State of the Union is ""Responsibility for the Future.""",1,1.0,"The sentence discusses a recommendation for the theme of the State of the Union, which implies that the final decision on the theme has not yet been made or finalized.","The sentence explicitly uses the word 'recommend' and proposes a specific theme, indicating it is an internal suggestion or opinion rather than a statement of established fact or final policy.",,,,,,1.0
406,"This theme brings together all the major elements of your agenda: strengthening Medicare and Social Security, and reducing the debt; investing in and reforming public education; bridging the digital divide; investing in Scientific research; protecting the environment; promoting peace around th world; and closing the opportunity gap.",0,0.0,"The sentence lists established agenda items and policy goals (strengthening Medicare, reducing debt, etc.) without indicating that a specific final decision is pending or that the document is a draft intended to assist in reaching a new conclusion.","The sentence states facts about the content of an agenda and lists specific policy objectives rather than expressing a personal opinion, legal advice, or internal recommendation.",,,,,,0.0
407,"""Responsibility for the Future"" reinforces both liberal convictions about equity (leave no one behind) and Third Way sensibilities about accountability (let no one fail to do his part).",0,1.0,"The sentence discusses the philosophical underpinnings and values of a specific document or policy titled 'Responsibility for the Future', implying that the policy or its guiding principles have already been formulated or are being described as established concepts rather than a matter currently under active debate for a final decision.","The sentence expresses an opinion or analysis regarding the ideological content (liberal convictions and Third Way sensibilities) of the subject matter, which fits the definition of expressing an opinion or internal deliberation rather than stating a raw fact.",,,,,,1.0
408,"It is consistent with your longstanding theme of ""responsibility, opportunity; and community,"" and sets forth a powerful message that will resound long after we're gone.",0,1.0,"The sentence discusses the alignment of a message with a longstanding theme and its potential future impact, which implies the message is being formulated or evaluated before a final decision on its adoption or release is made.","The sentence expresses an opinion and a recommendation regarding the quality and resonance of the message, reflecting internal deliberation rather than stating established facts or final agency policy.",,,,,,1.0
409,"The country has come a long way these seven years, enabling us to turn even more to challenges of the next generation.",0,0.0,"The sentence discusses past progress over seven years and future challenges, but it does not indicate that a specific agency decision is currently pending or being formulated; it appears to be a statement of general policy or historical context rather than a pre-decisional document.","The sentence expresses a general observation and a forward-looking statement about national progress and future challenges. While it reflects a viewpoint, it reads more like an established policy statement or a rhetorical flourish than an internal recommendation, draft opinion, or personal view exchanged during the deliberative process.",,,,,,0.0
410,"II. BIG IDEA: CLOSING THE OPPORTUNITY GAP We believe your ""big idea"" for the budget and the State of the Union should be a ""Closing the Opportunity Gap"" initiative.",1,1.0,"The sentence proposes a specific theme ('Closing the Opportunity Gap') for a future budget and State of the Union address, indicating that the final decision on the content of these documents has not yet been made.","The sentence expresses the author's belief and recommendation ('We believe... should be') regarding the direction of the agency's messaging, rather than stating established facts or final policy.",,,,,,1.0
411,"It is a package of eight signature proposals described in the next section, and would highlight three or four major budget pieces.",0,1.0,"The sentence describes a proposed package of signature proposals and budget pieces, indicating that the final decision on these items has not yet been made.","The sentence outlines the content and scope of a proposal rather than stating established facts or final agency policy, reflecting an internal planning or recommendation stage.",,,,,,1.0
412,"We had considered other  labels for this initiative (""Leaving  No One Behind,"" ""Every  Child's  Initiative,"" and  ""Education First"") but advocate ""Closing the Opportunity Gap"" because it shows continuity with your core philosophy and values, suggests a sweeping challenge worthy of a sweeping response, and provides a framework that will energize the entire economic and domestic team, from Summers and Herman to Shalala, Riley; and Cuomo.",1,1.0,"The sentence discusses the selection of a name for an initiative that has not yet been officially finalized or released, indicating that a final decision is still pending.","The sentence expresses the internal reasoning, recommendations, and strategic considerations regarding why a specific label was chosen over others, reflecting the 'give-and-take' of the decision-making process rather than stating established facts.",,,,,,1.0
413,III. EIGHT SIGNATURE ELEMENTS OF CLOSING THE OPPORTUNITY  GAP,0,0.0,"The sentence is a section heading that introduces a topic regarding closing an opportunity gap, but it does not explicitly state whether a final decision has been made or not; however, headings generally describe the subject matter of a document rather than the status of a specific decision.","The sentence is a factual title or heading describing a list of elements and does not express an opinion, recommendation, or internal deliberation.",,,,,,0.0
414,Your final State of the Union should  be  more than a  laundry  list  of  worthy  ideas (although we provide such a list in three longer memos which are attached).,1,1.0,"The sentence discusses the content of a 'final State of the Union' speech, indicating that the decision regarding the speech's content is either being finalized or has been finalized, as the speaker refers to it as 'final' and mentions attached memos providing the list of ideas.","The sentence expresses a personal opinion or recommendation ('should be more than a laundry list') rather than stating an objective fact, reflecting the internal deliberative nature of the advice given.",,,,,,1.0
415,"Here, we outline a package of signature ""Opportunity Gap"" proposals.",1,1.0,"The sentence describes outlining a package of proposals, which suggests the content is part of the planning or formulation phase before a final decision is made.","The sentence outlines a specific set of proposals ('Opportunity Gap' proposals), which represents an internal recommendation or a draft plan rather than a statement of established fact or final agency policy.",,,,,,1.0
416,These  proposals  representthe core of your doniestk vision; they are ambitious  ideas  that will  stick  in the  public  mind.,1,1.0,"The sentence discusses proposals that are described as 'ambitious ideas' intended to shape a public vision, implying that these are part of an ongoing planning or development phase where a final decision or implementation has not yet occurred.","The sentence expresses a subjective evaluation and recommendation by characterizing the proposals as the 'core' of a vision and predicting their impact ('stick in the public mind'), which reflects internal deliberation and opinion rather than stating established facts or final agency policy.",,,,,,1.0
417,"They are bold enough to show that  your imperative is  action,  and appealing enough  to stand  a chance of enactment this year.",1,1.0,"The sentence discusses the potential for a proposal to be enacted 'this year,' which implies the legislative or administrative process is ongoing and a final decision has not yet been made.","The sentence expresses an opinion regarding the quality and likelihood of success ('bold enough,' 'appealing enough') of a proposal, reflecting internal evaluation rather than stating established facts or final agency policy.",,,,,,1.0
418,"Together, they give purpose and principle to yom final year's agenda.",1,0.0,"The sentence discusses a 'final year's agenda' which implies a plan or set of goals, but does not explicitly state that a specific final decision on a matter is pending or that the document is being created to assist in reaching a new conclusion. It reads more like a statement of intent or purpose for an existing plan rather than a pre-decisional draft.","The sentence expresses a purpose and principle ('give purpose and principle') rather than a specific opinion, recommendation, or internal debate. It is a declarative statement about the nature of an agenda rather than a reflection of the 'give-and-take' of the decision-making process.",,,,,,0.0
419,"The ""Opportunity Gap"" initiative consists of eight proposals:",0,0.0,"The sentence lists the components of an existing initiative, which implies the initiative is established and the decision to create it has already been made, so it is not predecisional.","The sentence states a factual count of proposals rather than expressing an opinion, recommendation, or internal deliberation.",,,,,,0.0
420,1) universal pre-school to give all poor children  a smart start;,0,1.0,"The sentence proposes a specific policy initiative (universal pre-school for poor children) which implies a future action or decision has not yet been finalized, as it is phrased as a suggestion or goal rather than a completed fact.",The sentence expresses a recommendation or an internal idea for a program rather than stating an established fact or final agency policy.,,,,,,1.0
421,2) universal  after-school  to help kids meet  high standards;,0,0.0,The sentence fragment discusses a program goal ('help kids meet high standards') but does not indicate whether a final decision has been made or if the matter is still under consideration; it appears to be a descriptive item from a list of objectives rather than a statement about the status of a pending decision.,"The sentence states a specific objective or goal ('help kids meet high standards') which functions as a fact or a stated policy aim rather than expressing a personal opinion, legal advice, or an internal recommendation regarding how to achieve that goal.",,,,,,0.0
422,3) a plan to turn around every failing school over the next decade;,0,1.0,"The sentence describes a proposed plan for the future ('over the next decade') regarding failing schools, indicating that the specific implementation details and final decisions on this plan have not yet been made.",The sentence outlines a strategic approach or recommendation ('a plan to turn around') rather than stating an established fact or a final agency opinion.,,,,,,1.0
423,4) measures to bridge the digital divide;,0,1.0,"The sentence lists 'measures to bridge the digital divide' as a potential item or topic, implying that specific actions have not yet been finalized or implemented, suggesting the issue is still in a planning or consideration phase.","The sentence appears to be a fragment from a list of proposed items, goals, or considerations rather than a statement of established fact, policy, or a final decision.",,,,,,1.0
424,5) a set of new steps to help low-income students get into college and complete a degree;,0,1.0,"The sentence describes a proposed set of new steps, indicating that the plan is in the planning or proposal phase and a final decision or implementation has not yet occurred.",The sentence outlines a recommendation or a proposal for future action rather than stating an established fact or final policy.,,,,,,1.0
425,6) proposals to encourage absent fathers to take responsibility for the support and love they owe their children;,0,1.0,"The sentence lists 'proposals' which implies ideas being considered or discussed, suggesting that a final decision on these specific measures has not yet been made.","The content expresses a recommendation or a proposal to encourage a specific behavior, rather than stating an established fact or final agency policy.",,,,,,1.0
426,7) a new bargain of tax cuts and other measures to reward work and family;,0,1.0,The sentence describes a proposed policy measure ('a new bargain') which implies the decision regarding these tax cuts has not yet been finalized or implemented.,The sentence outlines a specific recommendation or proposal for future action rather than stating an established fact or final agency opinion.,,,,,,1.0
427,and 8) a major expansion of New Markets to help aH communities share in economic prosperityâ€¦,0,1.0,The sentence describes a proposed action or goal ('a major expansion') which implies the decision regarding this expansion has not yet been finalized or implemented.,The sentence expresses a recommendation or a statement of intent regarding policy direction rather than stating an established fact or final agency opinion.,,,,,,1.0
428,1.. Early Childhood/Universal Pre-School.,0,0.0,"The sentence lists a topic or category without indicating any ongoing discussion, draft status, or pending decision-making process, so it is unclear if a final decision has not yet been made regarding this specific item.","The sentence appears to be a factual label, heading, or list item rather than an expression of an opinion, recommendation, or internal deliberation.",,,,,,0.0
429,"With a significant down payment in the FY2001 budget, you can lay the groundwork for achieving a  goal  that you,  the  Vice  President,  and  the First  Lady  have talked  about for  some time:   universal access to pre-school  for every 4-year-old.",1,1.0,"The sentence discusses a budget proposal and a goal that has been discussed for some time, implying that the decision regarding the budget allocation and the implementation of the goal is still in the planning or proposal phase and not yet finalized.","The sentence expresses a recommendation or a proposal to use funds to achieve a specific goal, reflecting internal deliberation on policy direction rather than stating an established fact or final agency opinion.",,,,,,1.0
430,There  are a number  of ways to do this:,0,1.0,"The sentence introduces potential methods for an action but does not explicitly state whether a final decision has been made or is pending; however, the context of listing 'ways to do this' implies a discussion of options prior to selecting a final course of action.",The sentence is a transitional phrase introducing a list of options or recommendations rather than stating an established fact or final policy.,,,,,,1.0
431,â—¦ Dramatic increase in Head Start funding.,0,0.0,"The sentence describes a factual increase in funding, which implies a decision has already been made or is an established fact rather than a pending issue requiring a final decision.","The sentence states a specific fact regarding funding levels and does not express an opinion, recommendation, or internal deliberation.",,,,,,0.0
432,"'Could expand by $1 billion ver FY'00, to expand Head Start from 880,000 children to 11early 1,000,000 in FY '01.",1,1.0,"The sentence proposes a potential budget expansion and program growth for a future fiscal year, indicating that the decision to implement these changes has not yet been finalized.","The sentence presents a specific recommendation or proposal to increase funding and enrollment numbers, reflecting an internal suggestion rather than a statement of established fact or final policy.",,,,,,1.0
433,A path for future fund  increases to make Head Start universal  could also be established.,1,1.0,"The sentence discusses a potential future action ('could also be established') regarding funding increases, indicating that no final decision has been made on this matter yet.",The sentence expresses a recommendation or a proposal for a future policy change rather than stating an established fact or final agency opinion.,,,,,,1.0
434,Early Childhood Learning Fund. A dramatic increase in  the Early Childhood Leaming Fund combined with  a path for  future  increases.,1,0.0,"The sentence describes a funding increase and a path for future increases, which suggests a proposed action or a plan that has not yet been finalized or implemented, indicating the issue is pre-decisional.","The sentence states facts regarding a 'dramatic increase' and a 'path for future increases' rather than expressing an internal opinion, recommendation, or personal view of an author; it reads like a statement of established policy or a factual report on funding status.",,,,,,0.0
435,Could expand  to $1  billion  for FY O1 - $400 million increase and aim for $10-$20 billion Over 10 years.,0,1.0,"The sentence discusses potential funding levels ('Could expand') and future targets ('aim for') for a specific fiscal period, indicating that a final decision on these amounts has not yet been made.","The sentence expresses a recommendation or a proposal ('Could expand', 'aim for') regarding budget allocation rather than stating an established fact or final policy.",,,,,,1.0
436,2. Universal  After-School.,0,0.0,"The sentence '2. Universal After-School.' appears to be a heading or a list item title rather than a statement regarding a specific issue where a final decision is pending. Without context indicating it is part of a draft proposal or internal discussion leading to a decision, it does not clearly demonstrate that a final decision has not yet been made on the specific content of this line.","The sentence is a noun phrase acting as a label or title. It does not express an opinion, recommendation, legal advice, or any form of internal deliberation. It states a subject matter rather than a thought process.",,,,,,0.0
437,"By  doubling after-school  funding  in, the FY 2001 budget (from  $453 million in FY 2000 to at least $1 billion in FY 2001), you  can meet an urgent goal, which is to provide after-school and summer schoolto every student in a failing school.",1,1.0,"The sentence discusses a specific budget proposal for FY 2001 and outlines a goal to be achieved through that funding, indicating that the decision regarding this specific funding level and its implementation is part of the ongoing legislative or administrative process and has not yet been finalized as a settled fact.",The sentence expresses a recommendation or argument ('you can meet an urgent goal') advocating for a specific action (doubling funding) rather than stating an objective fact or established policy.,,,,,,1.0
438,You called on states and districts to end social promotion in this year's  State  of  the  Union;  this initiative will enable you to say we're giving them the resources to end social promotion the right way and give every student in our worst schools the extra help they need.,1,0.0,"The sentence discusses a past action taken by the President ('You called on states...') and describes the intended future benefits or justification for that action ('this initiative will enable you to say...'). It does not appear to be a draft or an internal discussion occurring before a final decision is made, but rather a statement explaining a policy that has already been announced or a description of a completed call to action.","The sentence expresses the rationale and expected outcome of a public initiative. While it contains persuasive language, it is framed as a public statement or explanation of policy rather than an internal opinion, recommendation, or 'give-and-take' of the decision-making process. It reflects established agency/presidential policy rather than personal views of an author in a deliberative context.",,,,,,0.0
439,"Over an 11, year period, we  can make after school and summer school universal for every Title I school  and with a sliding scale for students above 200% of poverty, we could eventually make  after school available  to every  student.",1,1.0,"The sentence discusses a potential future scenario ('we can make', 'we could eventually make') regarding the expansion of after school programs, indicating that the specific implementation or final decision on this scope has not yet been made.","The sentence expresses a recommendation or a proposal for policy action ('we can make', 'we could eventually make') rather than stating an established fact or final agency opinion.",,,,,,1.0
440,(Cost:   $20-30 billion over 10 years).,0,0.0,"The sentence provides a specific cost estimate for a future period, which implies the decision regarding the expenditure has not yet been finalized or implemented.","The sentence states a factual projection or estimate of costs rather than expressing a personal opinion, legal advice, or internal recommendation.",,,,,,0.0
441,3. Turning Around Every Failing School.,0,0.0,The sentence appears to be a title or a heading for a policy initiative rather than a draft document discussing a specific pending decision. It describes a goal or a program name without indicating that a final decision on its implementation or scope is currently being debated or finalized in this specific context.,"The sentence states a factual description of a program or a stated objective ('Turning Around Every Failing School') rather than expressing a personal opinion, legal advice, or an internal recommendation regarding how to achieve that goal.",,,,,,0.0
442,"To close the opportunity gap, we must dose the achievement gap by focusing our efforts on the worst-performing schools.",1,1.0,"The sentence proposes a future course of action ('we must dose') to address an issue, indicating that a final decision or policy implementation has not yet been made.",The sentence expresses a recommendation and an internal viewpoint on how to achieve a goal ('focusing our efforts on the worst-performing schools') rather than stating an established fact or final agency policy.,,,,,,1.0
443,"With a series of accountability and performance initiatives in the FY 2001 budget (and the after-school pledge outlined above), you can credibly set forth an ambitious, defining goal for strengthening public education: turning around or shutting down every failing school in America overthe next decade.",1,1.0,The sentence discusses a proposed goal for the FY 2001 budget and outlines a specific strategy (turning around or shutting down failing schools) that appears to be part of a planning or policy formulation process before a final decision is implemented.,The sentence expresses a recommendation or an ambitious goal ('you can credibly set forth...') rather than stating an established fact or final agency policy. It reflects internal deliberation on how to approach the issue of failing schools.,,,,,,1.0
444,"In addition to doubling after-school funding, the key steps include: expanding your accountability fund; reaching your goal of 3,000 charter schools before you leave office; funding a new performance bonus to reward states and school districts for increasing their percentage of qualified teachers, adopting statewide accountability systems and school report card; and requiring universal public school choice for students in failing schools.",1,1.0,"The sentence outlines specific policy actions and goals (such as doubling funding, reaching a target number of charter schools, and adopting accountability systems) that appear to be part of a proposed plan or agenda. Since these items are listed as 'key steps' to be taken, it implies that the final decisions regarding the implementation of these specific measures have not yet been finalized or executed, fitting the definition of predecisional.","The sentence lists recommendations and proposed policy changes rather than stating established facts or final agency opinions. It reflects the internal planning and deliberative process of formulating a strategy, expressing what the author recommends or intends to do, which aligns with the definition of deliberative.",,,,,,1.0
445,We could also reintroduce a version of education opportunity zones.,1,1.0,"The sentence discusses a potential future action ('could also reintroduce') regarding a policy concept ('education opportunity zones'), indicating that a final decision on this specific proposal has not yet been made.","The sentence expresses a possibility or a recommendation for a policy change rather than stating an established fact or final agency position, reflecting internal deliberation.",,,,,,1.0
446,(Cost: $3-5 billion over IO years).,0,0.0,"The sentence provides a specific cost estimate and time frame, which are factual projections rather than a discussion of a pending decision or a draft policy.","The sentence states a numerical fact regarding cost and duration without expressing an opinion, recommendation, or internal debate.",,,,,,0.0
447,4. Closing the Digital Divide.,0,0.0,"The sentence 'Closing the Digital Divide' appears to be a heading or a topic title rather than a statement regarding a specific pending decision. Without context indicating that a final decision on this specific topic has not yet been made, it is difficult to definitively classify it as pre-decisional in the sense of assisting a specific decision-maker on a pending matter, though it likely precedes any final action on the topic.","The sentence is a noun phrase describing a goal or topic. It does not express an opinion, recommendation, legal advice, or internal deliberation. It states a subject matter rather than reflecting the 'give-and-take' of the decision-making process or personal views.",,,,,,0.0
448,"If we are to close the opportunity gap in the next century, we must do all we can to address the emerging digital divide.",1,1.0,"The sentence discusses a future goal ('next century') and a necessary action ('must do all we can'), indicating that the specific implementation or final decision on how to address the digital divide has not yet been made.",The sentence expresses a strong opinion and a recommendation ('we must') regarding a policy direction rather than stating an objective fact or established agency policy.,,,,,,1.0
449,Key elements could include:,0,1.0,"The sentence suggests potential components for a future plan or document, indicating that the final content and decision regarding what to include have not yet been finalized.","The sentence is a fragment listing possibilities rather than stating established facts, reflecting an internal brainstorming or drafting process.",,,,,,1.0
450,Community Technology Centers.,0,0.0,"The sentence mentions a specific entity or program name without any context regarding a pending decision, draft status, or internal discussion, so it is impossible to determine if a final decision has not yet been made based solely on this text.","The sentence is a proper noun phrase identifying a type of facility or program; it does not express an opinion, recommendation, legal advice, or internal deliberation.",,,,,,0.0
451,A more than four-fold increase in funding - from $32.5 million in FY 2000 to $132.5 million in FY 2001 as part of a major challenge to have Internet centers in all  poor communities.,0,0.0,"The sentence describes historical funding data and a past initiative, indicating that the decision regarding the funding levels and the challenge has already occurred rather than being a future issue awaiting a final decision.","The sentence states specific factual figures regarding funding amounts and the existence of a program, rather than expressing an opinion, recommendation, or internal deliberation.",,,,,,0.0
452,"We could  challenge  the private sector to contribute hardware, software and man-hours  and possibly give them tax incentives  to donate used equipment.",1,1.0,"The sentence discusses a potential strategy involving challenging the private sector and offering tax incentives, which indicates that no final decision has been made regarding this specific approach.",The sentence expresses a recommendation or a suggestion ('We could...') rather than stating an established fact or final agency policy.,,,,,,1.0
453,Develop Universal Internet Access.,0,0.0,"The sentence 'Develop Universal Internet Access' appears to be a directive or a goal rather than a discussion of a specific issue where a final decision is pending. It states an objective to be achieved rather than describing the internal process of deciding whether to achieve it. Therefore, it does not clearly concern an issue where a final decision has not yet been made in the context of a deliberative process.","The sentence is a command or a statement of policy intent ('Develop...') rather than an expression of a personal opinion, recommendation, or internal debate. It does not reflect the 'give-and-take' of the decision-making process but rather states the desired outcome.",,,,,,0.0
454,Reserve a 100 million fund for public-private partnerships to bring affordable Internet access to poor families.,0,1.0,"The sentence proposes a specific action (reserving a fund) which implies a decision has not yet been finalized, as it is phrased as a recommendation or proposal rather than a statement of an established fact or final policy.","The sentence expresses a recommendation or internal deliberation regarding how to allocate resources, reflecting a personal or agency view on policy rather than stating an objective fact.",,,,,,1.0
455,â—¦ Teacher Training for the Internet.,0,0.0,The sentence mentions a topic or activity ('Teacher Training for the Internet') but does not indicate whether a final decision has been made or if the issue is currently under consideration for a decision.,"The sentence appears to be a title, a bullet point, or a subject heading rather than an expression of an opinion, recommendation, or internal deliberation.",,,,,,0.0
456,"We could dedicate $100 million- perhaps from the existing technology literacy challenge initiative - to ensure all new teachers, or all middle-school teachers, receive training in how to use computers as a learning device.",1,1.0,"The sentence proposes a potential allocation of funds and suggests specific options for teacher training, indicating that a final decision on how to spend the money or which group to train has not yet been made.","The sentence uses speculative language such as 'We could' and 'perhaps,' reflecting an internal discussion, recommendation, or brainstorming session regarding policy options rather than stating established facts or final agency policy.",,,,,,1.0
457,â—¦ School Internet Modernization Fund.,0,0.0,"The sentence mentions a specific fund name but does not indicate any ongoing discussion, draft, or pre-decisional context regarding a future action.","The sentence is a proper noun phrase identifying a fund and does not express an opinion, recommendation, or internal deliberation.",,,,,,0.0
458,A discretionary counterpart to our school construction proposal to modernize schools for new teachers and Internet access.,0,1.0,"The sentence describes a proposal for school construction and modernization, which implies that the decision regarding this project has not yet been finalized as it is presented as a suggestion or plan.","The sentence uses the phrase 'discretionary counterpart,' indicating that this is a recommendation or an internal suggestion rather than a statement of established fact or final policy.",,,,,,1.0
459,5. Closing the Opportunity Gap for College.,0,0.0,The sentence appears to be a title or a heading describing a goal or topic rather than a discussion of a specific issue where a final decision is pending. It does not indicate that a decision has been made or that one is currently being formed regarding this specific phrase.,"The sentence states a topic or objective ('Closing the Opportunity Gap for College') rather than expressing a personal opinion, recommendation, or internal debate. It functions as a label for a section or initiative.",,,,,,0.0
460,"This element would focus on different aspects of closing the opportunity gap for college: helping more students aspire to and prepare for college, continuing to make college more affordable, and starting to address America's quiet crisis of dedining college completion rates.",1,1.0,"The sentence outlines proposed focus areas for an element, indicating that the specific content and strategy are being developed and have not yet resulted in a final decision or official action.","The sentence expresses a recommendation or plan for future action (focusing on aspirational, affordability, and completion aspects) rather than stating established facts or final agency policy.",,,,,,1.0
461,Keeping Students on Track to College.,0,0.0,"The sentence 'Keeping Students on Track to College' appears to be a title, slogan, or general statement of purpose rather than a discussion of a specific issue where a final decision is pending. It does not indicate a pre-decisional context regarding a specific agency action.","The sentence states a general goal or mission and does not express a specific opinion, recommendation, legal advice, or internal deliberation regarding a particular matter.",,,,,,0.0
462,"we could increase access for impoverished young people through Youth Opportunity Grants, TRIO, GEAR UP, and Youth Build, increasing funding to a total of $500 million.",1,1.0,"The sentence proposes a specific course of action involving increasing access and funding levels, indicating that a final decision on these measures has not yet been made.",The sentence expresses a recommendation or proposal ('we could increase') regarding policy changes rather than stating established facts or final agency positions.,,,,,,1.0
463,â—¦ AP Courses Online.,0,0.0,The sentence mentions a specific online course product but does not indicate any ongoing decision-making process or a pending final decision regarding that product.,"The sentence states a factual title or name of a course rather than expressing an opinion, recommendation, or internal deliberation.",,,,,,0.0
464,Small and poor schools often-lack the resources and teachers to  offer challenging courses.,0,0.0,The sentence describes a general condition or fact about schools lacking resources rather than discussing a specific issue where a final agency decision has not yet been made.,"The sentence states an observable fact or situation regarding resource allocation in schools rather than expressing a personal opinion, recommendation, or internal deliberation.",,,,,,0.0
465,This distance learning initiative aims to ensure that students in underserved areas get access to Advanced Placement and other highÂ­ quality academic courses and ESL programs online.,0,0.0,"The sentence describes the goals and intended outcomes of an initiative, which suggests the program is active or planned, but it does not explicitly discuss a pending decision or a draft recommendation for a specific action that has not yet been finalized.","The sentence states facts about the purpose of the initiative (providing access to AP courses and ESL programs) rather than expressing a personal opinion, legal advice, or internal debate.",,,,,,0.0
466,"Total funding for the initiative would be $225 million, including $50 million for grants, $25 million for course development, and.$125 million in increases in existing programs.",1,0.0,"The sentence presents specific financial figures and budget allocations for an initiative, which are factual details regarding the scope of funding rather than a discussion on whether a decision has been made or not.","The sentence states objective facts about the amount of money allocated to different categories (grants, course development, program increases) and does not express an opinion, recommendation, or internal debate.",,,,,,0.0
467,â—¦ Test Prep for Poor Kids.,0,0.0,"The sentence 'Test Prep for Poor Kids' appears to be a title, a project name, or a subject heading rather than a statement regarding a specific issue where a final decision has not yet been made. Without context indicating it is part of a draft proposal or internal discussion leading to a decision, it does not clearly concern a pre-decisional process.","The sentence is a noun phrase describing a topic or program. It does not express an opinion, recommendation, legal advice, or internal deliberation. It states a subject matter fact or title rather than a personal view.",,,,,,0.0
468,"This program would support partnerships among high schools, proven providers of college test  prep courses (like Kaplan,  Princeton Review), and community-based organizations to offer high-need students SAT/ACT preparation arid other services related to college admissions.",0,1.0,"The sentence describes a proposed program structure involving partnerships and services for high-need students, indicating that the specific implementation or finalization of this program is a matter being considered rather than a settled fact or a past action.","The sentence outlines a plan or proposal ('This program would support...') detailing how resources should be allocated and who should be involved, which reflects an internal recommendation or policy suggestion rather than a statement of established fact.",,,,,,1.0
469,"Grants of $30 million would serve approximately  50,000 students.",0,0.0,"The sentence discusses a hypothetical scenario using the conditional 'would serve', indicating that the funding decision or the specific impact analysis is not yet finalized or that this is a projection prior to a formal commitment.","The sentence presents a factual projection or estimate regarding the number of students served based on a specific grant amount, rather than expressing a personal opinion, legal advice, or internal debate about policy.",,,,,,0.0
470,A couple of announcements that would make real sense to announce at the DLC:     (1) EITC -- new proposal plus victory lap on record,1,1.0,"The sentence discusses a 'new proposal' and suggests timing for announcements at an upcoming event (DLC), indicating that the final decision to announce these items has not yet been made.",The sentence expresses a recommendation ('would make real sense to announce') and outlines a plan for future communication rather than stating established facts or final agency policy.,,,,,,1.0
471,(2) Child support -- new proposals plus new accomplishments data (see below)    .,1,0.0,"The sentence mentions 'new proposals' and 'new accomplishments data', which suggests the content relates to future plans or ongoing reporting rather than a finalized decision, indicating the issue is likely pre-decisional.","The sentence lists categories of information ('proposals' and 'accomplishments data') and references a source ('see below'), but it does not express a personal opinion, recommendation, or internal debate; it appears to be a factual outline or agenda item.",,,,,,0.0
472,"(3) Welfare to work success -- new numbers from Welfare to Work Partnership (hiring, retention) plus general accomplishments",1,0.0,"The sentence lists new numbers and general accomplishments from a partnership, which suggests reporting on past or current activities rather than discussing an issue where a final decision has not yet been made.","The sentence presents factual data points (hiring, retention numbers) and a summary of accomplishments rather than expressing an opinion, recommendation, or internal deliberation.",,,,,,0.0
473,And of course we could add our food stamp car and IDA car policies.,1,1.0,"The sentence discusses adding specific policies (food stamp car and IDA car), which implies a proposal or consideration of future actions rather than a final decision that has already been made.","The sentence expresses a recommendation or suggestion ('we could add') regarding policy changes, reflecting internal deliberation rather than stating established facts or final agency positions.",,,,,,1.0
474,These announcements could work either before or after the VP announces the $250 million employment grants for fathers and families.,1,1.0,"The sentence discusses the timing of announcements relative to a future event (the VP announcing grants), indicating that the final decision on the timing or the announcement itself has not yet been made.","The sentence expresses a recommendation or an opinion on the effectiveness of different timing strategies ('could work either before or after'), rather than stating an established fact or final policy.",,,,,,1.0
475,New Child Support Data We will have new data which show i) child support collections have nearly doubled under this Administration (from $8 billion in 1992 to and estimated $15.5 billion in 1999);,0,0.0,"The sentence presents historical data regarding child support collections from 1992 to 1999, which are past events and facts rather than an issue where a final decision has not yet been made.","The sentence states established facts and statistics about past financial collections rather than expressing a personal opinion, recommendation, or internal deliberation.",,,,,,0.0
476,ii) of that $15.5 billion a record $1.3 billion came from seizing tax returns (up 18 percent over last  year);,0,0.0,"The sentence presents specific statistical data regarding seized tax returns and compares it to previous figures, indicating a factual record of past events rather than a discussion on an issue where a final decision is pending.","The sentence states objective facts and numerical data about the amount of money seized and the percentage increase, rather than expressing an opinion, recommendation, or internal deliberation.",,,,,,0.0
477,"iii) the new child support computer system proposed by the Administration in 1994 and enacted in 1996 located nearly 3 million delinquent parents and over 650,000 of their bank accounts last year;",0,0.0,"The sentence describes a system that was already proposed in 1994 and enacted in 1996, and reports on actions taken 'last year' by that established system. Since the system is operational and the results are historical facts, no final decision regarding the existence or operation of this system is pending.","The sentence states specific factual outcomes (locating 3 million parents and 650,000 bank accounts) rather than expressing an opinion, recommendation, or internal debate about how to proceed.",,,,,,0.0
478,"and iv) a child support law enforcement initiative launched by the Administration last year has inve tigated nearly 1,000 cases of the worst offenders, making nearly 300 arrests and obtaining $5.3 million in restitution orders.",0,0.0,"The sentence describes an initiative that was launched last year and reports on completed actions such as investigations, arrests, and restitution orders, indicating that the events described are past and final rather than pending a decision.","The sentence states specific factual data regarding the number of cases investigated, arrests made, and money recovered, rather than expressing an opinion, recommendation, or internal debate.",,,,,,0.0
479,These descriptions are still accurate.,0,0.0,"The sentence states that descriptions are currently accurate, which implies a statement of fact regarding the present status rather than a discussion of a future decision or a draft opinion leading to one.","The sentence asserts a factual condition ('are accurate') rather than expressing a personal opinion, recommendation, or internal debate about policy.",,,,,,0.0
480,"The details of the tobacco policy are still being worked out, but you could use this generic language as a placeholder.",1,1.0,"The sentence states that the details of the tobacco policy are 'still being worked out,' indicating that a final decision or finalized policy has not yet been made.","The sentence offers 'generic language as a placeholder' to be used while the policy is being finalized, which reflects an internal recommendation or draft suggestion rather than a statement of established fact or final agency position.",,,,,,1.0
481,"Donâ€™t call it tobacco ""penalty""",1,1.0,"The sentence suggests a specific phrasing or label for a policy or action, implying that the final decision on how to refer to this measure is not yet finalized.","The sentence expresses a recommendation or internal preference regarding the terminology to be used, rather than stating an established fact or final agency policy.",,,,,,1.0
482,Tobacco - Raising the Price of Cigarettes so Fewer Young People will Smoke.,0,1.0,"The sentence proposes a specific policy action (raising cigarette prices) to achieve a goal (reducing youth smoking), indicating that a final decision on this matter has not yet been made and the document is part of the planning phase.","The sentence expresses a recommendation or a proposed strategy rather than stating an established fact or final agency opinion, reflecting internal deliberation on how to address the issue.",,,,,,1.0
483,Public health experts agree that the single most effective way to cut youth smoking is to raise the price of cigarettes.,0,0.0,"The sentence presents a consensus view from experts regarding a method to address youth smoking, but it does not explicitly indicate that a specific agency decision is currently pending or that this text was created to assist a specific decision-maker in reaching a final conclusion at this moment.","The sentence states a fact or a widely accepted opinion ('experts agree') rather than expressing a personal internal recommendation, draft advice, or the 'give-and-take' of a deliberative process.",,,,,,0.0
484,"To reduce youth smoking, the budget will include a combination of excise taxes and assessments on the industry if companies fail to meet youth smoking reduction targets.",0,1.0,"The sentence describes a proposed budget allocation and specific policy measures (taxes and assessments) intended to achieve a future goal. Since the budget is being formulated to implement these measures, a final decision on the specific implementation details or the approval of this specific budgetary approach has not yet been made at the time of writing.","The sentence outlines a strategic plan and a recommendation for how to address youth smoking through financial mechanisms. It reflects the internal policy thinking and the 'give-and-take' of developing a budget strategy rather than stating established, final agency policy or objective facts about the current state of affairs.",,,,,,1.0
485,Listed below are the descriptions of the budget initiatives in your area that could be rolled out prior to the SOTU that I have included in the DPC memo regarding rollout.,0,1.0,"The sentence discusses budget initiatives that 'could be rolled out' prior to a specific event (SOTU), indicating that the rollout is a future possibility and a final decision on the timing or execution has not yet been made.","The sentence describes a list of initiatives included in a memo regarding a potential rollout. While it references a memo, the sentence itself appears to be stating factual information about what is contained in that memo rather than expressing a personal opinion, legal advice, or internal debate. However, the context of planning a rollout for a future event suggests the content relates to the internal planning process.",,,,,,1.0
486,"Please let me know if you have any edits, updates, changes, etc. to these descriptions.",0,0.0,"The sentence is a request for feedback on draft descriptions, indicating that the final descriptions have not yet been decided upon or finalized.","The sentence itself is a procedural instruction to solicit input rather than an expression of a specific opinion, recommendation, or internal deliberation regarding the content.",,,,,,0.0
487,Any additions in blank areas would be greatly appreciated.,0,1.0,"The sentence is a request for input or data regarding blank areas, which implies that the final document or decision regarding those areas has not yet been completed or finalized.","The sentence expresses a preference or a request for collaboration ('greatly appreciated') rather than stating an objective fact, though it is more of an administrative instruction than a substantive legal or policy opinion.",,,,,,1.0
488,Philanthropy/Faith-Based Initiatives.,0,0.0,The sentence is a brief subject heading or topic label rather than a statement describing a specific issue where a final decision is pending or has been made.,"The sentence does not express an opinion, recommendation, legal advice, or internal deliberation; it is a neutral factual label identifying a topic.",,,,,,0.0
489,Among the possible announcements we can make are         1) steps to increase involvement of community- and faith-based groups in after-school and other important programs; and 2) new tax incentives to promote increased charitable giving by all taxpayers.,1,1.0,The sentence discusses potential future announcements and policy options (steps to increase involvement and new tax incentives) that have not yet been finalized or decided upon by the agency.,"The sentence lists possibilities and recommendations for future actions rather than stating established facts or final agency policy, reflecting internal deliberation on what to propose.",,,,,,1.0
490,Responsible Fatherhood Initiative: Promoting responsible fatherhood is the critical next stage of welfare reform and one of the most important things we can do to reduce child poverty.,1,1.0,"The sentence discusses a proposed initiative and describes it as a 'critical next stage,' indicating that the decision to implement or finalize this specific programmatic approach has not yet been made.","The sentence expresses a subjective opinion and a recommendation ('one of the most important things we can do') regarding the value and necessity of the initiative, rather than stating an objective fact.",,,,,,1.0
491,We could a) announce new data showing the dramatic increases in child support collections made by this Administration and at the same time put forward a package of proposals to,1,1.0,"The sentence discusses potential future actions ('could announce', 'put forward') and the timing of releasing data and proposals, indicating that the decision on whether and how to proceed has not yet been finalized.","The sentence expresses a recommendation or a proposal for a course of action ('could announce', 'put forward a package') rather than stating an established fact or final policy.",,,,,,1.0
492,b.) ensure every unemployed parent who owes child support goes to work and supports his children;,1,0.0,"The sentence outlines a specific policy goal or requirement regarding unemployed parents and child support, which implies a decision or rule has been formulated or is being proposed, rather than discussing an issue where a final decision is still pending in a draft stage.","The sentence states a directive or a rule ('ensure... goes to work') rather than expressing a personal opinion, legal advice, or internal debate about how to achieve a goal.",,,,,,0.0
493,c) collect more child support from parents who can afford to pay;,1,1.0,"The sentence proposes a specific action to collect child support, which implies a policy or operational decision has not yet been finalized or implemented.",The sentence expresses a recommendation or a proposed course of action rather than stating an established fact or final agency policy.,,,,,,1.0
494,d) revise outdated rules to ensure mothers and children receive more of the support the father pays;,1,1.0,"The sentence proposes a specific action to revise rules, indicating that the current rules are considered outdated and a change has not yet been finalized or implemented.",The sentence expresses a recommendation or a proposed course of action regarding policy changes rather than stating an established fact or final agency opinion.,,,,,,1.0
495,and e) promote efforts to ensure fathers returning from prison become responsible fathers and responsible members of society.,1,0.0,"The sentence describes a goal or objective ('promote efforts') rather than a specific issue where a final decision is currently pending or being debated. It reads like a statement of purpose or a mission statement found in a policy document or strategic plan, which often outlines what an agency intends to do rather than discussing the internal process of deciding what to do.","The sentence states a factual objective or a declared goal of the agency. It does not express a personal opinion, a legal recommendation, or an internal debate about how to achieve this goal. It is a statement of what the agency aims to accomplish.",,,,,,0.0
496,Jack said you were asking about the food stamps immigrant proposals.,0,0.0,"The sentence reports a past communication regarding proposals, but does not explicitly indicate that a final decision is currently pending or that the document was created to assist in reaching a new conclusion.","The sentence states a factual report of what someone said ('Jack said') rather than expressing an opinion, recommendation, or internal deliberation.",,,,,,0.0
497,Let me know if you need more info.,0,0.0,The sentence does not concern an issue where a final decision has not yet been made; it is a general offer of assistance rather than a document related to a specific pending decision.,"The sentence does not express an opinion, recommendation, or internal deliberation; it is a factual statement of availability to provide information.",,,,,,0.0
498,"The reproposal of last year's food stamps elderly policy will help 10,000 people by FY05.",1,1.0,"The sentence discusses a specific policy proposal ('reproposal') and its projected impact, which implies the decision regarding this policy has not yet been finalized or implemented.","The sentence expresses a prediction or an opinion on the outcome of a policy change ('will help 10,000 people') rather than stating an established fact or a settled matter.",,,,,,1.0
499,"The new proposal, to restore benefits to pre 8/22/96 adults in families with kids, will help 150,000 people by FY05.",1,1.0,"The sentence discusses a 'new proposal' and projects future impacts by FY05, indicating that the decision to adopt this proposal has not yet been finalized.","The sentence presents a specific recommendation or argument for the proposal by highlighting the positive outcome (helping 150,000 people), which reflects internal deliberation rather than stating an established fact or final agency policy.",,,,,,1.0
500,"Apparently our parents of CHIP proposal as currently scored wouldn't give states the option of covering legal immigrant parents, despite the fact that we propose to cover legal immigrant kids under CHIP.",1,1.0,"The sentence discusses a proposal that is currently being scored and evaluated, indicating that a final decision on the specific coverage options for legal immigrant parents has not yet been made.","The sentence expresses an observation or internal assessment regarding the implications of a proposed policy change ('Apparently... wouldn't give states the option'), reflecting the internal give-and-take of the decision-making process rather than stating an established fact or final agency opinion.",,,,,,1.0
501,"(Under current law legal immigrant children who arrived pre 8/96 can be covered by CHIP or Medicaid at state option, and we have proposed and will re-propose to allow the Medicaid/CHIP state option for immigrant children arriving post-8/96.)",0,1.0,"The sentence discusses a proposed change to existing law regarding Medicaid/CHIP eligibility for immigrant children, indicating that a final decision or rulemaking has not yet been completed.","The sentence explicitly states that the agency has 'proposed and will re-propose' a specific policy option, which reflects an internal recommendation and the 'give-and-take' of the decision-making process rather than a statement of established fact or final policy.",,,,,,1.0
502,Mendelson and I realized this yesterday and he's got folks scoring the additional cost.,1,0.0,"The sentence describes an action taken yesterday regarding scoring additional costs, which implies the issue is currently being addressed or managed rather than a future decision pending finalization, though it does not explicitly state a final decision has been made on the matter.","The sentence states a factual observation about who realized something and who is performing a task (scoring costs), rather than expressing a personal opinion, recommendation, or internal debate.",,,,,,0.0
503,If the parents proposal flies (and I hope it does) I think it would be embarrassing if we left out legal immigrants.,1,1.0,"The sentence discusses a hypothetical scenario ('If the parents proposal flies') and expresses a personal hope ('I hope it does'), indicating that the final decision regarding the proposal has not yet been made.",The sentence expresses a personal opinion ('I think') and a subjective feeling ('embarrassing') rather than stating an objective fact or established policy.,,,,,,1.0
504,We spoke again to Barbara Chow and others at OMB on other legal immigrant matters.,1,0.0,"The sentence describes a past action of speaking with officials regarding legal immigrant matters, but it does not explicitly indicate whether a final decision on those specific matters has been made or is pending. Without context showing this communication is part of an ongoing decision-making process where no decision exists yet, we cannot definitively confirm it is predecisional.","The sentence states a factual event (that a meeting or conversation occurred) rather than expressing an opinion, recommendation, legal advice, or internal policy debate. It reports on an interaction rather than the substance of a deliberation.",,,,,,0.0
505,OMB thinks we can pay for re-proposing our proposals from last year plus maybe a small add on which would be helpful but fall short of the advocates wish list.,1,1.0,"The sentence discusses a potential funding strategy ('pay for re-proposing') and evaluates whether it meets the 'advocates wish list,' indicating that a final decision on the proposal or funding has not yet been made.","The sentence expresses the internal opinion and assessment of the Office of Management and Budget ('OMB thinks') regarding the feasibility and sufficiency of a specific approach, rather than stating established facts or final agency policy.",,,,,,1.0
506,"The attached table has more information, but broadly:",0,0.0,"The sentence introduces a table containing information but does not explicitly state whether a final decision has been made or is pending; however, the context of introducing 'more information' in a draft or explanatory manner suggests the process is ongoing.","The sentence is purely transitional and does not express any specific opinion, recommendation, legal advice, or internal deliberation; it merely signals that further details follow.",,,,,,0.0
507,"Re-proposing FY 2000 proposals: $1.9 billion over 5 years, $11.6 billion over 10.",1,0.0,"The sentence presents specific financial figures and timeframes for a proposal, which suggests the agency is in the process of formulating or presenting a plan, indicating that a final decision on these specific funding amounts has not yet been made.","The sentence states factual data points regarding proposed funding amounts and durations rather than expressing an internal opinion, legal advice, or a recommendation on how to proceed.",,,,,,0.0
508,"FY 2000 proposals plus small add-on: $2.1-2.4 billion over 5 years, $12.3-$12.6 billion over 10.",1,0.0,"The sentence presents specific numerical figures regarding funding proposals and timeframes, which describes the scope of a potential future action but does not explicitly indicate that a final decision has been made or is currently pending in a way that distinguishes it from a factual statement of proposed amounts.","The sentence consists entirely of factual data points (dollar amounts and years) rather than expressing an opinion, recommendation, legal advice, or internal debate.",,,,,,0.0
509,"Advocates wish list: $7.2 billion over 5 years, at least $26 billion over 10",1,0.0,The sentence lists specific financial figures requested by advocates but does not indicate whether a final decision has been made or is pending regarding these figures.,"The sentence states factual data points regarding a wish list rather than expressing an internal opinion, recommendation, or personal view of an author.",,,,,,0.0
510,Mary and NEC have been working with DOT to develop a package of '01 tribal transportation proposals.,1,0.0,"The sentence describes ongoing work to develop proposals, indicating that the final decision or the finalized package has not yet been made.","The sentence states a factual status of collaboration and progress on a project rather than expressing an opinion, recommendation, or internal debate.",,,,,,0.0
511,We worked to make sure they gave serious consideration to allowing tribes to apply directly for Access to Jobs grants (as you know we've been going back and forth with FTA about this for a while).,1,1.0,"The sentence describes an ongoing negotiation and a process of 'going back and forth' regarding a policy change, indicating that a final decision has not yet been made.","The sentence expresses the internal efforts and considerations of the agency ('worked to make sure', 'serious consideration') rather than stating established facts or final agency policy.",,,,,,1.0
512,"Yesterday, DOT agreed to propose appropriations language that will allow tribes to apply directly for Access to Jobs grants.",1,0.0,"The sentence describes an agreement to propose language, indicating that the final decision or the formal proposal itself has not yet been made, so it concerns an issue where a final decision has not yet been made.","The sentence states a factual agreement to take a specific action (proposing language) rather than expressing an internal opinion, recommendation, or personal view of an author regarding how to decide.",,,,,,0.0
513,"They also plan to set aside $5 M within the $150 M for tribes, but they think this can be done administratively through the application process.",1,1.0,"The sentence discusses future plans ('plan to set aside') and a proposed method for implementation ('think this can be done'), indicating that the final decision on how to allocate the funds or the specific administrative mechanism has not yet been finalized.",The sentence expresses the agency's internal thinking and recommendations ('they think this can be done') regarding a potential course of action rather than stating established facts or final policy.,,,,,,1.0
514,Apparently they also plan to do a similar set-aside for projects in the Delta.,1,1.0,"The sentence discusses future plans ('plan to do') regarding a specific action (set-aside for projects), indicating that the decision or implementation has not yet occurred.","The sentence conveys information about intended actions and planning rather than stating established facts or final agency policy, reflecting the internal discussion or anticipation of future steps.",,,,,,1.0
515,Set-aside grants would still have to follow the ATJ program requirements.,1,0.0,"The sentence discusses specific program requirements that must be followed, which implies established rules rather than a pending decision on whether to follow them or not.","The sentence states a factual requirement regarding grant compliance rather than expressing an opinion, recommendation, or internal debate.",,,,,,0.0
516,Can you call Jennifer Friedman and work with her to figure out how to spend the $15 million?,1,1.0,"The sentence discusses planning how to spend funds, which implies a decision regarding the allocation of money has not yet been finalized.","The sentence is a request for collaboration to determine a course of action, reflecting an internal discussion or recommendation process rather than stating an established fact or final policy.",,,,,,1.0
517,(Since this is discretionary we would only worry about the year 1 costs.) .,0,1.0,"The sentence discusses a hypothetical scenario regarding cost estimation ('year 1 costs') based on a discretionary choice, indicating that a final decision on the scope or costs has not yet been finalized.","The sentence expresses an internal opinion or recommendation on how to proceed with cost analysis ('we would only worry about'), reflecting the 'give-and-take' of the decision-making process rather than stating an established fact or final policy.",,,,,,1.0
518,I think your summary looks fine but it's essentially a much more articulate version of what we proposed last year and couldn't get the ag appropriators to fund.,1,1.0,"The sentence discusses a proposal from the previous year that was not funded, indicating that the specific funding decision for that past proposal is already settled and no longer pending a new final decision.","The sentence expresses the author's personal opinion ('I think') regarding the quality of a summary and its relationship to a past proposal, which reflects internal deliberation rather than established agency policy.",,,,,,1.0
519,Jennifer and Jeff Farkas are trying to figure out if they can squirrel away some of the $15 million elsewhere in a place that will be more likely to get funded.,1,1.0,"The sentence describes an ongoing effort to determine funding options for a project, indicating that a final decision on where to allocate the funds has not yet been made.",The sentence expresses an internal discussion and consideration of potential strategies ('trying to figure out') rather than stating established facts or final agency policy.,,,,,,1.0
520,Attached is my version of FNS's version that was axed by the Secretary's office and;,1,0.0,"The sentence discusses a document that was previously rejected or 'axed' by the Secretary's office, implying that the specific version being discussed is no longer the final decision or that the decision-making process regarding that specific draft has moved past this stage, though the context of the current decision is not fully clear, the reference to a version that was already rejected suggests it is not a current pre-decisional draft intended to assist in a pending final conclusion in the same way a fresh draft would be.","The sentence describes the status of a document (a version that was axed) rather than expressing an opinion, recommendation, or internal deliberation. It is a factual statement about the history of a document.",,,,,,0.0
521,"therefore, never went to OMB for consideration.",1,0.0,"The sentence describes a past action where a document or proposal was not submitted to the Office of Management and Budget (OMB) for consideration. Since the lack of submission implies that the formal review and decision-making process at that level did not occur or was bypassed, the issue regarding the consideration of this specific item is effectively resolved or outside the current pre-decisional phase of a formal agency action.","The sentence states a factual occurrence (that something was not sent to OMB) rather than expressing an opinion, recommendation, or internal debate. It does not reflect the 'give-and-take' of the decision-making process but rather reports on the status of a procedural step.",,,,,,0.0
522,I made some changes to it adding some language on working poor and playing down some of their nutritional education ideas and playing up on the outreach (education about eligibility) aspects.,1,1.0,"The sentence describes modifications made to a document prior to its finalization, indicating that the decision regarding the document's content was not yet complete at the time of writing.","The sentence expresses the author's personal actions and internal reasoning regarding how to shape the document's tone and content (e.g., 'playing down' certain ideas and 'playing up' others), which reflects the internal give-and-take of the drafting process rather than stating established facts or final policy.",,,,,,1.0
523,I didn't remember you telling me that you already mentioned bumping it up to $15 million to Barbara.,1,0.0,"The sentence discusses a past communication regarding a specific figure ($15 million) and whether it was previously mentioned to a third party, which implies the matter of the funding level or the communication itself is already established fact rather than a future decision being considered.","The sentence is a statement of memory or fact regarding a past event (telling someone something was mentioned) rather than an expression of an opinion, recommendation, or internal policy deliberation.",,,,,,0.0
524,Cynthia A. Rice,0,0.0,"No, the sentence is a proper name and does not concern an issue where a final decision has not yet been made.","No, the sentence is a factual identifier (a name) and does not express an opinion, recommendation, or internal deliberation.",,,,,,0.0
525,"As you know I asked Barbara to up the number to $15 million, and at the welfare meeting late this afternoon Jennifer Friedman said OMB is prepared to go to $15 million but is looking for a place to put some of it that will be more likely to get enacted and wanted to know if we have any ideas.",1,1.0,"The sentence discusses a proposal to increase funding to $15 million and seeks ideas on how to structure the funding to ensure it gets enacted, indicating that a final decision on the specific mechanism or final approval has not yet been made.","The sentence reflects internal communication where the author is sharing a request made to another individual and reporting on a meeting where suggestions were sought, representing the 'give-and-take' of the decision-making process rather than stating established facts or final policy.",,,,,,1.0
526,What is the attachment below?,0,0.0,The sentence asks for information about an attachment but does not indicate whether a final decision has been made or not regarding the content of the attachment itself.,"The sentence is a simple inquiry requesting factual information about the existence or nature of an attachment, rather than expressing an opinion, recommendation, or internal deliberation.",,,,,,0.0
527,Is that FNS's original proposal?,0,0.0,"The sentence is a question inquiring about the status of a proposal, which implies the matter is still under review and a final decision has not yet been made.","The sentence is a factual inquiry seeking clarification on the origin of a document rather than expressing an opinion, recommendation, or internal deliberation.",,,,,,0.0
528,"OMB included in passback $7 million for nutritional education, of which not less than $5 million is for educating food stamp eligibles not currently participating in the program -- including the working poor, welfare leavers, elderly, and ABAWD's of their ability to apply for food stamps.",0,0.0,"The sentence describes a specific allocation of funds ($7 million) and the conditions attached to them (at least $5 million for a specific group), which indicates a finalized decision or established policy regarding the budget rather than a pending issue where a final decision has not yet been made.","The sentence states factual details about the amount of money included and the specific requirements for its use, rather than expressing an opinion, recommendation, or internal deliberation.",,,,,,0.0
529,I'm not a big FORK fan - I think it's overly prescriptive but this is what it does:,0,0.0,"The sentence discusses a personal preference regarding a software tool (FORK) and describes its function, but it does not clearly indicate that a specific government decision is pending or that this text is part of a pre-decisional process for an official agency action.","The sentence expresses a personal opinion ('not a big fan', 'overly prescriptive') rather than an official agency recommendation, legal advice, or internal policy deliberation.",,,,,,0.0
530,Requires FNS to conduct annual on-site inspections of local food stamp offices in every state and authorizes appropriations for this purpose.,0,0.0,"The sentence describes a statutory requirement and authorization that establishes a permanent rule or policy, indicating that the decision to require inspections and appropriate funds has already been made and codified, rather than being a matter currently under consideration for a final decision.","The sentence states established facts regarding legal requirements and funding authorizations; it does not express a personal opinion, recommendation, or internal debate about how to proceed.",,,,,,0.0
531,(current FNS regulations require inspections but they can be desk audits which do not require annual visits.,0,0.0,"The sentence states existing regulatory requirements regarding inspections and desk audits, indicating that the rules are already established and not a matter where a final decision is yet to be made.","The sentence presents factual information about current regulations rather than expressing an internal opinion, recommendation, or personal view of an author.",,,,,,0.0
532,Authorizes a demonstration project in which FNS works with state caseworkers to develop caseworker training materials and guidebooks to help state provide clearer information about fs to TANF recipients.,0,0.0,"The sentence describes an authorized demonstration project involving the development of training materials and guidebooks, which indicates an ongoing or future activity rather than a final decision on a settled matter, suggesting the issue is not yet fully concluded.","The sentence outlines specific actions and objectives for a project (developing materials, guiding states) rather than expressing a personal opinion, legal advice, or internal debate; it reads more like a statement of established policy or a factual description of an authorized program.",,,,,,0.0
533,Authorizes a competitive grant program to be administered by USDA in consultation with HHS to develop local strategies for improving food stamp access and educating working families about their eligibility.,0,0.0,"The sentence describes an authorization for a program that has already been established, indicating that the decision to create this program has been made and is no longer in the pre-decisional phase.","The sentence states the purpose and scope of an existing authorized program (developing strategies and educating families) rather than expressing an internal opinion, recommendation, or draft advice.",,,,,,0.0
534,"These grants will go to food banks, schools, WIC clinics etc.",0,0.0,"The sentence describes a specific allocation of grants to particular entities (food banks, schools, WIC clinics), which implies that the decision regarding the distribution has already been finalized or is being executed, rather than discussing a future issue where a decision is pending.","The sentence states factual information about the intended recipients of the grants and does not express an opinion, recommendation, legal advice, or internal debate.",,,,,,0.0
535,(Part of determining the cost is how many of these grants will authroized),0,1.0,"The sentence discusses the calculation of costs based on the number of grants to be authorized, which implies a future action or decision regarding authorization has not yet been finalized.","The sentence expresses a factor or consideration ('how many... will be authorized') rather than stating an established fact or final policy, indicating it is part of an internal discussion or estimation process.",,,,,,1.0
536,Requires state TANF programs to provide clear info about ts eligibility  to people being diverted from TANF and people exiting TAIF.,0,0.0,"The sentence describes a requirement for state programs to provide information, which appears to be a statement of established policy or a final rule rather than a draft or a document created to assist in reaching a future decision.","The sentence states a factual requirement or policy directive regarding eligibility information, rather than expressing a personal opinion, recommendation, or internal debate.",,,,,,0.0
537,Authorizes a tax credit for businesses who are designated as information partners by USDA because they contribute substantial goods or services to help expand the toll-free hotline.,0,0.0,"The sentence describes an authorization that appears to be a final action or established policy rather than a draft or a step preceding a decision, as it states what is authorized without indicating it is a recommendation or internal discussion.","The sentence states a factual condition regarding the authorization of a tax credit and the criteria for eligibility, rather than expressing an internal opinion, recommendation, or personal view of an author.",,,,,,0.0
538,How does the FORK act work -- how does it provide outreach funds in a way that needs to be scored?,0,1.0,"The sentence asks for an explanation of how a specific act works and how funds should be scored, indicating that the agency is currently in the process of understanding or determining the implications of the act rather than discussing a finalized decision.","The sentence poses questions seeking internal analysis and scoring methodology, which reflects the internal give-and-take and deliberation required to formulate a policy or legal position, rather than stating established facts or final opinions.",,,,,,1.0
539,They don't ask for a specific amount - CBO and JCT are scoring it.,0,0.0,"The sentence discusses the current status of a legislative or budgetary item where the CBO and JCT are actively scoring it, implying that a final determination or specific amount has not yet been established or finalized.","The sentence states a procedural fact regarding who is performing an action (scoring) rather than expressing a personal opinion, recommendation, or internal debate about policy.",,,,,,0.0
540,There rough estimate is $20/ 5 years but Levin's staff admitted that she really doesn't know.,0,1.0,"The sentence discusses a rough estimate and explicitly states that the staff member does not know the actual figure, indicating that a final, accurate decision or fact has not yet been established.",The sentence expresses uncertainty and conveys the internal admission of a lack of knowledge rather than stating a definitive fact or established policy.,,,,,,1.0
541,Cynthia A. Rice,0,0.0,"No, the sentence is a proper name and does not concern an issue where a final decision has not yet been made.","No, the sentence is a factual identifier (a name) and does not express an opinion, recommendation, or internal deliberation.",,,,,,0.0
542,"I see Coyne, Levin et al don't ask for a specific amount for food starnp outreach.",0,1.0,"The sentence discusses the lack of a specific funding request from other parties regarding food stamp outreach, which implies the matter is still in a planning or discussion phase where a final decision on the amount or strategy has not been made.","The sentence reflects an observation or internal note about the status of requests from others rather than stating an established fact or final policy, indicating it is part of the internal give-and-take of the decision-making process.",,,,,,1.0
543,At what level was the funding in the FORK act?,0,0.0,"The sentence is a question asking for specific factual information regarding funding levels under a specific act, rather than discussing a pending decision or internal process.","The sentence requests an established fact or data point rather than expressing an opinion, recommendation, or internal deliberation.",,,,,,0.0
544,"Short Version Propose $500 million in FY 2001, with $500 million in out-years, for Welfare-to-Work competitive grants.",0,1.0,"The sentence proposes a specific funding amount for future fiscal years, indicating that the final decision regarding this budget allocation has not yet been made.","The sentence uses the word 'Propose' and outlines a specific plan, which reflects an internal recommendation or suggestion rather than stating an established fact or final agency policy.",,,,,,1.0
545,"These grants could fund projects in three key areas impbrtant to sustaining ,the success of welfare reform: 1) to help the hardest to employ move from welfare to work and succeed in the work force;",0,1.0,"The sentence discusses potential funding areas for grants, which implies a proposal or planning stage where a final decision on how to allocate funds or which specific projects to fund has not yet been made.","The sentence expresses a recommendation or a proposal regarding how grants could be utilized to support specific goals, rather than stating an established fact or final agency policy.",,,,,,1.0
546,"2) to help low income fathers work, pay child support and reconnect with their children;",0,0.0,The sentence describes a goal or objective ('to help...') rather than a specific issue where a final decision is pending or being debated internally. It reads like a stated purpose or mission statement.,"The sentence states a factual objective or policy goal rather than expressing a personal opinion, legal advice, or an internal recommendation. It does not reflect the 'give-and-take' of a decision-making process.",,,,,,0.0
547,"3) to increase job retention, skills upgrading and supports (including outreach on food stamps, Medicaid, child care, and EITC) for low-income working families, including those who have left welfare, through local one-stop employment centers",0,0.0,"The sentence outlines specific programmatic goals and methods for increasing job retention and supporting low-income families, which suggests these are established objectives or planned activities rather than a discussion on an undecided issue where a final decision is pending.","The sentence lists factual components of a policy proposal (specific services like food stamps, Medicaid, and EITC) and describes the mechanism for delivery (local one-stop centers) without expressing a personal opinion, legal advice, or internal debate.",,,,,,0.0
548,"Long Version Propose $500 million in FY 2001, with $500 million in out-years, for Welfare-to-Work competitive grants.",0,1.0,"The sentence proposes a specific funding amount for future fiscal years, indicating that the final decision regarding this budget allocation has not yet been made.","The sentence uses the word 'Propose' and outlines a specific plan for grants, which reflects an internal recommendation or suggestion rather than a statement of established fact or final agency policy.",,,,,,1.0
549,These funds could address three key issues related to sustaining the success of welfare reform:,1,1.0,"The sentence discusses potential uses for funds to address issues related to welfare reform, which implies a context where a final decision on how to utilize these funds or the specific strategy has not yet been finalized.","The sentence uses the word 'could' and lists 'key issues' to be addressed, indicating a proposal, recommendation, or internal discussion about potential actions rather than stating established facts or final policy.",,,,,,1.0
550,1) $250 million for innovative local projects in communities that need the most help to move the hardest to employ from welfare to wolk and succeeding in the workforce.,0,1.0,"The sentence outlines a specific funding allocation proposal for local projects aimed at workforce development, indicating that a decision regarding this specific budget item has not yet been finalized.","The sentence expresses a recommendation or a proposed course of action regarding how funds should be distributed, rather than stating an established fact or final agency policy.",,,,,,1.0
551,"This would honor the original intent of the Welfare-to-Work program, by focusing on the hardest to employ and getting the funds directly to locals.",1,1.0,"The sentence discusses a proposed approach ('This would honor...') to implementing or modifying a program, indicating that the specific action or final policy decision regarding this focus has not yet been made.",The sentence expresses a recommendation or an opinion on how the program should be structured ('focusing on the hardest to employ and getting the funds directly to locals') rather than stating an established fact or final agency policy.,,,,,,1.0
552,"Within this amount, forrimla grants for tribes could be continued at current level of $15 Mor increased to $30 Mas proposed in FY 2000..",0,1.0,"The sentence discusses potential funding levels ('could be continued' or 'increased') for a specific program, indicating that the final decision on the amount has not yet been made.",The sentence presents options and proposals regarding funding amounts rather than stating established facts or final agency policy.,,,,,,1.0
553,"2) $150 million for responsible fatherhood initiatives that help low income fathers work, pay  child support, and reconnect with their children.",0,0.0,"The sentence lists a specific funding amount and program goals, which typically represents a finalized budgetary item or a stated policy objective rather than a draft consideration for a future decision.","The sentence states facts regarding the allocation of funds and the intended outcomes of the initiative, rather than expressing an internal opinion, recommendation, or legal advice.",,,,,,0.0
554,This is consistent with the President's strong emphasis on fathers in our FY 2000 WtW reauthorization and positions to engage with the Hill as we expect Fatherhood bills to gain momentum next year.,0,1.0,"The sentence discusses future expectations ('next year') and current alignment with a President's emphasis, indicating that the specific legislative outcomes or final policy positions regarding the 'Fatherhood bills' have not yet been finalized or decided upon.","The sentence expresses an internal assessment of the agency's stance ('consistent with... emphasis') and a prediction of future legislative momentum ('expect... to gain momentum'), which reflects the internal deliberative process rather than stating established, final agency policy or objective facts.",,,,,,1.0
555,"3) $100 million to increase job retention, skills upgrading and supports (including outreach  on food stamps, Medicaid, child care, and EITC) for low income working families, including those who have left welfare through local one-stop centers.",0,0.0,"The sentence outlines specific funding amounts and programmatic goals (job retention, skills upgrading) which typically represent established policy or finalized budgetary allocations rather than a discussion on an issue where a final decision has not yet been made.","The sentence states facts regarding the allocation of funds and the scope of services to be provided; it does not express a personal opinion, recommendation, or internal debate about how to proceed.",,,,,,0.0
556,This would build on the Workforce Investment Act and help address the issues of the non-welfare working poor.,0,1.0,"The sentence discusses a proposal to build on existing legislation and address specific issues, indicating that the policy or action described has not yet been finalized or implemented.",The sentence expresses a recommendation or the intended effect of a proposed action rather than stating an established fact or final agency opinion.,,,,,,1.0
557,We are  also exploring ways to increase access to employment  services for  individuals  with  disabilities through this proposal.,1,1.0,"The sentence discusses a proposal that is currently being explored, indicating that a final decision or implementation has not yet been made.",The sentence expresses an internal plan or recommendation to explore specific actions rather than stating an established fact or final agency policy.,,,,,,1.0
558,"OMB staff is currently proposing a total of$750 million for FY '01, all dedicated to the third category, but are also receptive to competitive grants in the other two areas:",1,1.0,"The sentence indicates that OMB staff is 'currently proposing' funding levels, which suggests the final decision on the budget allocation has not yet been made and the process is ongoing.","The sentence expresses a proposal and indicates receptiveness to alternative approaches ('competitive grants'), reflecting internal deliberation and recommendation rather than stating established facts or final policy.",,,,,,1.0
559,We're  waiting for them to finish Director's review today to find out where they're ending up.,1,0.0,"The sentence indicates that a review is currently in progress and the final outcome or placement of the subject is not yet determined, meaning a final decision has not been made.","The sentence describes the status of an internal process and the anticipation of a future result rather than stating a specific fact, opinion, or recommendation.",,,,,,0.0
560,"Based on info Amy provided on the marriage stats,  I'd  replace  the  2nd  graph  of  3d)  in  the 11/24 memo to BR/EL with the following.",1,1.0,"The sentence discusses modifying a memo that has not yet been finalized, indicating the decision regarding the graph replacement has not been made.",The sentence expresses a specific recommendation or internal suggestion ('I'd replace') rather than stating an established fact or final policy.,,,,,,1.0
561,I'm sending you a hard copy of the info from HHS (which is what they'd shared earlier but I'd misplaced).,0,0.0,"The sentence describes the transmission of information that was previously shared and misplaced, indicating the underlying issue or data point is not a new matter pending a final decision but rather a logistical update on existing information.","The sentence states a factual action regarding the sending of a document and the reason for its delay (misplacement); it does not express an opinion, recommendation, or internal deliberation.",,,,,,0.0
562,Something not proposed by the VP which we could add is funding- for National Center for Health Statistics to improve data on marriage and divorce.,1,1.0,"The sentence suggests adding a new funding proposal that has not yet been formally proposed or decided upon by the agency, indicating the matter is still in the pre-decisional phase.","The sentence expresses a specific recommendation or internal suggestion ('Something... which we could add') regarding a policy change, reflecting the internal give-and-take of the decision-making process rather than stating an established fact or final policy.",,,,,,1.0
563,In the past several years they have stopped collecting detailed information from states due to budgetary pressures and concerns about the quality  of the data.,0,0.0,"The sentence describes actions that have already occurred over the past several years, indicating that the issue of stopping data collection is not a pending matter requiring a new decision.","The sentence states factual reasons (budgetary pressures and data quality concerns) for a past action rather than expressing an internal opinion, recommendation, or draft advice.",,,,,,0.0
564,"This has received a surprising amount of press attention, some have used this to criticize the Administration for being 'weak on marriage', and House W&M staff have expressed interest in restoring funding.",0,0.0,"The sentence discusses current events, media reactions, and staff interest regarding funding, but does not explicitly describe a draft recommendation or an internal discussion leading up to a specific agency decision that has not yet been made.","The sentence states facts about press attention, public criticism, and the expressed interest of House staff rather than expressing an internal opinion, legal advice, or a recommendation from an agency employee.",,,,,,0.0
565,"We could either wait for them to do so, or pre-empt them with a modest funding proposal.",1,1.0,The sentence discusses potential future actions (waiting or pre-empting with a proposal) indicating that no final decision has been made yet.,The sentence presents options and reflects internal consideration or strategy rather than stating established facts or final agency policy.,,,,,,1.0
566,"HHS' very preliminary  estimates show  it would cost about $750,000 in the first year to assess states' ability to report these data, with annual costs of $7 - $10 million to implement a high quality reporting system.",0,0.0,"The sentence presents preliminary cost estimates for a future reporting system, indicating that the final decision on implementation and budget has not yet been made.","The sentence states specific numerical figures regarding projected costs rather than expressing an opinion, recommendation, or internal debate.",,,,,,0.0
567,I assume you'll work on this?,0,1.0,"The sentence is a tentative inquiry about future work assignment, indicating that no final decision or action has been taken yet, so it is pre-decisional.","The sentence expresses a personal assumption or expectation regarding how a colleague will act, rather than stating an established fact or policy, so it is deliberative.",,,,,,1.0
568,Let me know if you'd like us to do anything.,0,0.0,"The sentence does not address a specific issue where a final decision is pending; rather, it is an open-ended offer of assistance without reference to a specific policy choice or action to be taken.","The sentence does not express an opinion, recommendation, or internal deliberation; it is a factual statement of availability and willingness to perform tasks.",,,,,,0.0
569,As a quick cut I would reorganize this to be:,0,1.0,"The sentence discusses a proposed reorganization of a document, which implies that the final version of the document has not yet been finalized or released, indicating the matter is pre-decisional.","The phrase 'I would reorganize' expresses a personal recommendation or suggestion from the author regarding how to structure the content, rather than stating an established fact or final policy.",,,,,,1.0
570,I am pleased that today the House.,1,0.0,"The sentence fragment mentions 'today' and the House, which suggests a statement about a current event or a completed action rather than a future decision-making process. There is no indication that a final decision is pending.","The sentence expresses a personal sentiment ('I am pleased') regarding an event, but it does not appear to be part of an internal 'give-and-take' process, a recommendation, or legal advice intended to assist a decision-maker. It reads more like a public statement or a reaction to an established fact.",,,,,,0.0
571,"Commerce committee voted [vote # if good] on a bipartisan basis for the Work Incentives Improvement Act, which would remove significant barriers to work for millions of people with disabilities by increasing their access to health care and employment services.",1,0.0,"The sentence describes a vote that has already occurred, indicating that the decision-making process regarding the Work Incentives Improvement Act is complete and the matter is settled.","The sentence states factual information about a legislative outcome (a bipartisan vote) rather than expressing an internal opinion, recommendation, or draft thought process.",,,,,,0.0
572,"I strongly support this legislation and the Senate version championed by Senators Jeffords, Kennedy, Roth and Moynihan and which XX members of the Senate have co-sponsored.",1,1.0,"The sentence expresses a personal stance on legislation that has already been introduced and co-sponsored by specific senators, indicating the legislative process is underway or the position is being taken on an existing proposal rather than a future internal agency decision.","The sentence clearly expresses a personal opinion and strong support for specific legislation, which fits the definition of a deliberative statement reflecting the author's views.",,,,,,1.0
573,I call upon the leadership of the House and Senate to work together to pass this legislation by the Memorial  Day recess.,1,1.0,"The sentence expresses a call to action for future legislative steps, implying that the legislation has not yet been passed and a final decision on its enactment is pending.","The sentence represents a personal recommendation or opinion from the author urging specific behavior from leadership, rather than stating an established fact or final agency policy.",,,,,,1.0
574,No one should have to make a choice between earning an income and health care access.,1,0.0,"The sentence expresses a general principle or value regarding the relationship between income and health care, but it does not explicitly reference a specific pending decision, draft policy, or internal discussion where a final outcome has not yet been determined.","The sentence states a normative view or an ideal ('No one should...') rather than a specific internal recommendation, legal advice, or personal opinion generated during the give-and-take of a specific agency decision-making process.",,,,,,0.0
575,"Obviously we may want to have more on what the bill does, etc.",1,1.0,"The sentence indicates a desire to gather more information about a bill, implying that the agency has not yet reached a final conclusion or made a decision on the matter.",The sentence expresses a tentative opinion or recommendation ('we may want to') regarding future information gathering rather than stating an established fact or final policy.,,,,,,1.0
576,and maybe the plug for no heath weakening amendments too.,1,1.0,"The sentence discusses potential legislative amendments ('no heath weakening amendments') using speculative language ('maybe'), indicating that a final decision on these amendments has not yet been made.",The sentence expresses a tentative opinion or suggestion regarding legislative strategy rather than stating an established fact or final policy.,,,,,,1.0
577,"â€¢ The Administration strongly supports S. 311/H.R. 1180, which would remove significant barriers to work for millions of people with disabilities by increasing their access to health care and employment services.",0,0.0,"The sentence describes a position the Administration has already taken in support of specific legislation, indicating that the decision to support the bill has been made rather than being in the process of being decided.","The sentence states a fact regarding the Administration's established policy or public stance on a specific bill, rather than expressing a personal opinion, draft recommendation, or internal debate.",,,,,,0.0
578,"In his January 19th State of the Union Address, the President expressed his ongoing commitment to empower people with disabilities and urged the Congress to pass the landmark Work Incentives Improvement Act.",0,0.0,"The sentence describes a past event (the January 19th State of the Union Address) where the President already made a public statement and urged Congress to act. Since the speech has occurred and the urging has been delivered, this is not a predecisional document regarding a future internal agency decision.","The sentence states factual occurrences: that the President gave a speech, expressed a commitment, and urged Congress. It does not reflect internal opinions, recommendations, or the 'give-and-take' of a decision-making process.",,,,,,0.0
579,"The President's FY 2000 Budget fully funds the bill's health care options in Medicare and Medicaid as well as the ""Ticket to Work"" provisions for individuals with disabilities.",0,0.0,"The sentence describes the contents of a finalized budget document (FY 2000) which represents an official action that has already been taken, rather than a matter where a final decision is still pending.","The sentence states factual information regarding funding allocations for specific programs (Medicare, Medicaid, Ticket to Work) rather than expressing an internal opinion, recommendation, or personal view.",,,,,,0.0
580,"During the last year, White House staff worked intensely with the disability community and with Congress to develop a proposal that provides the services necessary to enable people with disabilities to work.",0,0.0,"The sentence describes past actions taken to develop a proposal, but it does not explicitly state that a final decision has not yet been made regarding the proposal itself, nor does it focus on the internal process of reaching a decision as much as it describes the completion of work on a specific initiative.","The sentence states factual information about activities performed by White House staff (working with the disability community and Congress) rather than expressing a personal opinion, recommendation, or internal debate.",,,,,,0.0
581,"The ""ticket to work"" program helps address this need.",0,0.0,"The sentence describes the function of an existing program, implying the program is already established and operational, rather than discussing a future decision or a matter under active consideration for a final ruling.","The sentence states a factual description of what the program does ('helps address this need') rather than expressing a personal opinion, legal advice, or a recommendation within an internal debate.",,,,,,0.0
582,But it is also essential to ensure access to health insurance coverage.,0,1.0,"The sentence discusses the necessity of ensuring access to health insurance coverage, which implies a policy goal or a step in a process that has not yet been finalized or implemented.",The sentence expresses a normative statement or a recommendation ('it is essential') regarding a policy outcome rather than stating an objective fact.,,,,,,1.0
583,"Senators Jeffords, Kennedy, Roth, and Moynihan have successfully developed a fully paid-for proposal that accomplishes these policy goals.",0,0.0,"The sentence describes a proposal that has already been developed by specific Senators, indicating the existence of a concrete plan rather than a future decision point within the agency, though the agency's adoption of this plan may not be final.","The sentence states a fact regarding the development and funding status of a proposal by external legislators, rather than expressing an internal opinion, recommendation, or personal view of an agency employee.",,,,,,0.0
584,The Administration thus opposes any agiendments that weaken the bill's indispensable health provisions: no one should have to make a choice between earning an income and health care access.,0,0.0,"The sentence expresses a firm stance ('opposes') on specific amendments, indicating that the agency's position on this issue is already established rather than being in the process of forming a decision.","The sentence states a policy position and a moral argument regarding health care access, which reflects the agency's established views rather than internal debate or personal opinions of an individual author.",,,,,,0.0
585,Most of the offsets that were included in last year's  version of  JK  were dropped.,0,0.0,"The sentence discusses changes made to a document from 'last year', implying that the current version is a finalized or settled state of affairs rather than a draft being considered for a future decision.","The sentence states a factual observation about which specific offsets were included or dropped in a previous version of a document, rather than expressing an opinion, recommendation, or internal debate.",,,,,,0.0
586,The exceptions  were the  prisoner  provision  and the  clergy open season.,0,0.0,"The sentence lists specific provisions (prisoner provision and clergy open season) without indicating whether a final decision regarding them has been made or if they are part of an ongoing discussion, making it impossible to confirm if the issue is pre-decisional based solely on this text.","The sentence states facts about which provisions were exceptions rather than expressing an opinion, recommendation, or internal deliberation.",,,,,,0.0
587,When JKRM -introduced the bill this session they included a series of tax provisions (including user  fees and tax  credits)  to  pay for  the bill.,0,0.0,"The sentence describes a past event where a bill was introduced and specific provisions were included, indicating that the legislative action has already occurred rather than a future decision pending.","The sentence states factual information regarding the contents of a bill (tax provisions, user fees, tax credits) rather than expressing an internal opinion, recommendation, or personal view.",,,,,,0.0
588,"I was wondering about the provisions that save money, whether those offsets were essentially being used in both bills (Jeffords-Kennedy and foster care).",0,1.0,"The sentence discusses the comparison of provisions between two specific bills (Jeffords-Kennedy and foster care) and questions whether cost-saving offsets are being used in both. Since the inquiry is about the status or application of these provisions within existing or proposed legislation, it concerns an issue where a final decision or official determination regarding the specific usage of these offsets has not yet been made or is currently under review.","The sentence expresses a question or an internal inquiry ('I was wondering') rather than stating an established fact or a finalized policy. It reflects the internal 'give-and-take' of the decision-making process by seeking clarification on how provisions are being applied, which is characteristic of deliberative content.",,,,,,1.0
589,"Yes, the ""treatment  of prisoners""  language is included in S. 331  and H.R. 631;  ( I need to  check if the provisions are identical, but in concept, they are the same.",0,1.0,"The sentence discusses the status of language in specific bills (S. 331 and H.R. 631) and indicates a need to verify if provisions are identical, suggesting the final comparison or legislative outcome is not yet fully determined or finalized at the time of writing.","The sentence expresses a personal assessment ('in concept, they are the same') and an ongoing action ('I need to check'), which reflects internal deliberation and opinion rather than stating established facts or final agency policy.",,,,,,1.0
590,"Also, many of the-other H.R. 631 offsets are assumed in the FY 2000 Budget.)",0,0.0,"The sentence discusses assumptions made in a specific budget document (FY 2000 Budget) regarding offsets for a bill (H.R. 631). Budget documents typically represent the agency's finalized position or established policy for that fiscal year, rather than a draft or a pre-decisional discussion where a final conclusion is still being sought. The use of 'assumed' in the context of a budget submission implies a settled stance on how the bill is treated for budgetary purposes.","The sentence states a factual assumption regarding the content of a budget rather than expressing a personal opinion, legal advice, or a recommendation. It describes what is included in the budget document, which is a statement of fact or established policy rather than internal deliberation.",,,,,,0.0
591,"On Friday 3/26, ED staff (Curtis Richards and others) met with W&M staff for about an hour to discuss the Bunning-Kennelly bill & this year's Kennedy-Jeffords bill.",0,0.0,"The sentence describes a meeting that took place in the past to discuss specific legislation, but it does not explicitly state whether a final decision has been made or is pending regarding those bills. It records the occurrence of a discussion rather than the status of a decision-making process.","The sentence states a factual event (a meeting occurred) and lists the topics discussed. It does not express an opinion, recommendation, legal advice, or internal deliberation; it merely reports that a conversation happened.",,,,,,0.0
592,I apologize for the delay in sending this summary out.,0,0.0,The sentence does not concern an issue where a final decision has not yet been made; it is a statement regarding the timing of a communication that has already occurred.,"The sentence expresses a personal sentiment or apology rather than an opinion, recommendation, or internal deliberation regarding policy or a specific decision.",,,,,,0.0
593,"One of the main purposes of this meeting was to brief W&M staff on how the State VR programs work (e.g., the fact that priority is given to serving individuals with the most significant disabilities).",0,0.0,"The sentence describes the purpose of a meeting to brief staff on existing program operations and priorities, which suggests the agency's policies and procedures are already established and in effect rather than discussing a specific issue where a final decision has not yet been made.","The sentence states factual information about the program's purpose and priority criteria (serving individuals with the most significant disabilities) rather than expressing a personal opinion, recommendation, or internal debate.",,,,,,0.0
594,Below is a brief summary of the other important items that were discussed.,0,0.0,"The sentence summarizes items that were already discussed, implying the discussion has occurred, but it does not explicitly state whether a final decision has been made or not. However, summarizing past discussions is often part of the record-keeping process rather than the active generation of advice for a pending decision.","The sentence states a fact about what was discussed rather than expressing a personal opinion, recommendation, or internal deliberation. It is descriptive of past events.",,,,,,0.0
595,"Agreement with State Rehab Agency: W&M staff asked ED about the purpose of sec. 1148(c)(3){D) in the Senate bill, which states that no payment can be made to an employment network who either makes referrals to a State agency in violation of their agreement  with the agency, or has not entered into an agreement.",0,0.0,"The sentence describes a specific inquiry regarding the purpose of a section in a Senate bill and references existing agreements, indicating that the matter involves interpreting current laws and contracts rather than discussing a future decision that has not yet been made.","The sentence states factual information about what staff asked and what the relevant statute says, rather than expressing an internal opinion, recommendation, or personal view of an author.",,,,,,0.0
596,"ED staff noted that this language is intended to prevent employment networks from ""double dipping""  by referring an individual to  a State  VR agency for specific services, and then being reimbursed for the services provided,by the State VR agency.",0,1.0,"The sentence describes the intended purpose of specific language regarding reimbursement rules, which suggests the policy or rule is being formulated or explained rather than a final decision on a specific case having been made.","The sentence expresses the intent and rationale behind a proposed or existing rule ('intended to prevent'), reflecting the internal reasoning and policy objectives of the staff rather than stating an objective fact.",,,,,,1.0
597,W&M staff was concerned that the bill language would essentially  reassign the  ticket  to the VR agency.,0,1.0,"The sentence discusses staff concerns regarding the potential impact of bill language, indicating that the final decision on how the ticket is assigned or how the bill is handled has not yet been made.",The sentence expresses the internal concerns and opinions of W&M staff rather than stating established facts or final agency policy.,,,,,,1.0
598,"ED said the language just requires the provider to reimburse the Rehab agency, not give up the ticket, but said that it would look into this issue.",0,1.0,"The sentence indicates that the issue is currently under review ('look into this issue') and no final decision or policy has been established yet, making it pre-decisional.","The sentence conveys a tentative assessment and a future action plan ('look into') rather than stating an established fact or final agency policy, reflecting internal deliberation.",,,,,,1.0
599,"Mode of Election for Reimbursement: W&M staff asked about Sec. 1148 (c)(1) in the Senate bill, which gives only State agencies the option of  operating  under  the  old or the  new  payment  system, on a case by case basis.",0,0.0,"The sentence discusses a specific provision in a Senate bill regarding reimbursement options for State agencies, indicating that the legislative or policy framework is currently being analyzed or discussed rather than a final agency decision having been made on this specific point.","The sentence states a factual inquiry about what a specific section of a bill allows (operating under old or new systems on a case-by-case basis) rather than expressing a personal opinion, recommendation, or internal debate about how to proceed.",,,,,,0.0
600,"ED justified this language by  saying that, under  this  bill, the m.ost  difficult and risky cases (e.g., the most severely disabled) will most  likely  wind  up  in  the  State  agencies rather then private providers, and that the reimbursements for  these  individuals  would  usually  be lower under the new payment system.",0,0.0,"The sentence describes a justification for language already established in a bill, indicating that the legislative decision and the specific payment system rules have been finalized rather than being under consideration.","The sentence states factual assertions about how cases will be distributed and reimbursement levels under an existing system, rather than expressing an internal opinion, recommendation, or draft thought process.",,,,,,0.0
601,W&M staff said that  they  were  concerned  that  private providers do not have the same option in the Senate bill.,0,1.0,"The sentence reports on staff concerns regarding a specific legislative option in the Senate bill, indicating that the issue is currently under consideration and a final decision has not yet been made.",The sentence expresses the internal concerns and opinions of W&M staff rather than stating established facts or final agency policy.,,,,,,1.0
602,Big Picture -- Competition: W&M staff asked ED if both they and the State rehab agencies are generally concerned that this legislation would increase competition between State rehab agencies and private providers.,1,1.0,"The sentence discusses a question regarding potential future impacts of legislation on competition between agencies and private providers, indicating that the final decision or outcome of this legislative interaction has not yet been determined.","The sentence records a specific inquiry or concern raised by staff regarding the effects of proposed legislation, which represents an internal discussion or consideration of policy implications rather than a statement of established fact or final agency position.",,,,,,1.0
603,"ED noted that they support the  Kennedy-Jeffords legislation in its  current form (though they have concerns  with, for instance, the P&A language),  and that competition isn't a major issue with the Department because there are more than enough people for both the State rehab agencies and private providers to serve.",1,1.0,"The sentence discusses the Department's current stance and concerns regarding specific legislation (Kennedy-Jeffords) and the availability of personnel, which suggests the matter is in a state of evaluation or ongoing policy consideration rather than a finalized, settled decision.","The sentence expresses the internal views, support, and specific concerns of the Department (ED) regarding the legislation and operational capacity, reflecting the 'give-and-take' of the decision-making process rather than stating objective, established facts.",,,,,,1.0
604,"P&A: ED brought up it's concern that the Senate bill only provides a generic reference to providing information on obtaining employment and advocacy, rather than the more specific P&A language included in last year's draft H.R.  3433.",1,1.0,"The sentence discusses a specific concern raised by the ED regarding the Senate bill versus a previous draft, indicating that the legislative text and the specific language to be adopted have not yet been finalized.","The sentence records an internal discussion or opinion regarding the merits of specific legal language, reflecting the 'give-and-take' of the decision-making process rather than stating an established fact or final policy.",,,,,,1.0
605,W&M said that they'd take ED's  concern under advisement.,1,1.0,"The sentence indicates that a response or decision regarding ED's concern has not yet been finalized, as the entity is merely taking the matter 'under advisement' to consider it further.","The sentence describes an internal procedural step where a recommendation or concern is being received for future consideration, reflecting the internal give-and-take of the decision-making process rather than stating an established fact or final policy.",,,,,,1.0
606,I agree with Jonathan's comment.,1,1.0,"The sentence indicates an agreement with a previous comment, which implies the discussion is ongoing and a final decision has not yet been reached.",The sentence expresses a personal opinion or alignment with a colleague's view rather than stating an objective fact or established policy.,,,,,,1.0
607,"I also would suggest that the first paragraph be made longer, Jeanne what do you think and what  would  you add?",1,1.0,"The sentence discusses editing a draft document and soliciting feedback before a final version is produced, indicating that no final decision on the document's content has been made.","The sentence expresses a personal suggestion ('I also would suggest') and explicitly asks for another person's opinion ('what do you think'), reflecting the internal give-and-take of the drafting process rather than stating established facts or final policy.",,,,,,1.0
608,"so that  the balance  is  right,  e.g.,  there's 99% we absolutely love and 1% we'd amend slightly.",1,1.0,"The sentence discusses a specific target balance (99% vs 1%) for a project or document, which implies a decision regarding the final state of that work is being formulated or discussed, suggesting the final decision on the exact balance has not yet been finalized.","The sentence expresses a subjective opinion and a recommendation ('we absolutely love' and 'we'd amend slightly') regarding how the content should be adjusted, rather than stating an objective fact.",,,,,,1.0
609,I would also amend the second graph as follows:,1,0.0,"The sentence describes a specific action to modify a graph, which implies a decision or revision process is underway, but does not explicitly state that a final agency decision on a substantive issue has not yet been made.","The sentence is a directive or instruction regarding the format of a document rather than an expression of an opinion, legal advice, or internal debate.",,,,,,0.0
610,"The Administration, AQW urges the Senate to amend the bill to authorize the Work Incentives Assistance Grants proposal included in the President's FY 2000 Budget.",0,1.0,"The sentence expresses a specific recommendation to amend a bill, which indicates that the legislative outcome is not yet finalized and the agency is actively working towards a position.","The sentence uses the verb 'urges' to present a specific policy recommendation regarding the Work Incentives Assistance Grants proposal, reflecting an internal or proposed stance rather than stating an established fact or final agency opinion.",,,,,,1.0
611,"This proposal would authorize grants, for benefits planning and assistaa e counseling to facilitate access to information about work incentives and for state and local partnerships to better imegrate coordinate services for people with disabilities who work or are returning to work.",0,1.0,"The sentence describes a specific proposal to authorize grants and establish partnerships, which indicates that the decision to implement these measures has not yet been finalized.",The sentence outlines a recommendation or a plan of action (a proposal) rather than stating an established fact or final agency policy.,,,,,,1.0
612,Looks good.,1,1.0,"The sentence 'Looks good' implies a positive assessment of a draft or proposal, suggesting that a final decision or approval has not yet been formally issued, making it pre-decisional.","The phrase expresses a subjective opinion or recommendation regarding the quality of a document rather than stating an objective fact, making it deliberative.",,,,,,1.0
613,"I suggest you drop the ""however"" in the second paragraph.",1,1.0,"The sentence concerns the drafting of a document, which is an activity that occurs before a final decision or official action is taken.",The sentence expresses a specific recommendation or internal suggestion regarding the wording of a document rather than stating an objective fact.,,,,,,1.0
614,"It has the unintended effect of diminishing our support in the first paragraph (e.g., ""I like you but ... "").",1,1.0,"The sentence discusses the potential negative impact of a specific phrasing choice on public support, which implies the document is in a drafting or review stage where the final text has not yet been finalized.","The sentence expresses an internal evaluation and recommendation regarding the effectiveness of a draft paragraph, reflecting the author's opinion rather than an established fact or final policy.",,,,,,1.0
615,"It would read fine simply: ""The Administration urges.:.""",1,1.0,"The sentence discusses a proposed text for an administrative statement ('The Administration urges...'), indicating that the final wording and the decision to issue such a statement have not yet been finalized.","The sentence expresses a recommendation or internal suggestion regarding how a message should be phrased, reflecting the 'give-and-take' of drafting rather than stating an established fact or final policy.",,,,,,1.0
616,"Work Incentives Improvement Act Meeting: Administration and Disability Advocates April 7, 1999",0,0.0,"The sentence is a title or header for a meeting that took place in the past (April 7, 1999). It does not describe a specific draft, recommendation, or internal discussion occurring prior to a final decision. It merely identifies the event itself.","The sentence states factual information regarding the name of the meeting, the participants (Administration and Disability Advocates), and the date. It does not express an opinion, recommendation, or internal deliberation.",,,,,,0.0
617,Agenda,0,0.0,"The word 'Agenda' alone does not indicate whether a final decision has been made or not, as it is merely a title or heading for a list of items to be discussed.","The word 'Agenda' is a factual label for a schedule of events and does not express an opinion, recommendation, or internal deliberation.",,,,,,0.0
618,I. Welcome/Introductions: Jonathan Young (OPL) Attendees expected to include:,0,0.0,"The sentence lists expected attendees for a meeting, which is a logistical detail regarding an upcoming event rather than a document created to assist in reaching a final policy or legal decision.","The sentence states factual expectations about who will be present at a meeting; it does not express an opinion, recommendation, legal advice, or internal debate.",,,,,,0.0
619,"A. Disability Advocates: Marty Ford{The Arc), Tony Young (UCPA), David Fields (UCPA), Andrew Sperling (NAMI), Suellen Galbraith (ANCOR), Mary Gennaro (NADDC), Sallie Rhodes (NAPAS)",0,0.0,The sentence lists names of disability advocates and does not discuss a specific issue where a final decision has not yet been made.,"The sentence provides factual information regarding the identities and affiliations of individuals rather than expressing an opinion, recommendation, or internal deliberation.",,,,,,0.0
620,"B. White House: Cynthia Rice (DPC), Jeanne Lambrew (NEC), Eric Gould (DPC), Lisa Brown (OVP), Jonathan Young (OPL)",0,0.0,"The sentence lists names and acronyms associated with the White House and other entities, which appears to be a record of personnel or contact information rather than a discussion of an issue where a final decision has not yet been made.","The sentence provides factual data regarding specific individuals and their affiliations; it does not express an opinion, recommendation, or internal deliberation.",,,,,,0.0
621,"C. OMB: Barbara Chow, Joanne Cianci, Melinda Haskins, Larry Matlack, Jeff F rkas:",0,0.0,"The sentence is a list of names and does not address any issue, proposal, or matter where a final decision has not yet been made.","The sentence contains only proper nouns and titles; it does not express any opinion, recommendation, or internal deliberation.",,,,,,0.0
622,"D. DOL: Becky Ogle, Gary Reed, Bill McKinnon",0,0.0,"The sentence lists names associated with the Department of Labor but does not describe an issue, proposal, or draft where a final decision is pending.","The sentence contains only proper nouns and titles; it does not express any opinion, recommendation, legal advice, or internal discussion.",,,,,,0.0
623,"E. SSA: Susan Daniels, Judy Chesser, Jim O'Donnell",0,0.0,"The sentence lists names and does not discuss an issue where a final decision has not yet been made, as it contains no decision-making content.","The sentence is a list of names and does not express an opinion, recommendation, or internal deliberation.",,,,,,0.0
624,F. HHS: Bob Williams,0,0.0,"The sentence is a fragment listing a name and an agency without any context regarding a pending decision, action, or discussion, making it impossible to determine if a final decision has not yet been made.","The sentence contains only a proper noun and an agency abbreviation, expressing no opinion, recommendation, legal advice, or internal deliberation.",,,,,,0.0
625,"IL Work Incentives Planners/DOL Grants: Cynthia (DPC), Barbara (0MB), Becky (DOL), and Susan (SSA)",0,0.0,"The sentence lists names and agency affiliations associated with a specific program, which suggests an ongoing administrative matter rather than a finalized decision, indicating the issue is likely pre-decisional.","The sentence provides factual information regarding personnel assignments and does not express an opinion, recommendation, or internal deliberation.",,,,,,0.0
626,III. Overall Strategy: Jonathan (OPL) and Cynthia (DPC)         A. House Update         B. Senate Update         C. Future Meetings:,0,0.0,"The sentence lists agenda items for future meetings and updates, indicating that the specific content of these updates and the outcomes of the meetings have not yet been finalized or decided upon.","The sentence serves as a structural outline or table of contents for a document rather than expressing a specific opinion, recommendation, or internal debate; it describes the format of the discussion rather than the substance of a deliberative thought.",,,,,,0.0
627,This is just 7 lines.,0,0.0,"The sentence does not indicate any context regarding a pending decision or an issue where a final conclusion has not yet been made, as it is a simple statement of fact about the length of a document.","The sentence states a factual observation about the number of lines in a document and does not express an opinion, recommendation, or internal deliberation.",,,,,,0.0
628,"If Marie and Laura each take one, 0MB takes two, Jeanne takes one, I'll join Cynthia in her office, patch in Connie, leaving one extra line.",0,0.0,"The sentence describes a specific logistical arrangement for assigning lines and offices, which implies a plan or decision is being formulated or executed rather than discussing a future issue where no decision has been made.","The sentence states factual details about who is taking what and where they will be located; it does not express an opinion, recommendation, or internal debate.",,,,,,0.0
629,Call is at 12:30 pm,0,0.0,"The sentence describes a scheduled time for a call, which is a factual detail about an upcoming event rather than a matter where a final policy or substantive decision is pending.","The sentence states a specific time and does not express an opinion, recommendation, legal advice, or internal deliberation.",,,,,,0.0
630,"Cynthia, can you look this over before I circulate it?",0,1.0,"The sentence asks for a review before circulation, indicating that the document is not yet final and a decision has not been made.","The sentence is a request for internal feedback and review, reflecting the collaborative process of drafting rather than stating a fact or final policy.",,,,,,1.0
631,Thanks.,0,0.0,"No, the sentence does not concern an issue where a final decision has not yet been made as it is a simple acknowledgment with no reference to a pending decision.","No, the sentence does not express an opinion, recommendation, or internal deliberation; it is a factual statement of gratitude.",,,,,,0.0
632,"I Background: One of the original titles of the JK Legislation concerned setting up ""Work Incentives Planners,"" on a competitive state-by-state grant basis, to inform people on SSI and SSDI about their options for obtaining employment and taking advantage of the JK War Incentives.",0,0.0,"The sentence describes the background and original title of legislation, which appears to be a statement of established facts regarding the history of the law rather than a discussion of an issue where a final decision has not yet been made.","The sentence states factual information about the legislative history and the purpose of the original title, rather than expressing a personal opinion, recommendation, or internal deliberation.",,,,,,0.0
633,"The Senate bill propsed to fund this program out of SSA 1 for $23 million a year max over five years, starting in year 2.",0,0.0,"The sentence describes the specific terms of a proposed Senate bill regarding funding amounts and duration, which represents a factual description of a legislative proposal rather than an internal agency step toward a final decision.","The sentence states objective facts about the content of a bill (amount, source, duration) rather than expressing an internal opinion, recommendation, or personal view of an agency employee.",,,,,,0.0
634,"During our budget process, we developed a proposal that combined the Planners with one of the Task Force recommendations for Systems Change in DOL, for a total of $50 million a year, beginning year one (roughly $23 million going to the Planners, the rest for Systems Change).",0,1.0,"The sentence describes a proposal developed during a budget process, which implies the decision regarding the funding and structure has not yet been finalized or implemented.",The sentence expresses a specific recommendation or plan (combining Planners with Task Force recommendations for a specific budget) rather than stating an established fact or final agency policy.,,,,,,1.0
635,"We proposed this change to the Senate during, but the bill was passed out of Finance Committee without our recommended change, sticking by the $23 million in SSA.",0,0.0,"The sentence describes a past event where a bill was already passed by the Finance Committee without the proposed change, indicating that the specific decision regarding this bill has already been made and is no longer in the pre-decisional phase.","The sentence states factual outcomes of a legislative process (the bill passed without the change) rather than expressing an internal opinion, recommendation, or draft advice intended to assist a future decision.",,,,,,0.0
636,Reason for Meeting: Senate staff and disability groups are operating under the assumption that the bill language obligates/mandates SSA to fund the program.,0,1.0,"The sentence describes the current assumptions of external parties (Senate staff and disability groups) regarding a bill's language, which implies the issue is still under consideration or debate rather than a finalized decision.","The sentence reports on the reasoning or assumptions held by others rather than stating an objective fact, making it part of the internal discussion or analysis of the matter.",,,,,,1.0
637,They are separately exploring ways to appropriate funds for the Task Force Systems Change component.,1,0.0,"The sentence describes an ongoing process of 'exploring ways' to appropriate funds, which indicates that a final decision on the funding has not yet been made.","The sentence states a factual action taken by the agency (exploring options) rather than expressing a personal opinion, recommendation, or internal debate about how to proceed.",,,,,,0.0
638,"But, as we have discussed in recent meetings, the language would require SSA to fund the Planners out of its discretionary Administrative account, and SSA cannot therefore guarantee it will have the resources  to  operate the program.",1,1.0,"The sentence discusses a potential funding constraint and the inability to guarantee resources for a program, indicating that a final decision on the program's operation or funding has not yet been made.","The sentence expresses a conclusion or assessment regarding the feasibility of the program based on specific funding rules, reflecting an internal evaluation rather than stating an established fact or final agency policy.",,,,,,1.0
639,We want to inform the Congress and the advocates about our concern so that we do not run into greater problems down the road.,1,1.0,"The sentence discusses a proactive measure to inform Congress and advocates to prevent future problems, which implies the agency is currently in a phase of managing an ongoing situation or anticipating future actions rather than finalizing a settled decision. The use of 'want to inform' suggests the communication itself is part of the current process.",The sentence expresses the agency's internal concern and strategic intent ('so that we do not run into greater problems') rather than stating objective facts. It reflects the internal deliberation and motivation behind a potential course of action.,,,,,,1.0
640,Proposed Agenda for Meeting: 1) Introductions; 2) Review history and content of our DOL combined proposal; 3) Review concerns about current Senate language; 4) Q & A.,0,1.0,"The sentence outlines a proposed agenda for a future meeting, indicating that the discussions and decisions regarding the proposal and Senate language have not yet occurred, so it is pre-decisional.","The sentence lists procedural items and topics to be discussed rather than stating established facts or final agency policy, reflecting the internal planning and deliberative nature of the meeting preparation.",,,,,,1.0
641,"Attendance at Meeting: 1) Administration Representatives from DPC/NEC, 0MB (health and income maintenance divisions), W.H. Legislative Affairs, SSA, DOL, OVP, OPL; 2) Leading disability community advocates (4-6).",0,0.0,"The sentence lists the attendees for a meeting, which is a factual record of who was present. While the meeting itself may be pre-decisional, the specific sentence describing the roster does not concern an issue where a final decision has not yet been made in the sense of containing the decision-making process itself; it is a record of an event.","The sentence states facts regarding the names and titles of the people attending the meeting. It does not express an opinion, recommendation, legal advice, or internal deliberation.",,,,,,0.0
642,"Administration offices not  mentioned  above, but  wishing  to  attend, may do so.",0,0.0,"The sentence describes a procedural allowance for attendance at an event or meeting, which implies the event is either currently happening or the rules for attendance are being finalized, but it does not explicitly discuss a pending decision on a substantive issue where a final conclusion has not yet been reached.","The sentence states a factual rule or permission regarding who may attend ('may do so') rather than expressing a personal opinion, recommendation, or internal debate about policy.",,,,,,0.0
643,Just let me know.,0,0.0,"The sentence 'Just let me know' is a general request for communication and does not inherently concern a specific issue where a final decision has not yet been made, nor does it contain substantive content regarding a pending decision.","The sentence does not express an opinion, recommendation, or internal deliberation; it is a simple imperative statement requesting a response.",,,,,,0.0
644,"From the response I've heard so far, this appears to be the best (and perhaps only) workable time.",0,1.0,"The sentence discusses selecting a specific time, which implies a decision regarding scheduling has not yet been finalized.",The sentence expresses a subjective opinion and recommendation ('best' and 'perhaps only') based on preliminary information rather than stating an objective fact.,,,,,,1.0
645,"Please let me know if this does NOT work for representation from OMB (Health and Ed), DPC/NEC, SSA, DOL, and Leg. Affairs.",0,1.0,"The sentence asks for confirmation regarding the suitability of a representation arrangement before a final decision is made, indicating the matter is still in progress.",The sentence is a request for input or feedback on a specific proposal rather than a statement of established fact or final policy.,,,,,,1.0
646,"In the meantime, interested parties please hold date/time for meeting with disability representatives.",0,0.0,"The sentence indicates a future meeting is being scheduled, implying that the final decision regarding the meeting or the specific arrangements has not yet been made.","The sentence is an administrative instruction to schedule a meeting rather than an expression of an opinion, legal advice, or internal policy recommendation.",,,,,,0.0
647,"There will probably be no perfect time, so I'd like to hold this one unless it poses a major problem.",0,1.0,"The sentence discusses a potential future action regarding holding an event, indicating that a final decision on the timing has not yet been made.",The sentence expresses a personal recommendation and opinion ('I'd like to hold this one') rather than stating an established fact or final agency policy.,,,,,,1.0
648,Thanks.,0,0.0,"No, the sentence does not concern an issue where a final decision has not yet been made as it is a simple acknowledgment with no reference to a pending decision.","No, the sentence does not express an opinion, recommendation, or internal deliberation; it is a factual statement of gratitude.",,,,,,0.0
649,"[This message doesn't apply to all of you, but I thought it easier to send it to everyone, rather than risk leaving someone out.]",0,0.0,The sentence discusses the method of distribution for a message and does not address a specific issue where a final agency decision is pending.,"The sentence states a factual reason for the sender's action (sending to everyone to avoid omission) rather than expressing an opinion, recommendation, or internal deliberation on a policy matter.",,,,,,0.0
650,RE: Setting up meeting with groups,0,0.0,"The sentence indicates an administrative action to schedule a meeting, which is a procedural step that occurs before any final decision is made on the underlying issues.","The sentence is a factual statement regarding the intent to organize a meeting and does not express an opinion, recommendation, or internal deliberation.",,,,,,0.0
651,"We discussed meeting with the groups Tuesday or Wednesday, April 6-7.",0,0.0,"The sentence discusses potential meeting dates in the future (Tuesday or Wednesday, April 6-7), indicating that the specific decision regarding when to meet has not yet been finalized.","The sentence describes a discussion about scheduling logistics rather than stating a fact, expressing a personal opinion, or providing a formal recommendation on policy or legal matters.",,,,,,0.0
652,"I'd like to suggest two windows of time: 11 :00 AM to 2:00 PM gn Tuesday, and 10:00 AM to 4:00 PM on Wednesday.",0,1.0,"The sentence proposes specific times for a meeting or event, which implies that the scheduling decision has not yet been finalized.",The sentence expresses a personal suggestion or recommendation regarding timing rather than stating an objective fact.,,,,,,1.0
653,"We need representatives from the following: OMB (including Barbara Chow and Dan Mendelson, if possible), SSA, DOL (that includes PTFEAD), Leg Affairs, and OPD.",0,1.0,"The sentence lists specific individuals and agencies to be included in a meeting or discussion, indicating that the final decision regarding the composition of this group or the outcome of the meeting has not yet been made.","The sentence expresses a recommendation or internal instruction regarding who should attend a process, reflecting the internal give-and-take of planning rather than stating established facts or final agency policy.",,,,,,1.0
654,We'd like to keep this meeting manageable by keeping numbers small.,0,1.0,"The sentence discusses logistical planning for an upcoming meeting, indicating that the final arrangements and decisions regarding the meeting size have not yet been finalized.","The sentence expresses a recommendation or preference ('We'd like to...') regarding how the meeting should be conducted, rather than stating an established fact or final policy.",,,,,,1.0
655,"But if  you're not from one of  these offices and really  want to attend, let me know.",0,1.0,"The sentence discusses a hypothetical scenario regarding attendance eligibility and requests further communication, indicating that the final determination of who can attend has not yet been made.","The sentence expresses a conditional recommendation or internal instruction to the sender to check with the author, reflecting the internal give-and-take of the process rather than stating an established fact or final policy.",,,,,,1.0
656,I suggest the following approach to identify a time.,0,1.0,"The sentence proposes a future approach to identify a time, indicating that the final decision or action regarding the timing has not yet been made.","The sentence uses the phrase 'I suggest,' which clearly expresses a personal recommendation or opinion rather than stating an established fact or final agency policy.",,,,,,1.0
657,"I've listed below nine hour-long blocks, with numbers.",0,0.0,"The sentence lists specific time blocks and numbers, which appears to be a factual description of data rather than a discussion on an issue where a final decision has not yet been made.","The sentence states objective facts about a list of time blocks and does not express an opinion, recommendation, or internal deliberation.",,,,,,0.0
658,Just email me back with the numbers of the times that do NOT work for you (and your office).,0,0.0,"The sentence is a request for scheduling information regarding specific time slots that are unavailable, which does not indicate that a final decision on a policy or action is pending.","The sentence requests factual data (specific time numbers) rather than expressing an opinion, recommendation, or internal deliberation.",,,,,,0.0
659,I hope that there will be at least one hour that works.,0,0.0,"The sentence expresses a hope regarding a future scheduling arrangement, indicating that a final decision on the specific time has not yet been made.","The sentence expresses a personal preference or hope rather than a statement of fact, a formal recommendation, or an internal legal/policy opinion.",,,,,,0.0
660,"[Cynthia, please coordinate OPD/Leg Affairs representation]",0,0.0,"The sentence is an instruction to coordinate representation, which implies that the matter requiring representation has not yet been finalized or decided upon, making it pre-decisional.","The sentence is a directive or administrative instruction rather than an expression of an opinion, legal advice, or policy recommendation; it does not reflect internal deliberation or personal views.",,,,,,0.0
661,"[Joanne, please coordinate 0MB representation]",0,0.0,"The sentence is an instruction to coordinate representation, which implies that the matter requiring representation is currently active and a final decision on the representation strategy has not yet been made.","The sentence is a directive or instruction rather than an expression of an opinion, recommendation, or internal debate; it does not reflect the personal views of the author regarding policy or legal advice.",,,,,,0.0
662,"[Marie, please coordinate SSA representation]",0,0.0,"The sentence is an instruction to coordinate representation, which implies that the matter is currently being handled and a final decision or action is not yet complete, making it pre-decisional.","The sentence is a directive or administrative instruction rather than an expression of an opinion, legal advice, or policy recommendation; it does not reflect the internal give-and-take of the decision-making process.",,,,,,0.0
663,"[Becky, please coordinate DOL representation]",0,0.0,"The sentence is an instruction to coordinate representation, which implies that the matter requiring representation is currently active and a final decision on the representation strategy has not yet been executed.","The sentence is a directive or instruction rather than an expression of an opinion, recommendation, or internal debate; it does not reflect personal views but rather an administrative command.",,,,,,0.0
664,"#1: Tuesday, April 6, 11:00 AM - 12:00 PM",0,0.0,"The sentence provides a specific date and time for an event, which is a factual detail rather than a discussion about an issue where a final decision has not yet been made.","The sentence states a scheduled time slot and does not express any opinion, recommendation, or internal deliberation.",,,,,,0.0
665,"#2: Tuesday, April 6, 12:00 PM - 1 :00 PM",0,0.0,"The sentence provides a specific date and time for an event, which is a factual detail rather than a discussion about an issue where a final decision has not yet been made.","The sentence states a scheduled time and does not express any opinion, recommendation, or internal deliberation.",,,,,,0.0
666,"#3: Tuesday, April 6, 1:00 PM - 2:00 PM",0,0.0,"The sentence provides a specific date and time for an event, which is a factual detail rather than a discussion about an issue where a final decision has not yet been made.","The sentence states a scheduled time and does not express any opinion, recommendation, or internal deliberation.",,,,,,0.0
667,"#4: Wednesday, April 7, 10:00 AM - 11:00 AM",0,0.0,"The sentence provides a specific date and time for an event, which is a factual detail rather than a discussion about an issue where a final decision has not yet been made.","The sentence states a scheduled time slot and does not express any opinion, recommendation, or internal deliberation.",,,,,,0.0
668,"#5: Wednesday, April 7, 11:00 AM - 12:00 PM",0,0.0,"The sentence provides a specific date and time for an event, which is a factual detail rather than a discussion about an issue where a final decision has not yet been made.","The sentence states a scheduled time slot and does not express any opinion, recommendation, or internal deliberation.",,,,,,0.0
669,"#6: Wednesday, April 7, 12:00 PM - 1:00 PM",0,0.0,"The sentence provides a specific date and time for an event, which is a factual detail rather than a discussion about an issue where a final decision has not yet been made.","The sentence states a scheduled time slot and does not express any opinion, recommendation, or internal deliberation.",,,,,,0.0
670,"#7: Wednesday,  April 7,  1 :00   PM - 2:00 PM",0,0.0,"The sentence is a calendar entry listing a specific time and date for an event, which does not inherently concern an issue where a final decision has not yet been made, as it describes a scheduled occurrence rather than a pending policy choice.","The sentence states a factual schedule of times and does not express an opinion, recommendation, or internal deliberation regarding agency policy or legal advice.",,,,,,0.0
671,"#8: Wednesday, April 7,  2:00 PM - 3:00 PM",0,0.0,"The sentence is a calendar entry listing a specific time and date for an event, which does not inherently concern an issue where a final decision has not yet been made, as it describes a scheduled occurrence rather than a pending policy choice.","The sentence states a factual schedule of an event and does not express an opinion, recommendation, or internal deliberation regarding agency policy or legal advice.",,,,,,0.0
672,"#9: Wednesday, April 7, 3:00 PM - 4:00 PM",0,0.0,"The sentence provides a specific date and time for an event, which is a factual detail rather than a discussion about an issue where a final decision has not yet been made.","The sentence states a scheduled time and does not express any opinion, recommendation, or internal deliberation.",,,,,,0.0
673,"Once we get a time that works internally, I'll take care of notifying the groups and setting up room arrangements, clearance, etc.",0,1.0,"The sentence discusses future logistical arrangements (notifying groups, setting up rooms) contingent on finding a time that works, indicating that the final decision on the event schedule and details has not yet been made.",The sentence expresses a plan of action and internal coordination rather than stating an established fact or policy; it reflects the internal process of organizing an event.,,,,,,1.0
674,Feel free to give me a call if you have any questions.,0,0.0,The sentence is a general invitation for communication and does not concern a specific issue where a final decision is pending or being formulated.,"The sentence expresses a polite offer to assist rather than an internal opinion, recommendation, or legal advice regarding a policy or decision.",,,,,,0.0
675,Thanks everyone for your commitment to this bill.,0,0.0,"The sentence expresses gratitude for past actions regarding a bill but does not explicitly discuss an ongoing issue where a final decision has not yet been made, nor does it indicate that the sentence itself is part of a pre-decisional process.","The sentence is a statement of thanks and does not express an opinion, recommendation, legal advice, or internal deliberation regarding policy or facts.",,,,,,0.0
676,It would be a tremendous victory to get this signed by the President this year.,0,1.0,"The sentence discusses a potential future event (getting a bill signed by the President) and uses conditional language ('It would be'), indicating that the final decision or action has not yet occurred.","The sentence expresses a subjective opinion, hope, or recommendation regarding the desirability of a specific outcome rather than stating an objective fact.",,,,,,1.0
677,Keep up the good work.,0,0.0,The sentence 'Keep up the good work' is a general expression of approval or encouragement and does not pertain to a specific issue where a final agency decision is pending or being formulated.,"The sentence expresses a sentiment of praise rather than an opinion, recommendation, legal advice, or internal deliberation regarding policy or a specific matter.",,,,,,0.0
678,"Today SSA met with W&M staff (led by  Kim Hildred 'and  Sandy  Wise), plus  a  cast  of  thousands from the Hill, to discuss changes made since the Bunning-Kennelly bill passed  the House last  year.",0,0.0,"The sentence describes a meeting that occurred after a bill had already passed the House, indicating that the legislative action in question is not pending a final decision but rather discussing changes made to an existing law.","The sentence states factual information about who attended a meeting and the general topic of discussion (changes made since a bill passed) rather than expressing a personal opinion, recommendation, or internal debate.",,,,,,0.0
679,We worked from a copy of the  8-K  bill that  was  marked  up  to  reflect  changes.,0,0.0,The sentence describes the source material used for drafting a document (a marked-up bill copy) but does not indicate whether a final decision on the bill's content has been made or if the document itself is a pre-decisional draft regarding a specific agency action.,"The sentence states a factual observation about the existence and nature of a document used as a reference; it does not express an opinion, recommendation, legal advice, or internal deliberation.",,,,,,0.0
680,"Although  HCFA sent a representative, no one from ED or DOL was present.",0,0.0,"The sentence describes a factual occurrence regarding the attendance of representatives at a meeting where a final decision has not necessarily been made, but the sentence itself is a statement of fact rather than a pre-decisional document.","The sentence states a specific fact about who was present or absent; it does not express an opinion, recommendation, or internal deliberation.",,,,,,0.0
681,Here is a  summary  of  some  of  the issues discussed (Medicaid and offsets were not discussed):,0,0.0,"The sentence introduces a summary of issues that have already been discussed, implying the discussion phase is complete, but it does not explicitly state whether a final decision has been made or if the document is a draft recommendation; however, the act of summarizing past discussions often precedes a final decision, making it potentially predecisional in a broad sense, but the lack of specific context regarding an ongoing decision process makes this ambiguous.","The sentence is purely factual in nature as it lists the topics covered in a summary and explicitly notes what was excluded; it does not express any personal opinion, recommendation, legal advice, or internal deliberation.",,,,,,0.0
682,Scoring.,0,0.0,"The sentence 'Scoring.' is a single word fragment that does not provide context regarding a specific issue, a pending decision, or a timeline. Without information indicating that a final decision has not yet been made on a specific matter, it cannot be determined if it is pre-decisional.","The word 'Scoring' is a noun referring to a process or result. It does not express an opinion, a recommendation, legal advice, or an internal deliberation. It appears to be a factual label or a heading rather than a statement of personal view.",,,,,,0.0
683,"Kim and Sandy noted that while the 8-K bill produced savings over five years, the changes made to these provisions by the Senate now result in costs.",0,0.0,The sentence discusses the financial impact of legislative changes (the 8-K bill and Senate modifications) which appears to be a factual observation of costs and savings rather than a discussion of a pending internal agency decision.,"The sentence states specific facts regarding the economic outcome of legislative provisions (savings vs. costs) rather than expressing a personal opinion, recommendation, or internal debate.",,,,,,0.0
684,Work Incentive Grants.,0,0.0,"The sentence 'Work Incentive Grants' appears to be a title, heading, or a proper noun referring to a specific program rather than a statement concerning an issue where a final decision has not yet been made. It does not contain language indicating a pending decision or a draft status.","The sentence does not express an opinion, recommendation, or internal deliberation. It is a factual reference to a named government program and does not reflect personal views or the 'give-and-take' of a decision-making process.",,,,,,0.0
685,"W&M staff noted the specialists proposed in 8-K were no longer in the bill, and asked SSA to explain the new grants.",1,1.0,"The sentence describes a situation where a final decision regarding the inclusion of specialists in a bill has not yet been made, as the staff is questioning the removal of these specialists and requesting an explanation for new grants, indicating the matter is still under review.","The sentence reflects an internal inquiry and a request for clarification regarding policy changes (the removal of specialists and addition of new grants), which represents the internal give-and-take of the decision-making process rather than stating established facts or final agency policy.",,,,,,1.0
686,"I added that the budget did not include the JKRM grants, but rather included an alternative grant program based in DOL.",1,0.0,"The sentence describes a factual correction regarding the composition of a budget (specifically that JKRM grants were excluded and an alternative DOL program was included). While this information might be part of a larger document leading to a decision, the sentence itself states established facts about what is or is not in the budget rather than discussing a future decision where no conclusion has been reached.","The sentence states objective facts about the contents of a budget document. It does not express a personal opinion, a recommendation, or an internal debate. It is a statement of fact rather than a deliberative opinion.",,,,,,0.0
687,Kim and Sandy requested to see any paper/legislative language the Administration developed on these grants.,1,0.0,"The sentence describes a request for existing documents regarding grants, which implies the grants or the language may already be developed or under consideration, but the sentence itself is a request for information rather than a statement about a pending decision process.","The sentence states a factual request for specific documents (paper/legislative language) rather than expressing an opinion, recommendation, or internal deliberation.",,,,,,0.0
688,Prisoner Provision -- Privacy Act Exemption.,0,0.0,"The sentence mentions a Privacy Act Exemption in the context of a prisoner provision, but it does not explicitly state that a final decision has been made or not made. Without context indicating whether this is a draft, a recommendation, or a final rule, it is impossible to definitively determine if a decision is pending based solely on this fragment.","The sentence appears to be a heading or a label rather than an expression of an opinion, recommendation, or internal deliberation. It states a topic or category without conveying personal views or the 'give-and-take' of the decision-making process.",,,,,,0.0
689,Sandy noted that the prisoner provision language was changed and she asked for the rationale.,1,1.0,"The sentence describes an inquiry about a change that has already occurred (the language was changed), indicating the factual event is past, but the specific rationale for that change has not yet been determined or finalized by the agency.","The sentence records a request for the 'rationale' behind a policy change, which implies the content sought is internal reasoning, legal advice, or policy justification rather than a simple statement of fact.",,,,,,1.0
690,We explained that  SSA  did not  need to  be exempt  from the entire Privacy Act in order to collect and  share  the  information  under  this  provision.,1,1.0,"The sentence discusses the legal interpretation of whether the Social Security Administration (SSA) needs an exemption from the Privacy Act to collect and share information. This indicates a discussion regarding the application of a law or regulation, which is a matter of policy or legal strategy that precedes a final agency determination on how to proceed with specific data collection or sharing practices. Therefore, it concerns an issue where a final decision on the scope of the exemption has not yet been made.","The sentence expresses a legal opinion or interpretation ('did not need to be exempt') regarding the applicability of a statute. It reflects the internal reasoning or advice of the agency regarding how the law applies to their operations, rather than stating an objective, settled fact about the world. It represents the 'give-and-take' of legal analysis.",,,,,,1.0
691,The substitute language is meant to  only exempt  SSA  from the necessary  provisions.,1,1.0,"The sentence discusses specific legislative language intended to exempt the SSA, which implies the text is part of a draft or proposal where the final decision on the language has not yet been made.",The sentence expresses the intent or purpose behind a specific piece of proposed language rather than stating an established fact or final policy.,,,,,,1.0
692,We  also  noted that OMB-OGC and SSA-OGC continue to discuss this issue.,1,1.0,"The sentence describes ongoing discussions between agencies regarding an issue, which implies that a final decision or resolution has not yet been reached.","The sentence reports on the status of internal communications and discussions rather than stating established facts, final opinions, or settled policy.",,,,,,1.0
693,"W&M seems to be  fine  with  the change as long as the data sharing can still occur, and requested that we share any future changes with them.",1,0.0,"The sentence discusses a condition ('as long as the data sharing can still occur') and a request for future actions ('share any future changes'), indicating that the matter is not yet finalized and a decision on how to proceed regarding these conditions has not been made.","The sentence reports on the status of an external party's reaction ('seems to be fine') and their specific request, which are factual observations of the current situation rather than an internal opinion, recommendation, or legal advice generated by the agency to assist in a decision.",,,,,,0.0
694,Funding.,0,0.0,"The sentence 'Funding.' is a single word fragment that does not provide context regarding a specific issue, a pending decision, or a timeline. Without information indicating that a final decision has not yet been made on a specific matter, it cannot be determined if it is pre-decisional.","The sentence 'Funding.' is a noun representing a topic or subject matter. It does not express an opinion, a recommendation, legal advice, or any form of internal deliberation. It is a factual label rather than a statement of personal view.",,,,,,0.0
695,In several places the Senate changed authorization language to language that looks  more like appropriations language.,0,0.0,"The sentence describes a factual observation about changes made to authorization language by the Senate, indicating that the action of changing the language has already occurred rather than discussing a future decision or a matter currently under deliberation.","The sentence states an objective fact regarding the nature of the language changes (comparing authorization language to appropriations language) rather than expressing a personal opinion, recommendation, or internal debate.",,,,,,0.0
696,House staff hypothesized this  may  have  been  to  avoid  offsetting certain provisions.,0,1.0,"The sentence discusses a hypothesis regarding the motivation behind avoiding certain provisions, which implies the specific decision or action being analyzed has not yet been finalized or is still under consideration.",The sentence explicitly uses the word 'hypothesized' to express a speculative opinion or internal reasoning rather than stating an established fact.,,,,,,1.0
697,"However, they  also  noted  that  the  funds  should  not  be  appropriated  through this bill, and would be supject to the discretionary caps.",0,1.0,"The sentence discusses a recommendation regarding how funds should be appropriated, indicating that a final decision on the appropriation method has not yet been made.",The sentence expresses a specific recommendation or opinion ('funds should not be appropriated') rather than stating an established fact or final agency policy.,,,,,,1.0
698,Someone on House staff volunteered  to raise the issue with the appropriators.,0,0.0,"The sentence describes a specific action taken by House staff to raise an issue, which implies the matter is currently being addressed or is in a state of discussion rather than a finalized, settled decision.","The sentence states a factual occurrence regarding who volunteered to take an action; it does not express an opinion, recommendation, legal advice, or internal debate.",,,,,,0.0
699,He felt it was unlikely the House would pass the language.,0,1.0,"The sentence discusses a prediction about a future legislative outcome (whether the House will pass language), indicating that the final decision or result has not yet occurred.","The sentence expresses a personal opinion or assessment ('He felt it was unlikely') regarding the probability of an event, rather than stating an established fact or final agency policy.",,,,,,1.0
700,Reauthorization of the Ticket.,0,0.0,"The sentence 'Reauthorization of the Ticket' appears to be a title, subject line, or brief reference to a topic rather than a statement describing a specific stage of decision-making. Without context indicating that a final decision has been made or that this is part of a draft discussion, it is difficult to definitively conclude that a final decision has not yet been made regarding this specific item, but typically such short phrases are neutral descriptors of a subject matter rather than evidence of a pending decision process in isolation.","The sentence does not express an opinion, recommendation, legal advice, or internal deliberation. It is a factual noun phrase identifying a subject (the reauthorization of a specific ticket or program) rather than reflecting the personal views of an author or the internal give-and-take of a decision-making process.",,,,,,0.0
701,"W&M is unhappy with the reauthorization language {staff referred to it as a ""five year sunset provision with a grandfather clause"").",0,0.0,"The sentence discusses a specific reaction to reauthorization language, which implies an ongoing legislative or policy process where a final decision on the language has not yet been made.","The sentence reports on the unhappiness of an entity (W&M) regarding specific terms, which is a factual statement of a stakeholder's position rather than an internal opinion, recommendation, or legal advice generated by the agency itself.",,,,,,0.0
702,"CBO noted that the change has little effect on 5 year numbers, but virtually all of the program's savings are lost over the 10 year period.",0,0.0,"The sentence reports on a finding from the Congressional Budget Office (CBO) regarding the long-term financial impact of a program change. While the context of the program change might be pre-decisional, the sentence itself is a statement of fact describing the results of an analysis rather than a document created to assist in reaching a decision.","The sentence states objective findings ('little effect on 5 year numbers', 'savings are lost over the 10 year period') derived from the CBO's analysis. It does not express a personal opinion, recommendation, or internal deliberation of the agency; it reports established data or conclusions from an external or internal analytical body.",,,,,,0.0
703,CLARIFICATION POINTS Continuing Disability Reviews.,0,0.0,"The sentence title 'CLARIFICATION POINTS Continuing Disability Reviews' suggests a document intended to explain or clarify existing procedures or rules rather than to propose a new policy or assist in making a specific future decision, implying the subject matter is likely established or the document is informational.","The sentence appears to be a header or title indicating a factual summary or explanation of current practices ('Clarification Points') rather than expressing a personal opinion, recommendation, or internal debate about how to handle a specific issue.",,,,,,0.0
704,There is some  confusion in  W&M  (as  in  SSA  and EXOP)  about  how the  two  provisions  that  eliminate   work  activity  as  a  trigger  for  a  disability  review  relate  to  each other.,1,1.0,"The sentence discusses current confusion regarding the relationship between two provisions, indicating that the interpretation or final application of these rules has not yet been fully resolved or clarified for the recipients.","The sentence describes a state of confusion and uncertainty about how specific legal provisions interact, which reflects an internal assessment of the situation rather than stating an established fact or final agency policy.",,,,,,1.0
705,SSA volunteered to provide a written rationale for the changes it would like to make.,1,1.0,"The sentence describes a proposal or intent to make changes, indicating that the final decision regarding these changes has not yet been made.","The sentence expresses a recommendation or a stated intent to provide a rationale for proposed changes, which reflects internal deliberation rather than established fact or final policy.",,,,,,1.0
706,Advisory Panel.,0,0.0,The phrase 'Advisory Panel' identifies a group or entity but does not describe a specific issue where a final decision is pending or being considered.,"The phrase is a proper noun or title and does not express an opinion, recommendation, or internal deliberation.",,,,,,0.0
707,"W&M staff wanted to know if the Administration opposed the panel proposed in the Senate -- twice the size of the House panel and broader scope (SSA-based panel advises HHS, DOL, ED).",1,1.0,"The sentence discusses a proposed panel structure and seeks to determine the Administration's stance on it, indicating that a final decision or official opposition has not yet been established or finalized.","The sentence reflects an internal inquiry or discussion regarding the Administration's potential position on a proposal, representing the 'give-and-take' of the decision-making process rather than stating an established fact or final policy.",,,,,,1.0
708,"SSA and I stated that while we preferred to build off of an  existing  interagency  panel  focused on employment for individuals with disabilities, we would not oppose the Senate panel.",1,1.0,"The sentence discusses a preference for an existing panel and a stance of non-opposition to a Senate panel, indicating that the agency has not yet made a final decision on which approach to take or how to proceed.","The sentence expresses the internal views and preferences of the authors ('we preferred', 'we would not oppose') regarding a policy matter, rather than stating established facts or final agency policy.",,,,,,1.0
709,State Agency Participation in the Ticket Program.,0,0.0,The sentence mentions a program but does not indicate whether a final decision has been made or if the issue is currently under consideration for a decision.,"The sentence is a title or heading that states a topic rather than expressing an opinion, recommendation, or internal deliberation.",,,,,,0.0
710,The Senate version enables State VR agencies to select payment methods on a case by case basis and to develop contracts with other participating providers/managers.,0,0.0,"The sentence describes the functional capabilities and provisions of a specific legislative version (the Senate version), which implies a matter is currently under consideration or has been settled in a draft form, but the text itself states facts about what the version allows rather than discussing an ongoing internal debate or a future decision point within the agency.","The sentence states objective facts regarding the provisions of the Senate version of a bill (enabling agencies to select payment methods and develop contracts) rather than expressing a personal opinion, recommendation, or internal deliberation.",,,,,,0.0
711,Kim Hildred wants to speak to someone from ED about these changes.,0,0.0,"The sentence describes a request for communication regarding proposed changes, indicating that the matter is still in a preliminary stage and no final decision has been made.","The sentence states a factual occurrence (a desire to speak) rather than expressing an opinion, recommendation, or internal deliberation.",,,,,,0.0
712,Medicare.,0,0.0,"The sentence 'Medicare' is a single noun and does not provide context regarding a specific issue, a pending decision, or a future action. Without information indicating that a decision is being made or is pending, it cannot be determined if it concerns an issue where a final decision has not yet been made.","The sentence 'Medicare' is a factual reference to a specific government program. It does not express an opinion, a recommendation, or an internal deliberation. It is a statement of fact or a proper noun rather than a personal view.",,,,,,0.0
713,W&M staff asked several questions to get a better understanding of the provision.,0,0.0,"The sentence describes an ongoing inquiry to understand a provision, which implies that the final interpretation or application of the provision has not yet been decided upon.","The sentence describes the action of asking questions to gather information rather than expressing a specific opinion, recommendation, or internal debate about a policy.",,,,,,0.0
714,"Specifically, they asked about the 10 year window, whether  disability  reviews  would be  conducted after an individual stops receiving DI cash benefits (they read it as ""no""), and costs.",0,0.0,"The sentence describes questions raised by individuals regarding the timing and scope of disability reviews, indicating that the agency has not yet made a final decision on how to handle these specific inquiries or the underlying policy application.","The sentence reports factual details about what questions were asked and how they were interpreted (reading 'no'), rather than expressing an internal opinion, recommendation, or legal advice from agency staff.",,,,,,0.0
715,Expedited Eligibility Provision.,0,0.0,"The sentence 'Expedited Eligibility Provision' appears to be a title, heading, or a reference to a specific policy mechanism rather than a statement regarding an ongoing issue where a final decision has not yet been made. It does not describe a draft or a pre-decisional discussion.","The sentence is a noun phrase identifying a provision; it does not express an opinion, recommendation, legal advice, or internal deliberation. It states a fact about the existence of a provision rather than reflecting the 'give-and-take' of a decision-making process.",,,,,,0.0
716,"This was not discussed in detail, though Kathy Ruffing (CBO) did note that she scored it as a small caster instead of a small saver.",1,1.0,"The sentence discusses a specific scoring detail regarding a 'small caster' versus a 'small saver' noted by an individual, which implies the evaluation or decision process regarding this classification is either ongoing or the specific rationale is being recorded before a final, settled policy is issued.","The sentence reports on an internal observation and a specific note made by an individual (Kathy Ruffing) regarding how an item was scored, reflecting the internal give-and-take or specific analytical input rather than stating an established, final agency fact or policy.",,,,,,1.0
717,SSA will provide a  written rationale for this provision.,1,1.0,"The sentence indicates a future action ('will provide') regarding the creation of a rationale, suggesting that the final decision or the specific justification has not yet been finalized or released, fitting the predecisional criteria.","The sentence describes the intent to generate a 'rationale,' which is an internal explanation or opinion intended to justify a policy or decision, rather than stating an established fact.",,,,,,1.0
718,ADDITIONAL ISSUES,0,0.0,The phrase 'ADDITIONAL ISSUES' is a generic heading or label and does not contain any substantive content regarding a specific issue where a final decision has not yet been made.,"The phrase does not express an opinion, recommendation, or internal deliberation; it is merely a title or identifier.",,,,,,0.0
719,Milestone Payments.,0,0.0,"The sentence 'Milestone Payments' is a fragment or a heading that does not provide context regarding a specific decision-making process, so it is impossible to determine if a final decision has been made or not based solely on this text.","The sentence is a noun phrase listing a topic rather than expressing an opinion, recommendation, or internal deliberation.",,,,,,0.0
720,SSA again requested that more specific language be adopted regarding milestones only being paid after an individual starts a job.,1,1.0,"The sentence describes a request for specific language regarding payment milestones, indicating that the final wording and policy details have not yet been finalized.","The sentence reflects an internal discussion or negotiation about the phrasing of a policy, representing the give-and-take of the decision-making process rather than stating an established fact.",,,,,,1.0
721,Kim and Sandy believe the language that enables the Commissioner to determine the timing and amount ofpayments is sufficient.,1,1.0,"The sentence expresses a belief about the sufficiency of language regarding the Commissioner's authority, which implies an ongoing evaluation of a rule or policy rather than a statement of a final, settled decision.","The sentence explicitly states that 'Kim and Sandy believe,' indicating that this is a personal opinion or recommendation from specific individuals rather than an established agency fact or final policy.",,,,,,1.0
722,Individual Work Plans.,0,0.0,"The phrase 'Individual Work Plans' is a title or heading that does not provide context regarding whether a final decision has been made or if the plans are still in draft form. Without knowing if these plans are final, approved, or merely preliminary ideas, it is impossible to determine if they are pre-decisional.","The phrase is a noun phrase identifying a document type. It does not express an opinion, recommendation, legal advice, or internal deliberation. It states a subject matter rather than a thought process.",,,,,,0.0
723,Senate language provides detailed requirements of what the plans must include and takes away the Commissioner ability to waive  the plans in  certain cases.,0,0.0,"The sentence describes existing statutory language ('Senate language provides') and its current effect on the Commissioner's authority, indicating that the legal requirements and the loss of waiver ability are established facts rather than a matter where a final decision is yet to be made.","The sentence states objective facts regarding the content of the Senate language and the resulting constraints on the Commissioner, rather than expressing a personal opinion, recommendation, or internal deliberation.",,,,,,0.0
724,W&M  and SSA both prefer the House language.,1,1.0,"The sentence indicates that two entities (W&M and SSA) have expressed a preference for specific language, which implies that a final decision on the matter has not yet been made and the process is ongoing.",The sentence expresses the internal preferences and recommendations of the agencies rather than stating established facts or final agency policy.,,,,,,1.0
725,Qualification for Employment Networks.,0,0.0,The sentence mentions a topic related to employment networks but does not indicate whether a final decision has been made or if the issue is currently under consideration for a specific action.,"The sentence appears to be a title, heading, or subject line rather than a statement expressing an opinion, recommendation, or internal deliberation.",,,,,,0.0
726,W&M staff are concerned that the flexibility built into the Senate language may allow McDonalds or other large employers to qualify for payments.,0,1.0,"The sentence discusses potential concerns regarding the interpretation of 'Senate language' and its impact on future eligibility for payments by specific employers, indicating that the final determination or policy application regarding these payments has not yet been finalized.","The sentence expresses a concern or opinion from staff about the potential consequences of a legislative provision, reflecting internal deliberation rather than stating an established fact or final agency policy.",,,,,,1.0
727,SSA does not believe the language would do this.,1,1.0,"The sentence expresses a belief regarding the potential effect of language, implying that a decision on whether to use or change the language has not yet been finalized.","The sentence uses the phrase 'does not believe,' which indicates a subjective opinion or internal assessment rather than an established fact.",,,,,,1.0
